block,street_name,first_month,last_month
353A,ADMIRALTY DR,2004-05,2026-09
353B,ADMIRALTY DR,2005-01,2026-06
353C,ADMIRALTY DR,2005-04,2026-01
354A,ADMIRALTY DR,2005-09,2026-08
354B,ADMIRALTY DR,2005-04,2025-11
354C,ADMIRALTY DR,2005-05,2025-08
354D,ADMIRALTY DR,2005-11,2025-09
356A,ADMIRALTY DR,2004-10,2026-09
356B,ADMIRALTY DR,2004-08,2026-08
356C,ADMIRALTY DR,2004-07,2026-08
357,ADMIRALTY DR,2004-12,2026-07
357A,ADMIRALTY DR,2004-02,2026-02
357B,ADMIRALTY DR,2004-11,2026-09
357C,ADMIRALTY DR,2004-12,2026-08
359,ADMIRALTY DR,2005-02,2026-01
359A,ADMIRALTY DR,2005-01,2026-07
359B,ADMIRALTY DR,2005-03,2026-08
359C,ADMIRALTY DR,2005-03,2026-09
360A,ADMIRALTY DR,2004-12,2026-08
360B,ADMIRALTY DR,2004-05,2026-06
360C,ADMIRALTY DR,2004-06,2026-07
467,ADMIRALTY DR,2004-03,2026-09
467A,ADMIRALTY DR,2005-03,2026-07
467B,ADMIRALTY DR,2005-02,2026-08
468A,ADMIRALTY DR,2005-02,2026-09
468B,ADMIRALTY DR,2005-09,2026-08
468C,ADMIRALTY DR,2005-07,2026-09
468D,ADMIRALTY DR,2005-02,2026-03
469,ADMIRALTY DR,2005-01,2026-08
469A,ADMIRALTY DR,2005-04,2026-08
469B,ADMIRALTY DR,2005-03,2026-06
401,ADMIRALTY LINK,2004-09,2026-07
402,ADMIRALTY LINK,2004-11,2026-06
403,ADMIRALTY LINK,2004-08,2026-09
404,ADMIRALTY LINK,2005-02,2025-12
405,ADMIRALTY LINK,2004-06,2025-11
482,ADMIRALTY LINK,2006-09,2026-06
483,ADMIRALTY LINK,2008-05,2026-07
484,ADMIRALTY LINK,2006-12,2026-08
485,ADMIRALTY LINK,2006-09,2026-04
486,ADMIRALTY LINK,2006-12,2026-08
487,ADMIRALTY LINK,2014-08,2026-08
488,ADMIRALTY LINK,2014-06,2026-09
489,ADMIRALTY LINK,2014-07,2026-07
490,ADMIRALTY LINK,2014-07,2026-06
491,ADMIRALTY LINK,2006-10,2026-09
492,ADMIRALTY LINK,2007-03,2026-07
493,ADMIRALTY LINK,2007-02,2026-07
101,AH HOOD RD,1990-02,2025-01
103,AH HOOD RD,1990-01,2026-09
137,ALEXANDRA RD,1991-05,1997-12
138,ALEXANDRA RD,1990-05,1997-12
115,ALJUNIED AVE 2,2025-10,2025-10
119,ALJUNIED AVE 2,2021-07,2021-07
101,ALJUNIED CRES,1990-03,2026-08
102,ALJUNIED CRES,1990-01,2025-08
104,ALJUNIED CRES,1990-07,2026-05
105,ALJUNIED CRES,1991-07,2025-09
106,ALJUNIED CRES,1990-01,2026-08
107,ALJUNIED CRES,1990-07,2025-07
108,ALJUNIED CRES,1990-01,2026-08
109,ALJUNIED CRES,1990-02,2026-03
110,ALJUNIED CRES,1990-07,2025-09
111,ALJUNIED CRES,1990-08,2026-04
112,ALJUNIED CRES,1990-01,2025-08
95,ALJUNIED CRES,1990-04,2026-09
96,ALJUNIED CRES,2005-06,2026-08
97,ALJUNIED CRES,1990-03,2026-07
98,ALJUNIED CRES,1990-01,2026-09
99,ALJUNIED CRES,1990-01,2026-06
125,ALJUNIED RD,1990-04,2026-01
126,ALJUNIED RD,1990-08,2026-09
111A,ALKAFF CRES,2026-06,2026-08
111B,ALKAFF CRES,2026-08,2026-09
112A,ALKAFF CRES,2026-08,2026-08
112B,ALKAFF CRES,2026-08,2026-10
113A,ALKAFF CRES,2026-08,2026-10
114A,ALKAFF CRES,2026-07,2026-09
114B,ALKAFF CRES,2026-07,2026-10
115A,ALKAFF CRES,2025-01,2026-08
115C,ALKAFF CRES,2024-12,2026-08
118A,ALKAFF CRES,2025-02,2026-09
334A,ANCHORVALE CRES,2019-05,2026-01
334B,ANCHORVALE CRES,2019-06,2026-08
334C,ANCHORVALE CRES,2019-10,2026-09
335A,ANCHORVALE CRES,2019-10,2026-09
335B,ANCHORVALE CRES,2019-08,2026-09
335C,ANCHORVALE CRES,2019-10,2026-05
336A,ANCHORVALE CRES,2019-11,2026-05
336B,ANCHORVALE CRES,2019-10,2026-06
336C,ANCHORVALE CRES,2019-11,2026-04
336D,ANCHORVALE CRES,2019-10,2026-07
338A,ANCHORVALE CRES,2022-04,2026-09
338B,ANCHORVALE CRES,2022-04,2026-09
338C,ANCHORVALE CRES,2022-05,2026-09
338D,ANCHORVALE CRES,2022-06,2026-08
301A,ANCHORVALE DR,2005-04,2025-12
301B,ANCHORVALE DR,2005-07,2026-07
301C,ANCHORVALE DR,2005-10,2025-09
301D,ANCHORVALE DR,2005-09,2026-08
319A,ANCHORVALE DR,2006-09,2026-03
319B,ANCHORVALE DR,2005-09,2026-07
319C,ANCHORVALE DR,2006-03,2026-05
320A,ANCHORVALE DR,2005-11,2026-07
320B,ANCHORVALE DR,2006-01,2026-09
320C,ANCHORVALE DR,2006-11,2025-08
320D,ANCHORVALE DR,2006-03,2026-01
321A,ANCHORVALE DR,2006-03,2026-08
321B,ANCHORVALE DR,2005-12,2026-08
321C,ANCHORVALE DR,2005-08,2026-07
322A,ANCHORVALE DR,2005-07,2026-01
322B,ANCHORVALE DR,2005-11,2026-07
322C,ANCHORVALE DR,2005-09,2026-06
311A,ANCHORVALE LANE,2005-06,2026-02
311B,ANCHORVALE LANE,2006-04,2026-09
311C,ANCHORVALE LANE,2005-03,2026-09
311D,ANCHORVALE LANE,2006-03,2026-04
312A,ANCHORVALE LANE,2007-08,2026-05
312B,ANCHORVALE LANE,2006-02,2026-08
353A,ANCHORVALE LANE,2024-10,2026-08
353B,ANCHORVALE LANE,2024-12,2026-06
355A,ANCHORVALE LANE,2025-01,2026-09
356A,ANCHORVALE LANE,2025-02,2026-08
356B,ANCHORVALE LANE,2025-02,2026-09
302A,ANCHORVALE LINK,2004-08,2026-06
302B,ANCHORVALE LINK,2012-09,2026-08
302C,ANCHORVALE LINK,2010-02,2026-09
302D,ANCHORVALE LINK,2006-07,2026-09
303A,ANCHORVALE LINK,2005-01,2026-08
303B,ANCHORVALE LINK,2004-11,2025-11
303C,ANCHORVALE LINK,2005-03,2026-05
304A,ANCHORVALE LINK,2005-11,2026-09
304B,ANCHORVALE LINK,2005-09,2026-08
305A,ANCHORVALE LINK,2005-07,2026-07
305B,ANCHORVALE LINK,2005-08,2026-06
305C,ANCHORVALE LINK,2005-07,2025-10
305D,ANCHORVALE LINK,2005-06,2026-02
306A,ANCHORVALE LINK,2005-11,2026-08
306B,ANCHORVALE LINK,2008-10,2026-09
306C,ANCHORVALE LINK,2005-07,2026-09
314A,ANCHORVALE LINK,2006-07,2025-12
314B,ANCHORVALE LINK,2006-04,2026-07
314C,ANCHORVALE LINK,2006-04,2026-03
314D,ANCHORVALE LINK,2007-02,2025-09
316A,ANCHORVALE LINK,2006-07,2026-06
316B,ANCHORVALE LINK,2007-04,2026-03
316C,ANCHORVALE LINK,2007-09,2026-08
318A,ANCHORVALE LINK,2006-05,2026-09
318B,ANCHORVALE LINK,2007-02,2026-07
318C,ANCHORVALE LINK,2006-05,2026-08
318D,ANCHORVALE LINK,2006-08,2026-08
332A,ANCHORVALE LINK,2019-04,2026-08
332B,ANCHORVALE LINK,2019-04,2026-08
332C,ANCHORVALE LINK,2019-04,2026-10
333A,ANCHORVALE LINK,2019-06,2025-09
333B,ANCHORVALE LINK,2019-04,2026-03
333C,ANCHORVALE LINK,2019-05,2026-06
333D,ANCHORVALE LINK,2019-04,2026-07
307A,ANCHORVALE RD,2005-05,2025-09
307B,ANCHORVALE RD,2010-03,2026-09
307C,ANCHORVALE RD,2005-06,2026-03
307D,ANCHORVALE RD,2005-08,2026-06
308A,ANCHORVALE RD,2005-08,2026-08
308B,ANCHORVALE RD,2005-08,2026-09
308C,ANCHORVALE RD,2005-08,2026-09
309A,ANCHORVALE RD,2005-12,2026-08
309B,ANCHORVALE RD,2006-02,2026-09
309C,ANCHORVALE RD,2005-12,2026-09
309D,ANCHORVALE RD,2006-03,2026-05
310A,ANCHORVALE RD,2006-07,2026-08
310B,ANCHORVALE RD,2006-08,2024-10
313A,ANCHORVALE RD,2006-07,2026-07
313B,ANCHORVALE RD,2006-05,2026-08
313C,ANCHORVALE RD,2006-10,2025-04
313D,ANCHORVALE RD,2007-06,2026-09
315A,ANCHORVALE RD,2007-05,2026-09
315B,ANCHORVALE RD,2007-03,2026-06
315C,ANCHORVALE RD,2006-03,2026-09
317A,ANCHORVALE RD,2006-06,2026-06
317B,ANCHORVALE RD,2006-06,2025-12
317C,ANCHORVALE RD,2005-11,2025-04
317D,ANCHORVALE RD,2006-07,2024-04
326A,ANCHORVALE RD,2019-01,2026-07
326B,ANCHORVALE RD,2019-03,2026-09
326C,ANCHORVALE RD,2019-05,2026-05
326D,ANCHORVALE RD,2019-06,2026-09
327A,ANCHORVALE RD,2019-03,2024-03
327B,ANCHORVALE RD,2019-04,2026-09
327C,ANCHORVALE RD,2019-03,2026-09
351A,ANCHORVALE RD,2023-07,2026-08
351B,ANCHORVALE RD,2023-07,2026-08
351C,ANCHORVALE RD,2023-08,2026-08
351D,ANCHORVALE RD,2023-04,2026-08
329A,ANCHORVALE ST,2019-07,2026-10
329B,ANCHORVALE ST,2019-08,2026-08
330A,ANCHORVALE ST,2019-11,2026-08
330B,ANCHORVALE ST,2019-10,2026-07
331A,ANCHORVALE ST,2019-10,2026-09
331B,ANCHORVALE ST,2019-08,2026-09
331C,ANCHORVALE ST,2019-06,2026-03
205,ANG MO KIO AVE 1,1990-07,2026-06
207,ANG MO KIO AVE 1,1990-08,2026-08
208,ANG MO KIO AVE 1,1990-04,2026-07
215,ANG MO KIO AVE 1,1990-07,2026-06
216,ANG MO KIO AVE 1,1990-01,2026-06
218,ANG MO KIO AVE 1,1990-07,2026-09
219,ANG MO KIO AVE 1,1990-01,2026-07
220,ANG MO KIO AVE 1,1990-01,2026-09
221,ANG MO KIO AVE 1,1996-07,2026-08
222,ANG MO KIO AVE 1,1994-01,2026-06
223,ANG MO KIO AVE 1,1990-01,2026-04
225,ANG MO KIO AVE 1,1990-02,2026-06
226,ANG MO KIO AVE 1,1990-02,2026-06
226B,ANG MO KIO AVE 1,2009-10,2026-05
226E,ANG MO KIO AVE 1,2012-04,2016-09
226F,ANG MO KIO AVE 1,2022-05,2022-05
303,ANG MO KIO AVE 1,1990-07,2026-07
304,ANG MO KIO AVE 1,1990-03,2026-09
305,ANG MO KIO AVE 1,1990-03,2026-10
306,ANG MO KIO AVE 1,1990-07,2026-08
307,ANG MO KIO AVE 1,1990-02,1999-11
307A,ANG MO KIO AVE 1,2015-07,2026-09
307B,ANG MO KIO AVE 1,2016-03,2026-09
307C,ANG MO KIO AVE 1,2016-06,2026-06
308,ANG MO KIO AVE 1,1990-01,1999-11
308A,ANG MO KIO AVE 1,2015-06,2026-09
308B,ANG MO KIO AVE 1,2015-07,2026-08
309,ANG MO KIO AVE 1,1990-01,1999-12
310A,ANG MO KIO AVE 1,2015-06,2026-09
310B,ANG MO KIO AVE 1,2015-06,2025-03
310C,ANG MO KIO AVE 1,2015-07,2026-01
316,ANG MO KIO AVE 1,1990-03,1999-11
319,ANG MO KIO AVE 1,1990-04,2026-08
320,ANG MO KIO AVE 1,1990-01,2026-09
321,ANG MO KIO AVE 1,1990-08,2026-06
330,ANG MO KIO AVE 1,1990-01,2026-09
331,ANG MO KIO AVE 1,1990-03,2026-09
332,ANG MO KIO AVE 1,1990-04,2025-12
333,ANG MO KIO AVE 1,1990-01,2026-08
334,ANG MO KIO AVE 1,1990-04,2025-08
335,ANG MO KIO AVE 1,1990-01,2026-07
336,ANG MO KIO AVE 1,1990-01,2025-10
337,ANG MO KIO AVE 1,1993-10,2026-06
338,ANG MO KIO AVE 1,2010-08,2024-12
339,ANG MO KIO AVE 1,2021-02,2021-02
340,ANG MO KIO AVE 1,2010-04,2011-05
401,ANG MO KIO AVE 10,1990-01,2024-08
402,ANG MO KIO AVE 10,1990-04,2026-04
403,ANG MO KIO AVE 10,1990-01,2025-10
404,ANG MO KIO AVE 10,1990-01,2026-08
405,ANG MO KIO AVE 10,1990-01,2026-06
406,ANG MO KIO AVE 10,2004-09,2026-09
407,ANG MO KIO AVE 10,1990-11,2021-07
408,ANG MO KIO AVE 10,1991-10,2025-08
411,ANG MO KIO AVE 10,1990-11,2025-07
412,ANG MO KIO AVE 10,1990-03,2025-07
413,ANG MO KIO AVE 10,1990-06,2026-09
414,ANG MO KIO AVE 10,1990-01,2026-09
415,ANG MO KIO AVE 10,1990-02,2026-10
416,ANG MO KIO AVE 10,1990-02,2025-12
417,ANG MO KIO AVE 10,1990-01,2026-09
418,ANG MO KIO AVE 10,1990-01,2026-09
419,ANG MO KIO AVE 10,1990-01,2026-06
421,ANG MO KIO AVE 10,1990-03,2026-09
431,ANG MO KIO AVE 10,1990-02,2026-02
432,ANG MO KIO AVE 10,1990-03,2026-06
433,ANG MO KIO AVE 10,1990-01,2025-12
434,ANG MO KIO AVE 10,1990-01,2026-05
435,ANG MO KIO AVE 10,1990-01,2026-08
436,ANG MO KIO AVE 10,1990-02,2024-04
437,ANG MO KIO AVE 10,1990-08,2026-01
438,ANG MO KIO AVE 10,1990-01,2025-10
439,ANG MO KIO AVE 10,1990-01,2026-06
440,ANG MO KIO AVE 10,1990-03,2026-07
441,ANG MO KIO AVE 10,1990-01,2026-10
442,ANG MO KIO AVE 10,1990-01,2026-08
443,ANG MO KIO AVE 10,1990-01,2026-08
444,ANG MO KIO AVE 10,1990-01,2026-09
445,ANG MO KIO AVE 10,1990-03,2026-03
446,ANG MO KIO AVE 10,1992-02,2024-08
447,ANG MO KIO AVE 10,1990-02,2025-10
448,ANG MO KIO AVE 10,1990-03,2024-07
449,ANG MO KIO AVE 10,1990-05,2024-09
450,ANG MO KIO AVE 10,1990-01,2022-11
451,ANG MO KIO AVE 10,1991-10,2020-09
452,ANG MO KIO AVE 10,1990-08,2024-11
453,ANG MO KIO AVE 10,1991-07,2021-09
454,ANG MO KIO AVE 10,1990-02,1999-09
455,ANG MO KIO AVE 10,1990-01,1998-11
456,ANG MO KIO AVE 10,1990-01,2026-08
457,ANG MO KIO AVE 10,1990-02,2026-06
458,ANG MO KIO AVE 10,1990-03,2026-07
459,ANG MO KIO AVE 10,1990-01,2024-08
460,ANG MO KIO AVE 10,1990-01,2026-08
461,ANG MO KIO AVE 10,1990-02,2026-09
462,ANG MO KIO AVE 10,1990-03,2026-04
463,ANG MO KIO AVE 10,1990-01,2026-01
464,ANG MO KIO AVE 10,1990-03,2024-05
465,ANG MO KIO AVE 10,1990-01,2026-09
466,ANG MO KIO AVE 10,1990-01,2026-01
467,ANG MO KIO AVE 10,1990-07,2026-05
468,ANG MO KIO AVE 10,1990-07,2025-09
470,ANG MO KIO AVE 10,1990-02,2026-08
471,ANG MO KIO AVE 10,1990-01,2025-06
472,ANG MO KIO AVE 10,1990-07,2026-06
473,ANG MO KIO AVE 10,1990-01,2026-08
474,ANG MO KIO AVE 10,1990-01,2026-09
475,ANG MO KIO AVE 10,1990-05,2026-08
476,ANG MO KIO AVE 10,1990-02,2026-02
529,ANG MO KIO AVE 10,1992-06,2021-10
530,ANG MO KIO AVE 10,1993-09,2005-10
531,ANG MO KIO AVE 10,1991-05,1994-03
532,ANG MO KIO AVE 10,1997-10,2026-01
534,ANG MO KIO AVE 10,1990-01,2025-10
536,ANG MO KIO AVE 10,1990-03,2026-08
539,ANG MO KIO AVE 10,1990-02,2026-09
540,ANG MO KIO AVE 10,1990-06,2026-06
541,ANG MO KIO AVE 10,1990-04,2025-11
542,ANG MO KIO AVE 10,1990-01,2026-06
543,ANG MO KIO AVE 10,1991-05,2026-03
544,ANG MO KIO AVE 10,1990-01,2025-05
545,ANG MO KIO AVE 10,1990-01,2026-09
546,ANG MO KIO AVE 10,1990-02,2026-07
547,ANG MO KIO AVE 10,1990-10,2026-06
548,ANG MO KIO AVE 10,1990-01,2024-02
549,ANG MO KIO AVE 10,1990-03,2025-07
550,ANG MO KIO AVE 10,1990-01,2026-06
551,ANG MO KIO AVE 10,1990-04,2026-05
552,ANG MO KIO AVE 10,1990-03,2025-06
553,ANG MO KIO AVE 10,1990-07,2026-05
554,ANG MO KIO AVE 10,1990-08,2024-07
555,ANG MO KIO AVE 10,1990-11,2021-06
556,ANG MO KIO AVE 10,1990-04,2026-03
557,ANG MO KIO AVE 10,1990-03,2026-09
558,ANG MO KIO AVE 10,1990-01,2026-09
559,ANG MO KIO AVE 10,1990-01,2026-08
560,ANG MO KIO AVE 10,1990-01,2026-04
561,ANG MO KIO AVE 10,1990-02,2026-07
575,ANG MO KIO AVE 10,1990-02,2026-02
576,ANG MO KIO AVE 10,1990-04,2026-08
577,ANG MO KIO AVE 10,1990-08,2026-07
578,ANG MO KIO AVE 10,1990-04,2026-09
248,ANG MO KIO AVE 2,1990-02,2006-06
259,ANG MO KIO AVE 2,1990-01,2026-09
101,ANG MO KIO AVE 3,1990-01,2026-08
102,ANG MO KIO AVE 3,1996-08,2025-12
103,ANG MO KIO AVE 3,1990-01,2026-08
119,ANG MO KIO AVE 3,1990-06,2026-08
120,ANG MO KIO AVE 3,1990-01,2026-04
121,ANG MO KIO AVE 3,1990-01,2026-09
122,ANG MO KIO AVE 3,1990-03,2026-02
126,ANG MO KIO AVE 3,1990-01,2026-08
127,ANG MO KIO AVE 3,1990-01,2026-03
128,ANG MO KIO AVE 3,1990-01,2026-04
129,ANG MO KIO AVE 3,1990-01,2026-08
130,ANG MO KIO AVE 3,1990-01,2025-09
131,ANG MO KIO AVE 3,1990-07,2026-09
132,ANG MO KIO AVE 3,1990-05,2026-06
133,ANG MO KIO AVE 3,1992-11,2025-09
134,ANG MO KIO AVE 3,1990-02,2025-11
201,ANG MO KIO AVE 3,1990-02,2026-08
202,ANG MO KIO AVE 3,1990-01,2025-08
204,ANG MO KIO AVE 3,1990-12,2025-09
209,ANG MO KIO AVE 3,1990-01,2026-02
210,ANG MO KIO AVE 3,1990-02,2026-07
211,ANG MO KIO AVE 3,1990-01,2026-07
212,ANG MO KIO AVE 3,1990-02,2026-07
213,ANG MO KIO AVE 3,1990-03,2026-09
214,ANG MO KIO AVE 3,1990-03,2026-04
229,ANG MO KIO AVE 3,1990-04,2025-10
230,ANG MO KIO AVE 3,1990-01,2026-10
231,ANG MO KIO AVE 3,1990-01,2026-01
232,ANG MO KIO AVE 3,1990-01,2026-05
233,ANG MO KIO AVE 3,1991-05,2024-09
234,ANG MO KIO AVE 3,1996-11,2025-04
235,ANG MO KIO AVE 3,1990-01,2026-09
247,ANG MO KIO AVE 3,1990-01,2006-09
301,ANG MO KIO AVE 3,1990-02,2026-05
302,ANG MO KIO AVE 3,1990-02,2026-03
311,ANG MO KIO AVE 3,1990-08,2026-04
312,ANG MO KIO AVE 3,1990-02,2025-10
313,ANG MO KIO AVE 3,1990-01,2026-08
314,ANG MO KIO AVE 3,2000-11,2026-10
322,ANG MO KIO AVE 3,1990-09,2026-08
323,ANG MO KIO AVE 3,2004-09,2026-09
324,ANG MO KIO AVE 3,1990-01,2026-09
325,ANG MO KIO AVE 3,1990-05,2026-03
326,ANG MO KIO AVE 3,1990-02,2026-08
327,ANG MO KIO AVE 3,1990-06,2026-04
328,ANG MO KIO AVE 3,1990-02,2026-04
329,ANG MO KIO AVE 3,1990-01,2025-11
343,ANG MO KIO AVE 3,1990-01,2026-07
344,ANG MO KIO AVE 3,1990-01,2026-09
345,ANG MO KIO AVE 3,1990-01,2026-07
346,ANG MO KIO AVE 3,1990-01,2026-08
347,ANG MO KIO AVE 3,2007-01,2019-02
348,ANG MO KIO AVE 3,1990-02,2026-04
422,ANG MO KIO AVE 3,1990-04,2025-09
423,ANG MO KIO AVE 3,1996-01,2025-12
424,ANG MO KIO AVE 3,1990-01,2026-01
425,ANG MO KIO AVE 3,1990-01,2026-04
426,ANG MO KIO AVE 3,1990-06,2026-08
427,ANG MO KIO AVE 3,1990-01,2026-05
428,ANG MO KIO AVE 3,1990-01,2024-08
429,ANG MO KIO AVE 3,1991-01,2026-03
430,ANG MO KIO AVE 3,1990-01,2025-08
562,ANG MO KIO AVE 3,1990-07,2021-04
563,ANG MO KIO AVE 3,1990-03,2021-05
564,ANG MO KIO AVE 3,1990-01,2021-11
565,ANG MO KIO AVE 3,1990-02,2022-04
570,ANG MO KIO AVE 3,1990-01,2026-09
571,ANG MO KIO AVE 3,1990-02,2026-04
572,ANG MO KIO AVE 3,1990-03,2025-07
573,ANG MO KIO AVE 3,1990-01,2026-01
584,ANG MO KIO AVE 3,1990-02,2026-06
585,ANG MO KIO AVE 3,1990-01,2026-09
586,ANG MO KIO AVE 3,1990-01,2026-01
587,ANG MO KIO AVE 3,1990-03,2026-07
105,ANG MO KIO AVE 4,1990-01,2025-11
106,ANG MO KIO AVE 4,1990-03,2026-04
107,ANG MO KIO AVE 4,1990-03,2026-01
108,ANG MO KIO AVE 4,1990-03,2026-07
109,ANG MO KIO AVE 4,1990-04,2026-04
110,ANG MO KIO AVE 4,1990-01,2026-02
111,ANG MO KIO AVE 4,1990-02,2025-12
112,ANG MO KIO AVE 4,1990-03,2026-03
113,ANG MO KIO AVE 4,1990-05,2026-06
114,ANG MO KIO AVE 4,1990-08,2026-03
116,ANG MO KIO AVE 4,2006-04,2026-09
117,ANG MO KIO AVE 4,1990-01,2026-07
118,ANG MO KIO AVE 4,1990-02,2026-07
155,ANG MO KIO AVE 4,1990-02,2025-05
156,ANG MO KIO AVE 4,1990-01,2026-09
157,ANG MO KIO AVE 4,2001-04,2026-01
158,ANG MO KIO AVE 4,2001-08,2010-12
159,ANG MO KIO AVE 4,2001-06,2025-06
163,ANG MO KIO AVE 4,2001-04,2025-04
170,ANG MO KIO AVE 4,1990-02,2026-09
171,ANG MO KIO AVE 4,1990-02,2026-07
172,ANG MO KIO AVE 4,1990-03,2026-07
173,ANG MO KIO AVE 4,1990-03,2026-06
174,ANG MO KIO AVE 4,1990-04,2026-07
175,ANG MO KIO AVE 4,1991-02,2026-07
176,ANG MO KIO AVE 4,1996-07,2026-02
177,ANG MO KIO AVE 4,1990-03,2026-03
178,ANG MO KIO AVE 4,1990-01,2026-08
252,ANG MO KIO AVE 4,1990-01,2006-07
254,ANG MO KIO AVE 4,1990-01,2024-08
255,ANG MO KIO AVE 4,1990-02,2026-09
256,ANG MO KIO AVE 4,1990-02,2026-08
258,ANG MO KIO AVE 4,1991-08,2025-10
607,ANG MO KIO AVE 4,1990-01,2026-07
609,ANG MO KIO AVE 4,1996-07,2026-09
610,ANG MO KIO AVE 4,1990-01,2026-03
612,ANG MO KIO AVE 4,1990-02,2026-09
613,ANG MO KIO AVE 4,2000-08,2025-09
614,ANG MO KIO AVE 4,2000-08,2025-01
615,ANG MO KIO AVE 4,1996-04,2024-08
616,ANG MO KIO AVE 4,1996-05,2026-07
617,ANG MO KIO AVE 4,2000-08,2025-12
618,ANG MO KIO AVE 4,2000-11,2026-01
619,ANG MO KIO AVE 4,2000-09,2026-07
624,ANG MO KIO AVE 4,1990-03,2026-09
629,ANG MO KIO AVE 4,2002-06,2026-09
630,ANG MO KIO AVE 4,2002-08,2023-01
631,ANG MO KIO AVE 4,1990-03,2026-08
632,ANG MO KIO AVE 4,2003-01,2025-04
644,ANG MO KIO AVE 4,1990-02,2026-06
150,ANG MO KIO AVE 5,1990-01,2026-04
151,ANG MO KIO AVE 5,1990-06,2026-01
152,ANG MO KIO AVE 5,1990-01,2026-08
153,ANG MO KIO AVE 5,1990-06,2025-07
154,ANG MO KIO AVE 5,1990-04,2026-06
179,ANG MO KIO AVE 5,1990-01,2026-06
180,ANG MO KIO AVE 5,1990-01,2026-09
181,ANG MO KIO AVE 5,1990-09,2026-03
182,ANG MO KIO AVE 5,1990-03,2026-09
501,ANG MO KIO AVE 5,1990-02,2026-04
502,ANG MO KIO AVE 5,1990-02,2026-09
503,ANG MO KIO AVE 5,1990-01,2026-09
520,ANG MO KIO AVE 5,1990-04,2025-05
521,ANG MO KIO AVE 5,1990-11,2026-04
522,ANG MO KIO AVE 5,1992-07,2025-12
523,ANG MO KIO AVE 5,1990-02,2026-08
524,ANG MO KIO AVE 5,1990-01,2026-01
533,ANG MO KIO AVE 5,1990-05,2026-08
535,ANG MO KIO AVE 5,1990-03,2026-05
537,ANG MO KIO AVE 5,1990-05,2026-09
538,ANG MO KIO AVE 5,1990-01,2026-09
601,ANG MO KIO AVE 5,1990-01,2026-04
602,ANG MO KIO AVE 5,1990-03,2026-05
603,ANG MO KIO AVE 5,1990-01,2026-04
604,ANG MO KIO AVE 5,1990-01,2026-07
605,ANG MO KIO AVE 5,1990-02,2026-09
606,ANG MO KIO AVE 5,1990-03,2026-08
608,ANG MO KIO AVE 5,1990-01,2026-10
611,ANG MO KIO AVE 5,1990-01,2026-05
642,ANG MO KIO AVE 5,1990-02,2026-01
643,ANG MO KIO AVE 5,1990-01,2026-06
648,ANG MO KIO AVE 5,1990-02,2026-09
649,ANG MO KIO AVE 5,1990-06,2025-10
124,ANG MO KIO AVE 6,1990-01,2026-08
633,ANG MO KIO AVE 6,1990-04,2026-01
634,ANG MO KIO AVE 6,1990-05,2026-02
635,ANG MO KIO AVE 6,1990-06,2026-08
636,ANG MO KIO AVE 6,1990-06,2025-11
637,ANG MO KIO AVE 6,1990-01,2026-05
638,ANG MO KIO AVE 6,1990-01,2026-06
639,ANG MO KIO AVE 6,1990-01,2025-11
640,ANG MO KIO AVE 6,1990-01,2026-06
646,ANG MO KIO AVE 6,1990-01,2026-08
700A,ANG MO KIO AVE 6,2005-10,2025-10
700B,ANG MO KIO AVE 6,2005-12,2026-07
700C,ANG MO KIO AVE 6,2005-02,2025-12
713,ANG MO KIO AVE 6,2000-05,2024-05
714,ANG MO KIO AVE 6,1990-04,2026-09
716,ANG MO KIO AVE 6,1990-01,2025-06
720,ANG MO KIO AVE 6,2000-06,2026-08
725,ANG MO KIO AVE 6,1990-02,2026-05
727,ANG MO KIO AVE 6,2003-08,2022-07
728,ANG MO KIO AVE 6,2000-12,2023-03
729,ANG MO KIO AVE 6,1990-04,2025-06
504,ANG MO KIO AVE 8,1991-01,2026-09
505,ANG MO KIO AVE 8,1990-01,2026-09
506,ANG MO KIO AVE 8,1990-02,2026-05
507,ANG MO KIO AVE 8,1990-04,2026-03
508,ANG MO KIO AVE 8,2005-02,2026-03
509,ANG MO KIO AVE 8,1990-03,2026-06
510,ANG MO KIO AVE 8,2006-06,2025-11
511,ANG MO KIO AVE 8,1990-10,2026-09
512,ANG MO KIO AVE 8,1990-02,2025-11
513,ANG MO KIO AVE 8,1990-01,2026-07
702,ANG MO KIO AVE 8,2001-04,2001-04
704,ANG MO KIO AVE 8,2000-05,2025-06
705,ANG MO KIO AVE 8,2000-06,2025-07
709,ANG MO KIO AVE 8,1999-11,2025-06
710,ANG MO KIO AVE 8,1991-07,2026-07
721,ANG MO KIO AVE 8,2001-03,2011-09
722,ANG MO KIO AVE 8,2000-03,2023-12
620,ANG MO KIO AVE 9,1990-01,2025-09
621,ANG MO KIO AVE 9,1990-02,2026-06
622,ANG MO KIO AVE 9,1990-01,2025-05
623,ANG MO KIO AVE 9,1990-04,2026-08
625,ANG MO KIO AVE 9,1990-02,2026-01
627,ANG MO KIO AVE 9,1996-05,2026-09
104A,ANG MO KIO ST 11,1999-12,2026-03
104B,ANG MO KIO ST 11,2000-03,2025-09
253,ANG MO KIO ST 21,1995-12,2026-09
253A,ANG MO KIO ST 21,1999-07,2026-02
260A,ANG MO KIO ST 21,2021-12,2026-09
260B,ANG MO KIO ST 21,2022-04,2026-07
227A,ANG MO KIO ST 23,2025-12,2026-09
228A,ANG MO KIO ST 23,2026-02,2026-09
228B,ANG MO KIO ST 23,2026-01,2026-09
309A,ANG MO KIO ST 31,2005-09,2026-05
315A,ANG MO KIO ST 31,2005-07,2026-08
315B,ANG MO KIO ST 31,2006-08,2026-01
316A,ANG MO KIO ST 31,2005-06,2026-07
317,ANG MO KIO ST 31,1998-07,2025-10
350,ANG MO KIO ST 32,2004-09,2026-08
351,ANG MO KIO ST 32,2005-03,2026-09
352,ANG MO KIO ST 32,2005-03,2026-09
353,ANG MO KIO ST 32,2005-02,2026-09
354,ANG MO KIO ST 32,2004-07,2026-05
455A,ANG MO KIO ST 44,2022-03,2026-08
455B,ANG MO KIO ST 44,2022-03,2026-07
455C,ANG MO KIO ST 44,2022-02,2026-08
590A,ANG MO KIO ST 51,2022-10,2026-08
590B,ANG MO KIO ST 51,2022-12,2026-04
591A,ANG MO KIO ST 51,2022-09,2026-07
588A,ANG MO KIO ST 52,2016-09,2026-06
588B,ANG MO KIO ST 52,2016-09,2026-09
588C,ANG MO KIO ST 52,2016-09,2026-10
588D,ANG MO KIO ST 52,2016-10,2026-05
596A,ANG MO KIO ST 52,2004-07,2026-09
596B,ANG MO KIO ST 52,2006-03,2026-07
596C,ANG MO KIO ST 52,2005-01,2025-07
596D,ANG MO KIO ST 52,2005-07,2026-03
650,ANG MO KIO ST 61,2019-12,2026-08
232,BAIN ST,1990-01,2026-03
233,BAIN ST,1990-08,2026-05
19,BALAM RD,1990-03,2026-06
20,BALAM RD,1990-06,2026-09
21,BALAM RD,1990-01,2025-10
22,BALAM RD,1991-04,2026-03
23,BALAM RD,1990-01,2026-09
24,BALAM RD,1991-01,2026-06
27,BALAM RD,2000-12,2026-04
28,BALAM RD,2001-01,2026-08
29,BALAM RD,2000-12,2026-03
30,BALAM RD,1990-02,2026-06
31,BALAM RD,1990-04,2026-09
32,BALAM RD,1990-02,2026-01
33,BALAM RD,1999-07,2026-03
246,BANGKIT RD,1993-04,2025-10
248,BANGKIT RD,1993-03,2025-12
249,BANGKIT RD,1992-10,2025-11
250,BANGKIT RD,1993-01,2026-06
251,BANGKIT RD,1993-02,2026-04
252,BANGKIT RD,1993-01,2026-07
253,BANGKIT RD,1993-07,2026-07
254,BANGKIT RD,1992-09,2026-04
255,BANGKIT RD,1993-02,2026-09
257,BANGKIT RD,1994-04,2026-06
270,BANGKIT RD,1993-06,2026-03
271,BANGKIT RD,1993-12,2016-11
272,BANGKIT RD,1993-07,2026-06
273,BANGKIT RD,1993-06,2025-04
274,BANGKIT RD,1991-06,2026-05
275,BANGKIT RD,1992-03,2026-09
276,BANGKIT RD,1993-07,2026-07
277,BANGKIT RD,1993-05,2026-03
1,BEACH RD,1990-01,2026-01
15,BEACH RD,1991-06,2026-01
17,BEACH RD,1990-03,2024-06
2,BEACH RD,1990-01,2026-07
3,BEACH RD,1990-03,2025-11
6,BEACH RD,2005-07,2026-08
219A,BEDOK CTRL,2012-12,2026-02
219B,BEDOK CTRL,2013-03,2025-08
219C,BEDOK CTRL,2013-04,2026-10
219D,BEDOK CTRL,2013-08,2026-08
220A,BEDOK CTRL,2011-04,2026-07
220B,BEDOK CTRL,2012-03,2026-08
220C,BEDOK CTRL,2011-12,2026-09
221A,BEDOK CTRL,2013-05,2026-06
221B,BEDOK CTRL,2011-09,2026-04
221C,BEDOK CTRL,2013-04,2025-12
423,BEDOK NTH AVE 1,1990-04,2026-09
424,BEDOK NTH AVE 1,1990-01,2026-07
519,BEDOK NTH AVE 1,1990-02,2026-09
520,BEDOK NTH AVE 1,1990-10,2026-09
521,BEDOK NTH AVE 1,1990-07,2026-07
522,BEDOK NTH AVE 1,1990-03,2026-09
547A,BEDOK NTH AVE 1,2026-01,2026-08
547B,BEDOK NTH AVE 1,2026-02,2026-08
548,BEDOK NTH AVE 1,1990-02,2026-09
549,BEDOK NTH AVE 1,1990-10,2025-08
550,BEDOK NTH AVE 1,1990-02,2026-08
551,BEDOK NTH AVE 1,2002-06,2026-08
552,BEDOK NTH AVE 1,1990-06,2026-08
553,BEDOK NTH AVE 1,1990-06,2026-08
408,BEDOK NTH AVE 2,1990-02,2025-11
409,BEDOK NTH AVE 2,1990-06,2026-08
410,BEDOK NTH AVE 2,1990-06,2026-08
411,BEDOK NTH AVE 2,1991-01,2025-02
412,BEDOK NTH AVE 2,1990-01,2026-06
413,BEDOK NTH AVE 2,1990-04,2026-03
414,BEDOK NTH AVE 2,1990-09,2026-09
415,BEDOK NTH AVE 2,1990-02,2026-04
416,BEDOK NTH AVE 2,1990-01,2026-03
417,BEDOK NTH AVE 2,1990-01,2026-07
418,BEDOK NTH AVE 2,1990-01,2026-08
512,BEDOK NTH AVE 2,1990-09,2025-09
513,BEDOK NTH AVE 2,1990-03,2026-01
514,BEDOK NTH AVE 2,2007-10,2026-07
515,BEDOK NTH AVE 2,1991-05,2025-11
516,BEDOK NTH AVE 2,1990-08,2026-09
517,BEDOK NTH AVE 2,1990-01,2026-09
518,BEDOK NTH AVE 2,1991-09,2026-07
131,BEDOK NTH AVE 3,1990-01,2026-09
133,BEDOK NTH AVE 3,1990-01,2025-10
136,BEDOK NTH AVE 3,1990-01,2026-01
137,BEDOK NTH AVE 3,1990-01,2026-03
139,BEDOK NTH AVE 3,1990-01,2026-04
401,BEDOK NTH AVE 3,1990-01,2026-07
402,BEDOK NTH AVE 3,1990-01,2026-08
403,BEDOK NTH AVE 3,1990-01,2025-04
404,BEDOK NTH AVE 3,1990-01,2025-09
405,BEDOK NTH AVE 3,1990-05,2025-04
406,BEDOK NTH AVE 3,1990-07,2025-10
407,BEDOK NTH AVE 3,1990-02,2025-09
505,BEDOK NTH AVE 3,1990-01,2026-03
506,BEDOK NTH AVE 3,1990-03,2026-07
507,BEDOK NTH AVE 3,1990-01,2026-05
508,BEDOK NTH AVE 3,1990-01,2026-08
100,BEDOK NTH AVE 4,1990-01,2026-08
101,BEDOK NTH AVE 4,2007-11,2026-06
102,BEDOK NTH AVE 4,1990-03,2026-08
103,BEDOK NTH AVE 4,1990-02,2026-08
104,BEDOK NTH AVE 4,1990-01,2026-04
105,BEDOK NTH AVE 4,1990-01,2026-10
106,BEDOK NTH AVE 4,2007-08,2026-06
92,BEDOK NTH AVE 4,1990-05,2026-09
93,BEDOK NTH AVE 4,1990-01,2026-03
94B,BEDOK NTH AVE 4,1994-08,2026-07
94C,BEDOK NTH AVE 4,1996-04,2026-09
94D,BEDOK NTH AVE 4,1995-11,2024-04
94E,BEDOK NTH AVE 4,1998-01,2026-02
95,BEDOK NTH AVE 4,1990-01,2026-10
96,BEDOK NTH AVE 4,1990-01,2026-08
97,BEDOK NTH AVE 4,1990-02,2026-03
98,BEDOK NTH AVE 4,1990-02,2026-04
99,BEDOK NTH AVE 4,1990-04,2024-12
222A,BEDOK NTH DR,2026-08,2026-10
107,BEDOK NTH RD,1990-01,2026-05
108,BEDOK NTH RD,1990-06,2026-07
109,BEDOK NTH RD,1990-03,2026-09
110,BEDOK NTH RD,1990-01,2026-06
111,BEDOK NTH RD,1990-01,2024-04
112,BEDOK NTH RD,1990-05,2026-07
115,BEDOK NTH RD,1990-01,2025-10
116,BEDOK NTH RD,1990-01,2026-08
117,BEDOK NTH RD,1990-01,2026-05
119,BEDOK NTH RD,1990-05,2026-06
121,BEDOK NTH RD,1990-01,2026-09
124,BEDOK NTH RD,1990-01,2026-09
125,BEDOK NTH RD,1990-01,2026-07
180,BEDOK NTH RD,2008-08,2026-03
181,BEDOK NTH RD,2009-03,2026-08
182,BEDOK NTH RD,2009-01,2026-08
183,BEDOK NTH RD,2008-06,2026-08
185,BEDOK NTH RD,2008-10,2026-08
421,BEDOK NTH RD,1991-01,2026-03
422,BEDOK NTH RD,1990-01,2026-08
425,BEDOK NTH RD,1990-01,2026-04
426,BEDOK NTH RD,1990-02,2026-07
427,BEDOK NTH RD,1990-01,2026-06
428,BEDOK NTH RD,1990-07,2026-05
429B,BEDOK NTH RD,2025-04,2026-04
430A,BEDOK NTH RD,2025-05,2026-09
431A,BEDOK NTH RD,2025-03,2026-08
705,BEDOK NTH RD,1990-03,2025-08
706,BEDOK NTH RD,1992-02,2026-09
707,BEDOK NTH RD,1990-01,2026-08
708,BEDOK NTH RD,1990-01,2026-06
74,BEDOK NTH RD,1990-06,2026-08
75,BEDOK NTH RD,1990-01,2026-08
76,BEDOK NTH RD,1990-01,2025-07
77,BEDOK NTH RD,1990-03,2026-06
78,BEDOK NTH RD,1990-01,2026-09
79,BEDOK NTH RD,1990-01,2026-05
80,BEDOK NTH RD,1990-01,2025-01
81,BEDOK NTH RD,1990-04,2026-07
82,BEDOK NTH RD,1990-01,2026-04
83,BEDOK NTH RD,1990-02,2000-02
201,BEDOK NTH ST 1,1990-03,2026-05
202,BEDOK NTH ST 1,1990-01,2026-09
203,BEDOK NTH ST 1,2000-06,2026-02
204,BEDOK NTH ST 1,2000-05,2026-06
205,BEDOK NTH ST 1,2000-03,2023-12
213,BEDOK NTH ST 1,1990-01,2026-08
214,BEDOK NTH ST 1,1990-07,2025-04
217,BEDOK NTH ST 1,2000-01,2026-06
218,BEDOK NTH ST 1,1990-01,2026-08
419,BEDOK NTH ST 1,1990-01,2026-09
420,BEDOK NTH ST 1,1990-02,2026-08
113,BEDOK NTH ST 2,2008-11,2026-07
114,BEDOK NTH ST 2,2008-11,2025-12
118,BEDOK NTH ST 2,1990-01,2025-04
120,BEDOK NTH ST 2,1990-01,2026-02
122,BEDOK NTH ST 2,1990-02,2025-08
123,BEDOK NTH ST 2,1990-08,2025-08
126,BEDOK NTH ST 2,1990-01,2026-09
127,BEDOK NTH ST 2,1990-02,2026-09
128,BEDOK NTH ST 2,1990-01,2026-09
129,BEDOK NTH ST 2,1990-01,2026-09
130,BEDOK NTH ST 2,1990-01,2026-09
132,BEDOK NTH ST 2,1990-01,2026-09
134,BEDOK NTH ST 2,1990-01,2026-08
135,BEDOK NTH ST 2,1990-02,2026-09
138,BEDOK NTH ST 2,1990-01,2026-07
140,BEDOK NTH ST 2,2002-06,2026-07
501,BEDOK NTH ST 3,1990-01,2026-08
502,BEDOK NTH ST 3,1990-01,2025-08
503,BEDOK NTH ST 3,1990-01,2026-07
504,BEDOK NTH ST 3,1990-01,2026-09
509,BEDOK NTH ST 3,1990-07,2026-09
510,BEDOK NTH ST 3,1990-01,2026-01
523,BEDOK NTH ST 3,1991-07,2026-09
524,BEDOK NTH ST 3,1991-08,2026-07
525,BEDOK NTH ST 3,1990-01,2026-08
526,BEDOK NTH ST 3,1990-02,2026-09
527,BEDOK NTH ST 3,1991-10,2023-03
528,BEDOK NTH ST 3,1990-03,2026-07
529,BEDOK NTH ST 3,1990-01,2026-03
530,BEDOK NTH ST 3,1990-02,2026-01
531,BEDOK NTH ST 3,1990-11,2025-10
532,BEDOK NTH ST 3,1990-01,2026-05
533,BEDOK NTH ST 3,1990-01,2026-08
534,BEDOK NTH ST 3,1990-01,2026-09
535,BEDOK NTH ST 3,1990-02,2026-09
536,BEDOK NTH ST 3,1990-01,2026-09
537,BEDOK NTH ST 3,1990-01,2026-08
539,BEDOK NTH ST 3,2001-05,2025-11
540,BEDOK NTH ST 3,1990-01,2026-04
541,BEDOK NTH ST 3,2007-09,2025-10
542,BEDOK NTH ST 3,1990-08,2026-09
543,BEDOK NTH ST 3,1990-01,2026-08
545,BEDOK NTH ST 3,1990-02,2026-09
546,BEDOK NTH ST 3,1990-08,2026-07
547,BEDOK NTH ST 3,1990-01,2026-09
554,BEDOK NTH ST 3,1990-02,2026-08
186A,BEDOK NTH ST 4,2023-02,2026-07
186B,BEDOK NTH ST 4,2023-01,2026-07
187A,BEDOK NTH ST 4,2023-02,2026-08
187B,BEDOK NTH ST 4,2023-03,2026-09
188A,BEDOK NTH ST 4,2023-01,2026-09
188B,BEDOK NTH ST 4,2023-05,2026-04
188C,BEDOK NTH ST 4,2024-02,2026-08
188D,BEDOK NTH ST 4,2024-03,2026-06
84,BEDOK NTH ST 4,1990-04,2026-01
86,BEDOK NTH ST 4,1991-07,2026-09
87,BEDOK NTH ST 4,1990-01,2020-11
88,BEDOK NTH ST 4,1990-04,2024-06
89,BEDOK NTH ST 4,1990-01,2026-07
90,BEDOK NTH ST 4,1990-03,2026-07
91,BEDOK NTH ST 4,1990-02,2025-12
747A,BEDOK RESERVOIR CRES,2019-11,2026-02
747B,BEDOK RESERVOIR CRES,2019-11,2026-09
747C,BEDOK RESERVOIR CRES,2020-01,2026-08
748A,BEDOK RESERVOIR CRES,2019-11,2026-07
748B,BEDOK RESERVOIR CRES,2020-01,2026-09
748C,BEDOK RESERVOIR CRES,2019-11,2026-04
101,BEDOK RESERVOIR RD,1990-06,2025-01
102,BEDOK RESERVOIR RD,1992-08,2022-06
103,BEDOK RESERVOIR RD,1990-03,2026-08
104,BEDOK RESERVOIR RD,1990-06,2025-05
105,BEDOK RESERVOIR RD,1990-02,2026-09
106,BEDOK RESERVOIR RD,1990-03,2025-07
107,BEDOK RESERVOIR RD,1990-07,2026-07
108,BEDOK RESERVOIR RD,1990-07,2026-02
109,BEDOK RESERVOIR RD,1990-07,2024-12
110,BEDOK RESERVOIR RD,1991-01,2026-03
111,BEDOK RESERVOIR RD,1991-10,2020-02
112,BEDOK RESERVOIR RD,1990-01,2026-05
113,BEDOK RESERVOIR RD,1990-05,2026-07
114,BEDOK RESERVOIR RD,1990-11,2025-12
115,BEDOK RESERVOIR RD,1990-05,2026-09
116,BEDOK RESERVOIR RD,1990-07,2026-06
117,BEDOK RESERVOIR RD,1990-11,2026-09
118,BEDOK RESERVOIR RD,1990-10,2025-01
119,BEDOK RESERVOIR RD,1991-12,2025-01
120,BEDOK RESERVOIR RD,1991-02,2026-07
121,BEDOK RESERVOIR RD,1990-05,2026-01
122,BEDOK RESERVOIR RD,1992-04,2026-08
123,BEDOK RESERVOIR RD,1992-07,2025-03
124,BEDOK RESERVOIR RD,1992-02,2026-04
125,BEDOK RESERVOIR RD,1991-02,2026-09
126,BEDOK RESERVOIR RD,1993-05,2026-02
127,BEDOK RESERVOIR RD,1992-06,2026-06
128,BEDOK RESERVOIR RD,1991-01,2026-08
129,BEDOK RESERVOIR RD,1992-01,2024-10
130,BEDOK RESERVOIR RD,1991-09,2025-08
131,BEDOK RESERVOIR RD,1990-06,2026-08
132,BEDOK RESERVOIR RD,1992-09,2026-09
133,BEDOK RESERVOIR RD,1991-09,2025-08
134,BEDOK RESERVOIR RD,1991-02,2026-09
135,BEDOK RESERVOIR RD,1991-01,2026-09
136,BEDOK RESERVOIR RD,1991-08,2026-08
137,BEDOK RESERVOIR RD,1991-08,2026-05
138,BEDOK RESERVOIR RD,1991-09,2026-01
139,BEDOK RESERVOIR RD,1993-03,2026-06
140,BEDOK RESERVOIR RD,1991-06,2026-09
141,BEDOK RESERVOIR RD,1991-04,2026-10
142,BEDOK RESERVOIR RD,1991-08,2026-08
143,BEDOK RESERVOIR RD,1993-07,2024-12
144,BEDOK RESERVOIR RD,1993-06,2026-07
145,BEDOK RESERVOIR RD,1990-11,2026-09
146,BEDOK RESERVOIR RD,1991-08,2026-04
147,BEDOK RESERVOIR RD,1990-08,2026-01
148,BEDOK RESERVOIR RD,1991-07,2026-07
149,BEDOK RESERVOIR RD,1991-06,2026-06
150,BEDOK RESERVOIR RD,1993-03,2026-08
151,BEDOK RESERVOIR RD,1993-08,2026-09
601,BEDOK RESERVOIR RD,1990-06,2026-09
602,BEDOK RESERVOIR RD,1990-01,2026-07
603,BEDOK RESERVOIR RD,1990-01,2025-05
604,BEDOK RESERVOIR RD,1990-04,2025-03
605,BEDOK RESERVOIR RD,1990-01,2026-08
606,BEDOK RESERVOIR RD,1990-01,2026-09
607,BEDOK RESERVOIR RD,1990-02,2025-08
608,BEDOK RESERVOIR RD,1990-02,2026-09
609,BEDOK RESERVOIR RD,1990-01,2026-08
610,BEDOK RESERVOIR RD,1992-08,2026-07
611,BEDOK RESERVOIR RD,1996-03,2026-07
612,BEDOK RESERVOIR RD,1990-02,2025-03
613,BEDOK RESERVOIR RD,1990-01,2026-07
613A,BEDOK RESERVOIR RD,2001-12,2025-07
613B,BEDOK RESERVOIR RD,2002-01,2026-09
614,BEDOK RESERVOIR RD,1990-03,2026-03
615,BEDOK RESERVOIR RD,1990-01,2026-09
616,BEDOK RESERVOIR RD,1990-01,2026-09
617,BEDOK RESERVOIR RD,1990-07,2026-06
618,BEDOK RESERVOIR RD,1990-05,2026-08
619,BEDOK RESERVOIR RD,1990-08,2026-08
620,BEDOK RESERVOIR RD,1990-01,2026-08
621,BEDOK RESERVOIR RD,1990-02,2026-08
622,BEDOK RESERVOIR RD,1990-01,2026-09
623,BEDOK RESERVOIR RD,1990-10,2026-01
624,BEDOK RESERVOIR RD,1990-08,2025-06
625,BEDOK RESERVOIR RD,1993-02,2024-07
626,BEDOK RESERVOIR RD,1990-02,2026-01
627,BEDOK RESERVOIR RD,1990-07,2026-05
628,BEDOK RESERVOIR RD,1990-12,2026-09
629,BEDOK RESERVOIR RD,1996-02,2026-08
631,BEDOK RESERVOIR RD,2003-11,2025-02
632,BEDOK RESERVOIR RD,2002-07,2024-10
633,BEDOK RESERVOIR RD,1997-08,2026-09
634,BEDOK RESERVOIR RD,1994-09,2026-08
635,BEDOK RESERVOIR RD,1997-08,2026-03
636,BEDOK RESERVOIR RD,1993-01,2026-09
637,BEDOK RESERVOIR RD,1997-09,2024-10
638,BEDOK RESERVOIR RD,1998-04,2020-06
639,BEDOK RESERVOIR RD,1998-04,2025-05
640,BEDOK RESERVOIR RD,1998-07,2026-09
641,BEDOK RESERVOIR RD,1998-04,2024-01
642,BEDOK RESERVOIR RD,1998-07,2026-06
643,BEDOK RESERVOIR RD,1994-03,2026-04
644,BEDOK RESERVOIR RD,1997-07,2026-01
701,BEDOK RESERVOIR RD,1991-01,2026-08
702,BEDOK RESERVOIR RD,1990-01,2026-09
703,BEDOK RESERVOIR RD,1990-04,2026-07
704,BEDOK RESERVOIR RD,1990-07,2026-07
709,BEDOK RESERVOIR RD,1990-02,2025-11
710,BEDOK RESERVOIR RD,1990-01,2026-04
711,BEDOK RESERVOIR RD,1990-05,2026-09
712,BEDOK RESERVOIR RD,1990-01,2026-09
713,BEDOK RESERVOIR RD,1990-01,2026-02
714,BEDOK RESERVOIR RD,1990-03,2026-07
715,BEDOK RESERVOIR RD,1990-03,2026-07
716,BEDOK RESERVOIR RD,1990-01,2026-09
717,BEDOK RESERVOIR RD,1990-05,2026-06
718,BEDOK RESERVOIR RD,1990-01,2026-09
719,BEDOK RESERVOIR RD,1990-02,2025-08
720,BEDOK RESERVOIR RD,1990-08,2026-09
721,BEDOK RESERVOIR RD,1990-07,2026-07
722,BEDOK RESERVOIR RD,1990-01,2025-08
723,BEDOK RESERVOIR RD,1990-02,2026-07
724,BEDOK RESERVOIR RD,1990-01,2026-04
725,BEDOK RESERVOIR RD,1990-01,2025-09
740,BEDOK RESERVOIR RD,1991-02,2023-10
742,BEDOK RESERVOIR RD,1992-12,2025-12
744,BEDOK RESERVOIR RD,1992-03,2026-07
761,BEDOK RESERVOIR VIEW,2004-03,2026-07
762,BEDOK RESERVOIR VIEW,2004-05,2026-07
763,BEDOK RESERVOIR VIEW,2004-07,2026-09
764,BEDOK RESERVOIR VIEW,2004-04,2026-09
765,BEDOK RESERVOIR VIEW,2004-03,2026-08
766,BEDOK RESERVOIR VIEW,2004-07,2026-08
767,BEDOK RESERVOIR VIEW,2004-06,2026-08
768,BEDOK RESERVOIR VIEW,2004-05,2026-05
769,BEDOK RESERVOIR VIEW,2004-05,2026-10
770,BEDOK RESERVOIR VIEW,2004-06,2026-08
771,BEDOK RESERVOIR VIEW,2004-09,2026-08
772,BEDOK RESERVOIR VIEW,2004-08,2026-10
773,BEDOK RESERVOIR VIEW,2004-08,2026-08
774,BEDOK RESERVOIR VIEW,2004-07,2026-08
1,BEDOK STH AVE 1,1990-03,2026-03
2,BEDOK STH AVE 1,1990-01,2026-05
22,BEDOK STH AVE 1,1990-01,2026-07
23,BEDOK STH AVE 1,1991-03,2026-04
3,BEDOK STH AVE 1,1990-02,2026-08
4,BEDOK STH AVE 1,1990-02,2026-06
10B,BEDOK STH AVE 2,1999-07,2026-06
10C,BEDOK STH AVE 2,1999-07,2026-09
10D,BEDOK STH AVE 2,1999-07,2026-09
10E,BEDOK STH AVE 2,1997-08,2026-07
10F,BEDOK STH AVE 2,1994-03,2024-07
14,BEDOK STH AVE 2,1995-11,2026-05
31,BEDOK STH AVE 2,1990-01,2026-08
32,BEDOK STH AVE 2,1990-02,2026-09
33,BEDOK STH AVE 2,1990-01,2026-09
34,BEDOK STH AVE 2,1990-01,2026-09
35,BEDOK STH AVE 2,1990-01,2026-06
36,BEDOK STH AVE 2,1990-01,2026-06
37,BEDOK STH AVE 2,1990-02,2026-04
5,BEDOK STH AVE 2,1990-03,2026-09
6,BEDOK STH AVE 2,1990-03,2026-08
7,BEDOK STH AVE 2,1991-01,2026-05
8,BEDOK STH AVE 2,1990-01,2026-04
9,BEDOK STH AVE 2,1997-08,2026-03
155,BEDOK STH AVE 3,1990-08,2021-05
156,BEDOK STH AVE 3,1990-11,2026-08
157,BEDOK STH AVE 3,1990-02,2026-01
158,BEDOK STH AVE 3,1990-10,2025-06
159,BEDOK STH AVE 3,1990-02,2026-07
160,BEDOK STH AVE 3,1991-01,2026-09
161,BEDOK STH AVE 3,1990-11,2025-09
166,BEDOK STH AVE 3,1990-01,2026-06
167,BEDOK STH AVE 3,1990-12,2026-07
168,BEDOK STH AVE 3,1991-08,2022-04
169,BEDOK STH AVE 3,1990-02,2026-05
46,BEDOK STH AVE 3,1990-01,2004-08
66,BEDOK STH AVE 3,1990-05,2026-01
67,BEDOK STH AVE 3,1990-02,2026-01
68,BEDOK STH AVE 3,1990-11,2026-04
69,BEDOK STH AVE 3,1990-01,2026-09
72,BEDOK STH AVE 3,1990-01,2024-08
15,BEDOK STH RD,1990-01,2026-03
152A,BEDOK STH RD,2026-10,2026-10
152C,BEDOK STH RD,2026-09,2026-09
153A,BEDOK STH RD,2026-08,2026-09
153B,BEDOK STH RD,2026-05,2026-08
153C,BEDOK STH RD,2026-05,2026-09
154A,BEDOK STH RD,2026-05,2026-09
154B,BEDOK STH RD,2026-04,2026-09
162,BEDOK STH RD,1990-08,2022-06
163,BEDOK STH RD,1990-05,2026-04
164,BEDOK STH RD,1990-11,2026-07
165,BEDOK STH RD,1990-01,2026-10
170,BEDOK STH RD,1990-10,2026-09
171,BEDOK STH RD,1990-11,2026-04
172,BEDOK STH RD,1990-11,2026-01
18,BEDOK STH RD,1990-01,2026-09
19,BEDOK STH RD,1990-04,2026-10
20,BEDOK STH RD,1990-04,2026-09
21,BEDOK STH RD,1990-02,2026-07
38,BEDOK STH RD,2008-07,2023-08
39,BEDOK STH RD,1990-10,2026-07
40,BEDOK STH RD,1990-02,2026-07
41,BEDOK STH RD,1990-01,2026-07
42,BEDOK STH RD,1990-01,2025-06
43,BEDOK STH RD,1990-03,2026-06
44,BEDOK STH RD,1990-08,2026-08
70,BEDOK STH RD,1990-02,2026-05
71,BEDOK STH RD,1990-01,2026-09
10A,BENDEMEER RD,2021-08,2026-08
10B,BENDEMEER RD,2021-12,2026-09
10C,BENDEMEER RD,2021-12,2026-09
23,BENDEMEER RD,1990-09,2026-03
24,BENDEMEER RD,1990-01,2026-08
26,BENDEMEER RD,1990-01,2026-06
28,BENDEMEER RD,1990-01,2025-02
30,BENDEMEER RD,1990-03,2026-06
38A,BENDEMEER RD,2014-12,2026-09
38B,BENDEMEER RD,2014-11,2026-08
38C,BENDEMEER RD,2015-11,2026-08
38D,BENDEMEER RD,2015-01,2026-09
39A,BENDEMEER RD,2015-09,2026-01
43,BENDEMEER RD,1990-02,2026-09
44,BENDEMEER RD,1990-01,2026-07
45,BENDEMEER RD,1990-01,2026-08
46,BENDEMEER RD,1999-01,2026-08
47,BENDEMEER RD,1990-05,2026-05
48,BENDEMEER RD,1998-10,2026-07
24,BEO CRES,1990-06,2025-12
36,BEO CRES,1990-01,2026-07
38,BEO CRES,1991-01,2025-07
40,BEO CRES,1990-01,2026-06
101A,BIDADARI PK DR,2025-10,2026-08
102A,BIDADARI PK DR,2025-04,2026-08
102B,BIDADARI PK DR,2025-04,2026-10
103A,BIDADARI PK DR,2026-01,2026-09
103B,BIDADARI PK DR,2026-02,2026-10
104A,BIDADARI PK DR,2026-02,2026-10
105A,BIDADARI PK DR,2024-09,2026-08
105B,BIDADARI PK DR,2024-10,2026-09
106A,BIDADARI PK DR,2024-09,2026-07
106B,BIDADARI PK DR,2024-08,2026-07
107A,BIDADARI PK DR,2026-09,2026-09
107B,BIDADARI PK DR,2026-08,2026-09
110A,BIDADARI PK DR,2026-08,2026-09
110B,BIDADARI PK DR,2026-08,2026-09
145,BISHAN ST 11,1992-02,2026-08
146,BISHAN ST 11,1992-03,2026-07
147,BISHAN ST 11,1992-05,2025-10
148,BISHAN ST 11,1992-10,2026-02
149,BISHAN ST 11,1991-10,2026-09
150,BISHAN ST 11,1994-09,2025-09
150A,BISHAN ST 11,1994-03,2026-07
151,BISHAN ST 11,1994-03,2020-01
152,BISHAN ST 11,1994-05,2023-10
501,BISHAN ST 11,1995-01,2026-07
502,BISHAN ST 11,1995-11,2021-10
503,BISHAN ST 11,1993-08,2026-03
506,BISHAN ST 11,1992-06,2026-01
101,BISHAN ST 12,1991-09,2024-12
102,BISHAN ST 12,1991-08,2026-02
103,BISHAN ST 12,1991-11,2026-01
104,BISHAN ST 12,1992-01,2025-05
105,BISHAN ST 12,1991-01,2026-09
106,BISHAN ST 12,1990-10,2026-02
107,BISHAN ST 12,1991-01,2026-02
108,BISHAN ST 12,1990-08,2026-02
109,BISHAN ST 12,1990-08,2026-09
110,BISHAN ST 12,1990-11,2026-08
111,BISHAN ST 12,1991-01,2026-03
112,BISHAN ST 12,1991-08,2026-07
113,BISHAN ST 12,1990-10,2026-08
114,BISHAN ST 12,1991-10,2026-04
115,BISHAN ST 12,1990-12,2026-08
116,BISHAN ST 12,1990-12,2025-06
117,BISHAN ST 12,1992-03,2026-06
118,BISHAN ST 12,1994-01,2025-11
119,BISHAN ST 12,1991-11,2026-09
120,BISHAN ST 12,1991-05,2025-07
121,BISHAN ST 12,1991-04,2025-06
122,BISHAN ST 12,1990-12,2026-07
123,BISHAN ST 12,1991-01,2026-09
124,BISHAN ST 12,1991-07,2026-08
125,BISHAN ST 12,1991-10,2026-09
126,BISHAN ST 12,1991-08,2025-03
127,BISHAN ST 12,1991-05,2025-12
128,BISHAN ST 12,1992-01,2026-09
129,BISHAN ST 12,1994-05,2026-08
130,BISHAN ST 12,1991-03,2026-08
131,BISHAN ST 12,1990-12,2026-05
132,BISHAN ST 12,1992-02,2024-06
133,BISHAN ST 12,1992-01,2026-03
134,BISHAN ST 12,1992-01,2026-09
135,BISHAN ST 12,1992-03,2026-03
136,BISHAN ST 12,1992-02,2026-04
137,BISHAN ST 12,1992-06,2025-05
138,BISHAN ST 12,1992-02,2026-07
139,BISHAN ST 12,1993-02,2023-11
140,BISHAN ST 12,1993-04,2026-03
141,BISHAN ST 12,1993-05,2026-09
142,BISHAN ST 12,1993-06,2025-10
143,BISHAN ST 12,1993-12,2026-04
144,BISHAN ST 12,1993-02,2026-09
153,BISHAN ST 13,1992-03,2026-09
154,BISHAN ST 13,1992-07,2026-04
155,BISHAN ST 13,1992-09,2026-09
156,BISHAN ST 13,1993-06,2025-02
157,BISHAN ST 13,1992-08,2026-09
158,BISHAN ST 13,1992-09,2026-09
159,BISHAN ST 13,1993-03,2025-01
160,BISHAN ST 13,1992-11,2026-01
161,BISHAN ST 13,1993-02,2026-07
162,BISHAN ST 13,1993-06,2025-04
163,BISHAN ST 13,1990-09,2026-09
164,BISHAN ST 13,1991-11,2025-11
165,BISHAN ST 13,1993-02,2026-06
166,BISHAN ST 13,1992-06,2026-06
167,BISHAN ST 13,1993-08,2026-07
168,BISHAN ST 13,1991-08,2026-04
169,BISHAN ST 13,1993-09,2026-09
170,BISHAN ST 13,1991-06,2026-09
171,BISHAN ST 13,1993-01,2026-06
172,BISHAN ST 13,1991-10,2025-06
173,BISHAN ST 13,1991-08,2026-09
174,BISHAN ST 13,1991-10,2021-02
175,BISHAN ST 13,1991-07,2026-08
176,BISHAN ST 13,1992-12,2026-06
177,BISHAN ST 13,1991-08,2026-09
178,BISHAN ST 13,1991-10,2026-06
179,BISHAN ST 13,1990-09,2026-05
180,BISHAN ST 13,1992-12,2025-11
181,BISHAN ST 13,1991-08,2026-09
182,BISHAN ST 13,1991-07,2025-12
183,BISHAN ST 13,1990-09,2025-06
184,BISHAN ST 13,1992-12,2026-06
185,BISHAN ST 13,1993-02,2026-09
186,BISHAN ST 13,1991-11,2026-09
187,BISHAN ST 13,1991-11,2026-01
188,BISHAN ST 13,1993-09,2025-06
189,BISHAN ST 13,1991-06,2024-07
190,BISHAN ST 13,1991-11,2026-09
191,BISHAN ST 13,1991-11,2024-09
192,BISHAN ST 13,1992-04,2026-08
193,BISHAN ST 13,1990-10,2026-07
194,BISHAN ST 13,1992-03,2026-08
195,BISHAN ST 13,1993-01,2026-06
196,BISHAN ST 13,1991-09,2025-10
197,BISHAN ST 13,1990-10,2025-10
232,BISHAN ST 22,1995-05,2026-04
233,BISHAN ST 22,1995-07,2026-10
234,BISHAN ST 22,1995-05,2025-04
235,BISHAN ST 22,1995-11,2026-09
236,BISHAN ST 22,1995-08,2026-08
237,BISHAN ST 22,1995-11,2025-05
238,BISHAN ST 22,1996-01,2026-08
239,BISHAN ST 22,1995-11,2026-04
240,BISHAN ST 22,1996-05,2025-08
241,BISHAN ST 22,1992-07,2026-08
242,BISHAN ST 22,1992-01,2025-12
243,BISHAN ST 22,1994-12,2026-07
244,BISHAN ST 22,1996-03,2020-06
245,BISHAN ST 22,1995-07,2026-06
246,BISHAN ST 22,1996-02,2026-03
247,BISHAN ST 22,1997-07,2021-01
248,BISHAN ST 22,1996-01,2025-01
249,BISHAN ST 22,1994-04,2026-07
250,BISHAN ST 22,1995-12,2026-02
251,BISHAN ST 22,1995-12,2025-05
252,BISHAN ST 22,1996-01,2026-06
253,BISHAN ST 22,1996-01,2026-10
254,BISHAN ST 22,1996-01,2026-10
255,BISHAN ST 22,1993-12,2024-04
256,BISHAN ST 22,1993-12,2024-06
257,BISHAN ST 22,1995-10,2026-08
258,BISHAN ST 22,1996-07,2025-01
259,BISHAN ST 22,1994-05,2026-09
260,BISHAN ST 22,1996-07,2025-08
261,BISHAN ST 22,1994-04,2026-09
262,BISHAN ST 22,1996-06,2026-09
263,BISHAN ST 22,1996-04,2026-04
285,BISHAN ST 22,1996-08,2026-07
292,BISHAN ST 22,2002-03,2026-08
293,BISHAN ST 22,2002-02,2026-08
201,BISHAN ST 23,1995-07,2025-11
202,BISHAN ST 23,1996-06,2026-01
203,BISHAN ST 23,1995-06,2026-08
204,BISHAN ST 23,1995-09,2026-08
205,BISHAN ST 23,1994-01,2026-09
206,BISHAN ST 23,1995-07,2026-02
207,BISHAN ST 23,1995-10,2026-08
208,BISHAN ST 23,1995-05,2026-07
209,BISHAN ST 23,1995-06,2026-09
210,BISHAN ST 23,1995-05,2023-09
211,BISHAN ST 23,1995-08,2025-12
212,BISHAN ST 23,1995-11,2026-08
213,BISHAN ST 23,1995-10,2025-11
214,BISHAN ST 23,1994-12,2025-06
215,BISHAN ST 23,1995-11,2024-10
216,BISHAN ST 23,1995-07,2026-05
217,BISHAN ST 23,1995-07,2024-09
218,BISHAN ST 23,1996-05,2026-09
219,BISHAN ST 23,1994-01,2026-08
220,BISHAN ST 23,1994-10,2026-05
221,BISHAN ST 23,1995-08,2026-07
222,BISHAN ST 23,1993-01,2026-06
223,BISHAN ST 23,1995-10,2025-06
224,BISHAN ST 23,1994-04,2026-05
225,BISHAN ST 23,1995-08,2026-08
226,BISHAN ST 23,1995-11,2026-04
227,BISHAN ST 23,1991-11,2026-09
228,BISHAN ST 23,1995-06,2025-05
229,BISHAN ST 23,1993-12,2026-06
230,BISHAN ST 23,1995-03,2025-10
231,BISHAN ST 23,1995-04,2026-10
264,BISHAN ST 24,1996-07,2026-08
265,BISHAN ST 24,1996-06,2026-01
266,BISHAN ST 24,1996-08,2026-04
267,BISHAN ST 24,1996-03,2026-08
268,BISHAN ST 24,1994-12,2026-06
269,BISHAN ST 24,1996-03,2026-10
270,BISHAN ST 24,1996-05,2025-07
271,BISHAN ST 24,1996-04,2025-11
272,BISHAN ST 24,1996-05,2026-09
273A,BISHAN ST 24,2016-09,2026-10
273B,BISHAN ST 24,2016-10,2026-08
275A,BISHAN ST 24,2016-10,2026-06
278,BISHAN ST 24,1996-10,2024-04
281,BISHAN ST 24,1996-08,2020-08
286,BISHAN ST 24,1996-07,2026-05
287,BISHAN ST 24,1996-08,2026-06
288,BISHAN ST 24,2002-02,2026-10
289,BISHAN ST 24,2002-02,2025-11
290,BISHAN ST 24,2002-03,2026-09
291,BISHAN ST 24,2002-03,2026-09
22,BOON KENG RD,1990-02,2026-08
4,BOON KENG RD,2001-01,2026-03
5,BOON KENG RD,2001-04,2026-08
6,BOON KENG RD,2001-06,2026-05
7,BOON KENG RD,2016-02,2026-09
8,BOON KENG RD,2016-01,2026-08
9,BOON KENG RD,2016-02,2026-08
183A,BOON LAY AVE,2018-09,2026-07
183B,BOON LAY AVE,2018-11,2026-07
183C,BOON LAY AVE,2018-10,2026-08
183D,BOON LAY AVE,2018-09,2026-04
185,BOON LAY AVE,1990-01,2026-09
186,BOON LAY AVE,1990-01,2026-08
187,BOON LAY AVE,1990-01,2026-08
216,BOON LAY AVE,1990-03,2006-05
216A,BOON LAY AVE,2021-12,2026-07
216B,BOON LAY AVE,2022-05,2026-08
217,BOON LAY AVE,1990-01,2006-03
217A,BOON LAY AVE,2022-04,2026-08
217B,BOON LAY AVE,2022-04,2026-09
218A,BOON LAY AVE,2022-05,2026-09
218B,BOON LAY AVE,2022-02,2026-06
218C,BOON LAY AVE,2021-12,2026-08
218D,BOON LAY AVE,2022-04,2026-03
219,BOON LAY AVE,1990-01,2006-06
220,BOON LAY AVE,1990-01,2005-07
167,BOON LAY DR,1990-01,2011-09
168,BOON LAY DR,1990-01,2012-01
169,BOON LAY DR,1990-01,2012-01
170,BOON LAY DR,1990-01,2012-02
171,BOON LAY DR,1990-02,2011-06
172,BOON LAY DR,1990-01,2011-04
174,BOON LAY DR,2013-05,2026-09
175,BOON LAY DR,2015-12,2026-08
176,BOON LAY DR,2015-10,2025-10
180A,BOON LAY DR,2017-12,2026-09
180B,BOON LAY DR,2018-01,2026-07
180C,BOON LAY DR,2018-02,2026-06
181A,BOON LAY DR,2017-11,2026-07
181B,BOON LAY DR,2018-04,2026-08
188,BOON LAY DR,2010-12,2026-03
191,BOON LAY DR,2013-06,2024-07
196A,BOON LAY DR,2019-05,2026-04
196B,BOON LAY DR,2019-02,2026-07
197A,BOON LAY DR,2019-07,2026-04
197B,BOON LAY DR,2019-05,2026-08
197C,BOON LAY DR,2019-03,2026-09
197D,BOON LAY DR,2019-05,2026-08
198,BOON LAY DR,1990-01,2026-07
199,BOON LAY DR,1990-02,2026-05
200,BOON LAY DR,1990-12,2025-04
201,BOON LAY DR,1990-04,2025-02
202,BOON LAY DR,1990-04,2026-01
203,BOON LAY DR,1990-01,2025-11
204,BOON LAY DR,1990-04,2025-09
205,BOON LAY DR,1990-01,2023-08
206,BOON LAY DR,1990-04,2023-06
257,BOON LAY DR,1999-06,2024-07
258,BOON LAY DR,1999-03,2026-09
259,BOON LAY DR,1999-05,2024-07
260,BOON LAY DR,1999-08,2024-04
261,BOON LAY DR,1994-12,2026-04
262,BOON LAY DR,1999-04,2024-04
263,BOON LAY DR,1995-06,2025-10
264,BOON LAY DR,1999-03,2024-03
265,BOON LAY DR,1999-03,2025-01
266,BOON LAY DR,1999-02,2026-06
267,BOON LAY DR,2002-07,2026-03
268A,BOON LAY DR,2005-09,2026-05
268B,BOON LAY DR,2005-11,2026-03
268C,BOON LAY DR,2005-11,2026-09
207,BOON LAY PL,1990-02,2026-08
208,BOON LAY PL,1990-01,2026-09
209,BOON LAY PL,1990-01,2026-05
210,BOON LAY PL,1990-01,2026-08
211,BOON LAY PL,1990-01,2026-08
212,BOON LAY PL,1990-01,2026-02
213,BOON LAY PL,1990-01,2026-09
214,BOON LAY PL,1990-01,2026-02
215,BOON LAY PL,1990-01,2026-07
221,BOON LAY PL,1990-04,2026-04
10A,BOON TIONG RD,2018-09,2026-08
10B,BOON TIONG RD,2019-10,2026-09
2A,BOON TIONG RD,2004-07,2026-09
2C,BOON TIONG RD,2004-12,2025-11
4A,BOON TIONG RD,2007-08,2026-03
4B,BOON TIONG RD,2010-05,2026-06
6A,BOON TIONG RD,2009-08,2026-04
6B,BOON TIONG RD,2010-05,2026-10
8A,BOON TIONG RD,2005-03,2026-08
8B,BOON TIONG RD,2005-03,2026-09
9A,BOON TIONG RD,2018-08,2026-05
9B,BOON TIONG RD,2018-07,2026-08
446,BRIGHT HILL DR,1993-04,2026-08
447,BRIGHT HILL DR,1993-05,2026-05
448,BRIGHT HILL DR,1994-07,2025-11
103,BT BATOK CTRL,1990-01,2026-07
104,BT BATOK CTRL,1990-04,2026-02
105,BT BATOK CTRL,1990-02,2021-09
106,BT BATOK CTRL,1990-05,2026-07
120,BT BATOK CTRL,1990-01,2025-09
121,BT BATOK CTRL,1990-01,2026-08
122,BT BATOK CTRL,1990-02,2026-09
123,BT BATOK CTRL,1990-01,2026-02
124,BT BATOK CTRL,1990-02,2026-09
125,BT BATOK CTRL,1990-02,2026-10
126,BT BATOK CTRL,1991-01,2026-04
225,BT BATOK CTRL,1990-01,2025-12
226,BT BATOK CTRL,1991-01,2026-09
227,BT BATOK CTRL,1990-01,2026-04
228,BT BATOK CTRL,1990-01,2026-09
620,BT BATOK CTRL,2007-10,2025-03
621,BT BATOK CTRL,2007-08,2026-09
622,BT BATOK CTRL,2007-01,2025-12
623,BT BATOK CTRL,2001-06,2026-07
624,BT BATOK CTRL,2001-07,2025-12
625,BT BATOK CTRL,2001-03,2026-07
626,BT BATOK CTRL,2001-07,2026-07
627,BT BATOK CTRL,2001-09,2026-08
628,BT BATOK CTRL,2001-10,2023-07
639,BT BATOK CTRL,1994-06,2026-06
642,BT BATOK CTRL,1995-08,2022-12
220,BT BATOK EAST AVE 3,1991-07,2026-01
221,BT BATOK EAST AVE 3,1990-01,2026-02
222,BT BATOK EAST AVE 3,1990-05,2026-07
223,BT BATOK EAST AVE 3,1990-01,2026-06
229,BT BATOK EAST AVE 3,1990-04,2026-07
230,BT BATOK EAST AVE 3,1990-02,2026-06
278,BT BATOK EAST AVE 3,1993-08,2025-03
280,BT BATOK EAST AVE 3,1993-01,2026-08
281,BT BATOK EAST AVE 3,1996-04,2026-02
283,BT BATOK EAST AVE 3,1993-06,2026-09
285,BT BATOK EAST AVE 3,1999-10,2024-03
286,BT BATOK EAST AVE 3,1999-11,2026-02
287,BT BATOK EAST AVE 3,2000-02,2026-01
290C,BT BATOK EAST AVE 3,2001-09,2026-08
290D,BT BATOK EAST AVE 3,2001-10,2026-02
254,BT BATOK EAST AVE 4,1990-02,2026-08
255,BT BATOK EAST AVE 4,1990-06,2021-10
256,BT BATOK EAST AVE 4,1990-11,2025-12
257,BT BATOK EAST AVE 4,1990-02,2025-11
258,BT BATOK EAST AVE 4,1990-01,2026-08
259,BT BATOK EAST AVE 4,1990-06,2026-01
260,BT BATOK EAST AVE 4,1990-02,2026-07
261,BT BATOK EAST AVE 4,1990-11,2024-12
262,BT BATOK EAST AVE 4,1991-03,2025-12
263,BT BATOK EAST AVE 4,1990-06,2025-04
264,BT BATOK EAST AVE 4,1990-07,2026-07
265,BT BATOK EAST AVE 4,1990-05,2026-07
266,BT BATOK EAST AVE 4,1990-07,2025-07
267,BT BATOK EAST AVE 4,1990-08,2025-05
268,BT BATOK EAST AVE 4,1990-08,2025-06
269,BT BATOK EAST AVE 4,1991-03,2026-09
271,BT BATOK EAST AVE 4,1990-08,2026-02
272,BT BATOK EAST AVE 4,1990-09,2025-11
274,BT BATOK EAST AVE 4,1994-03,2025-11
275,BT BATOK EAST AVE 4,1992-12,2026-03
231,BT BATOK EAST AVE 5,1990-03,2026-05
232,BT BATOK EAST AVE 5,1991-01,2023-07
233,BT BATOK EAST AVE 5,1990-06,2026-07
234,BT BATOK EAST AVE 5,1990-10,2025-07
235,BT BATOK EAST AVE 5,1990-04,2025-05
236,BT BATOK EAST AVE 5,1990-02,2024-10
237,BT BATOK EAST AVE 5,1990-02,2026-06
238,BT BATOK EAST AVE 5,1990-07,2026-07
239,BT BATOK EAST AVE 5,1990-02,2026-07
240,BT BATOK EAST AVE 5,1990-02,2026-05
241,BT BATOK EAST AVE 5,1990-06,2026-08
242,BT BATOK EAST AVE 5,1990-02,2026-04
243,BT BATOK EAST AVE 5,1990-04,2026-09
244,BT BATOK EAST AVE 5,1990-01,2026-05
245,BT BATOK EAST AVE 5,1990-07,2026-02
246,BT BATOK EAST AVE 5,1991-04,2021-07
247,BT BATOK EAST AVE 5,1990-06,2026-09
248,BT BATOK EAST AVE 5,1990-01,2026-09
249,BT BATOK EAST AVE 5,1990-02,2025-12
250,BT BATOK EAST AVE 5,1990-05,2026-08
251,BT BATOK EAST AVE 5,1990-03,2021-12
252,BT BATOK EAST AVE 5,1990-05,2026-06
253,BT BATOK EAST AVE 5,1990-11,2026-04
292A,BT BATOK EAST AVE 6,2022-11,2026-09
292B,BT BATOK EAST AVE 6,2023-01,2026-09
292C,BT BATOK EAST AVE 6,2022-12,2026-07
140,BT BATOK ST 11,1990-01,2025-07
141,BT BATOK ST 11,1990-01,2025-09
142,BT BATOK ST 11,1990-01,2026-01
143,BT BATOK ST 11,1990-01,2025-01
145,BT BATOK ST 11,1990-01,2025-05
150,BT BATOK ST 11,2011-10,2024-01
152,BT BATOK ST 11,2009-10,2024-09
154,BT BATOK ST 11,2009-05,2023-02
157,BT BATOK ST 11,2011-12,2024-05
160,BT BATOK ST 11,1990-01,2026-07
161,BT BATOK ST 11,1990-01,2026-08
162,BT BATOK ST 11,1990-04,2026-06
163,BT BATOK ST 11,1990-01,2026-10
164,BT BATOK ST 11,1990-01,2026-08
201,BT BATOK ST 21,1990-07,2026-08
202,BT BATOK ST 21,1990-03,2026-10
203,BT BATOK ST 21,1990-05,2026-09
204,BT BATOK ST 21,1990-01,2026-08
205,BT BATOK ST 21,1990-01,2026-04
206,BT BATOK ST 21,1990-02,2026-05
207,BT BATOK ST 21,1990-02,2025-10
208,BT BATOK ST 21,1990-04,2026-06
209,BT BATOK ST 21,1990-01,2026-10
210,BT BATOK ST 21,1990-02,2026-07
211,BT BATOK ST 21,1990-03,2026-08
212,BT BATOK ST 21,1990-07,2026-08
213,BT BATOK ST 21,1990-02,2026-06
214,BT BATOK ST 21,1990-01,2021-01
215,BT BATOK ST 21,1990-02,2026-08
216,BT BATOK ST 21,1990-01,2026-05
217,BT BATOK ST 21,1990-03,2026-08
218,BT BATOK ST 21,1990-02,2025-10
219,BT BATOK ST 21,1990-01,2025-06
224,BT BATOK ST 21,1991-08,2025-04
293A,BT BATOK ST 21,2022-12,2026-07
293B,BT BATOK ST 21,2023-01,2026-09
293C,BT BATOK ST 21,2022-11,2026-09
293D,BT BATOK ST 21,2022-09,2026-09
296A,BT BATOK ST 22,2022-05,2026-09
296B,BT BATOK ST 22,2022-01,2026-08
296C,BT BATOK ST 22,2022-04,2026-09
297,BT BATOK ST 22,2001-03,2026-07
298,BT BATOK ST 22,2001-03,2026-06
299,BT BATOK ST 22,2001-02,2026-04
290A,BT BATOK ST 24,2001-11,2026-08
290B,BT BATOK ST 24,2001-08,2026-03
290E,BT BATOK ST 24,2001-10,2026-09
290F,BT BATOK ST 24,2001-08,2026-07
290G,BT BATOK ST 24,2001-09,2025-05
291A,BT BATOK ST 24,2001-09,2025-11
291B,BT BATOK ST 24,2001-10,2026-05
291C,BT BATOK ST 24,2001-12,2026-06
291D,BT BATOK ST 24,2001-10,2026-08
291E,BT BATOK ST 24,2001-11,2026-09
288A,BT BATOK ST 25,2002-01,2026-02
288B,BT BATOK ST 25,2001-11,2026-08
288C,BT BATOK ST 25,2002-04,2025-07
288D,BT BATOK ST 25,2001-11,2026-07
288E,BT BATOK ST 25,2002-11,2026-08
288F,BT BATOK ST 25,2003-04,2026-09
288G,BT BATOK ST 25,2002-03,2026-07
289A,BT BATOK ST 25,2001-12,2026-09
289B,BT BATOK ST 25,2002-01,2025-06
289C,BT BATOK ST 25,2002-09,2025-11
289D,BT BATOK ST 25,2002-07,2026-07
289E,BT BATOK ST 25,2003-01,2026-09
289F,BT BATOK ST 25,2002-08,2025-09
289G,BT BATOK ST 25,2003-01,2026-08
301,BT BATOK ST 31,1990-04,2025-06
302,BT BATOK ST 31,1990-06,2025-09
303,BT BATOK ST 31,1990-03,2026-09
304,BT BATOK ST 31,1990-08,2026-09
305,BT BATOK ST 31,1990-04,2026-03
306,BT BATOK ST 31,1990-07,2024-07
307,BT BATOK ST 31,1990-01,2026-08
308,BT BATOK ST 31,1990-02,2026-09
309,BT BATOK ST 31,1990-11,2026-03
354,BT BATOK ST 31,1991-07,2026-09
355,BT BATOK ST 31,1991-03,2023-09
356,BT BATOK ST 31,1991-07,2024-12
357,BT BATOK ST 31,1991-03,2026-08
358,BT BATOK ST 31,1992-01,2026-04
359,BT BATOK ST 31,1994-01,2026-05
360,BT BATOK ST 31,1990-06,2026-09
361,BT BATOK ST 31,1990-07,2026-07
362,BT BATOK ST 31,1990-10,2025-11
363,BT BATOK ST 31,1990-05,2026-09
364,BT BATOK ST 31,1990-07,2026-07
365,BT BATOK ST 31,1992-11,2018-09
366,BT BATOK ST 31,1990-09,2026-04
367,BT BATOK ST 31,1990-06,2026-07
368,BT BATOK ST 31,1990-07,2026-08
369,BT BATOK ST 31,1990-10,2026-07
370,BT BATOK ST 31,1990-07,2026-01
371,BT BATOK ST 31,1994-01,2026-08
372,BT BATOK ST 31,1991-05,2026-01
374,BT BATOK ST 31,1991-07,2026-09
375,BT BATOK ST 31,1991-07,2026-02
377,BT BATOK ST 31,2023-03,2026-06
310,BT BATOK ST 32,1991-05,2025-07
311,BT BATOK ST 32,1991-07,2026-07
312,BT BATOK ST 32,1990-07,2026-07
313,BT BATOK ST 32,1990-03,2026-07
314,BT BATOK ST 32,1991-08,2026-07
315,BT BATOK ST 32,1990-10,2026-07
316,BT BATOK ST 32,1990-05,2026-08
317,BT BATOK ST 32,1991-02,2026-10
318,BT BATOK ST 32,1990-08,2026-08
332,BT BATOK ST 32,1993-10,2025-04
333,BT BATOK ST 32,1990-08,2026-04
334,BT BATOK ST 32,1992-02,2026-04
335,BT BATOK ST 32,1991-05,2026-07
336,BT BATOK ST 32,1990-09,2025-07
319,BT BATOK ST 33,1991-02,2026-07
320,BT BATOK ST 33,1997-07,2026-01
321,BT BATOK ST 33,1991-02,2026-07
322,BT BATOK ST 33,1990-05,2026-08
323,BT BATOK ST 33,1990-08,2026-06
324,BT BATOK ST 33,1990-05,2026-09
325,BT BATOK ST 33,1990-12,2026-05
326,BT BATOK ST 33,1990-09,2026-02
327,BT BATOK ST 33,1990-09,2026-09
328,BT BATOK ST 33,1992-11,2026-09
329,BT BATOK ST 33,1991-07,2025-04
330,BT BATOK ST 33,1991-01,2026-06
331,BT BATOK ST 33,1990-09,2026-09
337,BT BATOK ST 34,1990-12,2026-08
338,BT BATOK ST 34,1991-06,2026-09
339,BT BATOK ST 34,1990-11,2026-09
340,BT BATOK ST 34,1990-08,2026-09
341,BT BATOK ST 34,1990-06,2026-09
342,BT BATOK ST 34,1991-01,2026-07
343,BT BATOK ST 34,1991-05,2026-02
344,BT BATOK ST 34,1992-01,2026-07
345,BT BATOK ST 34,1991-01,2026-04
346,BT BATOK ST 34,1990-07,2026-08
347,BT BATOK ST 34,1991-10,2025-04
348,BT BATOK ST 34,1991-09,2026-09
349,BT BATOK ST 34,1991-07,2026-08
350,BT BATOK ST 34,1993-08,2026-08
351,BT BATOK ST 34,1991-09,2024-03
352,BT BATOK ST 34,1994-03,2020-05
353,BT BATOK ST 34,1991-11,2025-09
463A,BT BATOK ST 41,2025-04,2026-09
463B,BT BATOK ST 41,2025-04,2026-06
526,BT BATOK ST 51,1991-06,2026-08
527,BT BATOK ST 51,1992-01,2025-04
528,BT BATOK ST 51,1991-01,2026-09
530,BT BATOK ST 51,1992-03,2026-03
531,BT BATOK ST 51,1991-12,2026-07
532,BT BATOK ST 51,1991-09,2025-08
533,BT BATOK ST 51,1991-11,2026-08
534,BT BATOK ST 51,1991-08,2026-02
501,BT BATOK ST 52,1991-08,2026-07
503,BT BATOK ST 52,1991-07,2026-06
504,BT BATOK ST 52,1992-04,2026-09
505,BT BATOK ST 52,1991-09,2026-04
506,BT BATOK ST 52,1993-03,2026-08
507,BT BATOK ST 52,1993-05,2026-08
508,BT BATOK ST 52,1991-10,2025-07
509,BT BATOK ST 52,1991-07,2024-08
510,BT BATOK ST 52,1991-06,2026-09
511,BT BATOK ST 52,1991-09,2026-08
512,BT BATOK ST 52,1991-08,2026-03
513,BT BATOK ST 52,1992-11,2026-09
514,BT BATOK ST 52,1991-07,2026-08
523,BT BATOK ST 52,1990-07,2026-07
524,BT BATOK ST 52,1991-08,2026-08
525,BT BATOK ST 52,1991-07,2024-08
535,BT BATOK ST 52,1990-11,2025-08
536,BT BATOK ST 52,1991-03,2026-04
537,BT BATOK ST 52,1991-01,2026-06
539,BT BATOK ST 52,1992-02,2026-06
540,BT BATOK ST 52,1991-02,2026-08
541,BT BATOK ST 52,1992-01,2024-04
542,BT BATOK ST 52,1991-09,2026-05
419,BT BATOK WEST AVE 2,1991-11,2026-07
420,BT BATOK WEST AVE 2,1991-01,2026-04
421,BT BATOK WEST AVE 2,1991-04,2026-02
422,BT BATOK WEST AVE 2,1991-07,2026-05
423,BT BATOK WEST AVE 2,1993-06,2026-09
424,BT BATOK WEST AVE 2,1991-04,2026-07
425,BT BATOK WEST AVE 2,1994-08,2026-05
426,BT BATOK WEST AVE 2,1991-11,2026-08
407,BT BATOK WEST AVE 4,1991-01,2024-08
408,BT BATOK WEST AVE 4,1991-01,2026-07
409,BT BATOK WEST AVE 4,1991-12,2026-06
410,BT BATOK WEST AVE 4,1991-07,2025-05
411,BT BATOK WEST AVE 4,1991-01,2026-10
413,BT BATOK WEST AVE 4,1991-11,2023-05
414,BT BATOK WEST AVE 4,1991-04,2025-12
415,BT BATOK WEST AVE 4,1995-08,2025-11
416,BT BATOK WEST AVE 4,1992-01,2026-08
417,BT BATOK WEST AVE 4,1991-03,2026-03
383,BT BATOK WEST AVE 5,2006-07,2026-07
384,BT BATOK WEST AVE 5,2007-06,2026-08
385,BT BATOK WEST AVE 5,2007-08,2026-03
386,BT BATOK WEST AVE 5,2007-03,2026-08
387,BT BATOK WEST AVE 5,2008-01,2026-07
388,BT BATOK WEST AVE 5,2008-02,2026-08
389,BT BATOK WEST AVE 5,2010-05,2026-06
390,BT BATOK WEST AVE 5,2008-01,2026-06
391,BT BATOK WEST AVE 5,2006-11,2026-09
392,BT BATOK WEST AVE 5,2006-08,2026-07
393,BT BATOK WEST AVE 5,2006-06,2026-09
394,BT BATOK WEST AVE 5,2008-01,2026-07
395,BT BATOK WEST AVE 5,2007-12,2026-08
435B,BT BATOK WEST AVE 5,2023-11,2026-07
435C,BT BATOK WEST AVE 5,2023-10,2026-08
436A,BT BATOK WEST AVE 5,2023-11,2026-07
437A,BT BATOK WEST AVE 5,2024-01,2026-06
101,BT BATOK WEST AVE 6,1990-07,2026-06
102,BT BATOK WEST AVE 6,1990-04,2025-09
107,BT BATOK WEST AVE 6,1990-02,2026-05
108,BT BATOK WEST AVE 6,1990-02,2026-09
109,BT BATOK WEST AVE 6,2011-09,2026-09
110,BT BATOK WEST AVE 6,1990-04,2026-06
111,BT BATOK WEST AVE 6,1990-01,2026-08
112,BT BATOK WEST AVE 6,1990-03,2025-12
113,BT BATOK WEST AVE 6,1990-01,2026-09
114,BT BATOK WEST AVE 6,1990-08,2025-06
115,BT BATOK WEST AVE 6,1990-01,2026-08
116,BT BATOK WEST AVE 6,1990-01,2026-04
117,BT BATOK WEST AVE 6,1990-01,2026-03
118,BT BATOK WEST AVE 6,1990-10,2025-09
119,BT BATOK WEST AVE 6,1991-04,2025-12
127,BT BATOK WEST AVE 6,1990-01,2025-11
128,BT BATOK WEST AVE 6,1991-12,2025-10
129,BT BATOK WEST AVE 6,1990-01,2026-05
130,BT BATOK WEST AVE 6,1990-01,2026-04
131,BT BATOK WEST AVE 6,1990-07,2026-07
132,BT BATOK WEST AVE 6,1990-04,2022-01
133,BT BATOK WEST AVE 6,1991-06,2025-10
134,BT BATOK WEST AVE 6,1990-01,2026-06
135,BT BATOK WEST AVE 6,1990-01,2026-09
136,BT BATOK WEST AVE 6,1990-02,2026-03
137,BT BATOK WEST AVE 6,1991-11,2024-09
138,BT BATOK WEST AVE 6,1990-01,2026-02
139,BT BATOK WEST AVE 6,1990-02,2025-10
144,BT BATOK WEST AVE 6,1990-07,2023-08
146,BT BATOK WEST AVE 6,1990-01,2026-09
147,BT BATOK WEST AVE 6,1990-04,2023-10
148,BT BATOK WEST AVE 6,1990-07,2026-04
149,BT BATOK WEST AVE 6,1993-01,2022-08
185,BT BATOK WEST AVE 6,1994-07,2026-01
186,BT BATOK WEST AVE 6,1994-04,2025-09
187,BT BATOK WEST AVE 6,1993-11,2026-09
188,BT BATOK WEST AVE 6,2000-09,2026-07
189,BT BATOK WEST AVE 6,2000-09,2026-06
190,BT BATOK WEST AVE 6,2001-01,2026-06
191,BT BATOK WEST AVE 6,2000-11,2024-10
192,BT BATOK WEST AVE 6,2000-12,2026-04
193,BT BATOK WEST AVE 6,2000-11,2024-12
194A,BT BATOK WEST AVE 6,2021-06,2026-08
194B,BT BATOK WEST AVE 6,2021-06,2026-08
450A,BT BATOK WEST AVE 6,2022-11,2026-07
450B,BT BATOK WEST AVE 6,2023-03,2026-09
450C,BT BATOK WEST AVE 6,2023-04,2026-09
450D,BT BATOK WEST AVE 6,2023-04,2026-05
451A,BT BATOK WEST AVE 6,2023-05,2026-08
451B,BT BATOK WEST AVE 6,2023-03,2026-09
452A,BT BATOK WEST AVE 6,2023-04,2026-10
453A,BT BATOK WEST AVE 6,2023-04,2026-10
453B,BT BATOK WEST AVE 6,2023-04,2026-09
402,BT BATOK WEST AVE 7,1996-05,2024-10
403,BT BATOK WEST AVE 7,1997-10,2026-09
404,BT BATOK WEST AVE 7,1994-04,2026-02
405,BT BATOK WEST AVE 7,1997-09,2026-07
406,BT BATOK WEST AVE 7,1997-09,2026-10
165,BT BATOK WEST AVE 8,1990-01,2026-07
166,BT BATOK WEST AVE 8,1990-04,2025-03
167,BT BATOK WEST AVE 8,1990-02,2026-08
168,BT BATOK WEST AVE 8,1990-04,2026-06
169,BT BATOK WEST AVE 8,1990-01,2026-06
170,BT BATOK WEST AVE 8,1990-07,2026-08
171,BT BATOK WEST AVE 8,1990-04,2026-09
172,BT BATOK WEST AVE 8,1990-04,2026-09
173,BT BATOK WEST AVE 8,1990-08,2025-11
174,BT BATOK WEST AVE 8,1990-05,2025-07
175,BT BATOK WEST AVE 8,1990-02,2025-12
176,BT BATOK WEST AVE 8,1990-04,2026-07
177,BT BATOK WEST AVE 8,1990-01,2026-07
178,BT BATOK WEST AVE 8,1990-03,2026-06
179,BT BATOK WEST AVE 8,1990-03,2026-08
180,BT BATOK WEST AVE 8,1990-01,2026-07
181,BT BATOK WEST AVE 8,1990-04,2025-12
182,BT BATOK WEST AVE 8,1990-01,2026-06
183,BT BATOK WEST AVE 8,1990-02,2026-06
184,BT BATOK WEST AVE 8,1990-01,2025-04
438A,BT BATOK WEST AVE 8,2024-02,2026-08
438B,BT BATOK WEST AVE 8,2024-02,2026-09
438C,BT BATOK WEST AVE 8,2024-02,2026-08
439A,BT BATOK WEST AVE 8,2024-03,2026-06
439B,BT BATOK WEST AVE 8,2024-02,2026-09
439C,BT BATOK WEST AVE 8,2024-01,2026-09
440A,BT BATOK WEST AVE 8,2023-02,2026-08
440B,BT BATOK WEST AVE 8,2023-02,2026-07
440C,BT BATOK WEST AVE 8,2022-12,2026-07
440D,BT BATOK WEST AVE 8,2022-12,2026-08
441A,BT BATOK WEST AVE 8,2023-05,2026-08
441B,BT BATOK WEST AVE 8,2023-03,2026-09
441C,BT BATOK WEST AVE 8,2023-03,2026-10
442A,BT BATOK WEST AVE 8,2023-02,2026-09
442B,BT BATOK WEST AVE 8,2023-03,2026-04
442C,BT BATOK WEST AVE 8,2023-03,2026-09
443A,BT BATOK WEST AVE 8,2023-03,2026-09
443B,BT BATOK WEST AVE 8,2023-01,2026-08
443C,BT BATOK WEST AVE 8,2022-12,2026-07
443D,BT BATOK WEST AVE 8,2022-08,2026-09
445A,BT BATOK WEST AVE 8,2023-01,2026-09
445B,BT BATOK WEST AVE 8,2022-09,2026-10
446A,BT BATOK WEST AVE 8,2022-11,2026-08
461A,BT BATOK WEST AVE 8,2023-08,2026-10
461B,BT BATOK WEST AVE 8,2023-10,2026-08
461C,BT BATOK WEST AVE 8,2023-10,2026-09
461D,BT BATOK WEST AVE 8,2023-08,2026-08
464A,BT BATOK WEST AVE 8,2025-04,2026-10
464B,BT BATOK WEST AVE 8,2025-06,2026-09
448A,BT BATOK WEST AVE 9,2023-02,2026-05
448B,BT BATOK WEST AVE 9,2023-02,2026-06
448C,BT BATOK WEST AVE 9,2022-11,2026-09
449A,BT BATOK WEST AVE 9,2023-01,2026-07
449B,BT BATOK WEST AVE 9,2022-11,2026-06
460A,BT BATOK WEST AVE 9,2024-01,2026-07
460B,BT BATOK WEST AVE 9,2024-04,2026-09
460C,BT BATOK WEST AVE 9,2024-05,2026-07
460D,BT BATOK WEST AVE 9,2024-06,2026-09
467A,BT BATOK WEST AVE 9,2026-03,2026-09
467B,BT BATOK WEST AVE 9,2026-03,2026-09
467C,BT BATOK WEST AVE 9,2026-03,2026-09
468A,BT BATOK WEST AVE 9,2026-01,2026-10
468B,BT BATOK WEST AVE 9,2025-12,2026-09
115,BT MERAH CTRL,1991-01,2026-01
116,BT MERAH CTRL,1990-08,2026-07
117,BT MERAH CTRL,1990-07,2026-09
161,BT MERAH CTRL,1990-06,2025-05
164,BT MERAH CTRL,1997-04,2003-01
165,BT MERAH CTRL,2022-07,2022-07
122,BT MERAH LANE 1,1996-07,2022-02
124,BT MERAH LANE 1,1994-08,2023-09
127,BT MERAH LANE 1,1999-07,2014-05
110,BT MERAH VIEW,1990-03,2009-11
111,BT MERAH VIEW,1990-01,2010-01
113,BT MERAH VIEW,1990-09,2008-03
114,BT MERAH VIEW,1990-01,2008-06
116,BT MERAH VIEW,1993-02,2025-12
119,BT MERAH VIEW,1990-01,2026-09
120,BT MERAH VIEW,1990-01,2026-05
124A,BT MERAH VIEW,2000-06,2024-07
124B,BT MERAH VIEW,2000-08,2026-10
125,BT MERAH VIEW,2000-09,2026-07
126,BT MERAH VIEW,2001-02,2026-06
128,BT MERAH VIEW,1990-01,2026-09
129,BT MERAH VIEW,1990-03,2026-07
130,BT MERAH VIEW,1990-01,2026-09
234,BT PANJANG RING RD,1993-08,2025-12
235,BT PANJANG RING RD,1993-10,2026-07
236,BT PANJANG RING RD,1992-08,2026-06
237,BT PANJANG RING RD,1993-09,2026-08
238,BT PANJANG RING RD,1993-07,2024-09
239,BT PANJANG RING RD,1992-04,2026-08
240,BT PANJANG RING RD,1993-02,2026-08
241,BT PANJANG RING RD,1993-07,2026-02
242,BT PANJANG RING RD,1993-09,2024-07
243,BT PANJANG RING RD,1993-12,2025-11
244,BT PANJANG RING RD,1993-08,2025-06
245,BT PANJANG RING RD,1997-05,2024-04
259,BT PANJANG RING RD,1994-04,2026-07
427,BT PANJANG RING RD,1994-03,2026-09
428,BT PANJANG RING RD,1994-11,2023-05
429,BT PANJANG RING RD,1994-01,2025-07
430,BT PANJANG RING RD,1994-01,2026-09
431,BT PANJANG RING RD,1993-11,2026-07
432,BT PANJANG RING RD,1993-12,2026-08
433,BT PANJANG RING RD,1994-04,2021-01
434,BT PANJANG RING RD,1994-01,2026-07
435,BT PANJANG RING RD,1993-09,2026-08
447,BT PANJANG RING RD,2001-03,2026-04
448,BT PANJANG RING RD,2001-02,2026-07
449,BT PANJANG RING RD,2001-01,2026-04
450,BT PANJANG RING RD,2001-01,2026-05
533,BT PANJANG RING RD,2003-03,2026-01
535,BT PANJANG RING RD,2003-04,2026-08
537,BT PANJANG RING RD,2003-04,2026-01
539,BT PANJANG RING RD,2003-06,2026-08
541,BT PANJANG RING RD,2003-03,2026-05
545,BT PANJANG RING RD,2003-02,2026-09
609,BT PANJANG RING RD,2005-06,2026-01
611,BT PANJANG RING RD,2005-07,2026-09
613,BT PANJANG RING RD,2005-05,2026-09
615,BT PANJANG RING RD,2004-12,2026-05
617,BT PANJANG RING RD,2006-12,2026-04
619,BT PANJANG RING RD,2005-07,2026-04
620,BT PANJANG RING RD,2005-06,2026-06
101,BT PURMEI RD,1990-02,2026-05
102,BT PURMEI RD,1990-01,2026-08
103,BT PURMEI RD,1990-12,2025-06
104,BT PURMEI RD,1990-01,2026-10
105,BT PURMEI RD,1990-03,2026-04
106,BT PURMEI RD,1990-01,2026-07
107,BT PURMEI RD,1990-11,2026-02
108,BT PURMEI RD,1990-07,2026-05
109,BT PURMEI RD,1990-11,2026-05
110,BT PURMEI RD,1990-01,2026-08
111,BT PURMEI RD,1990-05,2025-12
112,BT PURMEI RD,1990-02,2026-03
113,BT PURMEI RD,1990-01,2026-09
114,BT PURMEI RD,1990-01,2026-09
115,BT PURMEI RD,1990-01,2026-08
978C,BUANGKOK CRES,2007-01,2025-07
978D,BUANGKOK CRES,2007-01,2025-07
979A,BUANGKOK CRES,2006-11,2026-01
979B,BUANGKOK CRES,2006-03,2026-07
979C,BUANGKOK CRES,2007-07,2026-07
980A,BUANGKOK CRES,2006-09,2026-07
980B,BUANGKOK CRES,2006-03,2026-06
980C,BUANGKOK CRES,2006-06,2026-10
980D,BUANGKOK CRES,2006-11,2025-10
981A,BUANGKOK CRES,2007-02,2026-05
981B,BUANGKOK CRES,2007-04,2026-05
981C,BUANGKOK CRES,2006-12,2026-02
981D,BUANGKOK CRES,2008-01,2026-08
985A,BUANGKOK CRES,2007-12,2026-09
985B,BUANGKOK CRES,2007-11,2026-07
986A,BUANGKOK CRES,2016-04,2026-05
986B,BUANGKOK CRES,2016-03,2026-07
995A,BUANGKOK CRES,2023-10,2026-09
995B,BUANGKOK CRES,2023-11,2026-09
995C,BUANGKOK CRES,2023-11,2026-08
996A,BUANGKOK CRES,2023-09,2026-08
996B,BUANGKOK CRES,2023-09,2026-09
996C,BUANGKOK CRES,2023-10,2026-08
997A,BUANGKOK CRES,2023-01,2026-09
997B,BUANGKOK CRES,2023-01,2026-09
997C,BUANGKOK CRES,2023-01,2026-09
998A,BUANGKOK CRES,2023-09,2026-09
998B,BUANGKOK CRES,2023-08,2026-09
999B,BUANGKOK CRES,2023-11,2026-05
987A,BUANGKOK GREEN,2018-03,2026-10
987B,BUANGKOK GREEN,2018-05,2026-06
987C,BUANGKOK GREEN,2018-06,2026-09
988A,BUANGKOK GREEN,2018-06,2026-05
988B,BUANGKOK GREEN,2018-07,2026-07
988C,BUANGKOK GREEN,2018-06,2026-08
984A,BUANGKOK LINK,2007-05,2026-08
984B,BUANGKOK LINK,2007-12,2026-04
984C,BUANGKOK LINK,2007-12,2025-12
984D,BUANGKOK LINK,2007-11,2026-08
991A,BUANGKOK LINK,2023-08,2026-09
991B,BUANGKOK LINK,2023-09,2026-09
992A,BUANGKOK LINK,2023-08,2026-08
992B,BUANGKOK LINK,2023-07,2026-08
993A,BUANGKOK LINK,2025-02,2026-10
993B,BUANGKOK LINK,2025-03,2026-09
994A,BUANGKOK LINK,2025-03,2026-08
994B,BUANGKOK LINK,2025-02,2026-08
994C,BUANGKOK LINK,2025-04,2026-07
5,BUANGKOK STH FARMWAY 1,1990-04,1999-11
661,BUFFALO RD,1990-03,2026-08
662,BUFFALO RD,1990-01,2026-08
663,BUFFALO RD,1990-01,2026-07
664,BUFFALO RD,1990-01,2022-09
27A,C'WEALTH AVE,1990-03,2006-02
39A,C'WEALTH AVE,1990-05,2006-02
7,C'WEALTH AVE,2000-02,2026-08
7A,C'WEALTH AVE,2000-02,2026-04
410,C'WEALTH AVE WEST,1990-04,2026-03
411,C'WEALTH AVE WEST,1990-01,2026-07
412,C'WEALTH AVE WEST,1990-01,2025-11
413,C'WEALTH AVE WEST,1990-01,2025-11
414,C'WEALTH AVE WEST,1990-01,2026-07
415,C'WEALTH AVE WEST,1990-01,2023-08
81,C'WEALTH CL,1990-02,2026-09
82,C'WEALTH CL,1990-01,2026-07
83,C'WEALTH CL,1990-01,2026-08
84,C'WEALTH CL,1990-02,2026-07
85,C'WEALTH CL,1990-07,2026-04
86,C'WEALTH CL,1990-01,2024-10
87,C'WEALTH CL,1990-07,2026-08
88,C'WEALTH CL,1990-01,2026-08
100,C'WEALTH CRES,1990-03,2026-07
101,C'WEALTH CRES,1990-01,2025-12
102,C'WEALTH CRES,1990-01,2026-04
108,C'WEALTH CRES,1990-02,2025-01
109,C'WEALTH CRES,1990-04,2026-04
110,C'WEALTH CRES,1990-08,2026-06
111,C'WEALTH CRES,1990-01,2026-03
112,C'WEALTH CRES,1990-06,2024-10
113,C'WEALTH CRES,1990-01,2026-03
96,C'WEALTH CRES,1990-03,2026-07
97,C'WEALTH CRES,1990-02,2026-06
98,C'WEALTH CRES,1990-01,2026-09
99,C'WEALTH CRES,1990-01,2025-05
50,C'WEALTH DR,2017-06,2026-08
51,C'WEALTH DR,2017-06,2026-06
52,C'WEALTH DR,2017-07,2026-09
53,C'WEALTH DR,2017-06,2026-10
55,C'WEALTH DR,1990-01,2014-05
56,C'WEALTH DR,1990-04,2014-07
57,C'WEALTH DR,1993-11,2002-11
58,C'WEALTH DR,1990-01,2013-11
59,C'WEALTH DR,1990-01,2014-04
60,C'WEALTH DR,1990-01,2014-06
61,C'WEALTH DR,1990-08,2001-11
62,C'WEALTH DR,1990-04,2013-08
63,C'WEALTH DR,1990-01,2012-11
64,C'WEALTH DR,1990-07,2013-04
65,C'WEALTH DR,1990-01,2014-05
66,C'WEALTH DR,1990-01,2014-04
67,C'WEALTH DR,1990-05,2002-03
68,C'WEALTH DR,1990-04,2000-06
69,C'WEALTH DR,1993-09,1999-05
70,C'WEALTH DR,1991-10,1999-07
71,C'WEALTH DR,1990-01,1999-04
72,C'WEALTH DR,1993-06,2002-04
73,C'WEALTH DR,1993-04,2002-09
74,C'WEALTH DR,1990-01,2008-03
75,C'WEALTH DR,1990-07,2008-07
76,C'WEALTH DR,1990-02,2008-08
77,C'WEALTH DR,1990-01,2008-08
78,C'WEALTH DR,1990-01,2008-12
79,C'WEALTH DR,1990-01,2008-02
80,C'WEALTH DR,1990-03,2008-07
89,C'WEALTH DR,1990-01,2026-09
90,C'WEALTH DR,1990-02,2026-05
91,C'WEALTH DR,1990-04,2026-08
92,C'WEALTH DR,1990-07,2026-08
93,C'WEALTH DR,1990-01,2026-05
94,C'WEALTH DR,1990-07,2024-05
95,C'WEALTH DR,1990-07,2026-08
37,CAMBRIDGE RD,2002-09,2026-09
38,CAMBRIDGE RD,2002-08,2026-09
39,CAMBRIDGE RD,2002-07,2026-02
40,CAMBRIDGE RD,2002-06,2026-08
41,CAMBRIDGE RD,1990-02,2026-05
42,CAMBRIDGE RD,1990-04,2026-08
43,CAMBRIDGE RD,1990-12,2026-08
116A,CANBERRA CRES,2024-02,2026-08
117A,CANBERRA CRES,2024-05,2026-08
117B,CANBERRA CRES,2024-07,2026-07
118A,CANBERRA CRES,2024-07,2026-04
118B,CANBERRA CRES,2024-06,2026-09
119A,CANBERRA CRES,2021-08,2026-10
119B,CANBERRA CRES,2021-09,2026-08
120A,CANBERRA CRES,2021-12,2026-09
120B,CANBERRA CRES,2022-09,2026-08
120C,CANBERRA CRES,2022-03,2026-09
120D,CANBERRA CRES,2022-03,2026-04
130A,CANBERRA CRES,2022-04,2026-08
130B,CANBERRA CRES,2022-04,2026-09
131A,CANBERRA CRES,2024-10,2026-10
131B,CANBERRA CRES,2024-09,2026-09
131C,CANBERRA CRES,2024-09,2026-09
132A,CANBERRA CRES,2024-10,2026-07
503A,CANBERRA LINK,2008-05,2026-09
503B,CANBERRA LINK,2004-12,2026-02
503C,CANBERRA LINK,2005-01,2025-08
504C,CANBERRA LINK,2004-10,2026-10
300,CANBERRA RD,2002-10,2026-04
302,CANBERRA RD,2002-09,2025-01
303,CANBERRA RD,2002-11,2026-08
304,CANBERRA RD,2002-10,2026-05
305,CANBERRA RD,2002-09,2026-03
306,CANBERRA RD,2003-03,2026-08
307,CANBERRA RD,2002-08,2025-03
308,CANBERRA RD,2002-09,2026-06
309,CANBERRA RD,2002-10,2024-11
310,CANBERRA RD,2002-08,2026-04
311,CANBERRA RD,2002-12,2026-09
350A,CANBERRA RD,2005-03,2026-08
350B,CANBERRA RD,2004-11,2026-06
350C,CANBERRA RD,2005-05,2026-03
351A,CANBERRA RD,2005-05,2025-09
351B,CANBERRA RD,2005-04,2025-01
351C,CANBERRA RD,2005-02,2026-08
351D,CANBERRA RD,2005-10,2025-08
352A,CANBERRA RD,2005-04,2025-08
352B,CANBERRA RD,2005-10,2025-09
352C,CANBERRA RD,2004-12,2026-01
416,CANBERRA RD,2005-08,2026-04
417,CANBERRA RD,2004-07,2025-01
418,CANBERRA RD,2004-03,2026-07
419,CANBERRA RD,2004-06,2026-07
420,CANBERRA RD,2004-07,2026-04
421,CANBERRA RD,2004-11,2026-08
422,CANBERRA RD,2004-11,2025-07
423,CANBERRA RD,2006-05,2026-05
424,CANBERRA RD,2004-11,2026-09
425,CANBERRA RD,2004-12,2026-06
101A,CANBERRA ST,2024-10,2026-07
101B,CANBERRA ST,2024-11,2026-09
102A,CANBERRA ST,2024-12,2026-09
102B,CANBERRA ST,2025-01,2026-06
103A,CANBERRA ST,2025-01,2026-09
103B,CANBERRA ST,2025-01,2026-09
104A,CANBERRA ST,2022-09,2026-08
104B,CANBERRA ST,2022-08,2026-09
104C,CANBERRA ST,2022-10,2026-08
104D,CANBERRA ST,2022-06,2026-07
107A,CANBERRA ST,2022-07,2026-08
107B,CANBERRA ST,2022-05,2026-08
107C,CANBERRA ST,2022-10,2026-07
121A,CANBERRA ST,2022-02,2026-08
121B,CANBERRA ST,2021-11,2025-08
121C,CANBERRA ST,2022-01,2026-09
121D,CANBERRA ST,2021-11,2026-08
126A,CANBERRA ST,2025-02,2026-09
126B,CANBERRA ST,2025-03,2026-09
126C,CANBERRA ST,2024-12,2026-10
126D,CANBERRA ST,2025-01,2026-09
128A,CANBERRA ST,2022-04,2026-06
128B,CANBERRA ST,2022-09,2026-08
128C,CANBERRA ST,2022-09,2026-08
129A,CANBERRA ST,2022-04,2026-10
129B,CANBERRA ST,2022-07,2026-06
129C,CANBERRA ST,2022-05,2026-08
132B,CANBERRA VIEW,2024-09,2026-07
132C,CANBERRA VIEW,2024-11,2026-09
108A,CANBERRA WALK,2022-09,2026-07
108B,CANBERRA WALK,2022-08,2026-02
108C,CANBERRA WALK,2022-09,2026-10
109D,CANBERRA WALK,2026-09,2026-10
115A,CANBERRA WALK,2022-09,2026-09
115B,CANBERRA WALK,2022-06,2026-09
115C,CANBERRA WALK,2022-10,2026-08
115D,CANBERRA WALK,2022-10,2026-06
11,CANTONMENT CL,2006-01,2026-08
12,CANTONMENT CL,2006-08,2026-06
13,CANTONMENT CL,2006-03,2026-08
16,CANTONMENT CL,2005-11,2025-11
17,CANTONMENT CL,2005-09,2026-06
18,CANTONMENT CL,2006-02,2026-07
19,CANTONMENT CL,2005-11,2026-05
8,CANTONMENT CL,2006-03,2026-09
9,CANTONMENT CL,2005-06,2026-07
1A,CANTONMENT RD,2015-01,2026-09
1B,CANTONMENT RD,2015-01,2026-09
1C,CANTONMENT RD,2015-01,2026-09
1D,CANTONMENT RD,2015-02,2026-06
1E,CANTONMENT RD,2015-01,2026-08
1F,CANTONMENT RD,2014-12,2026-09
1G,CANTONMENT RD,2015-02,2026-09
130,CASHEW RD,1993-07,2026-01
131,CASHEW RD,1992-12,2026-07
132,CASHEW RD,1992-10,2026-05
133,CASHEW RD,1994-04,2026-08
133A,CASHEW RD,1993-07,2026-07
135,CASHEW RD,1993-08,2026-07
28,CASSIA CRES,2002-04,2026-04
30,CASSIA CRES,2002-03,2026-08
32,CASSIA CRES,1990-04,2026-08
34,CASSIA CRES,1990-04,2026-09
36,CASSIA CRES,1991-10,2026-07
42,CASSIA CRES,1991-01,2026-04
52,CASSIA CRES,2021-09,2026-08
54,CASSIA CRES,1990-09,2026-07
56,CASSIA CRES,2000-12,2026-06
29,CHAI CHEE AVE,2000-09,2021-09
29A,CHAI CHEE AVE,2000-11,2026-08
32,CHAI CHEE AVE,1990-02,2026-09
33,CHAI CHEE AVE,1990-03,2026-08
34,CHAI CHEE AVE,1990-03,2025-12
35,CHAI CHEE AVE,1990-05,2026-09
36,CHAI CHEE AVE,1990-02,2026-09
37,CHAI CHEE AVE,1990-03,2026-07
40,CHAI CHEE AVE,1990-02,2026-06
55,CHAI CHEE DR,1990-01,2026-09
56,CHAI CHEE DR,1990-01,2026-01
57,CHAI CHEE DR,1993-01,2026-08
58,CHAI CHEE DR,1990-01,2026-06
1,CHAI CHEE RD,1990-01,2026-09
10,CHAI CHEE RD,2004-10,2026-05
11,CHAI CHEE RD,2004-06,2026-03
19,CHAI CHEE RD,1990-02,2026-09
2,CHAI CHEE RD,1991-01,2026-03
20,CHAI CHEE RD,1990-01,2026-09
21,CHAI CHEE RD,1990-01,2026-06
25,CHAI CHEE RD,1994-07,2026-03
26,CHAI CHEE RD,1996-10,2026-05
27,CHAI CHEE RD,1996-10,2024-06
59,CHAI CHEE RD,1990-01,2026-10
60,CHAI CHEE RD,1991-09,2023-01
61,CHAI CHEE RD,1990-01,2026-08
62,CHAI CHEE RD,1990-03,2025-06
63,CHAI CHEE RD,1990-07,2026-07
803,CHAI CHEE RD,1995-01,2024-11
804,CHAI CHEE RD,1997-05,2026-06
805,CHAI CHEE RD,1994-05,2026-01
807A,CHAI CHEE RD,2020-05,2026-08
807B,CHAI CHEE RD,2020-03,2026-02
807C,CHAI CHEE RD,2020-07,2026-09
808A,CHAI CHEE RD,2020-07,2026-08
808B,CHAI CHEE RD,2020-10,2026-09
808C,CHAI CHEE RD,2020-08,2026-10
41,CHAI CHEE ST,2011-10,2026-05
42,CHAI CHEE ST,1990-02,2026-02
43,CHAI CHEE ST,1990-01,2026-07
44,CHAI CHEE ST,1990-01,2026-09
45,CHAI CHEE ST,1990-03,2026-09
50,CHAI CHEE ST,1990-01,2026-07
51,CHAI CHEE ST,1990-02,2025-02
52,CHAI CHEE ST,1990-05,2026-05
53,CHAI CHEE ST,1990-03,2026-07
54,CHAI CHEE ST,1990-01,2026-02
668,CHANDER RD,1990-04,2025-06
1,CHANGI VILLAGE RD,2002-03,2026-03
4,CHANGI VILLAGE RD,2001-10,2026-01
5,CHANGI VILLAGE RD,2001-11,2026-08
53,CHIN SWEE RD,1990-05,2025-08
130,CHOA CHU KANG AVE 1,1996-11,2026-04
131,CHOA CHU KANG AVE 1,1994-08,2025-09
132,CHOA CHU KANG AVE 1,1997-03,2025-02
201,CHOA CHU KANG AVE 1,1995-04,2024-02
202,CHOA CHU KANG AVE 1,1994-08,2026-04
203,CHOA CHU KANG AVE 1,1994-07,2026-03
204,CHOA CHU KANG AVE 1,1994-07,2025-07
807A,CHOA CHU KANG AVE 1,2020-07,2026-08
807B,CHOA CHU KANG AVE 1,2020-11,2026-09
807C,CHOA CHU KANG AVE 1,2020-12,2026-09
808A,CHOA CHU KANG AVE 1,2021-01,2026-08
808B,CHOA CHU KANG AVE 1,2021-02,2026-09
808C,CHOA CHU KANG AVE 1,2021-02,2026-05
808D,CHOA CHU KANG AVE 1,2020-11,2026-08
809A,CHOA CHU KANG AVE 1,2020-11,2026-06
809B,CHOA CHU KANG AVE 1,2020-11,2026-09
818A,CHOA CHU KANG AVE 1,2021-08,2026-08
818B,CHOA CHU KANG AVE 1,2021-07,2026-08
818C,CHOA CHU KANG AVE 1,2021-08,2026-08
248,CHOA CHU KANG AVE 2,1994-08,2026-07
249,CHOA CHU KANG AVE 2,1994-04,2026-09
250,CHOA CHU KANG AVE 2,1997-08,2025-12
251,CHOA CHU KANG AVE 2,1995-12,2026-09
252,CHOA CHU KANG AVE 2,1998-09,2026-08
254,CHOA CHU KANG AVE 2,1998-07,2025-08
271,CHOA CHU KANG AVE 2,1997-11,2026-08
272,CHOA CHU KANG AVE 2,1998-03,2025-05
273,CHOA CHU KANG AVE 2,1998-01,2026-06
274,CHOA CHU KANG AVE 2,1994-05,2026-07
275,CHOA CHU KANG AVE 2,1993-09,2025-09
276,CHOA CHU KANG AVE 2,1997-05,2026-06
277,CHOA CHU KANG AVE 2,1994-01,2026-03
287,CHOA CHU KANG AVE 2,1994-12,2026-03
294,CHOA CHU KANG AVE 2,1994-07,2026-08
295,CHOA CHU KANG AVE 2,1995-03,2026-07
296,CHOA CHU KANG AVE 2,2003-04,2026-09
296A,CHOA CHU KANG AVE 2,2003-04,2026-04
296B,CHOA CHU KANG AVE 2,2003-05,2025-09
296C,CHOA CHU KANG AVE 2,2004-02,2024-06
296D,CHOA CHU KANG AVE 2,2003-07,2026-01
296E,CHOA CHU KANG AVE 2,2003-04,2026-07
297,CHOA CHU KANG AVE 2,2003-07,2025-08
297A,CHOA CHU KANG AVE 2,2003-11,2025-05
297B,CHOA CHU KANG AVE 2,2003-08,2025-08
297C,CHOA CHU KANG AVE 2,2003-07,2026-04
297D,CHOA CHU KANG AVE 2,2003-07,2026-05
278,CHOA CHU KANG AVE 3,1996-10,2026-02
279,CHOA CHU KANG AVE 3,1996-06,2023-10
280,CHOA CHU KANG AVE 3,1996-02,2026-04
281,CHOA CHU KANG AVE 3,1996-03,2026-07
282,CHOA CHU KANG AVE 3,1994-10,2026-06
283,CHOA CHU KANG AVE 3,1996-01,2026-03
284,CHOA CHU KANG AVE 3,1993-09,2026-09
285,CHOA CHU KANG AVE 3,1994-07,2025-11
286,CHOA CHU KANG AVE 3,1996-05,2026-09
288,CHOA CHU KANG AVE 3,1995-05,2025-06
289,CHOA CHU KANG AVE 3,1996-04,2026-09
290,CHOA CHU KANG AVE 3,1996-04,2026-08
291,CHOA CHU KANG AVE 3,1996-04,2026-01
292,CHOA CHU KANG AVE 3,1996-10,2025-07
293,CHOA CHU KANG AVE 3,1994-12,2026-07
401,CHOA CHU KANG AVE 3,1996-05,2024-02
402,CHOA CHU KANG AVE 3,1996-04,2026-08
403,CHOA CHU KANG AVE 3,1996-06,2026-05
404,CHOA CHU KANG AVE 3,1996-06,2025-10
405,CHOA CHU KANG AVE 3,1993-04,2025-01
406,CHOA CHU KANG AVE 3,1995-03,2026-08
407,CHOA CHU KANG AVE 3,1996-04,2024-04
408,CHOA CHU KANG AVE 3,1996-04,2025-08
409,CHOA CHU KANG AVE 3,1996-02,2025-05
410,CHOA CHU KANG AVE 3,1994-12,2026-04
411,CHOA CHU KANG AVE 3,1996-03,2026-07
412,CHOA CHU KANG AVE 3,1996-02,2026-05
413,CHOA CHU KANG AVE 3,1996-03,2026-07
469,CHOA CHU KANG AVE 3,2002-11,2026-01
470,CHOA CHU KANG AVE 3,2002-11,2026-02
471,CHOA CHU KANG AVE 3,2002-09,2026-08
472,CHOA CHU KANG AVE 3,2002-12,2026-04
473,CHOA CHU KANG AVE 3,2002-10,2026-03
474,CHOA CHU KANG AVE 3,2002-08,2026-01
305,CHOA CHU KANG AVE 4,1997-04,2025-12
306,CHOA CHU KANG AVE 4,1997-05,2026-04
307,CHOA CHU KANG AVE 4,1994-12,2026-01
308,CHOA CHU KANG AVE 4,1997-07,2022-12
414,CHOA CHU KANG AVE 4,1994-04,2026-08
415,CHOA CHU KANG AVE 4,1996-10,2022-03
416,CHOA CHU KANG AVE 4,1994-12,2026-07
417,CHOA CHU KANG AVE 4,1996-12,2025-07
418,CHOA CHU KANG AVE 4,1994-01,2026-09
419,CHOA CHU KANG AVE 4,1997-04,2026-07
420,CHOA CHU KANG AVE 4,1997-04,2026-06
421,CHOA CHU KANG AVE 4,1996-06,2026-08
422,CHOA CHU KANG AVE 4,1996-04,2026-07
423,CHOA CHU KANG AVE 4,1995-10,2026-07
424,CHOA CHU KANG AVE 4,1994-10,2024-04
425,CHOA CHU KANG AVE 4,1996-02,2026-07
426,CHOA CHU KANG AVE 4,1996-05,2026-05
427,CHOA CHU KANG AVE 4,1996-05,2026-08
428,CHOA CHU KANG AVE 4,1996-09,2025-11
429,CHOA CHU KANG AVE 4,1997-05,2026-06
430,CHOA CHU KANG AVE 4,1997-02,2026-03
431,CHOA CHU KANG AVE 4,1997-03,2025-06
432,CHOA CHU KANG AVE 4,1995-11,2026-01
433,CHOA CHU KANG AVE 4,1997-03,2026-08
434,CHOA CHU KANG AVE 4,1994-04,2026-01
435,CHOA CHU KANG AVE 4,1995-04,2026-09
436,CHOA CHU KANG AVE 4,1997-04,2024-11
437,CHOA CHU KANG AVE 4,1997-05,2026-09
438,CHOA CHU KANG AVE 4,1997-03,2025-03
439,CHOA CHU KANG AVE 4,1995-11,2026-04
440,CHOA CHU KANG AVE 4,1996-04,2026-03
441,CHOA CHU KANG AVE 4,1997-03,2026-04
442,CHOA CHU KANG AVE 4,2001-11,2026-03
443,CHOA CHU KANG AVE 4,2001-12,2026-10
444,CHOA CHU KANG AVE 4,2002-01,2026-02
445,CHOA CHU KANG AVE 4,2002-03,2025-08
446,CHOA CHU KANG AVE 4,2001-11,2026-09
447,CHOA CHU KANG AVE 4,2002-03,2026-09
448,CHOA CHU KANG AVE 4,2002-01,2026-03
449,CHOA CHU KANG AVE 4,2003-07,2026-03
450,CHOA CHU KANG AVE 4,2003-10,2025-08
451,CHOA CHU KANG AVE 4,2003-10,2024-11
452,CHOA CHU KANG AVE 4,2003-10,2026-08
453,CHOA CHU KANG AVE 4,2003-12,2026-08
454,CHOA CHU KANG AVE 4,2004-01,2025-01
455,CHOA CHU KANG AVE 4,2003-11,2025-09
456,CHOA CHU KANG AVE 4,2003-12,2026-02
457,CHOA CHU KANG AVE 4,2005-02,2026-07
458,CHOA CHU KANG AVE 4,2004-01,2026-09
459,CHOA CHU KANG AVE 4,2003-12,2025-04
460,CHOA CHU KANG AVE 4,2004-01,2026-03
461,CHOA CHU KANG AVE 4,2004-01,2026-07
462,CHOA CHU KANG AVE 4,2003-12,2026-05
463,CHOA CHU KANG AVE 4,2003-11,2025-02
464,CHOA CHU KANG AVE 4,2003-12,2026-01
465,CHOA CHU KANG AVE 4,2003-10,2026-08
476A,CHOA CHU KANG AVE 5,2017-04,2026-05
476B,CHOA CHU KANG AVE 5,2017-02,2026-07
476C,CHOA CHU KANG AVE 5,2016-12,2026-09
476D,CHOA CHU KANG AVE 5,2017-04,2025-07
483,CHOA CHU KANG AVE 5,2003-02,2026-06
484,CHOA CHU KANG AVE 5,2003-03,2026-08
484A,CHOA CHU KANG AVE 5,2002-02,2026-08
484B,CHOA CHU KANG AVE 5,2003-01,2026-06
484C,CHOA CHU KANG AVE 5,2002-12,2026-07
484D,CHOA CHU KANG AVE 5,2003-01,2026-08
485,CHOA CHU KANG AVE 5,2003-03,2024-11
485A,CHOA CHU KANG AVE 5,2003-04,2026-06
485B,CHOA CHU KANG AVE 5,2003-03,2026-02
485C,CHOA CHU KANG AVE 5,2003-04,2025-12
485D,CHOA CHU KANG AVE 5,2003-04,2026-07
486,CHOA CHU KANG AVE 5,2003-04,2026-08
487A,CHOA CHU KANG AVE 5,2020-06,2026-07
487B,CHOA CHU KANG AVE 5,2020-02,2026-09
487C,CHOA CHU KANG AVE 5,2020-03,2026-07
488A,CHOA CHU KANG AVE 5,2019-12,2026-08
488B,CHOA CHU KANG AVE 5,2020-05,2025-11
488C,CHOA CHU KANG AVE 5,2020-05,2026-06
488D,CHOA CHU KANG AVE 5,2020-07,2026-09
489A,CHOA CHU KANG AVE 5,2020-03,2026-05
489B,CHOA CHU KANG AVE 5,2020-06,2026-09
489C,CHOA CHU KANG AVE 5,2020-03,2025-09
489D,CHOA CHU KANG AVE 5,2020-04,2026-06
490A,CHOA CHU KANG AVE 5,2020-06,2026-07
490B,CHOA CHU KANG AVE 5,2020-04,2026-09
490C,CHOA CHU KANG AVE 5,2020-06,2026-07
490D,CHOA CHU KANG AVE 5,2020-04,2026-08
810A,CHOA CHU KANG AVE 7,2021-04,2026-09
810B,CHOA CHU KANG AVE 7,2021-06,2026-04
811A,CHOA CHU KANG AVE 7,2021-03,2026-07
811B,CHOA CHU KANG AVE 7,2021-08,2026-04
812A,CHOA CHU KANG AVE 7,2021-08,2026-08
812B,CHOA CHU KANG AVE 7,2021-07,2026-08
812C,CHOA CHU KANG AVE 7,2021-06,2026-09
815A,CHOA CHU KANG AVE 7,2020-10,2026-07
815B,CHOA CHU KANG AVE 7,2021-02,2026-09
815C,CHOA CHU KANG AVE 7,2021-01,2026-06
656,CHOA CHU KANG CRES,2003-08,2025-07
657,CHOA CHU KANG CRES,2003-09,2026-01
658,CHOA CHU KANG CRES,2003-07,2026-08
659,CHOA CHU KANG CRES,2003-11,2026-09
660,CHOA CHU KANG CRES,2003-10,2026-08
661,CHOA CHU KANG CRES,2003-09,2026-09
662,CHOA CHU KANG CRES,2004-02,2025-01
663,CHOA CHU KANG CRES,2003-11,2025-05
664,CHOA CHU KANG CRES,2004-02,2026-09
665,CHOA CHU KANG CRES,2004-03,2025-06
666,CHOA CHU KANG CRES,2004-09,2026-06
667,CHOA CHU KANG CRES,2002-08,2025-12
668,CHOA CHU KANG CRES,2004-05,2026-09
669,CHOA CHU KANG CRES,2002-11,2026-07
670,CHOA CHU KANG CRES,2003-03,2026-07
670A,CHOA CHU KANG CRES,2003-04,2026-09
671,CHOA CHU KANG CRES,2002-07,2026-07
671A,CHOA CHU KANG CRES,2003-02,2026-05
672,CHOA CHU KANG CRES,2003-05,2025-12
672A,CHOA CHU KANG CRES,2003-07,2026-08
672B,CHOA CHU KANG CRES,2004-03,2025-04
673,CHOA CHU KANG CRES,2002-07,2026-05
673A,CHOA CHU KANG CRES,2003-04,2026-06
674,CHOA CHU KANG CRES,2003-01,2025-06
674A,CHOA CHU KANG CRES,2004-08,2026-09
675,CHOA CHU KANG CRES,2002-12,2026-01
676,CHOA CHU KANG CRES,2003-02,2026-08
676A,CHOA CHU KANG CRES,2003-02,2025-04
677,CHOA CHU KANG CRES,2003-06,2026-07
678,CHOA CHU KANG CRES,2003-07,2026-09
679,CHOA CHU KANG CRES,2003-06,2026-08
680,CHOA CHU KANG CRES,2003-10,2026-07
681,CHOA CHU KANG CRES,2003-06,2026-08
682,CHOA CHU KANG CRES,2003-06,2026-06
683A,CHOA CHU KANG CRES,2006-05,2026-09
683B,CHOA CHU KANG CRES,2006-02,2026-04
683C,CHOA CHU KANG CRES,2006-04,2026-01
684A,CHOA CHU KANG CRES,2006-01,2025-10
684B,CHOA CHU KANG CRES,2006-03,2026-05
684C,CHOA CHU KANG CRES,2006-08,2026-06
684D,CHOA CHU KANG CRES,2005-09,2026-09
685A,CHOA CHU KANG CRES,2006-02,2026-05
685B,CHOA CHU KANG CRES,2005-12,2026-07
685C,CHOA CHU KANG CRES,2006-05,2025-11
686A,CHOA CHU KANG CRES,2006-01,2026-10
686B,CHOA CHU KANG CRES,2006-06,2026-07
686C,CHOA CHU KANG CRES,2005-06,2026-09
686D,CHOA CHU KANG CRES,2006-06,2026-09
688C,CHOA CHU KANG CRES,2005-12,2026-08
690A,CHOA CHU KANG CRES,2006-07,2026-07
690B,CHOA CHU KANG CRES,2007-01,2026-09
690C,CHOA CHU KANG CRES,2006-04,2026-06
690D,CHOA CHU KANG CRES,2006-09,2026-07
691A,CHOA CHU KANG CRES,2007-03,2026-07
691B,CHOA CHU KANG CRES,2006-12,2026-08
692A,CHOA CHU KANG CRES,2006-12,2026-09
692B,CHOA CHU KANG CRES,2006-02,2026-09
205,CHOA CHU KANG CTRL,1993-03,2026-07
206,CHOA CHU KANG CTRL,1992-07,2025-07
207,CHOA CHU KANG CTRL,1994-09,2026-07
208,CHOA CHU KANG CTRL,1994-06,2025-09
209,CHOA CHU KANG CTRL,1995-05,2024-04
210,CHOA CHU KANG CTRL,1994-07,2025-07
211,CHOA CHU KANG CTRL,1995-01,2026-06
212,CHOA CHU KANG CTRL,1994-04,2026-07
213,CHOA CHU KANG CTRL,1994-03,2026-07
214,CHOA CHU KANG CTRL,1995-01,2026-01
215,CHOA CHU KANG CTRL,1994-02,2026-09
216,CHOA CHU KANG CTRL,1995-06,2024-09
217,CHOA CHU KANG CTRL,1995-02,2026-08
218,CHOA CHU KANG CTRL,1994-11,2025-08
219,CHOA CHU KANG CTRL,1995-03,2026-01
220,CHOA CHU KANG CTRL,1995-03,2026-08
221,CHOA CHU KANG CTRL,1996-08,2023-05
223,CHOA CHU KANG CTRL,1994-12,2026-09
224,CHOA CHU KANG CTRL,1994-02,2025-12
225,CHOA CHU KANG CTRL,1996-12,2026-09
226,CHOA CHU KANG CTRL,1996-01,2026-08
227,CHOA CHU KANG CTRL,1994-09,2026-08
228,CHOA CHU KANG CTRL,1994-03,2026-09
229,CHOA CHU KANG CTRL,1994-05,2025-02
230,CHOA CHU KANG CTRL,1995-05,2026-09
231,CHOA CHU KANG CTRL,1995-08,2024-08
232,CHOA CHU KANG CTRL,1995-06,2025-06
233,CHOA CHU KANG CTRL,1995-03,2025-10
234,CHOA CHU KANG CTRL,1993-12,2026-08
235,CHOA CHU KANG CTRL,1995-07,2024-09
236,CHOA CHU KANG CTRL,1993-03,2026-09
237,CHOA CHU KANG CTRL,1995-05,2026-08
238,CHOA CHU KANG CTRL,1996-10,2024-05
239,CHOA CHU KANG CTRL,1997-04,2024-09
350,CHOA CHU KANG CTRL,1997-10,2026-08
351,CHOA CHU KANG CTRL,1997-04,2026-07
352,CHOA CHU KANG CTRL,1997-03,2025-08
353,CHOA CHU KANG CTRL,1997-02,2026-09
354,CHOA CHU KANG CTRL,1997-02,2026-05
355,CHOA CHU KANG CTRL,1997-03,2026-06
687A,CHOA CHU KANG DR,2006-06,2026-05
687B,CHOA CHU KANG DR,2006-02,2025-09
687C,CHOA CHU KANG DR,2006-04,2026-07
687D,CHOA CHU KANG DR,2005-11,2026-07
688A,CHOA CHU KANG DR,2005-11,2026-03
688B,CHOA CHU KANG DR,2006-01,2026-07
689A,CHOA CHU KANG DR,2005-06,2024-07
689B,CHOA CHU KANG DR,2005-12,2026-08
784,CHOA CHU KANG DR,2000-04,2025-06
785,CHOA CHU KANG DR,2000-04,2026-07
786,CHOA CHU KANG DR,2000-04,2026-10
340,CHOA CHU KANG LOOP,1997-12,2025-11
341,CHOA CHU KANG LOOP,1996-03,2025-09
342,CHOA CHU KANG LOOP,1997-10,2024-08
343,CHOA CHU KANG LOOP,1997-08,2026-08
344,CHOA CHU KANG LOOP,1994-01,2024-05
345,CHOA CHU KANG LOOP,1996-03,2026-08
346,CHOA CHU KANG LOOP,1997-08,2026-08
751,CHOA CHU KANG NTH 5,1999-04,2026-07
752,CHOA CHU KANG NTH 5,1999-05,2026-08
753,CHOA CHU KANG NTH 5,1999-06,2024-07
754,CHOA CHU KANG NTH 5,1999-07,2026-02
755,CHOA CHU KANG NTH 5,1999-03,2025-06
756,CHOA CHU KANG NTH 5,1995-12,2024-12
757,CHOA CHU KANG NTH 5,1999-05,2026-06
758,CHOA CHU KANG NTH 5,1999-06,2023-05
759,CHOA CHU KANG NTH 5,1995-10,2026-09
760,CHOA CHU KANG NTH 5,1999-05,2026-08
761,CHOA CHU KANG NTH 5,1999-02,2022-02
762,CHOA CHU KANG NTH 5,2001-01,2026-04
763,CHOA CHU KANG NTH 5,2001-02,2025-07
764,CHOA CHU KANG NTH 5,2000-10,2025-12
765,CHOA CHU KANG NTH 5,2000-04,2026-04
766,CHOA CHU KANG NTH 5,2000-06,2026-08
553,CHOA CHU KANG NTH 6,1999-05,2026-09
554,CHOA CHU KANG NTH 6,1999-06,2023-04
555,CHOA CHU KANG NTH 6,1999-07,2026-09
556,CHOA CHU KANG NTH 6,1995-09,2025-05
557,CHOA CHU KANG NTH 6,1999-04,2024-08
558,CHOA CHU KANG NTH 6,1999-04,2024-06
559,CHOA CHU KANG NTH 6,1999-03,2025-01
560,CHOA CHU KANG NTH 6,1999-07,2024-07
561,CHOA CHU KANG NTH 6,1999-06,2026-07
631,CHOA CHU KANG NTH 6,2001-09,2026-09
632,CHOA CHU KANG NTH 6,2002-01,2026-05
633,CHOA CHU KANG NTH 6,2002-01,2026-08
634,CHOA CHU KANG NTH 6,2001-10,2025-06
635,CHOA CHU KANG NTH 6,2001-08,2026-09
636,CHOA CHU KANG NTH 6,2001-08,2024-11
637,CHOA CHU KANG NTH 6,2001-09,2026-02
787,CHOA CHU KANG NTH 6,2000-05,2022-08
788,CHOA CHU KANG NTH 6,2000-04,2026-06
789,CHOA CHU KANG NTH 6,2000-03,2025-12
790,CHOA CHU KANG NTH 6,2000-06,2025-05
791,CHOA CHU KANG NTH 6,2000-04,2026-09
792,CHOA CHU KANG NTH 6,2000-05,2026-07
617,CHOA CHU KANG NTH 7,1999-10,2026-08
618,CHOA CHU KANG NTH 7,1999-10,2026-10
619,CHOA CHU KANG NTH 7,1999-10,2025-11
501,CHOA CHU KANG ST 51,1998-10,2025-08
502,CHOA CHU KANG ST 51,1998-10,2025-09
503,CHOA CHU KANG ST 51,1994-09,2026-09
504,CHOA CHU KANG ST 51,1998-12,2026-06
505,CHOA CHU KANG ST 51,1999-01,2026-07
506,CHOA CHU KANG ST 51,1998-09,2026-08
507,CHOA CHU KANG ST 51,1998-12,2025-12
508,CHOA CHU KANG ST 51,1998-12,2026-07
509,CHOA CHU KANG ST 51,1998-10,2026-09
510,CHOA CHU KANG ST 51,1998-09,2025-07
511,CHOA CHU KANG ST 51,1996-03,2026-03
512,CHOA CHU KANG ST 51,1995-10,2026-07
513,CHOA CHU KANG ST 51,1999-02,2025-11
514,CHOA CHU KANG ST 51,1999-03,2026-09
515,CHOA CHU KANG ST 51,1999-01,2026-08
516,CHOA CHU KANG ST 51,1999-04,2025-05
517,CHOA CHU KANG ST 51,1999-04,2025-10
518,CHOA CHU KANG ST 51,1999-04,2026-07
523,CHOA CHU KANG ST 51,1998-10,2026-03
524,CHOA CHU KANG ST 51,1998-09,2023-06
525,CHOA CHU KANG ST 51,1996-06,2025-02
526,CHOA CHU KANG ST 51,1998-08,2025-04
527,CHOA CHU KANG ST 51,1998-10,2025-01
528,CHOA CHU KANG ST 51,1994-05,2025-01
529,CHOA CHU KANG ST 51,1995-12,2025-03
530,CHOA CHU KANG ST 51,1995-07,2025-07
531,CHOA CHU KANG ST 51,1998-10,2026-09
535,CHOA CHU KANG ST 51,2015-11,2026-09
540,CHOA CHU KANG ST 52,1998-08,2025-07
541,CHOA CHU KANG ST 52,1999-01,2026-01
542,CHOA CHU KANG ST 52,1998-10,2026-09
543,CHOA CHU KANG ST 52,1998-10,2025-10
544,CHOA CHU KANG ST 52,1998-12,2026-05
545,CHOA CHU KANG ST 52,1998-06,2023-08
546,CHOA CHU KANG ST 52,1998-07,2025-11
547,CHOA CHU KANG ST 52,1999-02,2026-09
548,CHOA CHU KANG ST 52,1998-12,2024-10
549,CHOA CHU KANG ST 52,1999-01,2026-06
550,CHOA CHU KANG ST 52,1999-01,2026-08
551,CHOA CHU KANG ST 52,1998-12,2025-06
552,CHOA CHU KANG ST 52,1996-03,2026-09
562,CHOA CHU KANG ST 52,1995-06,2026-02
563,CHOA CHU KANG ST 52,1999-02,2026-09
564,CHOA CHU KANG ST 52,1999-02,2026-07
565,CHOA CHU KANG ST 52,1999-03,2026-06
566,CHOA CHU KANG ST 52,1999-02,2025-06
567,CHOA CHU KANG ST 52,1999-03,2025-04
568,CHOA CHU KANG ST 52,1999-03,2026-05
569,CHOA CHU KANG ST 52,1999-03,2026-06
570,CHOA CHU KANG ST 52,2018-09,2024-12
571,CHOA CHU KANG ST 52,2019-01,2026-08
572,CHOA CHU KANG ST 52,2018-10,2026-07
573,CHOA CHU KANG ST 52,2018-09,2026-01
574,CHOA CHU KANG ST 52,2018-10,2026-08
701,CHOA CHU KANG ST 53,1996-05,2026-01
702,CHOA CHU KANG ST 53,1999-01,2026-04
703,CHOA CHU KANG ST 53,1999-02,2026-05
704,CHOA CHU KANG ST 53,1999-02,2026-08
705,CHOA CHU KANG ST 53,1999-02,2026-10
706,CHOA CHU KANG ST 53,1999-03,2026-04
707,CHOA CHU KANG ST 53,1999-04,2026-04
708,CHOA CHU KANG ST 53,1998-12,2026-08
767,CHOA CHU KANG ST 54,2000-06,2026-08
768,CHOA CHU KANG ST 54,2000-04,2026-02
769,CHOA CHU KANG ST 54,2000-08,2026-07
770,CHOA CHU KANG ST 54,2000-08,2026-07
771,CHOA CHU KANG ST 54,2000-05,2026-09
601,CHOA CHU KANG ST 62,1999-07,2025-07
602,CHOA CHU KANG ST 62,1999-07,2023-01
603,CHOA CHU KANG ST 62,1999-05,2026-09
604,CHOA CHU KANG ST 62,1999-07,2026-08
605,CHOA CHU KANG ST 62,1999-08,2025-03
606,CHOA CHU KANG ST 62,1999-08,2026-02
607,CHOA CHU KANG ST 62,1999-08,2026-03
608,CHOA CHU KANG ST 62,1996-02,2026-03
609,CHOA CHU KANG ST 62,1999-09,2026-08
610,CHOA CHU KANG ST 62,1999-09,2025-07
611,CHOA CHU KANG ST 62,1999-11,2026-08
612,CHOA CHU KANG ST 62,1999-10,2026-04
613,CHOA CHU KANG ST 62,1999-06,2026-07
614,CHOA CHU KANG ST 62,1999-10,2026-07
615,CHOA CHU KANG ST 62,1999-10,2025-09
616,CHOA CHU KANG ST 62,1999-10,2023-10
620,CHOA CHU KANG ST 62,1999-11,2026-08
621,CHOA CHU KANG ST 62,1999-11,2026-01
625,CHOA CHU KANG ST 62,2000-11,2026-06
626,CHOA CHU KANG ST 62,2000-12,2026-07
627,CHOA CHU KANG ST 62,2000-11,2026-07
638,CHOA CHU KANG ST 64,2001-07,2026-04
639,CHOA CHU KANG ST 64,2001-08,2026-09
640,CHOA CHU KANG ST 64,2001-10,2026-04
641,CHOA CHU KANG ST 64,2001-09,2026-07
642,CHOA CHU KANG ST 64,2001-10,2026-02
643,CHOA CHU KANG ST 64,2001-07,2026-03
17A,CIRCUIT RD,2020-07,2026-08
17B,CIRCUIT RD,2020-07,2026-08
18A,CIRCUIT RD,2020-08,2026-10
18B,CIRCUIT RD,2020-10,2026-08
18C,CIRCUIT RD,2020-10,2026-09
18D,CIRCUIT RD,2020-07,2026-08
34,CIRCUIT RD,1990-01,2026-07
35,CIRCUIT RD,1990-01,2025-10
36,CIRCUIT RD,1990-01,2026-03
37,CIRCUIT RD,2010-08,2026-05
38,CIRCUIT RD,1990-01,2026-06
39,CIRCUIT RD,1990-01,2026-06
40,CIRCUIT RD,1990-01,2026-08
41,CIRCUIT RD,1996-01,2024-12
42,CIRCUIT RD,1999-09,2026-04
43,CIRCUIT RD,1990-03,2026-10
44,CIRCUIT RD,1990-01,2026-06
45,CIRCUIT RD,1990-02,2026-07
46,CIRCUIT RD,1990-01,2026-04
47,CIRCUIT RD,1990-01,2026-05
48,CIRCUIT RD,1990-01,2025-12
49,CIRCUIT RD,1990-01,2026-07
50,CIRCUIT RD,1990-07,2026-07
51,CIRCUIT RD,2003-11,2026-10
52,CIRCUIT RD,2004-04,2026-06
57,CIRCUIT RD,1990-01,2026-08
58,CIRCUIT RD,1990-01,2026-04
59,CIRCUIT RD,1990-07,2026-03
60,CIRCUIT RD,1990-07,2026-07
61,CIRCUIT RD,1990-01,2026-07
62,CIRCUIT RD,1990-01,2026-05
63,CIRCUIT RD,1990-01,2026-08
64,CIRCUIT RD,1990-03,2026-07
65,CIRCUIT RD,1990-01,2026-06
66,CIRCUIT RD,1990-03,2026-07
67,CIRCUIT RD,1990-01,2026-08
68,CIRCUIT RD,2002-11,2025-02
69,CIRCUIT RD,1990-02,2026-09
70,CIRCUIT RD,2002-08,2026-09
71,CIRCUIT RD,2002-08,2025-04
72,CIRCUIT RD,2002-08,2026-09
82A,CIRCUIT RD,2024-06,2026-10
82B,CIRCUIT RD,2024-04,2026-09
83A,CIRCUIT RD,2024-06,2026-06
83B,CIRCUIT RD,2024-04,2026-09
85,CIRCUIT RD,1990-01,2026-07
87,CIRCUIT RD,1990-01,2026-05
129,CLARENCE LANE,1999-10,2026-05
130,CLARENCE LANE,1999-11,2026-03
131,CLARENCE LANE,1999-12,2026-05
132,CLARENCE LANE,1995-06,2025-11
133,CLARENCE LANE,1999-07,2025-07
401,CLEMENTI AVE 1,1990-01,2007-03
402,CLEMENTI AVE 1,1990-02,2007-07
403,CLEMENTI AVE 1,1990-02,2007-08
407,CLEMENTI AVE 1,1990-02,2007-07
409,CLEMENTI AVE 1,1990-02,2006-10
416,CLEMENTI AVE 1,2016-08,2026-09
417,CLEMENTI AVE 1,2017-07,2026-10
418,CLEMENTI AVE 1,2016-11,2026-07
420,CLEMENTI AVE 1,2016-07,2026-08
421,CLEMENTI AVE 1,2016-08,2026-09
423,CLEMENTI AVE 1,2016-12,2026-07
424,CLEMENTI AVE 1,2016-08,2026-08
425,CLEMENTI AVE 1,2016-06,2026-09
464B,CLEMENTI AVE 1,2026-08,2026-08
328,CLEMENTI AVE 2,1990-09,2026-04
329,CLEMENTI AVE 2,1990-01,2026-09
330,CLEMENTI AVE 2,1990-02,2026-09
331,CLEMENTI AVE 2,1990-03,2026-09
332,CLEMENTI AVE 2,1990-07,2026-03
333,CLEMENTI AVE 2,1990-02,2026-09
334,CLEMENTI AVE 2,1990-01,2026-07
335,CLEMENTI AVE 2,1990-08,2026-08
336,CLEMENTI AVE 2,1990-01,2026-07
337,CLEMENTI AVE 2,1990-01,2025-05
338,CLEMENTI AVE 2,1990-03,2025-03
349,CLEMENTI AVE 2,1990-10,2025-12
350,CLEMENTI AVE 2,1990-04,2024-08
351,CLEMENTI AVE 2,1990-05,2026-05
352,CLEMENTI AVE 2,1990-04,2026-07
354,CLEMENTI AVE 2,1990-01,2025-08
355,CLEMENTI AVE 2,1990-04,2026-03
356,CLEMENTI AVE 2,1990-08,2026-02
357,CLEMENTI AVE 2,1990-07,2025-08
358,CLEMENTI AVE 2,1991-04,2026-01
359,CLEMENTI AVE 2,1990-02,2026-10
362,CLEMENTI AVE 2,1990-02,2026-07
363,CLEMENTI AVE 2,1990-01,2026-07
364,CLEMENTI AVE 2,1990-04,2026-02
365,CLEMENTI AVE 2,1990-01,2025-09
366,CLEMENTI AVE 2,2005-09,2026-04
367,CLEMENTI AVE 2,2005-05,2024-04
426,CLEMENTI AVE 3,1990-02,2026-06
427,CLEMENTI AVE 3,1990-01,2025-07
428,CLEMENTI AVE 3,1990-04,2026-07
429,CLEMENTI AVE 3,1990-02,2026-07
430,CLEMENTI AVE 3,1990-07,2026-01
431,CLEMENTI AVE 3,1990-01,2025-07
432,CLEMENTI AVE 3,1990-02,2026-08
433,CLEMENTI AVE 3,1990-01,2024-01
434,CLEMENTI AVE 3,1990-06,2026-09
435,CLEMENTI AVE 3,1990-01,2026-06
440,CLEMENTI AVE 3,1990-01,1999-07
440A,CLEMENTI AVE 3,2020-12,2026-09
440B,CLEMENTI AVE 3,2020-09,2026-09
440C,CLEMENTI AVE 3,2020-07,2026-09
441A,CLEMENTI AVE 3,2015-12,2026-05
441B,CLEMENTI AVE 3,2014-03,2026-06
442,CLEMENTI AVE 3,1999-12,2024-06
443,CLEMENTI AVE 3,1993-01,2021-06
445,CLEMENTI AVE 3,1990-09,2005-03
445A,CLEMENTI AVE 3,2025-06,2026-09
445B,CLEMENTI AVE 3,2025-07,2026-09
446,CLEMENTI AVE 3,1999-12,2022-05
449,CLEMENTI AVE 3,1990-02,2026-09
450,CLEMENTI AVE 3,1999-08,2026-09
454,CLEMENTI AVE 3,2004-06,2026-06
455,CLEMENTI AVE 3,2005-02,2026-05
456,CLEMENTI AVE 3,2005-01,2026-05
457,CLEMENTI AVE 3,2006-01,2026-03
458,CLEMENTI AVE 3,2006-04,2026-07
459,CLEMENTI AVE 3,2006-02,2025-12
460,CLEMENTI AVE 3,2005-02,2026-06
461,CLEMENTI AVE 3,2008-05,2026-06
462,CLEMENTI AVE 3,2009-03,2026-09
301,CLEMENTI AVE 4,1990-01,2026-04
302,CLEMENTI AVE 4,1990-02,2026-03
303,CLEMENTI AVE 4,1990-01,2026-07
304,CLEMENTI AVE 4,1990-03,2026-09
305,CLEMENTI AVE 4,1990-01,2025-10
306,CLEMENTI AVE 4,1990-01,2026-08
307,CLEMENTI AVE 4,1990-01,2026-02
308,CLEMENTI AVE 4,1990-02,2026-06
309,CLEMENTI AVE 4,1990-01,2025-11
310,CLEMENTI AVE 4,1990-01,2026-03
311,CLEMENTI AVE 4,1990-01,2000-07
311A,CLEMENTI AVE 4,2020-01,2026-10
311B,CLEMENTI AVE 4,2020-01,2026-08
311C,CLEMENTI AVE 4,2020-01,2026-09
312,CLEMENTI AVE 4,1990-01,2000-10
312A,CLEMENTI AVE 4,2021-09,2026-09
312B,CLEMENTI AVE 4,2021-08,2026-09
312C,CLEMENTI AVE 4,2021-04,2026-09
313,CLEMENTI AVE 4,1990-01,2000-08
314,CLEMENTI AVE 4,1990-01,2000-08
315,CLEMENTI AVE 4,1990-01,2026-05
316,CLEMENTI AVE 4,1990-04,2026-05
317,CLEMENTI AVE 4,1990-03,2026-02
318,CLEMENTI AVE 4,1990-04,2025-08
319,CLEMENTI AVE 4,1990-03,2025-02
320,CLEMENTI AVE 4,1990-01,2026-07
371,CLEMENTI AVE 4,1990-01,2026-04
372,CLEMENTI AVE 4,1992-04,2026-01
373,CLEMENTI AVE 4,1990-04,2025-05
374,CLEMENTI AVE 4,1990-04,2026-08
375,CLEMENTI AVE 4,1990-09,2026-08
376,CLEMENTI AVE 4,1990-06,2026-08
321,CLEMENTI AVE 5,1990-07,2010-10
322,CLEMENTI AVE 5,1990-01,2011-02
323,CLEMENTI AVE 5,1990-01,2010-09
324,CLEMENTI AVE 5,1990-04,2026-09
325,CLEMENTI AVE 5,1991-08,2025-02
326,CLEMENTI AVE 5,1990-01,2026-06
327,CLEMENTI AVE 5,1990-04,2026-03
339,CLEMENTI AVE 5,1990-01,2026-01
340,CLEMENTI AVE 5,1990-02,2026-09
341,CLEMENTI AVE 5,1990-05,2026-05
342,CLEMENTI AVE 5,1990-02,2025-02
343,CLEMENTI AVE 5,1991-01,2025-09
344,CLEMENTI AVE 5,2006-09,2026-04
345,CLEMENTI AVE 5,1990-02,2026-09
346,CLEMENTI AVE 5,1990-01,2026-08
347,CLEMENTI AVE 5,1990-02,2026-02
348,CLEMENTI AVE 5,1990-04,2026-04
377,CLEMENTI AVE 5,1990-08,2025-09
378,CLEMENTI AVE 5,1991-03,2016-07
379,CLEMENTI AVE 5,1990-02,2026-08
380,CLEMENTI AVE 5,1992-12,2025-12
381,CLEMENTI AVE 5,1990-04,2026-08
201,CLEMENTI AVE 6,1990-01,2024-08
202,CLEMENTI AVE 6,1990-06,2026-05
203,CLEMENTI AVE 6,1990-03,2015-02
204,CLEMENTI AVE 6,1990-01,2026-06
205,CLEMENTI AVE 6,1990-01,2026-08
206,CLEMENTI AVE 6,1990-02,2025-06
208A,CLEMENTI AVE 6,2021-10,2026-07
208B,CLEMENTI AVE 6,2021-11,2026-07
109,CLEMENTI ST 11,2005-11,2026-07
105,CLEMENTI ST 12,2004-11,2026-06
110,CLEMENTI ST 13,1990-01,2026-01
111,CLEMENTI ST 13,1990-01,2026-05
112,CLEMENTI ST 13,1991-06,2024-08
113,CLEMENTI ST 13,1990-01,2026-09
114,CLEMENTI ST 13,1990-02,2026-09
115,CLEMENTI ST 13,1990-01,2026-08
116,CLEMENTI ST 13,1990-01,2026-03
117,CLEMENTI ST 13,1990-09,2026-06
118,CLEMENTI ST 13,1990-02,2026-01
101,CLEMENTI ST 14,1990-02,2026-08
102,CLEMENTI ST 14,1990-04,2021-02
103,CLEMENTI ST 14,1990-01,2025-11
104,CLEMENTI ST 14,1990-10,2022-12
601,CLEMENTI WEST ST 1,1991-07,2026-09
602,CLEMENTI WEST ST 1,1990-01,2026-09
603,CLEMENTI WEST ST 1,1990-02,2025-04
604,CLEMENTI WEST ST 1,1990-03,2025-04
605,CLEMENTI WEST ST 1,1990-08,2025-11
606,CLEMENTI WEST ST 1,1990-10,2026-05
607,CLEMENTI WEST ST 1,1990-01,2026-07
608,CLEMENTI WEST ST 1,1990-01,2026-08
609,CLEMENTI WEST ST 1,1990-01,2026-08
610,CLEMENTI WEST ST 1,1990-01,2026-07
611,CLEMENTI WEST ST 1,1990-02,2026-08
612,CLEMENTI WEST ST 1,1990-04,2026-08
613,CLEMENTI WEST ST 1,1990-07,2025-12
705,CLEMENTI WEST ST 2,1990-01,2026-04
706,CLEMENTI WEST ST 2,1990-01,2026-09
707,CLEMENTI WEST ST 2,1990-01,2026-09
708,CLEMENTI WEST ST 2,1990-03,2025-05
709,CLEMENTI WEST ST 2,1990-02,2025-10
710,CLEMENTI WEST ST 2,1990-01,2025-07
711,CLEMENTI WEST ST 2,1990-01,2026-07
712,CLEMENTI WEST ST 2,1990-08,2026-05
713,CLEMENTI WEST ST 2,1990-01,2025-12
714,CLEMENTI WEST ST 2,1990-03,2026-03
715,CLEMENTI WEST ST 2,1990-03,2026-08
716,CLEMENTI WEST ST 2,1990-02,2026-09
717,CLEMENTI WEST ST 2,1990-01,2026-09
721,CLEMENTI WEST ST 2,2011-12,2011-12
722,CLEMENTI WEST ST 2,2010-10,2020-07
723,CLEMENTI WEST ST 2,1990-01,2023-09
724,CLEMENTI WEST ST 2,1990-01,2026-08
727,CLEMENTI WEST ST 2,2011-07,2011-07
728,CLEMENTI WEST ST 2,1990-01,2026-09
729,CLEMENTI WEST ST 2,1990-01,2026-07
730,CLEMENTI WEST ST 2,1990-03,2025-09
731,CLEMENTI WEST ST 2,1990-01,2026-07
264A,COMPASSVALE BOW,2011-06,2026-05
264B,COMPASSVALE BOW,2011-04,2026-06
264C,COMPASSVALE BOW,2010-09,2026-09
264D,COMPASSVALE BOW,2011-06,2026-03
264E,COMPASSVALE BOW,2010-12,2026-08
264F,COMPASSVALE BOW,2010-05,2025-06
265D,COMPASSVALE BOW,2010-02,2026-06
265E,COMPASSVALE BOW,2010-09,2025-10
266A,COMPASSVALE BOW,2010-01,2026-03
266B,COMPASSVALE BOW,2010-12,2026-09
266C,COMPASSVALE BOW,2011-02,2025-07
274A,COMPASSVALE BOW,2021-04,2026-09
274B,COMPASSVALE BOW,2021-08,2026-08
274C,COMPASSVALE BOW,2021-08,2026-05
278A,COMPASSVALE BOW,2021-06,2026-03
278B,COMPASSVALE BOW,2021-05,2026-07
278C,COMPASSVALE BOW,2021-11,2026-09
286A,COMPASSVALE CRES,2021-06,2026-10
286B,COMPASSVALE CRES,2021-06,2026-07
286C,COMPASSVALE CRES,2021-05,2026-09
287A,COMPASSVALE CRES,2021-09,2026-08
287B,COMPASSVALE CRES,2021-11,2026-08
287C,COMPASSVALE CRES,2021-08,2026-08
288A,COMPASSVALE CRES,2021-09,2026-08
288B,COMPASSVALE CRES,2021-09,2025-04
288C,COMPASSVALE CRES,2021-10,2026-09
289A,COMPASSVALE CRES,2021-11,2026-09
289B,COMPASSVALE CRES,2021-11,2026-07
290A,COMPASSVALE CRES,2006-03,2026-04
290B,COMPASSVALE CRES,2005-10,2026-09
290C,COMPASSVALE CRES,2005-07,2026-02
293A,COMPASSVALE CRES,2020-10,2026-06
293B,COMPASSVALE CRES,2020-12,2026-07
293C,COMPASSVALE CRES,2020-11,2026-08
293D,COMPASSVALE CRES,2020-07,2026-08
294A,COMPASSVALE CRES,2020-09,2026-05
295A,COMPASSVALE CRES,2005-11,2026-09
295B,COMPASSVALE CRES,2005-12,2026-08
295C,COMPASSVALE CRES,2004-10,2026-09
296A,COMPASSVALE CRES,2005-09,2026-08
296B,COMPASSVALE CRES,2005-07,2026-09
296C,COMPASSVALE CRES,2005-10,2026-03
201A,COMPASSVALE DR,2005-04,2025-05
201B,COMPASSVALE DR,2005-04,2026-09
201C,COMPASSVALE DR,2005-01,2026-07
201D,COMPASSVALE DR,2005-11,2026-02
202,COMPASSVALE DR,2004-10,2026-01
202A,COMPASSVALE DR,2008-02,2026-10
204A,COMPASSVALE DR,2004-12,2026-09
204B,COMPASSVALE DR,2004-11,2025-12
204C,COMPASSVALE DR,2004-10,2026-04
204D,COMPASSVALE DR,2008-08,2026-08
212A,COMPASSVALE DR,2016-07,2026-09
212B,COMPASSVALE DR,2016-07,2026-03
212C,COMPASSVALE DR,2016-05,2026-05
215A,COMPASSVALE DR,2021-04,2026-09
215B,COMPASSVALE DR,2020-12,2025-12
216A,COMPASSVALE DR,2020-11,2026-07
216B,COMPASSVALE DR,2021-01,2026-03
216C,COMPASSVALE DR,2021-06,2026-06
216D,COMPASSVALE DR,2021-07,2026-09
217A,COMPASSVALE DR,2021-02,2025-11
217B,COMPASSVALE DR,2021-04,2026-09
217C,COMPASSVALE DR,2021-03,2026-06
227A,COMPASSVALE DR,2003-08,2026-09
227B,COMPASSVALE DR,2004-05,2026-05
227C,COMPASSVALE DR,2004-01,2026-09
227D,COMPASSVALE DR,2004-04,2024-11
205A,COMPASSVALE LANE,2003-04,2026-06
205B,COMPASSVALE LANE,2003-11,2026-07
205C,COMPASSVALE LANE,2003-08,2026-03
206A,COMPASSVALE LANE,2003-02,2026-09
206B,COMPASSVALE LANE,2003-06,2026-10
206C,COMPASSVALE LANE,2003-04,2026-01
206D,COMPASSVALE LANE,2003-08,2026-03
207A,COMPASSVALE LANE,2007-12,2026-07
207B,COMPASSVALE LANE,2007-09,2026-05
207C,COMPASSVALE LANE,2008-10,2026-05
207D,COMPASSVALE LANE,2007-11,2026-04
208A,COMPASSVALE LANE,2014-12,2025-07
208B,COMPASSVALE LANE,2014-11,2025-09
209A,COMPASSVALE LANE,2015-01,2026-06
209B,COMPASSVALE LANE,2015-09,2026-06
209C,COMPASSVALE LANE,2015-03,2026-04
210A,COMPASSVALE LANE,2016-01,2026-08
210B,COMPASSVALE LANE,2016-01,2026-08
210C,COMPASSVALE LANE,2016-03,2026-04
211A,COMPASSVALE LANE,2016-03,2026-08
211B,COMPASSVALE LANE,2016-06,2026-06
211C,COMPASSVALE LANE,2016-07,2026-07
211D,COMPASSVALE LANE,2016-01,2026-05
213A,COMPASSVALE LANE,2016-05,2026-07
213B,COMPASSVALE LANE,2016-05,2026-08
265A,COMPASSVALE LINK,2010-06,2026-09
265B,COMPASSVALE LINK,2009-07,2026-04
265C,COMPASSVALE LINK,2009-09,2026-08
267A,COMPASSVALE LINK,2009-07,2026-02
267B,COMPASSVALE LINK,2010-04,2026-09
268A,COMPASSVALE LINK,2009-07,2026-04
268B,COMPASSVALE LINK,2009-04,2025-12
268C,COMPASSVALE LINK,2010-03,2025-12
268D,COMPASSVALE LINK,2008-08,2026-08
269A,COMPASSVALE LINK,2010-01,2025-08
269B,COMPASSVALE LINK,2010-02,2026-07
269C,COMPASSVALE LINK,2010-01,2025-11
269D,COMPASSVALE LINK,2009-10,2026-05
273A,COMPASSVALE LINK,2012-07,2026-08
273B,COMPASSVALE LINK,2013-01,2026-08
273C,COMPASSVALE LINK,2011-09,2026-06
273D,COMPASSVALE LINK,2013-02,2026-08
275A,COMPASSVALE LINK,2012-08,2026-05
275B,COMPASSVALE LINK,2011-09,2026-07
275C,COMPASSVALE LINK,2012-12,2026-08
275D,COMPASSVALE LINK,2012-08,2026-01
277A,COMPASSVALE LINK,2013-03,2026-05
277B,COMPASSVALE LINK,2012-05,2025-09
277C,COMPASSVALE LINK,2013-01,2026-06
277D,COMPASSVALE LINK,2013-04,2025-10
203A,COMPASSVALE RD,2004-08,2026-05
203B,COMPASSVALE RD,2005-03,2026-05
203C,COMPASSVALE RD,2004-10,2026-04
203D,COMPASSVALE RD,2004-09,2026-08
203E,COMPASSVALE RD,2005-02,2026-09
244,COMPASSVALE RD,2004-05,2026-09
245,COMPASSVALE RD,2004-05,2025-06
246,COMPASSVALE RD,2004-03,2024-07
247,COMPASSVALE RD,2003-11,2026-04
248,COMPASSVALE RD,2004-03,2026-02
249,COMPASSVALE RD,2003-11,2025-07
254,COMPASSVALE RD,2004-03,2026-08
255,COMPASSVALE RD,2004-01,2026-05
256,COMPASSVALE RD,2003-12,2026-08
257A,COMPASSVALE RD,2004-08,2026-07
257B,COMPASSVALE RD,2004-09,2025-08
257C,COMPASSVALE RD,2004-12,2026-06
258A,COMPASSVALE RD,2005-01,2026-08
258B,COMPASSVALE RD,2005-03,2025-09
258C,COMPASSVALE RD,2005-10,2025-08
258D,COMPASSVALE RD,2004-12,2025-11
259A,COMPASSVALE RD,2005-01,2025-05
259B,COMPASSVALE RD,2004-01,2025-09
259C,COMPASSVALE RD,2004-03,2026-07
250A,COMPASSVALE ST,2004-05,2026-06
250B,COMPASSVALE ST,2004-06,2026-02
250C,COMPASSVALE ST,2004-03,2026-09
250D,COMPASSVALE ST,2004-06,2026-08
251,COMPASSVALE ST,2004-09,2024-11
252,COMPASSVALE ST,2004-02,2026-06
253,COMPASSVALE ST,2005-07,2025-07
262A,COMPASSVALE ST,2005-02,2025-12
262B,COMPASSVALE ST,2006-07,2026-09
262C,COMPASSVALE ST,2008-09,2022-08
262D,COMPASSVALE ST,2004-12,2026-08
291A,COMPASSVALE ST,2005-04,2026-07
291B,COMPASSVALE ST,2005-05,2026-09
291C,COMPASSVALE ST,2007-09,2026-06
291D,COMPASSVALE ST,2005-03,2026-07
292A,COMPASSVALE ST,2005-10,2026-03
292B,COMPASSVALE ST,2004-05,2025-07
297A,COMPASSVALE ST,2005-02,2026-08
297B,COMPASSVALE ST,2004-12,2026-07
298A,COMPASSVALE ST,2004-12,2026-03
298B,COMPASSVALE ST,2005-01,2026-07
298C,COMPASSVALE ST,2005-02,2026-06
298D,COMPASSVALE ST,2005-01,2026-09
299A,COMPASSVALE ST,2005-07,2026-09
299B,COMPASSVALE ST,2005-04,2026-09
299C,COMPASSVALE ST,2005-07,2026-04
223A,COMPASSVALE WALK,2003-10,2025-12
223B,COMPASSVALE WALK,2003-07,2026-05
223C,COMPASSVALE WALK,2003-06,2026-09
223D,COMPASSVALE WALK,2003-07,2026-02
224A,COMPASSVALE WALK,2003-04,2025-07
224B,COMPASSVALE WALK,2003-07,2026-09
224C,COMPASSVALE WALK,2003-09,2026-03
224D,COMPASSVALE WALK,2003-02,2025-04
225A,COMPASSVALE WALK,2003-04,2025-12
225B,COMPASSVALE WALK,2003-06,2026-05
225C,COMPASSVALE WALK,2004-08,2026-04
226A,COMPASSVALE WALK,2003-06,2026-05
226B,COMPASSVALE WALK,2003-07,2025-04
226C,COMPASSVALE WALK,2003-12,2026-05
228A,COMPASSVALE WALK,2003-08,2026-09
228B,COMPASSVALE WALK,2003-09,2026-06
228C,COMPASSVALE WALK,2003-10,2023-11
229,COMPASSVALE WALK,2003-02,2026-07
230,COMPASSVALE WALK,2003-03,2026-06
231,COMPASSVALE WALK,2003-03,2025-12
232,COMPASSVALE WALK,2003-03,2026-09
233,COMPASSVALE WALK,2003-02,2026-09
234,COMPASSVALE WALK,2002-10,2026-06
235,COMPASSVALE WALK,2002-12,2026-03
236,COMPASSVALE WALK,2003-04,2026-09
237,COMPASSVALE WALK,2003-09,2026-09
238,COMPASSVALE WALK,2003-06,2026-06
239,COMPASSVALE WALK,2003-04,2026-09
240,COMPASSVALE WALK,2003-04,2026-01
241,COMPASSVALE WALK,2003-05,2026-08
140A,CORPORATION DR,2023-06,2026-09
140B,CORPORATION DR,2023-05,2026-08
140C,CORPORATION DR,2023-08,2026-09
140D,CORPORATION DR,2023-08,2026-09
150A,CORPORATION DR,2023-08,2026-09
349,CORPORATION DR,2002-11,2026-09
350,CORPORATION DR,2001-11,2022-04
351,CORPORATION DR,2003-01,2025-07
365,CORPORATION DR,2001-07,2026-06
366,CORPORATION DR,2001-05,2026-07
367,CORPORATION DR,2001-06,2026-07
368,CORPORATION DR,2001-12,2026-01
461,CRAWFORD LANE,1990-01,2026-10
462,CRAWFORD LANE,1990-03,2025-08
463,CRAWFORD LANE,1990-03,2026-06
466,CRAWFORD LANE,1990-06,2026-06
58,DAKOTA CRES,1990-01,2026-08
60,DAKOTA CRES,1990-01,2026-04
62,DAKOTA CRES,1990-01,2026-04
68,DAKOTA CRES,1991-08,1999-09
78,DAWSON RD,2025-01,2026-09
79,DAWSON RD,2024-12,2026-09
86,DAWSON RD,2020-04,2026-09
87,DAWSON RD,2020-08,2026-09
88,DAWSON RD,2020-09,2026-09
89,DAWSON RD,2020-02,2026-09
90,DAWSON RD,2020-04,2026-05
91,DAWSON RD,2020-06,2026-09
92,DAWSON RD,2020-02,2026-09
93,DAWSON RD,2020-07,2026-07
94,DAWSON RD,2026-03,2026-09
95,DAWSON RD,2025-12,2026-09
96,DAWSON RD,2025-12,2026-09
1,DELTA AVE,1990-10,2026-03
2,DELTA AVE,1990-10,2026-09
3,DELTA AVE,1990-07,2026-02
4,DELTA AVE,1990-08,2025-09
5,DELTA AVE,1991-02,2026-08
103,DEPOT RD,1990-01,1999-12
103A,DEPOT RD,2004-01,2026-07
103B,DEPOT RD,2003-12,2026-04
104A,DEPOT RD,2004-03,2026-10
104B,DEPOT RD,2004-04,2025-07
105,DEPOT RD,1990-02,1999-12
105A,DEPOT RD,2021-12,2026-09
106A,DEPOT RD,2004-02,2026-06
106B,DEPOT RD,2004-01,2024-08
107,DEPOT RD,1990-02,1999-09
109A,DEPOT RD,2005-03,2026-04
109B,DEPOT RD,2004-11,2025-08
110,DEPOT RD,1990-01,1999-09
110A,DEPOT RD,2022-02,2026-09
111A,DEPOT RD,2005-01,2026-03
111B,DEPOT RD,2005-04,2025-03
112A,DEPOT RD,2004-09,2026-08
112B,DEPOT RD,2005-01,2026-04
113,DEPOT RD,1990-10,2026-06
114,DEPOT RD,1990-03,2026-09
48,DORSET RD,1990-02,2026-08
48A,DORSET RD,1990-09,2025-11
49,DORSET RD,1990-01,2026-04
50,DORSET RD,1990-03,2026-08
12,DOVER CL EAST,1990-01,2026-09
13,DOVER CL EAST,1990-01,2026-08
14,DOVER CL EAST,1990-01,2026-06
17,DOVER CRES,2006-10,2026-07
18,DOVER CRES,2007-02,2026-03
19,DOVER CRES,2007-04,2026-09
20,DOVER CRES,1990-02,2025-12
21,DOVER CRES,1990-01,2025-01
22,DOVER CRES,1997-07,2026-02
23,DOVER CRES,1990-01,2026-08
24,DOVER CRES,1990-01,1999-12
26,DOVER CRES,1990-02,2026-09
27,DOVER CRES,1990-07,2026-09
28A,DOVER CRES,2013-09,2026-02
28B,DOVER CRES,2011-02,2026-08
28C,DOVER CRES,2013-06,2026-06
28D,DOVER CRES,2013-03,2026-06
5,DOVER CRES,1990-06,2026-03
1,DOVER RD,1990-02,2026-03
2,DOVER RD,1990-01,2025-05
3,DOVER RD,1990-01,2026-05
31,DOVER RD,1990-05,2004-03
35,DOVER RD,1990-04,2004-08
36,DOVER RD,1990-01,2004-03
38,DOVER RD,1990-06,2004-06
1,EAST COAST RD,1990-11,2010-10
2,EAST COAST RD,1991-01,2011-10
3,EAST COAST RD,1990-12,2011-06
109A,EDGEDALE PLAINS,2006-05,2026-08
109B,EDGEDALE PLAINS,2006-11,2026-07
109C,EDGEDALE PLAINS,2005-10,2026-09
109D,EDGEDALE PLAINS,2007-01,2026-08
120A,EDGEDALE PLAINS,2021-04,2026-04
120B,EDGEDALE PLAINS,2021-03,2026-09
121B,EDGEDALE PLAINS,2020-11,2026-07
122A,EDGEDALE PLAINS,2021-01,2026-09
122B,EDGEDALE PLAINS,2021-03,2026-08
126A,EDGEDALE PLAINS,2005-06,2026-09
126B,EDGEDALE PLAINS,2006-04,2025-12
126C,EDGEDALE PLAINS,2005-07,2026-08
126D,EDGEDALE PLAINS,2006-03,2026-02
130,EDGEDALE PLAINS,2006-09,2026-04
132,EDGEDALE PLAINS,2007-04,2026-07
133,EDGEDALE PLAINS,2005-12,2026-09
134,EDGEDALE PLAINS,2006-08,2026-10
135,EDGEDALE PLAINS,2006-09,2026-04
138,EDGEDALE PLAINS,2006-10,2026-09
171A,EDGEDALE PLAINS,2006-09,2026-08
171B,EDGEDALE PLAINS,2006-07,2026-02
171C,EDGEDALE PLAINS,2006-07,2026-05
172A,EDGEDALE PLAINS,2007-04,2025-05
172B,EDGEDALE PLAINS,2006-03,2025-08
172C,EDGEDALE PLAINS,2007-02,2026-05
174A,EDGEDALE PLAINS,2005-05,2026-07
174B,EDGEDALE PLAINS,2006-11,2025-09
174C,EDGEDALE PLAINS,2007-01,2025-12
174D,EDGEDALE PLAINS,2005-11,2026-05
661A,EDGEDALE PLAINS,2021-03,2026-10
661B,EDGEDALE PLAINS,2021-07,2026-08
661C,EDGEDALE PLAINS,2021-06,2026-07
662A,EDGEDALE PLAINS,2021-05,2026-08
662B,EDGEDALE PLAINS,2021-05,2026-08
662C,EDGEDALE PLAINS,2021-05,2026-01
662D,EDGEDALE PLAINS,2021-08,2026-08
682A,EDGEDALE PLAINS,2022-04,2026-08
682B,EDGEDALE PLAINS,2022-05,2026-09
682C,EDGEDALE PLAINS,2022-07,2026-06
683A,EDGEDALE PLAINS,2022-07,2026-09
683B,EDGEDALE PLAINS,2022-09,2026-09
683C,EDGEDALE PLAINS,2022-05,2025-12
684A,EDGEDALE PLAINS,2022-11,2026-08
684B,EDGEDALE PLAINS,2022-10,2026-09
684C,EDGEDALE PLAINS,2022-07,2026-06
684D,EDGEDALE PLAINS,2022-10,2026-05
103A,EDGEFIELD PLAINS,2007-02,2026-07
103B,EDGEFIELD PLAINS,2006-04,2026-07
103C,EDGEFIELD PLAINS,2007-08,2025-07
104A,EDGEFIELD PLAINS,2006-08,2026-07
104B,EDGEFIELD PLAINS,2006-09,2026-01
105A,EDGEFIELD PLAINS,2005-12,2026-08
105B,EDGEFIELD PLAINS,2006-08,2026-08
105C,EDGEFIELD PLAINS,2006-10,2026-04
105D,EDGEFIELD PLAINS,2006-07,2026-09
107A,EDGEFIELD PLAINS,2007-04,2025-04
107B,EDGEFIELD PLAINS,2006-08,2026-08
107C,EDGEFIELD PLAINS,2006-09,2026-01
107D,EDGEFIELD PLAINS,2006-09,2026-08
111,EDGEFIELD PLAINS,2006-01,2026-03
112,EDGEFIELD PLAINS,2006-07,2026-07
114,EDGEFIELD PLAINS,2006-09,2026-09
115,EDGEFIELD PLAINS,2006-09,2026-08
116,EDGEFIELD PLAINS,2006-09,2026-09
117,EDGEFIELD PLAINS,2006-11,2026-04
118,EDGEFIELD PLAINS,2006-08,2026-07
176A,EDGEFIELD PLAINS,2007-05,2026-07
176B,EDGEFIELD PLAINS,2006-01,2026-03
176C,EDGEFIELD PLAINS,2006-10,2026-07
176D,EDGEFIELD PLAINS,2005-04,2026-07
178,EDGEFIELD PLAINS,2006-07,2025-06
181,EDGEFIELD PLAINS,2007-08,2026-08
182,EDGEFIELD PLAINS,2007-09,2026-09
183,EDGEFIELD PLAINS,2007-06,2026-06
184,EDGEFIELD PLAINS,2007-12,2025-11
185,EDGEFIELD PLAINS,2007-12,2026-09
193,EDGEFIELD PLAINS,2007-01,2026-06
614A,EDGEFIELD PLAINS,2016-05,2026-08
614B,EDGEFIELD PLAINS,2016-03,2026-05
615A,EDGEFIELD PLAINS,2016-08,2026-08
615B,EDGEFIELD PLAINS,2016-06,2026-07
615C,EDGEFIELD PLAINS,2016-05,2026-08
668A,EDGEFIELD PLAINS,2020-09,2026-07
668B,EDGEFIELD PLAINS,2020-07,2026-09
669A,EDGEFIELD PLAINS,2020-07,2026-07
669B,EDGEFIELD PLAINS,2020-07,2026-08
670A,EDGEFIELD PLAINS,2020-06,2026-10
670B,EDGEFIELD PLAINS,2020-07,2026-09
670C,EDGEFIELD PLAINS,2020-06,2026-07
671A,EDGEFIELD PLAINS,2020-03,2026-08
671B,EDGEFIELD PLAINS,2020-05,2025-03
672A,EDGEFIELD PLAINS,2020-01,2026-02
672B,EDGEFIELD PLAINS,2020-02,2026-08
672C,EDGEFIELD PLAINS,2020-01,2026-03
672D,EDGEFIELD PLAINS,2019-11,2026-09
673A,EDGEFIELD PLAINS,2020-02,2026-09
673B,EDGEFIELD PLAINS,2020-01,2026-09
673C,EDGEFIELD PLAINS,2019-12,2026-08
601,ELIAS RD,1994-11,2026-09
602,ELIAS RD,1999-03,2026-09
603,ELIAS RD,1998-12,2026-09
604,ELIAS RD,1996-01,2026-03
605,ELIAS RD,1995-12,2025-07
606,ELIAS RD,1999-02,2022-10
607,ELIAS RD,1999-05,2026-07
608,ELIAS RD,1999-05,2026-04
609,ELIAS RD,1999-02,2025-12
610,ELIAS RD,1999-08,2026-02
611,ELIAS RD,1994-12,2026-09
612,ELIAS RD,1999-07,2025-12
613,ELIAS RD,1999-09,2026-08
614,ELIAS RD,1999-11,2026-09
615,ELIAS RD,1999-10,2026-07
8,EMPRESS RD,1990-01,2026-08
10,EUNOS CRES,1990-02,2026-08
11,EUNOS CRES,1991-08,2026-09
13,EUNOS CRES,1990-01,2025-03
14,EUNOS CRES,1990-03,2025-04
15,EUNOS CRES,1990-06,2025-08
16,EUNOS CRES,1990-01,2026-09
17,EUNOS CRES,1990-09,2026-05
18,EUNOS CRES,1990-01,2025-12
19,EUNOS CRES,1990-01,2026-07
20,EUNOS CRES,1990-01,2026-09
21,EUNOS CRES,1990-01,2026-07
22,EUNOS CRES,1990-04,2026-01
23,EUNOS CRES,1990-03,2025-09
24,EUNOS CRES,1990-01,2026-08
25,EUNOS CRES,1990-12,2026-03
31,EUNOS CRES,2010-03,2026-08
32,EUNOS CRES,2010-09,2026-09
33,EUNOS CRES,2009-03,2026-09
34,EUNOS CRES,2009-09,2026-09
35,EUNOS CRES,2008-09,2026-07
36,EUNOS CRES,2009-03,2026-08
9,EUNOS CRES,1990-01,2026-09
410,EUNOS RD 5,1995-03,2022-04
411,EUNOS RD 5,1990-01,2026-08
412,EUNOS RD 5,1996-03,2024-11
413,EUNOS RD 5,1996-03,2026-05
414,EUNOS RD 5,1990-04,2023-08
415,EUNOS RD 5,1990-07,2026-06
416,EUNOS RD 5,1991-02,2026-02
417,EUNOS RD 5,1990-01,2026-08
1,EVERTON PK,1990-11,2026-05
2,EVERTON PK,1991-02,2026-08
3,EVERTON PK,1990-01,2026-05
4,EVERTON PK,1990-01,2026-08
5,EVERTON PK,1990-03,2026-09
6,EVERTON PK,1990-02,2026-09
7,EVERTON PK,1990-01,2026-02
401,FAJAR RD,1993-08,2026-07
402,FAJAR RD,1993-10,2026-03
403,FAJAR RD,1993-09,2025-09
404,FAJAR RD,1993-09,2026-07
405,FAJAR RD,1995-08,2021-09
406,FAJAR RD,1994-03,2025-06
407,FAJAR RD,1993-04,2026-02
408,FAJAR RD,1993-08,2026-04
417,FAJAR RD,1993-11,2026-05
418,FAJAR RD,1993-11,2026-05
419,FAJAR RD,1993-11,2026-01
420,FAJAR RD,1994-05,2025-12
421,FAJAR RD,1993-11,2024-12
422,FAJAR RD,1993-01,2025-10
423,FAJAR RD,1993-12,2025-09
424,FAJAR RD,1992-12,2022-09
425,FAJAR RD,1994-05,2026-07
426,FAJAR RD,1994-03,2026-05
436,FAJAR RD,1995-01,2026-07
437,FAJAR RD,2000-12,2026-09
438,FAJAR RD,1994-11,2026-05
439,FAJAR RD,1992-05,2026-05
440,FAJAR RD,2001-04,2026-08
441,FAJAR RD,1995-02,2025-11
442,FAJAR RD,2001-06,2026-09
442B,FAJAR RD,2020-08,2026-08
442C,FAJAR RD,2020-08,2026-09
442D,FAJAR RD,2020-06,2026-05
443A,FAJAR RD,2020-06,2026-10
443B,FAJAR RD,2020-06,2026-08
443C,FAJAR RD,2020-07,2026-06
443D,FAJAR RD,2020-07,2026-08
451,FAJAR RD,2001-01,2026-01
452,FAJAR RD,2000-12,2025-07
453,FAJAR RD,1996-04,2025-06
454,FAJAR RD,2019-11,2026-09
11,FARRER PK RD,2006-12,2026-08
12,FARRER PK RD,2006-05,2026-09
13,FARRER PK RD,2006-11,2026-04
15,FARRER PK RD,2005-05,2026-08
5,FARRER RD,1990-04,2026-09
6,FARRER RD,1990-01,2025-09
403A,FERNVALE LANE,2006-08,2026-04
403B,FERNVALE LANE,2007-10,2026-07
403C,FERNVALE LANE,2007-03,2026-09
403D,FERNVALE LANE,2008-11,2026-09
404A,FERNVALE LANE,2008-04,2025-12
404B,FERNVALE LANE,2005-08,2026-09
405A,FERNVALE LANE,2009-04,2026-09
405B,FERNVALE LANE,2008-08,2026-09
405C,FERNVALE LANE,2007-09,2026-08
412A,FERNVALE LINK,2007-05,2026-09
412B,FERNVALE LINK,2008-01,2026-06
413A,FERNVALE LINK,2008-01,2026-01
413B,FERNVALE LINK,2007-07,2025-10
414A,FERNVALE LINK,2019-12,2026-09
414B,FERNVALE LINK,2020-01,2026-08
415A,FERNVALE LINK,2020-02,2026-09
415B,FERNVALE LINK,2020-01,2026-08
415C,FERNVALE LINK,2020-02,2026-08
416A,FERNVALE LINK,2020-02,2026-10
416B,FERNVALE LINK,2019-12,2026-09
416C,FERNVALE LINK,2020-01,2026-08
417A,FERNVALE LINK,2022-08,2026-09
418A,FERNVALE LINK,2022-03,2026-07
418B,FERNVALE LINK,2022-07,2026-07
418C,FERNVALE LINK,2022-08,2026-09
430A,FERNVALE LINK,2018-07,2026-09
430B,FERNVALE LINK,2018-07,2026-09
430C,FERNVALE LINK,2018-04,2026-08
430D,FERNVALE LINK,2018-03,2026-08
440A,FERNVALE LINK,2019-07,2026-07
440B,FERNVALE LINK,2019-08,2026-08
440C,FERNVALE LINK,2019-08,2026-04
467A,FERNVALE LINK,2020-07,2026-08
467B,FERNVALE LINK,2020-10,2026-08
468A,FERNVALE LINK,2020-09,2026-07
468B,FERNVALE LINK,2020-03,2026-08
468C,FERNVALE LINK,2020-07,2026-09
470A,FERNVALE LINK,2020-06,2026-07
470B,FERNVALE LINK,2020-09,2026-09
470C,FERNVALE LINK,2020-09,2026-10
406A,FERNVALE RD,2008-04,2025-05
406B,FERNVALE RD,2007-08,2026-05
406C,FERNVALE RD,2007-09,2026-09
407A,FERNVALE RD,2007-11,2026-08
407B,FERNVALE RD,2007-03,2026-09
408A,FERNVALE RD,2009-03,2025-12
408B,FERNVALE RD,2007-10,2026-07
408C,FERNVALE RD,2009-10,2026-06
409A,FERNVALE RD,2008-11,2025-06
409B,FERNVALE RD,2009-06,2025-07
410A,FERNVALE RD,2016-01,2026-08
410B,FERNVALE RD,2016-04,2026-08
410C,FERNVALE RD,2016-02,2026-09
411A,FERNVALE RD,2016-04,2026-08
411B,FERNVALE RD,2016-04,2026-09
434A,FERNVALE RD,2016-12,2026-07
434B,FERNVALE RD,2017-02,2026-05
435A,FERNVALE RD,2016-12,2026-06
435B,FERNVALE RD,2017-02,2026-07
435C,FERNVALE RD,2017-03,2026-08
436A,FERNVALE RD,2012-09,2026-03
436B,FERNVALE RD,2011-10,2026-09
436C,FERNVALE RD,2012-04,2026-07
436D,FERNVALE RD,2012-07,2026-03
441A,FERNVALE RD,2015-02,2026-09
441B,FERNVALE RD,2015-05,2025-12
441C,FERNVALE RD,2015-03,2026-07
441D,FERNVALE RD,2015-05,2026-10
443A,FERNVALE RD,2015-11,2026-07
443B,FERNVALE RD,2016-03,2026-07
443C,FERNVALE RD,2016-03,2026-01
445A,FERNVALE RD,2016-05,2026-08
445B,FERNVALE RD,2016-05,2026-05
453A,FERNVALE RD,2019-06,2026-07
453B,FERNVALE RD,2019-05,2026-08
453C,FERNVALE RD,2019-07,2026-08
453D,FERNVALE RD,2019-07,2026-09
471A,FERNVALE ST,2020-07,2026-08
471B,FERNVALE ST,2020-07,2026-09
471C,FERNVALE ST,2020-04,2026-09
472A,FERNVALE ST,2020-04,2026-02
472B,FERNVALE ST,2020-07,2026-06
472C,FERNVALE ST,2020-02,2026-09
473A,FERNVALE ST,2020-09,2026-04
801,FRENCH RD,1990-01,2026-04
802,FRENCH RD,1993-11,2024-07
101,GANGSA RD,1991-02,2026-01
102,GANGSA RD,1991-09,2026-08
103,GANGSA RD,1993-02,2026-05
104,GANGSA RD,1991-07,2026-09
105,GANGSA RD,1992-05,2026-06
106,GANGSA RD,1993-03,2026-08
107,GANGSA RD,1992-01,2026-08
108,GANGSA RD,1992-03,2026-06
109,GANGSA RD,1995-01,2025-06
110,GANGSA RD,1991-11,2026-08
111,GANGSA RD,1992-05,2025-08
146,GANGSA RD,1993-06,2025-10
147,GANGSA RD,1993-07,2025-08
148,GANGSA RD,1994-01,2025-04
152,GANGSA RD,2003-03,2026-05
153,GANGSA RD,2003-05,2026-08
154,GANGSA RD,2003-07,2026-08
155,GANGSA RD,2003-05,2026-06
163,GANGSA RD,2003-05,2026-05
164,GANGSA RD,2003-07,2025-11
165,GANGSA RD,2003-05,2025-09
166,GANGSA RD,2003-05,2025-06
170,GANGSA RD,2001-11,2026-09
171,GANGSA RD,2002-01,2026-06
172,GANGSA RD,2002-02,2026-08
173,GANGSA RD,2001-08,2026-09
53,GEYLANG BAHRU,1990-01,2025-10
54,GEYLANG BAHRU,1990-01,2026-07
55,GEYLANG BAHRU,1990-07,2026-07
56,GEYLANG BAHRU,1990-01,2026-08
57,GEYLANG BAHRU,1990-03,2026-09
58,GEYLANG BAHRU,2004-01,2026-08
59A,GEYLANG BAHRU,2002-07,2026-08
59B,GEYLANG BAHRU,2002-07,2026-06
59C,GEYLANG BAHRU,2002-08,2026-01
60,GEYLANG BAHRU,2002-10,2026-01
68,GEYLANG BAHRU,1990-01,2026-09
72,GEYLANG BAHRU,1990-03,2026-05
73,GEYLANG BAHRU,1990-03,2025-12
93,GEYLANG BAHRU,1990-04,2026-09
94,GEYLANG BAHRU,1990-01,2026-06
95,GEYLANG BAHRU,1990-01,2026-09
96,GEYLANG BAHRU,1990-04,2025-10
97,GEYLANG BAHRU,1990-09,2026-09
124,GEYLANG EAST AVE 1,1990-04,2026-09
125,GEYLANG EAST AVE 1,1990-05,2026-04
126,GEYLANG EAST AVE 1,1990-03,2026-06
127,GEYLANG EAST AVE 1,1990-01,2026-01
128,GEYLANG EAST AVE 1,1990-01,2026-06
130,GEYLANG EAST AVE 1,1991-03,2025-10
131,GEYLANG EAST AVE 1,1991-09,2023-09
132,GEYLANG EAST AVE 1,1992-01,2026-06
133,GEYLANG EAST AVE 1,1991-09,2026-08
134,GEYLANG EAST AVE 1,1992-11,2025-11
129,GEYLANG EAST AVE 2,1993-08,2023-11
120,GEYLANG EAST CTRL,1992-04,2025-03
122,GEYLANG EAST CTRL,1990-04,2024-07
123,GEYLANG EAST CTRL,1990-01,2026-01
2,GEYLANG SERAI,1990-01,2003-03
2A,GEYLANG SERAI,2015-03,2026-09
2B,GEYLANG SERAI,2015-07,2026-09
2C,GEYLANG SERAI,2015-04,2026-05
2D,GEYLANG SERAI,2015-07,2026-09
3A,GEYLANG SERAI,2015-09,2026-07
22,GHIM MOH LINK,2015-09,2026-07
23,GHIM MOH LINK,2015-10,2026-08
26,GHIM MOH LINK,2016-10,2026-06
27,GHIM MOH LINK,2016-03,2026-08
28,GHIM MOH LINK,2015-09,2026-09
29,GHIM MOH LINK,2022-07,2026-07
30,GHIM MOH LINK,2022-08,2026-07
31,GHIM MOH LINK,2022-09,2026-09
32,GHIM MOH LINK,2022-04,2026-04
33,GHIM MOH LINK,2022-05,2026-09
1,GHIM MOH RD,1990-01,2026-05
10,GHIM MOH RD,1990-03,2006-12
11,GHIM MOH RD,1990-02,2007-01
13,GHIM MOH RD,1990-03,2024-08
14,GHIM MOH RD,1990-08,2026-08
15,GHIM MOH RD,1990-04,2026-05
18,GHIM MOH RD,2007-11,2026-01
19,GHIM MOH RD,1990-01,2026-09
2,GHIM MOH RD,1990-01,2026-09
21,GHIM MOH RD,1990-01,2026-02
3,GHIM MOH RD,1990-01,2026-07
4,GHIM MOH RD,1990-01,2026-07
5,GHIM MOH RD,1990-01,2026-09
6,GHIM MOH RD,1990-01,2026-09
7,GHIM MOH RD,1990-01,2026-09
8,GHIM MOH RD,1990-06,2026-05
10,GLOUCESTER RD,1990-02,2026-07
9,GLOUCESTER RD,1990-03,2026-07
1,HAIG RD,1990-03,2026-05
10,HAIG RD,1990-03,2026-09
11,HAIG RD,1990-09,2026-05
2,HAIG RD,1990-04,2023-12
21,HAIG RD,1992-06,2023-06
22,HAIG RD,1990-01,2026-09
23,HAIG RD,1990-01,2024-06
3,HAIG RD,1991-08,2024-12
4,HAIG RD,1990-05,2026-08
5,HAIG RD,1990-02,2026-05
6,HAIG RD,1990-01,2025-09
7,HAIG RD,1990-05,2026-09
8,HAIG RD,1990-10,2026-09
9,HAIG RD,1990-09,2026-09
22,HAVELOCK RD,1990-01,2026-09
29,HAVELOCK RD,1990-01,2002-10
50,HAVELOCK RD,2010-10,2025-05
52,HAVELOCK RD,2016-05,2026-08
53,HAVELOCK RD,2015-04,2026-07
54,HAVELOCK RD,2015-06,2026-06
55,HAVELOCK RD,2015-11,2026-09
56,HAVELOCK RD,2015-07,2025-11
57,HAVELOCK RD,2016-09,2026-09
58,HAVELOCK RD,2015-05,2026-06
94,HAVELOCK RD,1991-11,2026-06
95,HAVELOCK RD,1990-04,2026-06
101,HENDERSON CRES,1990-01,2026-09
102,HENDERSON CRES,1990-03,2026-07
103,HENDERSON CRES,1990-01,2026-09
104,HENDERSON CRES,1990-04,2026-04
105,HENDERSON CRES,1990-01,2026-05
106,HENDERSON CRES,1990-02,2026-07
95A,HENDERSON RD,2021-03,2026-08
95B,HENDERSON RD,2021-02,2026-09
95C,HENDERSON RD,2020-10,2026-08
96,HENDERSON RD,1990-01,2007-03
96A,HENDERSON RD,2020-08,2026-09
96B,HENDERSON RD,2021-01,2026-05
2,HILLVIEW AVE,1990-01,1999-06
4,HILLVIEW AVE,1990-01,1999-05
6,HILLVIEW AVE,1990-01,1999-05
7,HILLVIEW AVE,1990-04,1999-05
8,HILLVIEW AVE,1990-04,1999-04
111,HO CHING RD,1990-01,2026-09
112,HO CHING RD,1990-04,2026-08
114,HO CHING RD,1990-01,2026-02
115,HO CHING RD,2002-10,2025-04
119,HO CHING RD,1990-01,2026-01
120,HO CHING RD,1990-01,2026-08
10,HOLLAND AVE,1990-07,2026-10
12,HOLLAND AVE,1990-01,2026-09
2,HOLLAND AVE,1990-01,2026-10
8,HOLLAND AVE,1990-01,2026-05
9,HOLLAND AVE,1990-01,2026-08
3,HOLLAND CL,2002-08,2026-10
30,HOLLAND CL,2001-03,2025-11
30A,HOLLAND CL,2001-04,2026-09
31,HOLLAND CL,1990-02,2026-03
32,HOLLAND CL,1990-02,2026-07
3A,HOLLAND CL,2002-07,2026-09
4,HOLLAND CL,1990-01,2026-09
5,HOLLAND CL,2002-09,2026-08
6,HOLLAND CL,1990-01,2026-04
11,HOLLAND DR,1990-01,2026-09
13,HOLLAND DR,1990-01,2026-09
15,HOLLAND DR,1990-08,2002-07
16,HOLLAND DR,1990-01,2005-06
17,HOLLAND DR,1990-02,2005-06
18A,HOLLAND DR,2013-12,2026-08
18B,HOLLAND DR,2014-05,2026-09
18C,HOLLAND DR,2014-04,2026-09
18D,HOLLAND DR,2014-01,2026-04
19,HOLLAND DR,1990-08,1999-09
20,HOLLAND DR,1990-01,2026-09
21,HOLLAND DR,1990-06,2026-09
40,HOLLAND DR,1993-02,2024-11
41,HOLLAND DR,1990-02,2026-05
42,HOLLAND DR,1990-01,2020-06
43,HOLLAND DR,1990-04,2026-01
45,HOLLAND DR,1991-06,2015-06
46,HOLLAND DR,1990-03,2019-09
47,HOLLAND DR,1994-03,2026-06
101,HOUGANG AVE 1,1990-06,2026-08
102,HOUGANG AVE 1,1990-06,2025-09
103,HOUGANG AVE 1,1990-02,2025-12
104,HOUGANG AVE 1,1997-10,2015-10
106,HOUGANG AVE 1,2002-06,2026-03
108,HOUGANG AVE 1,2000-07,2026-09
109,HOUGANG AVE 1,1990-01,2026-06
110,HOUGANG AVE 1,1990-01,2026-05
111,HOUGANG AVE 1,1990-02,2025-06
112,HOUGANG AVE 1,1990-07,2025-08
113,HOUGANG AVE 1,1990-01,2026-10
114,HOUGANG AVE 1,1990-01,2026-05
115,HOUGANG AVE 1,1990-01,2026-09
116,HOUGANG AVE 1,1990-02,2026-07
117,HOUGANG AVE 1,1993-11,2025-01
118,HOUGANG AVE 1,1990-07,2024-12
119,HOUGANG AVE 1,1990-10,2026-09
120,HOUGANG AVE 1,1990-10,2026-08
121,HOUGANG AVE 1,1991-03,2024-12
122,HOUGANG AVE 1,1990-09,2025-12
123,HOUGANG AVE 1,1990-02,2026-06
124,HOUGANG AVE 1,1990-01,2026-03
125,HOUGANG AVE 1,1990-01,2026-05
126,HOUGANG AVE 1,1990-03,2026-03
127,HOUGANG AVE 1,1993-03,2026-09
165,HOUGANG AVE 1,2001-12,2026-08
166,HOUGANG AVE 1,2001-10,2026-01
167,HOUGANG AVE 1,2001-11,2026-07
168,HOUGANG AVE 1,2001-12,2026-06
169,HOUGANG AVE 1,2002-01,2026-09
170,HOUGANG AVE 1,2002-01,2025-07
171,HOUGANG AVE 1,2001-12,2026-08
172,HOUGANG AVE 1,2001-11,2026-09
173,HOUGANG AVE 1,2001-11,2026-07
174A,HOUGANG AVE 1,2018-08,2026-06
174B,HOUGANG AVE 1,2019-05,2026-08
230,HOUGANG AVE 1,1990-06,2026-08
232,HOUGANG AVE 1,1990-02,2026-09
234,HOUGANG AVE 1,1990-01,2026-04
236,HOUGANG AVE 1,1990-07,2026-09
238,HOUGANG AVE 1,1990-07,2026-07
401,HOUGANG AVE 10,1990-05,2026-07
402,HOUGANG AVE 10,1990-12,2025-10
403,HOUGANG AVE 10,1990-12,2026-08
404,HOUGANG AVE 10,1990-02,2026-07
405,HOUGANG AVE 10,1990-09,2025-09
406,HOUGANG AVE 10,1991-06,2026-08
407,HOUGANG AVE 10,1990-08,2026-08
408,HOUGANG AVE 10,1990-07,2026-01
409,HOUGANG AVE 10,1990-12,2026-07
410,HOUGANG AVE 10,1990-01,2025-09
411,HOUGANG AVE 10,1991-01,2026-08
412,HOUGANG AVE 10,1990-05,2024-06
413,HOUGANG AVE 10,1990-08,2026-04
414,HOUGANG AVE 10,1990-03,2024-08
415,HOUGANG AVE 10,1990-06,2026-10
416,HOUGANG AVE 10,1990-03,2026-09
420,HOUGANG AVE 10,1994-04,2026-09
421,HOUGANG AVE 10,1994-03,2025-07
447,HOUGANG AVE 10,1995-07,2026-07
448,HOUGANG AVE 10,1995-03,2026-05
449,HOUGANG AVE 10,1996-01,2026-09
450,HOUGANG AVE 10,1993-09,2026-06
451,HOUGANG AVE 10,1995-03,2026-08
452,HOUGANG AVE 10,1995-12,2026-01
453,HOUGANG AVE 10,1995-11,2025-07
454,HOUGANG AVE 10,1995-11,2025-05
455,HOUGANG AVE 10,1994-02,2026-09
456,HOUGANG AVE 10,1995-01,2026-09
457,HOUGANG AVE 10,1995-11,2026-01
458,HOUGANG AVE 10,1995-11,2025-12
460,HOUGANG AVE 10,1997-03,2026-02
461,HOUGANG AVE 10,1993-11,2026-08
462,HOUGANG AVE 10,1997-01,2026-02
463,HOUGANG AVE 10,1996-12,2026-08
508,HOUGANG AVE 10,1991-07,2026-10
509,HOUGANG AVE 10,1991-01,2025-06
510,HOUGANG AVE 10,1991-01,2025-05
511,HOUGANG AVE 10,1991-02,2026-06
512,HOUGANG AVE 10,1991-03,2026-06
513,HOUGANG AVE 10,1991-09,2026-06
514,HOUGANG AVE 10,1991-11,2025-02
515,HOUGANG AVE 10,1990-12,2026-08
516,HOUGANG AVE 10,1990-12,2026-07
517,HOUGANG AVE 10,1991-10,2026-08
701,HOUGANG AVE 2,1990-07,2026-07
702,HOUGANG AVE 2,1990-07,2026-04
703,HOUGANG AVE 2,1990-05,2026-04
704,HOUGANG AVE 2,1990-05,2026-04
705,HOUGANG AVE 2,1990-11,2026-09
706,HOUGANG AVE 2,1990-07,2026-06
707,HOUGANG AVE 2,1990-10,2026-06
708,HOUGANG AVE 2,1990-06,2026-09
709,HOUGANG AVE 2,1990-07,2026-04
710,HOUGANG AVE 2,1991-02,2026-05
711,HOUGANG AVE 2,1991-01,2026-06
712,HOUGANG AVE 2,1990-10,2026-09
1,HOUGANG AVE 3,1990-01,2026-06
15,HOUGANG AVE 3,1990-01,2026-08
16,HOUGANG AVE 3,1990-01,2026-02
17,HOUGANG AVE 3,1990-01,2026-01
18,HOUGANG AVE 3,1990-12,2025-07
19,HOUGANG AVE 3,1990-04,2025-09
2,HOUGANG AVE 3,1990-01,2025-11
20,HOUGANG AVE 3,1990-01,2026-09
21,HOUGANG AVE 3,1990-01,2026-06
22,HOUGANG AVE 3,1990-04,2026-01
23,HOUGANG AVE 3,1990-02,2026-09
24,HOUGANG AVE 3,1990-01,2026-09
247,HOUGANG AVE 3,1990-05,2026-07
248,HOUGANG AVE 3,1990-01,2026-06
249,HOUGANG AVE 3,1990-04,2026-08
250,HOUGANG AVE 3,1993-09,2026-08
251,HOUGANG AVE 3,1990-01,2026-04
252,HOUGANG AVE 3,1990-01,2026-09
253,HOUGANG AVE 3,1990-05,2026-05
254,HOUGANG AVE 3,1991-08,2026-08
6,HOUGANG AVE 3,1990-09,2025-07
7,HOUGANG AVE 3,1990-06,2024-08
576,HOUGANG AVE 4,2001-05,2026-03
577,HOUGANG AVE 4,2001-05,2025-07
578,HOUGANG AVE 4,2001-04,2026-09
579,HOUGANG AVE 4,2001-04,2026-08
580,HOUGANG AVE 4,2001-08,2026-01
601,HOUGANG AVE 4,1990-08,2026-09
602,HOUGANG AVE 4,1990-07,2025-11
603,HOUGANG AVE 4,1990-07,2026-05
604,HOUGANG AVE 4,1991-07,2025-10
605,HOUGANG AVE 4,1990-08,2026-08
606,HOUGANG AVE 4,1990-08,2025-06
607,HOUGANG AVE 4,1990-08,2026-01
608,HOUGANG AVE 4,1990-08,2025-08
661,HOUGANG AVE 4,1990-08,2026-08
662,HOUGANG AVE 4,1991-09,2026-02
665,HOUGANG AVE 4,1992-01,2026-09
666,HOUGANG AVE 4,1993-07,2026-08
667,HOUGANG AVE 4,1992-02,2026-06
682,HOUGANG AVE 4,1994-03,2026-01
919,HOUGANG AVE 4,2002-02,2026-08
301,HOUGANG AVE 5,1990-02,2026-09
302,HOUGANG AVE 5,1990-01,2025-11
303,HOUGANG AVE 5,1990-01,2026-05
304,HOUGANG AVE 5,1990-01,2026-07
305,HOUGANG AVE 5,1991-06,2024-09
306,HOUGANG AVE 5,1990-02,2026-09
307,HOUGANG AVE 5,1990-02,2025-10
308,HOUGANG AVE 5,1990-01,2026-07
309,HOUGANG AVE 5,1990-01,2025-12
310,HOUGANG AVE 5,1990-01,2026-08
311,HOUGANG AVE 5,1990-02,2026-04
312,HOUGANG AVE 5,1993-11,2026-01
313,HOUGANG AVE 5,2021-06,2026-07
314,HOUGANG AVE 5,1997-03,2026-10
315,HOUGANG AVE 5,2021-10,2026-07
318,HOUGANG AVE 5,1990-01,2025-11
319,HOUGANG AVE 5,1990-01,2026-07
320,HOUGANG AVE 5,1990-01,2025-07
321,HOUGANG AVE 5,1990-02,2026-09
322,HOUGANG AVE 5,1990-10,2026-03
323,HOUGANG AVE 5,1991-09,2025-08
324,HOUGANG AVE 5,1991-04,2025-06
327,HOUGANG AVE 5,1990-01,2026-06
328,HOUGANG AVE 5,1990-03,2026-06
332,HOUGANG AVE 5,1990-07,2026-09
333,HOUGANG AVE 5,1990-11,2024-12
334,HOUGANG AVE 5,1991-02,2026-08
358,HOUGANG AVE 5,1994-03,2026-03
359,HOUGANG AVE 5,1996-09,2026-03
360,HOUGANG AVE 5,1996-10,2025-04
361,HOUGANG AVE 5,1994-05,2026-09
362,HOUGANG AVE 5,1995-03,2024-07
363,HOUGANG AVE 5,1996-10,2026-08
422,HOUGANG AVE 6,1995-03,2024-07
423,HOUGANG AVE 6,1994-10,2026-09
424,HOUGANG AVE 6,1995-01,2026-08
425,HOUGANG AVE 6,1994-11,2024-12
426,HOUGANG AVE 6,1994-11,2026-05
427,HOUGANG AVE 6,1995-02,2026-05
428,HOUGANG AVE 6,1993-12,2026-09
429,HOUGANG AVE 6,1994-02,2025-09
430,HOUGANG AVE 6,1991-11,2026-09
431,HOUGANG AVE 6,1994-04,2021-03
432,HOUGANG AVE 6,1994-07,2026-09
520,HOUGANG AVE 6,1992-03,2025-12
521,HOUGANG AVE 6,1991-11,2025-12
522,HOUGANG AVE 6,1992-02,2026-09
523,HOUGANG AVE 6,1991-07,2026-07
524,HOUGANG AVE 6,1991-07,2026-09
525,HOUGANG AVE 6,1992-07,2025-07
526,HOUGANG AVE 6,1992-01,2026-08
527,HOUGANG AVE 6,1992-03,2026-08
528,HOUGANG AVE 6,1992-02,2026-08
529,HOUGANG AVE 6,1992-02,2025-09
530,HOUGANG AVE 6,1992-04,2026-05
531,HOUGANG AVE 6,1991-10,2026-06
532,HOUGANG AVE 6,1992-02,2026-08
533,HOUGANG AVE 6,1992-05,2026-10
316,HOUGANG AVE 7,2020-08,2026-06
317,HOUGANG AVE 7,1990-02,2026-09
325,HOUGANG AVE 7,1990-02,2025-04
326,HOUGANG AVE 7,1991-07,2026-05
335,HOUGANG AVE 7,1990-03,2015-01
336,HOUGANG AVE 7,1990-06,2026-03
337,HOUGANG AVE 7,1991-05,2026-09
338,HOUGANG AVE 7,1994-05,2025-10
339,HOUGANG AVE 7,1990-01,2026-03
340,HOUGANG AVE 7,1990-03,2024-06
341,HOUGANG AVE 7,1990-01,2026-01
351,HOUGANG AVE 7,1990-03,2026-05
352,HOUGANG AVE 7,1990-01,2026-07
353,HOUGANG AVE 7,1990-03,2024-05
354,HOUGANG AVE 7,1990-03,2026-09
355,HOUGANG AVE 7,1990-10,2026-01
356,HOUGANG AVE 7,1991-09,2026-01
357,HOUGANG AVE 7,1990-02,2026-07
417,HOUGANG AVE 8,1994-08,2025-07
418,HOUGANG AVE 8,1994-06,2026-09
419,HOUGANG AVE 8,1994-03,2026-09
433,HOUGANG AVE 8,1994-07,2025-06
434,HOUGANG AVE 8,1994-04,2025-09
435,HOUGANG AVE 8,1994-06,2026-06
436,HOUGANG AVE 8,1995-11,2025-08
437,HOUGANG AVE 8,1995-10,2025-12
438,HOUGANG AVE 8,1995-04,2026-08
439,HOUGANG AVE 8,1995-08,2026-02
440,HOUGANG AVE 8,1994-04,2026-08
441,HOUGANG AVE 8,1995-11,2025-06
442,HOUGANG AVE 8,1996-02,2018-07
443,HOUGANG AVE 8,1994-09,2026-07
444,HOUGANG AVE 8,1995-11,2026-09
445,HOUGANG AVE 8,1994-01,2026-09
446,HOUGANG AVE 8,1995-12,2026-09
466,HOUGANG AVE 8,1995-09,2026-07
467,HOUGANG AVE 8,1996-10,2026-01
468,HOUGANG AVE 8,1994-07,2026-07
501,HOUGANG AVE 8,1991-06,2026-08
502,HOUGANG AVE 8,1991-08,2026-02
503,HOUGANG AVE 8,1991-04,2026-07
504,HOUGANG AVE 8,1991-06,2026-01
505,HOUGANG AVE 8,1993-07,2026-08
506,HOUGANG AVE 8,1992-03,2025-06
507,HOUGANG AVE 8,1990-10,2025-02
540,HOUGANG AVE 8,1994-05,2026-05
541,HOUGANG AVE 8,1993-03,2025-06
542,HOUGANG AVE 8,1994-04,2026-09
543,HOUGANG AVE 8,1996-10,2026-08
544,HOUGANG AVE 8,1996-07,2025-06
545,HOUGANG AVE 8,1996-08,2025-02
609,HOUGANG AVE 8,1990-10,2024-03
610,HOUGANG AVE 8,1991-05,2026-02
611,HOUGANG AVE 8,1990-12,2026-03
612,HOUGANG AVE 8,1991-12,2023-12
613,HOUGANG AVE 8,1991-07,2026-07
614,HOUGANG AVE 8,1991-03,2026-08
615,HOUGANG AVE 8,1990-11,2026-09
616,HOUGANG AVE 8,1991-06,2026-09
617,HOUGANG AVE 8,1990-12,2026-06
618,HOUGANG AVE 8,1991-09,2024-02
619,HOUGANG AVE 8,1990-11,2026-04
620,HOUGANG AVE 8,1990-08,2026-02
621,HOUGANG AVE 8,1991-01,2025-05
622,HOUGANG AVE 8,1991-08,2026-05
623,HOUGANG AVE 8,1990-07,2026-08
624,HOUGANG AVE 8,1991-07,2026-03
625,HOUGANG AVE 8,1992-11,2023-07
626,HOUGANG AVE 8,1991-04,2026-04
627,HOUGANG AVE 8,1991-06,2026-09
628,HOUGANG AVE 8,1990-05,2026-09
629,HOUGANG AVE 8,1991-07,2026-07
630,HOUGANG AVE 8,1991-07,2026-03
631,HOUGANG AVE 8,1990-11,2026-09
632,HOUGANG AVE 8,1991-07,2025-07
633,HOUGANG AVE 8,1992-04,2026-08
634,HOUGANG AVE 8,1992-03,2026-07
635,HOUGANG AVE 8,1992-06,2026-01
636,HOUGANG AVE 8,1992-09,2025-12
637,HOUGANG AVE 8,1992-06,2026-09
638,HOUGANG AVE 8,1992-06,2024-11
639,HOUGANG AVE 8,1993-07,2022-04
640,HOUGANG AVE 8,1992-02,2026-07
641,HOUGANG AVE 8,1992-06,2026-08
642,HOUGANG AVE 8,1992-08,2026-09
643,HOUGANG AVE 8,1992-03,2026-08
644,HOUGANG AVE 8,1991-12,2025-09
645,HOUGANG AVE 8,1991-03,2026-05
646,HOUGANG AVE 8,1994-05,2025-07
647,HOUGANG AVE 8,1992-05,2020-07
648,HOUGANG AVE 8,1992-04,2026-07
649,HOUGANG AVE 8,1992-11,2025-08
650,HOUGANG AVE 8,1992-06,2026-02
651,HOUGANG AVE 8,1998-04,2026-08
652,HOUGANG AVE 8,1992-08,2026-03
653,HOUGANG AVE 8,1992-11,2025-07
654,HOUGANG AVE 8,1993-10,2026-01
655,HOUGANG AVE 8,1992-08,2026-09
656,HOUGANG AVE 8,1992-07,2026-09
657,HOUGANG AVE 8,1991-05,2026-08
658,HOUGANG AVE 8,1991-11,2026-07
659,HOUGANG AVE 8,1993-09,2022-11
660,HOUGANG AVE 8,1991-11,2026-08
668,HOUGANG AVE 8,1993-02,2023-07
669,HOUGANG AVE 8,1992-04,2026-01
670,HOUGANG AVE 8,1993-05,2025-09
671,HOUGANG AVE 8,1992-03,2026-08
672,HOUGANG AVE 8,1992-06,2025-06
673,HOUGANG AVE 8,1991-05,2025-01
674,HOUGANG AVE 8,1991-04,2026-05
675,HOUGANG AVE 8,1991-04,2025-06
676,HOUGANG AVE 8,1991-07,2025-10
677,HOUGANG AVE 8,1992-12,2026-07
678,HOUGANG AVE 8,1992-11,2026-09
679,HOUGANG AVE 8,1993-08,2026-06
680,HOUGANG AVE 8,1992-02,2026-02
681,HOUGANG AVE 8,1993-10,2026-06
683,HOUGANG AVE 8,1994-04,2026-03
684,HOUGANG AVE 8,1994-05,2026-01
916,HOUGANG AVE 9,2002-02,2026-06
917,HOUGANG AVE 9,2001-11,2023-08
918,HOUGANG AVE 9,2001-11,2026-07
923,HOUGANG AVE 9,2001-12,2026-07
924,HOUGANG AVE 9,2002-09,2026-07
932A,HOUGANG AVE 9,2021-08,2026-07
932B,HOUGANG AVE 9,2021-07,2026-05
933A,HOUGANG AVE 9,2021-10,2026-06
951,HOUGANG AVE 9,2003-04,2024-07
952,HOUGANG AVE 9,2003-06,2026-01
953,HOUGANG AVE 9,2003-03,2026-05
954,HOUGANG AVE 9,2003-07,2026-08
955,HOUGANG AVE 9,2003-06,2026-05
960,HOUGANG AVE 9,2003-12,2026-01
961,HOUGANG AVE 9,2003-12,2026-05
962,HOUGANG AVE 9,2002-11,2025-03
963,HOUGANG AVE 9,2003-08,2026-07
964,HOUGANG AVE 9,2003-07,2026-07
965,HOUGANG AVE 9,2003-10,2025-10
966,HOUGANG AVE 9,2003-10,2026-04
967,HOUGANG AVE 9,2004-03,2026-04
968,HOUGANG AVE 9,2003-09,2024-02
804,HOUGANG CTRL,1996-06,2025-12
806,HOUGANG CTRL,1996-09,2013-09
809,HOUGANG CTRL,1993-12,2010-08
811,HOUGANG CTRL,1993-10,2024-01
830,HOUGANG CTRL,1996-04,2024-10
831,HOUGANG CTRL,1996-02,2025-03
832,HOUGANG CTRL,1996-07,2026-01
833,HOUGANG CTRL,1995-04,2024-03
834,HOUGANG CTRL,1992-10,2025-11
835,HOUGANG CTRL,1994-05,2026-05
836,HOUGANG CTRL,2000-11,2026-05
837,HOUGANG CTRL,2001-02,2026-10
838,HOUGANG CTRL,2000-09,2026-06
850,HOUGANG CTRL,2000-10,2025-05
851,HOUGANG CTRL,2000-09,2026-08
852,HOUGANG CTRL,2000-08,2022-07
853,HOUGANG CTRL,2000-10,2026-07
154,HOUGANG ST 11,1990-01,2026-01
155,HOUGANG ST 11,1990-04,2026-07
156,HOUGANG ST 11,1992-03,2025-03
157,HOUGANG ST 11,1991-06,2017-03
158,HOUGANG ST 11,2001-11,2026-07
159,HOUGANG ST 11,2002-04,2026-07
160,HOUGANG ST 11,2001-12,2025-09
161,HOUGANG ST 11,2002-01,2026-04
201,HOUGANG ST 21,2000-04,2023-05
210,HOUGANG ST 21,1990-03,2023-10
211,HOUGANG ST 21,2006-12,2025-09
220,HOUGANG ST 21,1996-02,2024-12
221,HOUGANG ST 21,1995-12,2026-09
222,HOUGANG ST 21,1995-09,2026-07
231,HOUGANG ST 21,1990-01,2026-09
233,HOUGANG ST 21,1993-06,2025-09
235,HOUGANG ST 21,1990-07,2026-04
237,HOUGANG ST 21,1990-01,2026-09
239,HOUGANG ST 22,1990-01,2026-08
240,HOUGANG ST 22,1990-06,2026-09
241,HOUGANG ST 22,1990-03,2026-09
242,HOUGANG ST 22,1990-02,2025-02
243,HOUGANG ST 22,1991-01,2025-10
244,HOUGANG ST 22,1990-01,2026-09
245,HOUGANG ST 22,1991-09,2026-05
246,HOUGANG ST 22,1992-10,2026-08
370,HOUGANG ST 31,2003-12,2026-02
371,HOUGANG ST 31,2003-12,2026-08
372,HOUGANG ST 31,2004-02,2026-07
373,HOUGANG ST 31,2004-03,2026-07
374,HOUGANG ST 31,2004-09,2025-09
375,HOUGANG ST 31,2006-08,2026-05
376A,HOUGANG ST 32,2020-06,2026-09
376B,HOUGANG ST 32,2020-06,2025-06
376C,HOUGANG ST 32,2020-09,2026-06
377A,HOUGANG ST 32,2026-04,2026-09
377B,HOUGANG ST 32,2026-04,2026-10
546,HOUGANG ST 51,1996-06,2026-04
547,HOUGANG ST 51,1994-02,2025-12
548,HOUGANG ST 51,1993-12,2026-03
549,HOUGANG ST 51,1996-01,2026-09
550,HOUGANG ST 51,1996-04,2024-08
551,HOUGANG ST 51,1995-11,2026-02
552,HOUGANG ST 51,1994-07,2024-08
553,HOUGANG ST 51,1994-06,2026-10
554,HOUGANG ST 51,1996-08,2026-08
555,HOUGANG ST 51,1994-03,2026-05
556,HOUGANG ST 51,1996-03,2024-04
557,HOUGANG ST 51,1996-03,2026-09
558,HOUGANG ST 51,1996-02,2026-09
559,HOUGANG ST 51,1996-03,2025-07
560,HOUGANG ST 51,1994-11,2026-07
561,HOUGANG ST 51,1997-04,2019-03
562,HOUGANG ST 51,1994-02,2026-09
563,HOUGANG ST 51,1996-05,2026-08
564,HOUGANG ST 51,1993-12,2026-08
565,HOUGANG ST 51,1994-04,2026-06
566,HOUGANG ST 51,1996-10,2025-02
567,HOUGANG ST 51,2000-09,2026-06
568,HOUGANG ST 51,2000-09,2026-07
569,HOUGANG ST 51,2000-11,2026-07
570,HOUGANG ST 51,2000-12,2026-08
571,HOUGANG ST 51,2000-09,2026-08
572,HOUGANG ST 51,2000-11,2026-07
573,HOUGANG ST 51,2001-03,2025-09
574,HOUGANG ST 51,2001-01,2026-08
575,HOUGANG ST 51,2000-10,2026-02
534,HOUGANG ST 52,1992-09,2025-03
535,HOUGANG ST 52,1995-09,2026-08
536,HOUGANG ST 52,1995-11,2026-03
537,HOUGANG ST 52,1995-08,2026-04
538,HOUGANG ST 52,1995-07,2026-09
539,HOUGANG ST 52,1995-09,2026-06
698C,HOUGANG ST 52,2003-12,2024-06
698D,HOUGANG ST 52,2003-09,2026-08
699,HOUGANG ST 52,2003-06,2026-09
699A,HOUGANG ST 52,2003-06,2025-07
699B,HOUGANG ST 52,2003-02,2026-09
699C,HOUGANG ST 52,2003-06,2026-09
685,HOUGANG ST 61,1992-01,2026-01
686,HOUGANG ST 61,1990-12,2026-05
687,HOUGANG ST 61,1991-11,2025-12
688,HOUGANG ST 61,1991-11,2026-03
689,HOUGANG ST 61,1991-08,2026-09
690,HOUGANG ST 61,1992-03,2026-02
691,HOUGANG ST 61,1992-05,2022-08
692,HOUGANG ST 61,1993-06,2025-05
693,HOUGANG ST 61,1991-12,2026-09
694,HOUGANG ST 61,1991-12,2026-05
695,HOUGANG ST 61,1991-12,2025-07
696,HOUGANG ST 61,1991-09,2026-05
697,HOUGANG ST 61,1991-11,2026-07
698,HOUGANG ST 61,1991-12,2026-04
698A,HOUGANG ST 61,2003-05,2026-08
698B,HOUGANG ST 61,2003-08,2025-06
909,HOUGANG ST 91,2001-02,2026-08
910,HOUGANG ST 91,2001-04,2026-08
911,HOUGANG ST 91,2001-06,2026-02
912,HOUGANG ST 91,2001-05,2026-03
913,HOUGANG ST 91,2001-04,2026-05
914,HOUGANG ST 91,2001-07,2025-12
915,HOUGANG ST 91,2001-07,2026-01
920,HOUGANG ST 91,2002-01,2026-01
921,HOUGANG ST 91,2002-02,2025-04
922,HOUGANG ST 91,2001-12,2024-12
925,HOUGANG ST 91,2002-07,2026-09
926,HOUGANG ST 91,2002-04,2026-01
927,HOUGANG ST 91,2002-09,2026-06
928,HOUGANG ST 91,2002-06,2026-09
929,HOUGANG ST 91,2002-04,2026-08
930,HOUGANG ST 91,2002-04,2026-05
931,HOUGANG ST 91,2002-05,2026-07
950,HOUGANG ST 91,2003-07,2026-09
956,HOUGANG ST 91,2003-03,2026-07
957,HOUGANG ST 91,2003-04,2025-08
958,HOUGANG ST 91,2003-05,2025-08
959,HOUGANG ST 91,2003-07,2026-01
969,HOUGANG ST 91,2003-08,2026-07
970,HOUGANG ST 91,2003-12,2026-08
971,HOUGANG ST 91,2004-03,2026-07
972,HOUGANG ST 91,2004-01,2026-02
973,HOUGANG ST 91,2004-01,2025-10
974,HOUGANG ST 91,2004-10,2026-09
975,HOUGANG ST 91,2004-05,2026-05
976,HOUGANG ST 91,2003-11,2026-07
936,HOUGANG ST 92,2002-06,2026-04
937,HOUGANG ST 92,2002-05,2026-06
938,HOUGANG ST 92,2002-04,2026-07
939,HOUGANG ST 92,2002-04,2026-06
940,HOUGANG ST 92,2002-04,2026-09
941,HOUGANG ST 92,2002-04,2026-05
942,HOUGANG ST 92,2002-10,2026-02
943,HOUGANG ST 92,2002-09,2026-07
944,HOUGANG ST 92,2002-10,2025-07
945,HOUGANG ST 92,2002-09,2025-10
946,HOUGANG ST 92,2002-08,2026-01
28,HOY FATT RD,1990-01,2026-08
49,HOY FATT RD,1991-08,2026-05
50,HOY FATT RD,1991-09,2026-09
142,HU CHING RD,1990-02,1999-11
145,HU CHING RD,1990-01,1999-06
77,INDUS RD,1990-01,2026-06
78,INDUS RD,1990-01,2026-04
501,JELAPANG RD,2003-01,2026-02
502,JELAPANG RD,2002-12,2026-06
503,JELAPANG RD,2002-02,2026-09
504,JELAPANG RD,2001-12,2026-05
505,JELAPANG RD,2002-09,2026-03
506,JELAPANG RD,2002-01,2026-07
507,JELAPANG RD,2002-02,2026-05
508,JELAPANG RD,2001-01,2026-09
509,JELAPANG RD,2002-04,2026-05
510,JELAPANG RD,2002-03,2026-03
511,JELAPANG RD,2002-02,2026-03
512,JELAPANG RD,2001-12,2026-04
513,JELAPANG RD,2002-05,2025-01
514,JELAPANG RD,2002-03,2025-07
515,JELAPANG RD,2002-06,2026-09
516,JELAPANG RD,2002-04,2026-06
517,JELAPANG RD,2002-07,2025-09
518,JELAPANG RD,2002-06,2026-02
519,JELAPANG RD,2002-08,2026-02
520,JELAPANG RD,2002-04,2026-05
521,JELAPANG RD,2002-08,2026-08
522,JELAPANG RD,2002-03,2025-08
523,JELAPANG RD,2002-07,2026-05
524,JELAPANG RD,2002-04,2026-06
525,JELAPANG RD,2002-06,2026-02
526,JELAPANG RD,2002-06,2026-07
527,JELAPANG RD,2002-06,2026-08
528,JELAPANG RD,2002-05,2024-02
529,JELAPANG RD,2002-10,2026-07
530,JELAPANG RD,2002-07,2026-05
531,JELAPANG RD,2002-09,2026-03
532,JELAPANG RD,2002-09,2026-06
534,JELAPANG RD,2003-02,2026-04
536,JELAPANG RD,2003-02,2026-08
538,JELAPANG RD,2003-02,2026-08
540,JELAPANG RD,2003-03,2026-09
542,JELAPANG RD,2003-03,2026-01
543,JELAPANG RD,2003-01,2026-09
544,JELAPANG RD,2003-03,2026-09
181,JELEBU RD,2006-05,2026-01
182,JELEBU RD,2006-05,2026-07
183,JELEBU RD,2006-04,2026-06
184,JELEBU RD,2006-03,2026-07
185,JELEBU RD,2006-05,2026-09
813,JELLICOE RD,2006-12,2026-07
815,JELLICOE RD,2006-07,2026-09
816,JELLICOE RD,2006-07,2026-09
27,JLN BAHAGIA,1990-04,2026-06
28,JLN BAHAGIA,1990-01,2026-07
29,JLN BAHAGIA,1992-07,2026-09
30,JLN BAHAGIA,1992-01,2026-06
32,JLN BAHAGIA,1990-08,2026-05
33,JLN BAHAGIA,1990-11,2026-09
34,JLN BAHAGIA,1990-04,2026-07
35,JLN BAHAGIA,1990-02,2026-05
38,JLN BAHAGIA,1990-01,2025-05
39,JLN BAHAGIA,1991-07,2026-03
40,JLN BAHAGIA,1990-10,2024-10
41,JLN BAHAGIA,1990-10,2026-06
42,JLN BAHAGIA,1990-09,2026-07
43,JLN BAHAGIA,1992-03,2023-02
44,JLN BAHAGIA,1992-03,2018-05
45,JLN BAHAGIA,1990-11,2009-11
46,JLN BAHAGIA,1991-03,2026-08
47,JLN BAHAGIA,1993-06,2020-01
48,JLN BAHAGIA,1992-11,2024-03
49,JLN BAHAGIA,1993-06,2025-02
50,JLN BAHAGIA,1991-05,2022-06
51,JLN BAHAGIA,1990-12,2026-04
52,JLN BAHAGIA,1991-05,2023-11
55,JLN BAHAGIA,1990-03,2024-11
60,JLN BAHAGIA,1992-11,2024-04
10,JLN BATU,1990-08,2026-09
11,JLN BATU,1990-05,2026-09
2,JLN BATU,1990-03,2026-02
3,JLN BATU,1991-07,2026-06
4,JLN BATU,1990-05,2026-09
5,JLN BATU,1990-05,2026-09
6,JLN BATU,1990-03,2026-08
7,JLN BATU,1990-05,2026-08
8,JLN BATU,1990-02,2026-05
9,JLN BATU,1990-01,2026-08
26,JLN BERSEH,1990-04,2026-10
10,JLN BT HO SWEE,2001-12,2026-07
2,JLN BT HO SWEE,2001-09,2026-05
32,JLN BT HO SWEE,1990-04,2025-10
34,JLN BT HO SWEE,1990-03,2026-07
4,JLN BT HO SWEE,1990-03,2024-03
46,JLN BT HO SWEE,1990-03,2026-06
6,JLN BT HO SWEE,1990-01,2026-04
8,JLN BT HO SWEE,1990-02,2025-11
1,JLN BT MERAH,1990-01,2026-09
107,JLN BT MERAH,1990-07,2026-06
108,JLN BT MERAH,1990-01,2026-07
109,JLN BT MERAH,1990-01,2026-07
11,JLN BT MERAH,1993-07,2023-02
113,JLN BT MERAH,1990-06,2024-10
12,JLN BT MERAH,2000-05,2025-11
13,JLN BT MERAH,2000-01,2026-02
131,JLN BT MERAH,1990-07,2025-12
132,JLN BT MERAH,1990-01,2025-09
133,JLN BT MERAH,1990-01,2026-07
134,JLN BT MERAH,2000-02,2025-08
135,JLN BT MERAH,2000-05,2026-03
136,JLN BT MERAH,1990-03,2025-07
137,JLN BT MERAH,1991-03,2026-07
138,JLN BT MERAH,1990-05,2026-05
139,JLN BT MERAH,2000-05,2026-07
14,JLN BT MERAH,1996-01,2026-02
140,JLN BT MERAH,1990-01,2026-01
141,JLN BT MERAH,1990-01,2026-09
142,JLN BT MERAH,1990-07,2026-08
143,JLN BT MERAH,1991-01,2026-05
144,JLN BT MERAH,1990-03,2026-05
145,JLN BT MERAH,1990-03,2025-12
146,JLN BT MERAH,1990-01,2026-09
2,JLN BT MERAH,1990-01,2026-09
28,JLN BT MERAH,1990-01,2026-08
7,JLN BT MERAH,1995-11,2024-12
661,JLN DAMAI,2000-07,2026-02
662,JLN DAMAI,1996-04,2025-12
663,JLN DAMAI,1996-01,2025-12
664,JLN DAMAI,2000-03,2025-09
665,JLN DAMAI,2000-03,2026-06
666,JLN DAMAI,2000-08,2026-06
667,JLN DAMAI,2000-04,2026-09
668,JLN DAMAI,2000-04,2026-08
669,JLN DAMAI,2000-09,2025-10
670,JLN DAMAI,2000-07,2025-07
671,JLN DAMAI,2000-08,2024-01
672,JLN DAMAI,2000-05,2026-08
93,JLN DUA,1990-01,2026-02
97,JLN DUA,1991-04,2026-08
102,JLN DUSUN,1990-09,2026-08
104,JLN DUSUN,1991-10,2025-01
106,JLN DUSUN,1991-01,2025-05
446B,JLN KAYU,2017-06,2026-08
446C,JLN KAYU,2017-01,2026-07
447A,JLN KAYU,2017-03,2026-06
447B,JLN KAYU,2017-07,2026-08
20,JLN KLINIK,1990-08,2026-07
26,JLN KLINIK,1990-01,2026-04
28,JLN KLINIK,1990-01,2026-07
30,JLN KLINIK,1990-01,2026-07
10,JLN KUKOH,1990-04,2025-11
8,JLN KUKOH,1990-01,2026-08
9,JLN KUKOH,1990-06,2026-08
53,JLN MA'MOR,1990-11,2025-11
54,JLN MA'MOR,1992-03,2024-10
56,JLN MA'MOR,1992-06,2026-07
57,JLN MA'MOR,1995-03,2022-09
58,JLN MA'MOR,1990-08,2025-08
59,JLN MA'MOR,1995-10,2025-04
62,JLN MA'MOR,1992-05,2020-01
63,JLN MA'MOR,1991-05,2024-05
64,JLN MA'MOR,1990-10,2021-01
65,JLN MA'MOR,1993-08,2025-07
118A,JLN MEMBINA,2005-06,2026-09
118B,JLN MEMBINA,2006-09,2024-11
118C,JLN MEMBINA,2006-09,2026-09
118D,JLN MEMBINA,2006-12,2026-02
19,JLN MEMBINA,2006-09,2026-02
20,JLN MEMBINA,2006-11,2026-06
21,JLN MEMBINA,2006-11,2026-07
22,JLN MEMBINA,2006-09,2026-09
23,JLN MEMBINA,2006-06,2026-08
25A,JLN MEMBINA,2011-09,2026-05
25B,JLN MEMBINA,2010-10,2026-07
26A,JLN MEMBINA,2010-07,2026-03
26B,JLN MEMBINA,2011-10,2026-08
26C,JLN MEMBINA,2011-12,2026-05
26D,JLN MEMBINA,2011-09,2026-09
27A,JLN MEMBINA,2010-11,2026-09
27B,JLN MEMBINA,2011-08,2026-08
24,JLN MEMBINA BARAT,1990-04,1998-11
1,JLN PASAR BARU,1990-01,2003-01
101,JLN RAJAH,1990-01,2025-12
102,JLN RAJAH,1990-04,2026-09
103,JLN RAJAH,1990-01,2026-06
104,JLN RAJAH,1990-01,2026-09
105,JLN RAJAH,1990-02,2026-09
106,JLN RAJAH,1990-08,2025-07
107,JLN RAJAH,1990-07,2026-03
108,JLN RAJAH,1990-05,2026-09
10,JLN RUMAH TINGGI,1994-12,2023-05
35,JLN RUMAH TINGGI,2003-01,2024-05
36,JLN RUMAH TINGGI,2003-04,2026-06
37,JLN RUMAH TINGGI,1990-01,2026-08
38,JLN RUMAH TINGGI,2001-01,2026-07
39,JLN RUMAH TINGGI,2001-02,2026-09
40,JLN RUMAH TINGGI,2001-03,2026-07
8,JLN RUMAH TINGGI,1990-05,2026-06
9,JLN RUMAH TINGGI,1990-07,2026-09
150,JLN TECK WHYE,2001-12,2026-10
151,JLN TECK WHYE,2001-09,2026-09
152,JLN TECK WHYE,2001-10,2026-06
153,JLN TECK WHYE,2026-01,2026-07
154,JLN TECK WHYE,2001-09,2026-09
155,JLN TECK WHYE,2001-09,2026-09
156,JLN TECK WHYE,2001-12,2025-02
157,JLN TECK WHYE,2002-01,2026-02
158,JLN TECK WHYE,2001-10,2025-06
159,JLN TECK WHYE,2001-11,2026-01
160,JLN TECK WHYE,2002-02,2026-05
162,JLN TECK WHYE,2002-03,2026-09
163,JLN TECK WHYE,2001-10,2026-03
164,JLN TECK WHYE,2002-04,2025-07
645,JLN TENAGA,1996-04,2026-02
646,JLN TENAGA,1994-02,2026-04
647,JLN TENAGA,1994-10,2026-09
648,JLN TENAGA,1996-03,2026-01
649,JLN TENAGA,1997-09,2026-03
650,JLN TENAGA,1996-04,2026-09
651,JLN TENAGA,2000-08,2026-07
652,JLN TENAGA,2000-06,2026-07
653,JLN TENAGA,2000-07,2026-10
654,JLN TENAGA,2000-03,2026-07
655,JLN TENAGA,2000-05,2026-02
656,JLN TENAGA,2000-07,2026-07
657,JLN TENAGA,2000-02,2025-10
658,JLN TENAGA,1996-01,2026-09
659,JLN TENAGA,1996-03,2026-08
660,JLN TENAGA,1996-06,2026-02
116A,JLN TENTERAM,2021-03,2026-09
116B,JLN TENTERAM,2021-05,2026-09
117A,JLN TENTERAM,2021-10,2026-09
117B,JLN TENTERAM,2021-07,2026-07
16,JLN TENTERAM,2007-08,2025-09
17,JLN TENTERAM,2005-04,2026-06
18,JLN TENTERAM,2010-04,2026-05
19,JLN TENTERAM,2008-09,2026-04
61,JLN TENTERAM,1990-06,2026-09
39,JLN TIGA,2007-11,2026-03
43,JLN TIGA,2010-07,2026-02
45,JLN TIGA,2009-08,2026-09
47,JLN TIGA,2008-11,2025-06
49,JLN TIGA,2009-04,2026-04
3,JOO CHIAT RD,1991-05,2026-07
4,JOO CHIAT RD,1990-10,2026-07
10,JOO SENG RD,1990-02,2026-03
11,JOO SENG RD,1990-02,2026-05
12,JOO SENG RD,1990-07,2025-12
13,JOO SENG RD,1990-06,2026-01
14,JOO SENG RD,1990-01,2025-06
15,JOO SENG RD,1990-01,2026-05
16,JOO SENG RD,1990-03,2026-03
17,JOO SENG RD,1990-01,2026-02
18,JOO SENG RD,1991-10,2026-05
19,JOO SENG RD,1993-04,2026-07
20,JOO SENG RD,1992-02,2024-06
21,JOO SENG RD,1993-03,2026-07
8,JOO SENG RD,1998-11,2025-10
9,JOO SENG RD,2021-01,2026-09
240A,JURONG EAST AVE 1,2024-05,2026-07
329,JURONG EAST AVE 1,1990-01,2026-05
330,JURONG EAST AVE 1,1990-05,2026-07
331,JURONG EAST AVE 1,1990-01,2025-12
332,JURONG EAST AVE 1,1990-07,2026-10
333,JURONG EAST AVE 1,1990-03,2024-11
334,JURONG EAST AVE 1,1991-03,2025-05
335,JURONG EAST AVE 1,1990-01,2026-09
336,JURONG EAST AVE 1,1990-03,2026-06
337,JURONG EAST AVE 1,1990-01,2026-09
338,JURONG EAST AVE 1,1990-05,2026-04
339,JURONG EAST AVE 1,1990-04,2026-02
340,JURONG EAST AVE 1,1990-03,2025-09
341,JURONG EAST AVE 1,1990-03,2026-07
348,JURONG EAST AVE 1,1997-11,2024-05
349,JURONG EAST AVE 1,1992-04,2025-02
101,JURONG EAST ST 13,1990-01,2026-08
102,JURONG EAST ST 13,1990-03,2026-08
103,JURONG EAST ST 13,1990-01,2026-09
104,JURONG EAST ST 13,2000-04,2025-01
105,JURONG EAST ST 13,1996-12,2026-07
106,JURONG EAST ST 13,1990-03,2026-05
107,JURONG EAST ST 13,1996-05,2026-01
108,JURONG EAST ST 13,1990-03,2026-03
109,JURONG EAST ST 13,1990-01,2026-03
110,JURONG EAST ST 13,1990-01,2026-07
111,JURONG EAST ST 13,1990-08,2026-07
112,JURONG EAST ST 13,1990-12,2025-01
113,JURONG EAST ST 13,1990-08,2026-09
114,JURONG EAST ST 13,2001-04,2025-12
115,JURONG EAST ST 13,1990-02,2026-07
116,JURONG EAST ST 13,1990-09,2026-03
201,JURONG EAST ST 21,1993-09,2026-08
202,JURONG EAST ST 21,2011-11,2026-05
203,JURONG EAST ST 21,1990-03,2026-07
204,JURONG EAST ST 21,1990-06,2026-08
205,JURONG EAST ST 21,1990-03,2026-06
206,JURONG EAST ST 21,1990-03,2026-05
207,JURONG EAST ST 21,1990-02,2026-09
208,JURONG EAST ST 21,1990-01,2026-09
209,JURONG EAST ST 21,1990-01,2025-06
210,JURONG EAST ST 21,1990-01,2026-08
211,JURONG EAST ST 21,1990-01,2026-09
212,JURONG EAST ST 21,1990-02,2025-11
213,JURONG EAST ST 21,1990-03,2026-09
214,JURONG EAST ST 21,1990-01,2026-02
215,JURONG EAST ST 21,1994-01,2026-09
215A,JURONG EAST ST 21,1992-08,2022-01
216,JURONG EAST ST 21,1990-03,2026-09
217,JURONG EAST ST 21,1990-07,2026-07
217A,JURONG EAST ST 21,1994-06,2026-01
218,JURONG EAST ST 21,1990-01,2026-06
219,JURONG EAST ST 21,1990-07,2026-08
219A,JURONG EAST ST 21,1990-04,2026-01
220,JURONG EAST ST 21,1990-04,2026-03
221,JURONG EAST ST 21,1991-03,2025-07
221A,JURONG EAST ST 21,1991-03,2026-07
222,JURONG EAST ST 21,1992-04,2025-01
223,JURONG EAST ST 21,1990-11,2023-10
223A,JURONG EAST ST 21,1996-05,2026-01
224,JURONG EAST ST 21,1990-03,2026-05
225,JURONG EAST ST 21,1995-11,2024-04
225A,JURONG EAST ST 21,1990-02,2026-02
226,JURONG EAST ST 21,1990-05,2026-05
227,JURONG EAST ST 21,1990-01,2026-09
228,JURONG EAST ST 21,1992-06,2025-10
229,JURONG EAST ST 21,1990-02,2026-06
230,JURONG EAST ST 21,1991-01,2026-08
231,JURONG EAST ST 21,1990-03,2026-05
232,JURONG EAST ST 21,1990-01,2025-07
233,JURONG EAST ST 21,1990-01,2026-08
234,JURONG EAST ST 21,1990-09,2026-05
235,JURONG EAST ST 21,2012-03,2021-02
236,JURONG EAST ST 21,1991-04,2026-04
237,JURONG EAST ST 21,2001-04,2022-06
238,JURONG EAST ST 21,1990-07,2026-09
239,JURONG EAST ST 21,1990-04,2025-02
240,JURONG EAST ST 21,1990-01,2025-07
287A,JURONG EAST ST 21,2002-05,2026-09
287B,JURONG EAST ST 21,2002-06,2026-05
287C,JURONG EAST ST 21,2002-04,2026-04
287D,JURONG EAST ST 21,2002-03,2026-05
288A,JURONG EAST ST 21,2003-11,2026-08
288B,JURONG EAST ST 21,2003-09,2026-08
288C,JURONG EAST ST 21,2003-11,2026-09
288D,JURONG EAST ST 21,2003-10,2026-07
288E,JURONG EAST ST 21,2003-06,2026-04
241,JURONG EAST ST 24,1990-02,2026-09
242,JURONG EAST ST 24,1990-01,2024-12
243,JURONG EAST ST 24,1990-01,2026-07
244,JURONG EAST ST 24,1990-01,2026-09
245,JURONG EAST ST 24,1990-06,2025-08
246,JURONG EAST ST 24,1990-03,2026-02
247,JURONG EAST ST 24,1990-01,2026-07
248,JURONG EAST ST 24,1990-02,2026-09
249,JURONG EAST ST 24,1990-12,2026-07
250,JURONG EAST ST 24,1990-11,2026-07
251,JURONG EAST ST 24,1990-01,2026-05
252,JURONG EAST ST 24,2013-01,2026-07
253,JURONG EAST ST 24,2011-08,2025-11
256,JURONG EAST ST 24,2013-11,2022-01
257,JURONG EAST ST 24,1990-01,2026-08
258,JURONG EAST ST 24,1990-01,2026-02
259,JURONG EAST ST 24,1997-02,2023-09
260,JURONG EAST ST 24,1990-04,2026-04
261,JURONG EAST ST 24,1990-05,2026-09
262,JURONG EAST ST 24,1992-05,2024-02
263,JURONG EAST ST 24,1990-07,2026-04
264,JURONG EAST ST 24,1990-01,2026-07
317,JURONG EAST ST 31,1990-02,2026-07
318,JURONG EAST ST 31,1990-02,2024-08
319,JURONG EAST ST 31,1990-01,2026-08
320,JURONG EAST ST 31,1991-05,2026-03
321,JURONG EAST ST 31,1990-03,2026-06
322,JURONG EAST ST 31,1990-01,2025-12
322A,JURONG EAST ST 31,1990-10,2026-09
323,JURONG EAST ST 31,1990-01,2024-12
324,JURONG EAST ST 31,1990-01,2026-01
325,JURONG EAST ST 31,1990-03,2026-04
326,JURONG EAST ST 31,1995-11,2022-08
327,JURONG EAST ST 31,1990-01,2026-04
328,JURONG EAST ST 31,1991-05,2026-07
343,JURONG EAST ST 31,1995-10,2015-09
345,JURONG EAST ST 31,1991-07,2023-12
346,JURONG EAST ST 31,1992-11,1992-11
351,JURONG EAST ST 31,1993-01,2024-02
352,JURONG EAST ST 31,1991-11,2013-07
301,JURONG EAST ST 32,1990-05,2026-06
302,JURONG EAST ST 32,1990-01,2026-08
303,JURONG EAST ST 32,1990-07,2026-08
304,JURONG EAST ST 32,1990-02,2026-07
305,JURONG EAST ST 32,1990-04,2026-10
306,JURONG EAST ST 32,1990-01,2026-09
307,JURONG EAST ST 32,1990-01,2026-09
308,JURONG EAST ST 32,1990-01,2026-03
309,JURONG EAST ST 32,1990-09,2024-11
310,JURONG EAST ST 32,1990-03,2025-10
311,JURONG EAST ST 32,1990-08,2026-08
312,JURONG EAST ST 32,1990-02,2026-05
313,JURONG EAST ST 32,1990-09,2026-07
314,JURONG EAST ST 32,1990-03,2025-07
315,JURONG EAST ST 32,1992-01,2026-01
316,JURONG EAST ST 32,1990-01,2026-07
371,JURONG EAST ST 32,2018-03,2026-08
372,JURONG EAST ST 32,2017-12,2026-09
423,JURONG WEST AVE 1,1991-08,2026-03
424,JURONG WEST AVE 1,1990-04,2023-08
425,JURONG WEST AVE 1,1990-02,2025-07
426,JURONG WEST AVE 1,1990-02,2025-09
427,JURONG WEST AVE 1,1990-03,2026-05
428,JURONG WEST AVE 1,1990-03,2026-07
429,JURONG WEST AVE 1,1990-11,2023-12
430,JURONG WEST AVE 1,1990-02,2026-09
431,JURONG WEST AVE 1,1990-01,2026-09
436,JURONG WEST AVE 1,1990-01,2025-11
437,JURONG WEST AVE 1,1990-02,2026-08
438,JURONG WEST AVE 1,1990-03,2021-07
439,JURONG WEST AVE 1,1991-03,2021-11
440,JURONG WEST AVE 1,1990-04,2025-10
441,JURONG WEST AVE 1,1991-06,2026-04
442,JURONG WEST AVE 1,1990-01,2026-06
443,JURONG WEST AVE 1,1990-03,2026-07
444,JURONG WEST AVE 1,1990-01,2026-05
484,JURONG WEST AVE 1,1990-01,2026-08
485,JURONG WEST AVE 1,1990-01,2025-07
486,JURONG WEST AVE 1,1990-02,2026-01
487,JURONG WEST AVE 1,1990-01,2025-07
488,JURONG WEST AVE 1,1990-03,2026-08
489,JURONG WEST AVE 1,1990-01,2026-05
490,JURONG WEST AVE 1,1990-01,2026-04
491,JURONG WEST AVE 1,1990-01,2026-04
502,JURONG WEST AVE 1,2009-03,2025-02
503,JURONG WEST AVE 1,2013-01,2026-01
537,JURONG WEST AVE 1,1990-04,2025-12
538,JURONG WEST AVE 1,1990-07,2026-05
539,JURONG WEST AVE 1,1990-01,2024-10
540,JURONG WEST AVE 1,1990-03,2025-09
541,JURONG WEST AVE 1,1990-05,2026-08
542,JURONG WEST AVE 1,1990-08,2024-09
273A,JURONG WEST AVE 3,2005-05,2026-09
273B,JURONG WEST AVE 3,2005-10,2026-05
273C,JURONG WEST AVE 3,2005-10,2026-08
273D,JURONG WEST AVE 3,2005-03,2026-03
274A,JURONG WEST AVE 3,2009-01,2025-12
274D,JURONG WEST AVE 3,2005-09,2026-07
276B,JURONG WEST AVE 3,2006-04,2026-06
719,JURONG WEST AVE 5,1995-05,2026-08
720,JURONG WEST AVE 5,1994-06,2026-08
721,JURONG WEST AVE 5,1994-09,2026-03
722,JURONG WEST AVE 5,1995-06,2026-03
723,JURONG WEST AVE 5,1995-07,2025-01
725,JURONG WEST AVE 5,1994-04,2025-08
726,JURONG WEST AVE 5,1995-02,2026-06
727,JURONG WEST AVE 5,1994-06,2026-09
728,JURONG WEST AVE 5,1994-07,2025-11
729,JURONG WEST AVE 5,1994-06,2025-04
679A,JURONG WEST CTRL 1,2005-05,2026-01
679B,JURONG WEST CTRL 1,2004-06,2024-12
679C,JURONG WEST CTRL 1,2004-04,2026-03
680A,JURONG WEST CTRL 1,2005-03,2026-07
680B,JURONG WEST CTRL 1,2004-09,2025-05
680C,JURONG WEST CTRL 1,2004-03,2026-08
681A,JURONG WEST CTRL 1,2004-07,2026-10
681B,JURONG WEST CTRL 1,2004-03,2026-02
681C,JURONG WEST CTRL 1,2004-03,2026-01
682A,JURONG WEST CTRL 1,2005-01,2026-08
682B,JURONG WEST CTRL 1,2005-03,2026-04
682C,JURONG WEST CTRL 1,2004-02,2026-03
683A,JURONG WEST CTRL 1,2004-05,2026-04
683B,JURONG WEST CTRL 1,2004-05,2025-09
685C,JURONG WEST CTRL 1,2004-04,2026-05
686A,JURONG WEST CTRL 1,2004-06,2025-08
686B,JURONG WEST CTRL 1,2004-07,2026-06
686C,JURONG WEST CTRL 1,2004-05,2026-04
687,JURONG WEST CTRL 1,2002-04,2026-03
688,JURONG WEST CTRL 1,2002-03,2026-09
689,JURONG WEST CTRL 1,2002-03,2026-08
690,JURONG WEST CTRL 1,2002-07,2026-01
691,JURONG WEST CTRL 1,2002-05,2026-08
692,JURONG WEST CTRL 1,2002-01,2025-10
693,JURONG WEST CTRL 1,2001-11,2025-12
694,JURONG WEST CTRL 1,2001-12,2025-07
695,JURONG WEST CTRL 1,2001-11,2026-08
696,JURONG WEST CTRL 1,2001-11,2025-06
697A,JURONG WEST CTRL 3,2020-12,2026-06
697B,JURONG WEST CTRL 3,2021-01,2026-07
697C,JURONG WEST CTRL 3,2021-08,2026-09
698A,JURONG WEST CTRL 3,2021-05,2026-04
698B,JURONG WEST CTRL 3,2020-11,2025-12
698C,JURONG WEST CTRL 3,2020-11,2026-05
271A,JURONG WEST ST 24,2007-03,2026-04
271B,JURONG WEST ST 24,2007-05,2025-11
271C,JURONG WEST ST 24,2007-02,2026-07
271D,JURONG WEST ST 24,2007-03,2025-12
272A,JURONG WEST ST 24,2007-07,2026-02
272B,JURONG WEST ST 24,2007-05,2026-09
272C,JURONG WEST ST 24,2007-06,2026-01
272D,JURONG WEST ST 24,2007-06,2026-05
274B,JURONG WEST ST 25,2010-12,2026-06
274C,JURONG WEST ST 25,2010-01,2026-09
275A,JURONG WEST ST 25,2005-11,2026-04
275B,JURONG WEST ST 25,2005-10,2026-06
275C,JURONG WEST ST 25,2006-06,2026-02
275D,JURONG WEST ST 25,2005-10,2025-11
276A,JURONG WEST ST 25,2005-10,2026-09
276C,JURONG WEST ST 25,2005-12,2026-07
276D,JURONG WEST ST 25,2006-06,2026-05
456,JURONG WEST ST 41,1990-01,2026-09
457,JURONG WEST ST 41,1990-01,2025-11
458,JURONG WEST ST 41,1990-01,2026-03
459,JURONG WEST ST 41,1990-03,2026-08
460,JURONG WEST ST 41,1990-06,2026-05
461,JURONG WEST ST 41,1990-03,2025-09
462,JURONG WEST ST 41,1990-02,2026-06
463,JURONG WEST ST 41,1990-01,2026-09
464,JURONG WEST ST 41,1990-03,2026-07
465,JURONG WEST ST 41,1990-10,2025-07
466,JURONG WEST ST 41,1990-07,2026-05
467,JURONG WEST ST 41,1990-10,2026-01
468,JURONG WEST ST 41,1990-03,2026-02
469,JURONG WEST ST 41,1990-01,2026-09
470,JURONG WEST ST 41,1990-02,2025-10
471,JURONG WEST ST 41,1990-05,2026-01
472,JURONG WEST ST 41,1990-05,2026-02
473,JURONG WEST ST 41,1990-06,2026-04
474,JURONG WEST ST 41,1990-02,2026-09
475,JURONG WEST ST 41,1990-02,2026-08
476,JURONG WEST ST 41,1990-01,2025-07
477,JURONG WEST ST 41,1990-01,2026-09
478,JURONG WEST ST 41,1990-03,2026-05
479,JURONG WEST ST 41,1990-07,2022-12
480,JURONG WEST ST 41,1990-02,2026-09
481,JURONG WEST ST 41,1990-01,2026-09
482,JURONG WEST ST 41,1991-05,2022-09
483,JURONG WEST ST 41,1990-04,2026-02
492,JURONG WEST ST 41,1991-08,2026-07
494,JURONG WEST ST 41,1991-10,2026-04
495,JURONG WEST ST 41,1991-01,2024-03
498,JURONG WEST ST 41,1991-02,2026-04
401,JURONG WEST ST 42,1990-04,2025-08
402,JURONG WEST ST 42,1990-01,2026-07
403,JURONG WEST ST 42,1990-02,2025-07
404,JURONG WEST ST 42,1990-05,2026-08
405,JURONG WEST ST 42,1990-02,2026-09
406,JURONG WEST ST 42,1990-05,2026-02
407,JURONG WEST ST 42,1990-01,2025-07
408,JURONG WEST ST 42,1990-03,2026-08
409,JURONG WEST ST 42,1990-03,2026-08
410,JURONG WEST ST 42,1990-08,2025-04
411,JURONG WEST ST 42,1990-03,2026-06
412,JURONG WEST ST 42,1990-04,2026-04
413,JURONG WEST ST 42,1990-03,2026-01
414,JURONG WEST ST 42,1990-08,2026-01
415,JURONG WEST ST 42,1990-01,2025-12
416,JURONG WEST ST 42,1990-01,2025-12
417,JURONG WEST ST 42,1990-03,2026-07
418,JURONG WEST ST 42,1990-03,2026-09
419,JURONG WEST ST 42,1990-02,2026-02
420,JURONG WEST ST 42,1990-02,2026-07
421,JURONG WEST ST 42,1990-07,2026-02
422,JURONG WEST ST 42,1990-03,2026-06
432,JURONG WEST ST 42,1990-03,2025-01
433,JURONG WEST ST 42,1990-01,2026-09
434,JURONG WEST ST 42,1991-07,2026-05
435,JURONG WEST ST 42,1991-09,2024-09
445,JURONG WEST ST 42,1991-03,2024-05
446,JURONG WEST ST 42,1990-01,2026-05
447,JURONG WEST ST 42,1990-01,2026-02
448,JURONG WEST ST 42,1990-01,2026-09
449,JURONG WEST ST 42,1990-02,2026-09
450,JURONG WEST ST 42,1990-01,2026-08
451,JURONG WEST ST 42,1990-02,2026-04
452,JURONG WEST ST 42,1990-01,2026-09
453,JURONG WEST ST 42,1990-08,2025-08
454,JURONG WEST ST 42,1991-05,2023-12
455,JURONG WEST ST 42,1990-01,2025-12
543,JURONG WEST ST 42,1990-01,2026-09
544,JURONG WEST ST 42,1990-11,2024-08
545,JURONG WEST ST 42,1990-01,2025-12
546,JURONG WEST ST 42,1990-07,2026-07
547,JURONG WEST ST 42,1990-01,2026-08
548,JURONG WEST ST 42,1990-06,2026-05
549,JURONG WEST ST 42,1990-05,2026-07
550,JURONG WEST ST 42,1990-01,2026-09
551,JURONG WEST ST 42,1990-01,2026-09
552,JURONG WEST ST 42,1990-06,2026-08
553,JURONG WEST ST 42,1990-04,2025-06
554,JURONG WEST ST 42,1990-01,2025-12
555,JURONG WEST ST 42,1990-03,2026-07
556,JURONG WEST ST 42,1990-03,2026-07
557,JURONG WEST ST 42,1990-09,2026-03
558,JURONG WEST ST 42,1990-01,2026-07
559,JURONG WEST ST 42,1990-01,2026-04
560A,JURONG WEST ST 42,2022-05,2026-09
561A,JURONG WEST ST 42,2022-04,2026-08
561B,JURONG WEST ST 42,2022-04,2026-08
501,JURONG WEST ST 51,1993-05,2025-10
504,JURONG WEST ST 51,2012-03,2026-07
506,JURONG WEST ST 52,1994-07,2024-09
507,JURONG WEST ST 52,1994-02,2026-03
508,JURONG WEST ST 52,1994-10,2025-09
510,JURONG WEST ST 52,1990-03,2026-09
511,JURONG WEST ST 52,1990-01,2026-09
513,JURONG WEST ST 52,1990-03,2026-08
514,JURONG WEST ST 52,1990-02,2026-07
515,JURONG WEST ST 52,1990-01,2026-07
516,JURONG WEST ST 52,1990-01,2026-08
517,JURONG WEST ST 52,1990-01,2026-01
517A,JURONG WEST ST 52,2003-11,2026-09
517C,JURONG WEST ST 52,2002-12,2026-09
517D,JURONG WEST ST 52,2003-11,2025-05
517E,JURONG WEST ST 52,2003-10,2026-09
518,JURONG WEST ST 52,1990-03,2026-08
519,JURONG WEST ST 52,1991-08,2026-02
520,JURONG WEST ST 52,1990-01,2026-07
521,JURONG WEST ST 52,1990-03,2025-10
522,JURONG WEST ST 52,1990-05,2026-04
523,JURONG WEST ST 52,1990-05,2026-06
524,JURONG WEST ST 52,1990-09,2025-12
525,JURONG WEST ST 52,2010-12,2026-03
526,JURONG WEST ST 52,2015-07,2026-05
527,JURONG WEST ST 52,1990-01,2026-08
528,JURONG WEST ST 52,1990-02,2026-09
529,JURONG WEST ST 52,1990-07,2026-07
530,JURONG WEST ST 52,2011-06,2026-09
531,JURONG WEST ST 52,1990-04,2026-01
532,JURONG WEST ST 52,1990-04,2024-05
533,JURONG WEST ST 52,1990-05,2024-05
534,JURONG WEST ST 52,1990-01,2026-09
535,JURONG WEST ST 52,1990-01,2026-08
536,JURONG WEST ST 52,1990-01,2025-12
622,JURONG WEST ST 61,2004-07,2026-07
623,JURONG WEST ST 61,2004-09,2025-07
624,JURONG WEST ST 61,2004-09,2025-06
625,JURONG WEST ST 61,2005-01,2026-10
637,JURONG WEST ST 61,2007-01,2026-01
639,JURONG WEST ST 61,2002-04,2026-08
640,JURONG WEST ST 61,2002-03,2026-05
641,JURONG WEST ST 61,2002-03,2026-08
642,JURONG WEST ST 61,2003-04,2026-09
643,JURONG WEST ST 61,2002-09,2026-09
644,JURONG WEST ST 61,2002-12,2026-01
645,JURONG WEST ST 61,2003-09,2026-09
646,JURONG WEST ST 61,2002-04,2026-03
647,JURONG WEST ST 61,2002-05,2026-05
648A,JURONG WEST ST 61,2004-06,2026-05
648B,JURONG WEST ST 61,2004-06,2026-07
648C,JURONG WEST ST 61,2004-05,2025-11
648D,JURONG WEST ST 61,2004-11,2026-07
649A,JURONG WEST ST 61,2004-07,2026-09
649B,JURONG WEST ST 61,2004-10,2026-08
650A,JURONG WEST ST 61,2004-03,2026-07
650B,JURONG WEST ST 61,2004-05,2026-08
650C,JURONG WEST ST 61,2004-02,2026-07
651A,JURONG WEST ST 61,2005-07,2025-04
651B,JURONG WEST ST 61,2005-08,2026-05
652A,JURONG WEST ST 61,2006-04,2024-08
652B,JURONG WEST ST 61,2006-03,2026-06
652C,JURONG WEST ST 61,2005-06,2026-08
653A,JURONG WEST ST 61,2006-11,2026-09
653B,JURONG WEST ST 61,2007-02,2025-12
653C,JURONG WEST ST 61,2006-04,2026-09
654A,JURONG WEST ST 61,2007-09,2025-07
654B,JURONG WEST ST 61,2007-09,2026-01
654C,JURONG WEST ST 61,2008-03,2026-02
655A,JURONG WEST ST 61,2006-07,2026-08
655B,JURONG WEST ST 61,2006-08,2026-03
656A,JURONG WEST ST 61,2006-02,2026-05
656B,JURONG WEST ST 61,2006-11,2026-09
656C,JURONG WEST ST 61,2006-06,2026-08
656D,JURONG WEST ST 61,2006-12,2026-09
601,JURONG WEST ST 62,2004-08,2026-07
602,JURONG WEST ST 62,2004-10,2025-08
603,JURONG WEST ST 62,2004-12,2025-01
604,JURONG WEST ST 62,2004-12,2026-08
605,JURONG WEST ST 62,2004-12,2026-02
613,JURONG WEST ST 62,2004-09,2026-04
660A,JURONG WEST ST 64,2005-04,2026-06
660B,JURONG WEST ST 64,2005-05,2025-11
660C,JURONG WEST ST 64,2004-02,2026-05
660D,JURONG WEST ST 64,2004-09,2026-01
661A,JURONG WEST ST 64,2005-04,2024-10
661B,JURONG WEST ST 64,2005-04,2026-04
661C,JURONG WEST ST 64,2005-04,2026-05
661D,JURONG WEST ST 64,2005-05,2026-07
662A,JURONG WEST ST 64,2005-04,2025-03
662B,JURONG WEST ST 64,2005-01,2026-07
662C,JURONG WEST ST 64,2005-08,2025-05
662D,JURONG WEST ST 64,2005-01,2025-11
664A,JURONG WEST ST 64,2003-12,2026-07
664B,JURONG WEST ST 64,2004-01,2026-05
664C,JURONG WEST ST 64,2003-12,2026-08
664D,JURONG WEST ST 64,2004-01,2026-09
665A,JURONG WEST ST 64,2004-06,2026-05
665B,JURONG WEST ST 64,2005-06,2025-05
668A,JURONG WEST ST 64,2004-03,2026-08
668B,JURONG WEST ST 64,2004-02,2025-04
668C,JURONG WEST ST 64,2004-03,2026-09
668D,JURONG WEST ST 64,2004-02,2026-09
669A,JURONG WEST ST 64,2004-09,2025-08
669B,JURONG WEST ST 64,2005-04,2025-12
669C,JURONG WEST ST 64,2005-03,2026-04
669D,JURONG WEST ST 64,2004-11,2026-01
675A,JURONG WEST ST 64,2010-09,2025-12
675B,JURONG WEST ST 64,2012-09,2026-10
676A,JURONG WEST ST 64,2013-01,2026-07
676B,JURONG WEST ST 64,2012-07,2026-09
677A,JURONG WEST ST 64,2012-02,2026-02
677B,JURONG WEST ST 64,2010-07,2026-05
677C,JURONG WEST ST 64,2013-02,2026-05
678A,JURONG WEST ST 64,2013-04,2026-08
678B,JURONG WEST ST 64,2012-03,2024-10
678C,JURONG WEST ST 64,2010-12,2026-05
678D,JURONG WEST ST 64,2012-07,2025-10
683C,JURONG WEST ST 64,2004-04,2025-09
684A,JURONG WEST ST 64,2004-02,2025-10
684B,JURONG WEST ST 64,2004-03,2026-08
684C,JURONG WEST ST 64,2004-03,2026-06
685A,JURONG WEST ST 64,2004-03,2026-04
685B,JURONG WEST ST 64,2004-03,2026-07
606,JURONG WEST ST 65,2005-03,2026-02
607,JURONG WEST ST 65,2003-04,2026-06
608,JURONG WEST ST 65,2005-02,2026-07
609,JURONG WEST ST 65,2005-11,2026-02
610,JURONG WEST ST 65,2004-12,2026-07
611,JURONG WEST ST 65,2005-04,2025-12
612,JURONG WEST ST 65,2003-11,2024-03
617,JURONG WEST ST 65,2004-09,2026-07
618,JURONG WEST ST 65,2004-11,2025-07
619,JURONG WEST ST 65,2004-12,2026-05
620,JURONG WEST ST 65,2004-10,2026-07
621,JURONG WEST ST 65,2004-10,2026-08
626,JURONG WEST ST 65,2011-10,2026-03
627,JURONG WEST ST 65,2009-09,2026-08
628,JURONG WEST ST 65,2005-05,2026-09
629,JURONG WEST ST 65,2005-12,2025-09
630,JURONG WEST ST 65,2004-03,2026-06
631,JURONG WEST ST 65,2005-04,2026-03
632,JURONG WEST ST 65,2005-04,2026-05
633,JURONG WEST ST 65,2005-04,2025-12
634,JURONG WEST ST 65,2005-07,2026-05
635,JURONG WEST ST 65,2005-05,2026-06
636,JURONG WEST ST 65,2005-10,2025-09
657A,JURONG WEST ST 65,2005-09,2026-09
657B,JURONG WEST ST 65,2005-06,2026-09
658A,JURONG WEST ST 65,2006-05,2026-06
658B,JURONG WEST ST 65,2006-02,2026-09
658C,JURONG WEST ST 65,2006-04,2026-08
658D,JURONG WEST ST 65,2005-12,2026-05
659A,JURONG WEST ST 65,2005-03,2026-09
659B,JURONG WEST ST 65,2005-06,2026-04
659C,JURONG WEST ST 65,2005-04,2026-06
659D,JURONG WEST ST 65,2005-05,2026-08
663A,JURONG WEST ST 65,2004-01,2026-07
663B,JURONG WEST ST 65,2004-04,2026-06
663C,JURONG WEST ST 65,2004-03,2026-09
663D,JURONG WEST ST 65,2004-02,2026-08
666A,JURONG WEST ST 65,2005-02,2025-04
666B,JURONG WEST ST 65,2005-08,2026-01
667A,JURONG WEST ST 65,2004-04,2026-07
667B,JURONG WEST ST 65,2004-03,2026-08
667C,JURONG WEST ST 65,2004-02,2026-08
667D,JURONG WEST ST 65,2003-10,2025-05
670A,JURONG WEST ST 65,2005-12,2026-07
671A,JURONG WEST ST 65,2006-04,2026-07
671B,JURONG WEST ST 65,2008-07,2026-10
671C,JURONG WEST ST 65,2008-08,2026-04
672A,JURONG WEST ST 65,2006-01,2026-03
673A,JURONG WEST ST 65,2004-09,2026-07
673B,JURONG WEST ST 65,2006-05,2026-08
673C,JURONG WEST ST 65,2006-03,2026-09
674A,JURONG WEST ST 65,2005-09,2026-06
674B,JURONG WEST ST 65,2006-04,2026-02
701,JURONG WEST ST 71,1998-08,2026-10
702,JURONG WEST ST 71,1994-02,2026-05
703,JURONG WEST ST 71,1995-08,2026-09
704,JURONG WEST ST 71,1999-06,2026-07
705,JURONG WEST ST 71,1999-09,2026-07
706,JURONG WEST ST 71,1999-08,2026-06
707,JURONG WEST ST 71,1999-09,2025-06
708,JURONG WEST ST 71,1998-07,2025-12
709,JURONG WEST ST 71,1993-12,2025-11
710,JURONG WEST ST 71,1998-08,2026-01
711,JURONG WEST ST 71,1995-08,2026-07
712,JURONG WEST ST 71,1995-10,2025-07
713,JURONG WEST ST 71,1995-06,2026-08
714,JURONG WEST ST 71,1995-07,2026-08
715,JURONG WEST ST 71,1995-08,2025-10
716,JURONG WEST ST 71,1995-10,2026-07
717,JURONG WEST ST 71,1996-01,2026-06
718,JURONG WEST ST 71,1995-08,2025-08
724,JURONG WEST ST 72,1995-04,2025-04
730,JURONG WEST ST 72,1993-12,2025-12
731,JURONG WEST ST 72,1996-03,2026-06
732,JURONG WEST ST 73,1994-12,2026-07
733,JURONG WEST ST 73,1996-05,2025-12
734,JURONG WEST ST 73,1999-04,2026-04
739,JURONG WEST ST 73,1999-07,2026-09
743,JURONG WEST ST 73,1995-10,2025-02
744,JURONG WEST ST 73,1998-03,2026-08
745,JURONG WEST ST 73,1995-04,2026-09
746,JURONG WEST ST 73,1995-04,2025-06
747,JURONG WEST ST 73,1998-05,2025-10
748,JURONG WEST ST 73,1994-09,2026-10
749,JURONG WEST ST 73,1991-06,2026-04
750,JURONG WEST ST 73,1998-04,2026-07
751,JURONG WEST ST 73,1995-12,2026-09
752,JURONG WEST ST 74,1999-06,2026-08
753,JURONG WEST ST 74,1995-03,2026-08
754,JURONG WEST ST 74,1999-04,2023-01
755,JURONG WEST ST 74,2000-02,2026-05
756,JURONG WEST ST 74,2000-01,2026-03
757,JURONG WEST ST 74,2000-01,2026-05
758,JURONG WEST ST 74,1999-11,2026-03
759,JURONG WEST ST 74,1999-11,2026-04
760,JURONG WEST ST 74,1999-07,2025-08
761,JURONG WEST ST 74,1999-07,2026-01
764,JURONG WEST ST 74,2000-02,2026-09
765,JURONG WEST ST 74,2000-05,2026-08
766,JURONG WEST ST 74,2000-03,2026-07
735,JURONG WEST ST 75,1999-02,2026-05
736,JURONG WEST ST 75,1999-02,2023-11
737,JURONG WEST ST 75,1997-01,2026-07
738,JURONG WEST ST 75,1999-02,2025-03
810,JURONG WEST ST 81,1998-03,2026-08
811,JURONG WEST ST 81,1994-09,2026-03
812,JURONG WEST ST 81,1993-07,2026-09
813,JURONG WEST ST 81,1993-03,2026-09
814,JURONG WEST ST 81,1994-04,2025-10
815,JURONG WEST ST 81,1995-04,2026-08
816,JURONG WEST ST 81,1998-03,2026-01
817,JURONG WEST ST 81,1998-02,2026-05
818,JURONG WEST ST 81,1998-03,2026-05
819,JURONG WEST ST 81,1998-03,2025-08
820,JURONG WEST ST 81,1997-12,2026-07
821,JURONG WEST ST 81,1994-10,2025-03
822,JURONG WEST ST 81,1998-03,2025-10
823,JURONG WEST ST 81,1994-05,2026-03
824,JURONG WEST ST 81,1995-03,2024-09
825,JURONG WEST ST 81,1998-03,2026-09
826,JURONG WEST ST 81,1995-01,2026-08
827,JURONG WEST ST 81,1994-02,2024-07
828,JURONG WEST ST 81,1994-05,2025-09
828A,JURONG WEST ST 81,1999-02,2024-10
829,JURONG WEST ST 81,1997-12,2026-07
830,JURONG WEST ST 81,1995-03,2025-05
830A,JURONG WEST ST 81,1994-09,2024-08
831,JURONG WEST ST 81,1993-12,2025-01
832,JURONG WEST ST 81,1998-01,2026-09
833,JURONG WEST ST 81,1997-12,2026-05
834,JURONG WEST ST 81,1998-01,2026-08
835,JURONG WEST ST 81,1991-01,2026-08
836,JURONG WEST ST 81,1994-01,2026-08
837,JURONG WEST ST 81,1994-08,2025-09
838,JURONG WEST ST 81,1994-10,2026-10
839,JURONG WEST ST 81,1993-05,2026-09
840,JURONG WEST ST 81,1997-10,2026-09
841,JURONG WEST ST 81,1998-01,2026-06
842,JURONG WEST ST 81,1997-10,2026-08
843,JURONG WEST ST 81,1997-10,2026-09
844,JURONG WEST ST 81,1999-04,2023-03
845,JURONG WEST ST 81,1999-07,2026-09
846,JURONG WEST ST 81,1999-05,2025-12
847,JURONG WEST ST 81,1999-06,2026-04
848,JURONG WEST ST 81,1999-07,2026-02
849,JURONG WEST ST 81,1996-01,2026-08
850,JURONG WEST ST 81,1999-07,2026-07
851,JURONG WEST ST 81,1999-10,2026-04
852,JURONG WEST ST 81,1999-09,2026-05
853,JURONG WEST ST 81,1999-07,2025-06
854,JURONG WEST ST 81,1999-11,2026-07
855,JURONG WEST ST 81,2000-03,2026-02
856,JURONG WEST ST 81,2000-03,2026-09
857,JURONG WEST ST 81,1999-11,2026-06
858,JURONG WEST ST 81,1996-01,2025-11
859,JURONG WEST ST 81,2000-03,2025-05
860,JURONG WEST ST 81,2000-01,2025-07
861,JURONG WEST ST 81,1999-12,2025-03
862,JURONG WEST ST 81,1999-12,2025-12
863,JURONG WEST ST 81,1999-12,2026-08
864,JURONG WEST ST 81,2000-03,2025-09
865,JURONG WEST ST 81,1999-11,2026-07
866,JURONG WEST ST 81,1999-12,2026-03
902,JURONG WEST ST 91,1993-09,2025-09
903,JURONG WEST ST 91,1991-01,2026-07
904,JURONG WEST ST 91,1993-03,2026-06
905,JURONG WEST ST 91,1993-07,2024-02
906,JURONG WEST ST 91,1993-09,2026-08
907,JURONG WEST ST 91,1993-07,2026-07
908,JURONG WEST ST 91,1993-07,2026-06
909,JURONG WEST ST 91,1993-10,2025-05
910,JURONG WEST ST 91,1993-09,2026-09
911,JURONG WEST ST 91,1993-11,2025-01
912,JURONG WEST ST 91,1993-09,2026-09
913,JURONG WEST ST 91,1993-01,2026-09
914,JURONG WEST ST 91,2009-06,2026-08
915,JURONG WEST ST 91,2006-03,2026-09
916,JURONG WEST ST 91,2008-07,2026-07
917,JURONG WEST ST 91,1992-05,2026-06
918,JURONG WEST ST 91,1994-01,2026-08
919,JURONG WEST ST 91,1993-08,2026-09
933,JURONG WEST ST 91,1993-06,2024-11
934,JURONG WEST ST 91,1993-01,2026-04
935,JURONG WEST ST 91,1993-08,2023-06
936,JURONG WEST ST 91,1993-08,2026-06
937,JURONG WEST ST 91,1994-02,2019-01
938,JURONG WEST ST 91,1993-11,2026-01
939,JURONG WEST ST 91,1993-07,2026-08
940,JURONG WEST ST 91,1994-01,2026-09
941,JURONG WEST ST 91,1994-03,2026-08
942,JURONG WEST ST 91,1994-03,2026-06
943,JURONG WEST ST 91,1994-01,2026-08
944,JURONG WEST ST 91,1993-10,2026-03
945,JURONG WEST ST 91,1994-02,2026-04
946,JURONG WEST ST 91,1994-01,2026-08
947,JURONG WEST ST 91,1993-12,2025-10
948,JURONG WEST ST 91,1994-03,2026-09
949,JURONG WEST ST 91,1993-03,2025-07
950,JURONG WEST ST 91,1995-01,2026-09
952,JURONG WEST ST 91,1994-07,2026-05
953,JURONG WEST ST 91,1994-04,2026-08
920,JURONG WEST ST 92,1993-02,2026-07
921,JURONG WEST ST 92,1993-06,2026-03
922,JURONG WEST ST 92,1993-09,2025-07
923,JURONG WEST ST 92,1993-09,2025-10
924,JURONG WEST ST 92,1993-08,2025-06
925,JURONG WEST ST 92,1992-07,2026-07
926,JURONG WEST ST 92,1994-03,2026-03
928,JURONG WEST ST 92,1993-06,2026-06
929,JURONG WEST ST 92,1991-11,2026-04
930,JURONG WEST ST 92,1993-11,2026-05
931,JURONG WEST ST 92,1993-11,2026-06
932,JURONG WEST ST 92,1992-11,2026-02
961,JURONG WEST ST 92,1994-09,2025-01
965,JURONG WEST ST 93,1994-06,2024-10
966,JURONG WEST ST 93,1993-11,2025-09
974,JURONG WEST ST 93,1994-05,2024-12
975,JURONG WEST ST 93,1994-06,2024-09
976,JURONG WEST ST 93,1994-02,2026-04
977,JURONG WEST ST 93,1992-04,2026-08
978,JURONG WEST ST 93,1993-06,2026-09
979,JURONG WEST ST 93,1994-02,2026-09
980,JURONG WEST ST 93,1994-05,2026-07
986A,JURONG WEST ST 93,2011-02,2026-08
986B,JURONG WEST ST 93,2011-11,2026-06
986C,JURONG WEST ST 93,2010-09,2025-03
987A,JURONG WEST ST 93,2011-12,2026-08
987B,JURONG WEST ST 93,2011-09,2026-04
987C,JURONG WEST ST 93,2010-11,2026-05
987D,JURONG WEST ST 93,2010-10,2025-07
988A,JURONG WEST ST 93,2010-12,2025-09
988B,JURONG WEST ST 93,2012-11,2026-06
988C,JURONG WEST ST 93,2012-11,2026-05
989A,JURONG WEST ST 93,2011-09,2026-06
989B,JURONG WEST ST 93,2012-01,2026-04
989C,JURONG WEST ST 93,2013-01,2025-11
989D,JURONG WEST ST 93,2010-10,2026-02
990A,JURONG WEST ST 93,2011-04,2026-03
990B,JURONG WEST ST 93,2012-03,2026-02
990C,JURONG WEST ST 93,2011-11,2026-07
63,KALLANG BAHRU,1990-09,2026-09
64,KALLANG BAHRU,1990-02,2026-07
65,KALLANG BAHRU,1990-01,2026-08
66,KALLANG BAHRU,2000-03,2025-12
67,KALLANG BAHRU,2000-05,2023-06
333,KANG CHING RD,2000-06,2026-09
334,KANG CHING RD,2000-07,2026-02
335,KANG CHING RD,2000-09,2026-08
338B,KANG CHING RD,2015-03,2025-09
339A,KANG CHING RD,2015-01,2026-09
339B,KANG CHING RD,2015-09,2026-08
339C,KANG CHING RD,2015-08,2026-05
339D,KANG CHING RD,2015-03,2026-08
345,KANG CHING RD,2001-02,2026-08
346,KANG CHING RD,2000-12,2026-06
347,KANG CHING RD,2001-02,2026-08
348,KANG CHING RD,2001-01,2026-10
352,KANG CHING RD,2000-06,2026-06
353,KANG CHING RD,2000-08,2026-07
354,KANG CHING RD,2000-07,2026-08
355,KANG CHING RD,2000-07,2026-02
801A,KEAT HONG CL,2021-06,2026-03
801B,KEAT HONG CL,2021-07,2026-08
801C,KEAT HONG CL,2021-07,2026-09
801D,KEAT HONG CL,2021-08,2026-03
802A,KEAT HONG CL,2021-06,2026-01
802B,KEAT HONG CL,2021-09,2026-06
802C,KEAT HONG CL,2021-11,2025-08
803A,KEAT HONG CL,2020-11,2026-09
803B,KEAT HONG CL,2021-01,2026-09
803C,KEAT HONG CL,2021-03,2026-09
803D,KEAT HONG CL,2021-04,2026-07
804A,KEAT HONG CL,2021-01,2026-06
804B,KEAT HONG CL,2021-02,2026-08
805A,KEAT HONG CL,2020-11,2026-07
805B,KEAT HONG CL,2021-03,2025-03
805C,KEAT HONG CL,2021-05,2026-07
805D,KEAT HONG CL,2021-06,2026-06
816A,KEAT HONG LINK,2021-03,2026-08
816B,KEAT HONG LINK,2021-03,2026-08
817A,KEAT HONG LINK,2021-05,2026-05
817B,KEAT HONG LINK,2021-05,2026-09
817C,KEAT HONG LINK,2021-08,2026-09
28,KELANTAN RD,1990-03,2026-03
29,KELANTAN RD,1990-11,2025-11
30,KELANTAN RD,1990-02,2026-07
51,KENT RD,1991-01,2026-01
52,KENT RD,1990-01,2024-03
53,KENT RD,1992-04,2023-08
54,KENT RD,1990-02,2026-09
12,KG ARANG RD,1990-03,2026-03
14,KG ARANG RD,1990-01,2026-09
18,KG BAHRU HILL,1990-01,2005-08
19,KG BAHRU HILL,1995-10,2005-07
22,KG BAHRU HILL,1990-03,2006-09
23,KG BAHRU HILL,1990-09,2005-03
24,KG BAHRU HILL,1991-05,2004-10
1,KG KAYU RD,1992-10,2026-03
34,KIM CHENG ST,1991-10,2025-07
41,KIM CHENG ST,1990-01,2025-09
42,KIM CHENG ST,1996-04,2024-12
45,KIM CHENG ST,2005-02,2026-09
194,KIM KEAT AVE,1990-04,2026-07
195,KIM KEAT AVE,1990-02,2026-09
253,KIM KEAT AVE,1994-02,2020-03
254,KIM KEAT AVE,1993-11,2026-09
255,KIM KEAT AVE,1993-11,2025-11
256,KIM KEAT AVE,1993-11,2026-09
257,KIM KEAT AVE,1992-09,2026-09
258,KIM KEAT AVE,1994-06,2026-08
259,KIM KEAT AVE,1993-10,2026-05
241,KIM KEAT LINK,1993-12,2025-06
242,KIM KEAT LINK,1994-06,2026-10
243,KIM KEAT LINK,1994-10,2025-06
244,KIM KEAT LINK,1993-12,2026-09
245,KIM KEAT LINK,1995-04,2021-03
246,KIM KEAT LINK,1993-09,2026-03
247,KIM KEAT LINK,1993-12,2026-06
248,KIM KEAT LINK,1993-12,2026-08
249,KIM KEAT LINK,1994-06,2026-08
250,KIM KEAT LINK,1993-09,2025-12
251,KIM KEAT LINK,1994-01,2025-05
252,KIM KEAT LINK,1994-01,2022-02
38,KIM PONG RD,1991-08,2026-02
49,KIM PONG RD,1990-11,2023-10
120,KIM TIAN PL,2005-02,2026-09
120A,KIM TIAN PL,2004-11,2026-08
121,KIM TIAN PL,2005-02,2026-08
121A,KIM TIAN PL,2004-12,2026-09
7,KIM TIAN PL,1990-01,2024-09
8,KIM TIAN PL,1990-06,2026-08
119B,KIM TIAN RD,2005-10,2026-06
119C,KIM TIAN RD,2005-12,2026-05
119D,KIM TIAN RD,2005-09,2026-08
122,KIM TIAN RD,1999-06,2026-02
123,KIM TIAN RD,1999-04,2024-08
125,KIM TIAN RD,1999-01,2026-06
126A,KIM TIAN RD,2015-10,2026-05
126C,KIM TIAN RD,2016-02,2026-09
127A,KIM TIAN RD,2015-12,2026-09
127C,KIM TIAN RD,2016-04,2026-09
127D,KIM TIAN RD,2015-10,2026-09
128,KIM TIAN RD,1990-04,2026-09
129,KIM TIAN RD,1990-01,2024-10
130,KIM TIAN RD,1990-04,2026-08
131B,KIM TIAN RD,2005-08,2026-08
131C,KIM TIAN RD,2005-08,2026-08
6,KIM TIAN RD,1998-12,2025-03
804,KING GEORGE'S AVE,1990-07,2026-01
805,KING GEORGE'S AVE,2006-10,2026-09
806,KING GEORGE'S AVE,1991-06,2026-07
807,KING GEORGE'S AVE,1990-01,2026-02
671A,KLANG LANE,2007-12,2026-06
671B,KLANG LANE,2005-12,2026-09
672A,KLANG LANE,2005-12,2026-09
672B,KLANG LANE,2006-02,2026-06
334,KRETA AYER RD,1990-12,2026-09
43,LENGKOK BAHRU,1991-06,2025-06
44,LENGKOK BAHRU,1992-03,2026-09
45,LENGKOK BAHRU,1993-07,2021-05
46,LENGKOK BAHRU,1992-01,2026-07
47,LENGKOK BAHRU,1990-02,2026-07
48,LENGKOK BAHRU,1991-06,2026-10
51,LENGKOK BAHRU,1991-09,2026-04
52,LENGKOK BAHRU,1990-07,2026-07
53,LENGKOK BAHRU,1991-06,2026-01
54,LENGKOK BAHRU,1991-12,2026-01
63A,LENGKOK BAHRU,2004-05,2026-03
63B,LENGKOK BAHRU,2004-08,2026-04
101,LENGKONG TIGA,1993-10,2022-07
102,LENGKONG TIGA,1993-11,2026-09
103,LENGKONG TIGA,1993-10,2026-05
104,LENGKONG TIGA,1993-11,2024-09
105,LENGKONG TIGA,1994-05,2020-09
106,LENGKONG TIGA,1993-09,2025-12
107,LENGKONG TIGA,1994-03,2024-05
108,LENGKONG TIGA,1993-01,2026-10
109,LENGKONG TIGA,1993-06,2025-05
110,LENGKONG TIGA,1993-11,2026-07
111,LENGKONG TIGA,1993-05,2026-09
112,LENGKONG TIGA,1994-02,2026-01
113,LENGKONG TIGA,1994-03,2026-06
114,LENGKONG TIGA,1994-01,2026-10
115,LENGKONG TIGA,1994-04,2025-12
116,LENGKONG TIGA,1993-12,2026-09
3,LIM CHU KANG RD,1990-03,1998-11
4,LIM CHU KANG RD,1990-10,1998-12
19,LIM LIAK ST,1995-08,2021-12
21,LIM LIAK ST,1993-03,2024-11
23,LIM LIAK ST,1993-02,2024-07
25,LIM LIAK ST,1992-04,2025-06
27,LIM LIAK ST,1990-06,2026-07
29,LIM LIAK ST,1990-07,2026-03
33,LIM LIAK ST,1992-12,2024-08
35,LIM LIAK ST,1991-08,2025-11
37,LIM LIAK ST,1990-08,2026-09
174,LOMPANG RD,2001-07,2026-09
175,LOMPANG RD,2001-08,2026-09
176,LOMPANG RD,2001-06,2026-08
177,LOMPANG RD,2004-10,2026-03
178,LOMPANG RD,2004-10,2026-04
179,LOMPANG RD,2004-08,2026-05
180,LOMPANG RD,2004-11,2026-07
100,LOR 1 TOA PAYOH,1990-01,2026-03
107,LOR 1 TOA PAYOH,1990-04,2025-09
108,LOR 1 TOA PAYOH,1990-04,2025-09
109,LOR 1 TOA PAYOH,1990-02,2026-05
110,LOR 1 TOA PAYOH,1990-07,2026-02
111,LOR 1 TOA PAYOH,1990-03,2026-06
112,LOR 1 TOA PAYOH,1990-06,2026-06
113,LOR 1 TOA PAYOH,1990-01,2026-01
114,LOR 1 TOA PAYOH,1990-01,2026-05
115,LOR 1 TOA PAYOH,1990-01,2026-09
117,LOR 1 TOA PAYOH,1990-02,2026-07
118,LOR 1 TOA PAYOH,1990-07,2026-09
119,LOR 1 TOA PAYOH,1990-10,2025-02
123,LOR 1 TOA PAYOH,1990-03,2026-06
124,LOR 1 TOA PAYOH,1990-04,2026-07
125,LOR 1 TOA PAYOH,1990-02,2026-09
126,LOR 1 TOA PAYOH,1990-01,2026-06
128,LOR 1 TOA PAYOH,1990-01,2026-09
130A,LOR 1 TOA PAYOH,2022-05,2026-09
130B,LOR 1 TOA PAYOH,2022-05,2026-08
131A,LOR 1 TOA PAYOH,2022-08,2026-02
131B,LOR 1 TOA PAYOH,2022-08,2026-08
153A,LOR 1 TOA PAYOH,2003-04,2026-03
155,LOR 1 TOA PAYOH,2003-10,2026-07
156,LOR 1 TOA PAYOH,2004-06,2026-10
157,LOR 1 TOA PAYOH,1990-02,2026-09
158,LOR 1 TOA PAYOH,1990-06,2026-03
159,LOR 1 TOA PAYOH,1990-01,2026-07
160,LOR 1 TOA PAYOH,2005-04,2024-06
161,LOR 1 TOA PAYOH,2005-04,2026-08
163,LOR 1 TOA PAYOH,1990-01,2026-05
166,LOR 1 TOA PAYOH,1990-01,1999-11
167,LOR 1 TOA PAYOH,1990-07,1999-11
168,LOR 1 TOA PAYOH,1990-01,2026-07
169,LOR 1 TOA PAYOH,1990-01,2026-04
171,LOR 1 TOA PAYOH,1999-06,2026-09
172,LOR 1 TOA PAYOH,1999-05,2026-06
172A,LOR 1 TOA PAYOH,1999-03,2025-08
173,LOR 1 TOA PAYOH,1990-01,2026-05
174,LOR 1 TOA PAYOH,1990-02,2026-09
236,LOR 1 TOA PAYOH,1991-11,2026-06
237,LOR 1 TOA PAYOH,1991-03,2025-07
238,LOR 1 TOA PAYOH,1991-09,2026-09
239,LOR 1 TOA PAYOH,1992-06,2026-09
240,LOR 1 TOA PAYOH,1991-07,2026-10
98,LOR 1 TOA PAYOH,1990-01,2026-01
138A,LOR 1A TOA PAYOH,2017-06,2026-07
138B,LOR 1A TOA PAYOH,2017-05,2026-09
138C,LOR 1A TOA PAYOH,2017-07,2026-09
139A,LOR 1A TOA PAYOH,2017-06,2026-07
139B,LOR 1A TOA PAYOH,2017-07,2026-08
101A,LOR 2 TOA PAYOH,1998-02,2026-08
101B,LOR 2 TOA PAYOH,1997-10,2026-03
116,LOR 2 TOA PAYOH,1990-01,2026-08
120,LOR 2 TOA PAYOH,1990-01,2026-08
121,LOR 2 TOA PAYOH,2007-01,2026-07
122,LOR 2 TOA PAYOH,2004-05,2026-06
141,LOR 2 TOA PAYOH,2004-11,2026-09
142,LOR 2 TOA PAYOH,2004-07,2026-02
143,LOR 2 TOA PAYOH,2005-07,2026-09
144,LOR 2 TOA PAYOH,2006-01,2026-09
145,LOR 2 TOA PAYOH,2008-08,2026-09
146,LOR 2 TOA PAYOH,2008-06,2026-07
147,LOR 2 TOA PAYOH,2009-02,2026-07
152,LOR 2 TOA PAYOH,2008-09,2026-09
153,LOR 2 TOA PAYOH,2003-07,2026-09
154,LOR 2 TOA PAYOH,2003-11,2026-02
175,LOR 2 TOA PAYOH,1990-02,2026-09
83,LOR 2 TOA PAYOH,1990-09,2025-05
84,LOR 2 TOA PAYOH,2000-01,2026-07
84A,LOR 2 TOA PAYOH,2000-09,2026-05
84B,LOR 2 TOA PAYOH,2000-07,2025-12
86,LOR 2 TOA PAYOH,1999-12,2026-05
89,LOR 2 TOA PAYOH,1990-05,1999-12
99A,LOR 2 TOA PAYOH,1997-12,2026-09
99B,LOR 2 TOA PAYOH,1997-10,2022-09
99C,LOR 2 TOA PAYOH,1997-09,2025-05
111,LOR 3 GEYLANG,1994-03,2022-05
112,LOR 3 GEYLANG,1991-09,2026-01
113,LOR 3 GEYLANG,1994-09,2026-08
114,LOR 3 GEYLANG,1994-02,2023-04
91,LOR 3 TOA PAYOH,1990-01,2026-09
96,LOR 3 TOA PAYOH,1990-02,2026-09
97,LOR 3 TOA PAYOH,1994-03,2026-07
191,LOR 4 TOA PAYOH,1990-03,2025-10
193,LOR 4 TOA PAYOH,1990-01,2026-04
56,LOR 4 TOA PAYOH,2003-03,2026-09
58,LOR 4 TOA PAYOH,2003-05,2024-02
60,LOR 4 TOA PAYOH,2003-06,2025-07
62,LOR 4 TOA PAYOH,2003-08,2026-09
66,LOR 4 TOA PAYOH,1990-02,2026-03
69,LOR 4 TOA PAYOH,1990-01,2025-08
70,LOR 4 TOA PAYOH,1991-05,2026-06
71,LOR 4 TOA PAYOH,1991-06,2024-12
73,LOR 4 TOA PAYOH,1990-01,2026-07
80,LOR 4 TOA PAYOH,1999-12,2026-05
80A,LOR 4 TOA PAYOH,2000-02,2026-03
80B,LOR 4 TOA PAYOH,2000-04,2026-10
81,LOR 4 TOA PAYOH,2000-11,2026-08
81A,LOR 4 TOA PAYOH,2000-07,2026-05
81B,LOR 4 TOA PAYOH,2000-07,2026-08
82,LOR 4 TOA PAYOH,1999-12,2026-09
82A,LOR 4 TOA PAYOH,2000-04,2026-09
82B,LOR 4 TOA PAYOH,2000-05,2026-05
85,LOR 4 TOA PAYOH,1990-04,2026-01
85A,LOR 4 TOA PAYOH,1990-01,2026-05
85B,LOR 4 TOA PAYOH,1990-01,2026-02
85C,LOR 4 TOA PAYOH,1990-02,2026-08
92,LOR 4 TOA PAYOH,1990-09,2023-06
94,LOR 4 TOA PAYOH,1992-05,2026-01
95,LOR 4 TOA PAYOH,1990-01,2025-08
30,LOR 5 TOA PAYOH,1990-01,2002-11
34,LOR 5 TOA PAYOH,1990-06,2026-08
35,LOR 5 TOA PAYOH,2001-02,2026-05
36,LOR 5 TOA PAYOH,2001-05,2025-06
37,LOR 5 TOA PAYOH,2001-03,2026-01
38,LOR 5 TOA PAYOH,1990-02,2026-10
43,LOR 5 TOA PAYOH,1997-10,2025-12
44,LOR 5 TOA PAYOH,1997-05,2026-08
45,LOR 5 TOA PAYOH,1998-01,2025-06
46,LOR 5 TOA PAYOH,1995-04,2026-01
48,LOR 5 TOA PAYOH,1995-11,2024-01
49,LOR 5 TOA PAYOH,1997-05,2026-07
50,LOR 5 TOA PAYOH,1997-06,2026-07
53,LOR 5 TOA PAYOH,1990-01,2026-04
54,LOR 5 TOA PAYOH,2003-11,2026-01
55,LOR 5 TOA PAYOH,2003-06,2026-08
57,LOR 5 TOA PAYOH,1990-03,2026-08
59,LOR 5 TOA PAYOH,1990-01,2026-09
61,LOR 5 TOA PAYOH,1991-06,2026-05
72,LOR 5 TOA PAYOH,1990-05,2024-02
47,LOR 6 TOA PAYOH,1990-04,2026-09
51,LOR 6 TOA PAYOH,1990-02,2026-09
52,LOR 6 TOA PAYOH,2007-11,2026-09
1,LOR 7 TOA PAYOH,1990-01,2026-08
10,LOR 7 TOA PAYOH,2002-05,2025-11
10B,LOR 7 TOA PAYOH,2002-03,2025-02
12,LOR 7 TOA PAYOH,1990-01,2026-09
13,LOR 7 TOA PAYOH,1990-01,2026-09
14,LOR 7 TOA PAYOH,2002-04,2026-06
14A,LOR 7 TOA PAYOH,2002-07,2025-12
14B,LOR 7 TOA PAYOH,2002-03,2026-04
17,LOR 7 TOA PAYOH,1990-01,2026-08
18,LOR 7 TOA PAYOH,1990-04,2025-11
2,LOR 7 TOA PAYOH,1990-01,2026-08
20,LOR 7 TOA PAYOH,1990-09,2026-03
3,LOR 7 TOA PAYOH,1990-06,2026-08
4,LOR 7 TOA PAYOH,1990-03,2025-08
6,LOR 7 TOA PAYOH,2002-07,2025-12
7,LOR 7 TOA PAYOH,2002-07,2026-09
8,LOR 7 TOA PAYOH,1990-02,2026-05
9,LOR 7 TOA PAYOH,1990-01,2026-09
11,LOR 8 TOA PAYOH,2002-02,2026-05
213,LOR 8 TOA PAYOH,1990-03,2026-06
214,LOR 8 TOA PAYOH,1990-05,2026-07
215,LOR 8 TOA PAYOH,1990-03,2026-08
216,LOR 8 TOA PAYOH,1990-03,2025-12
217,LOR 8 TOA PAYOH,1990-04,2026-04
218,LOR 8 TOA PAYOH,1990-01,2026-09
219,LOR 8 TOA PAYOH,1990-02,2026-07
220,LOR 8 TOA PAYOH,1990-11,2026-07
221,LOR 8 TOA PAYOH,1990-03,2025-05
222,LOR 8 TOA PAYOH,1990-02,2026-07
223,LOR 8 TOA PAYOH,1990-02,2026-09
224,LOR 8 TOA PAYOH,1990-05,2025-08
225,LOR 8 TOA PAYOH,1990-01,2026-08
226,LOR 8 TOA PAYOH,1990-12,2026-02
227,LOR 8 TOA PAYOH,1990-01,2026-07
228,LOR 8 TOA PAYOH,1990-08,2026-09
229,LOR 8 TOA PAYOH,1990-03,2026-05
230,LOR 8 TOA PAYOH,1990-02,2026-09
231,LOR 8 TOA PAYOH,1990-07,2026-09
232,LOR 8 TOA PAYOH,1990-01,2026-09
233,LOR 8 TOA PAYOH,1990-03,2026-08
234,LOR 8 TOA PAYOH,1990-03,2026-08
235,LOR 8 TOA PAYOH,1990-03,2026-07
128,LOR AH SOO,1990-01,2026-10
129,LOR AH SOO,1990-04,2026-09
130,LOR AH SOO,1990-10,2026-06
131,LOR AH SOO,1993-11,2022-01
132,LOR AH SOO,1990-01,2026-09
133,LOR AH SOO,1990-01,2026-08
134,LOR AH SOO,1991-06,2026-08
135,LOR AH SOO,1990-01,2026-07
136,LOR AH SOO,1992-10,2022-06
137,LOR AH SOO,1990-01,2026-08
138,LOR AH SOO,1990-01,2026-08
139,LOR AH SOO,1990-02,2026-02
140,LOR AH SOO,1990-01,2026-03
141,LOR AH SOO,1990-01,2026-07
142,LOR AH SOO,1990-01,2026-03
143,LOR AH SOO,1990-07,2026-04
144,LOR AH SOO,1990-03,2026-08
145,LOR AH SOO,1990-02,2026-09
1,LOR LEW LIAN,1990-02,2026-06
2,LOR LEW LIAN,1990-03,2026-08
3,LOR LEW LIAN,1990-12,2025-05
4,LOR LEW LIAN,1990-04,2026-09
5,LOR LEW LIAN,1990-01,2026-08
6,LOR LEW LIAN,1990-01,2026-09
7,LOR LEW LIAN,1990-03,2025-08
8,LOR LEW LIAN,2000-08,2025-08
76,LOR LIMAU,1990-06,2025-02
77,LOR LIMAU,1990-01,2026-07
78,LOR LIMAU,2022-04,2026-09
32,LOWER DELTA RD,1990-04,1999-12
48,LOWER DELTA RD,2009-04,2026-05
81,MACPHERSON LANE,1990-01,2018-04
82,MACPHERSON LANE,1990-03,2017-10
83,MACPHERSON LANE,1990-02,2017-12
30,MARGARET DR,2026-09,2026-10
31,MARGARET DR,2026-06,2026-08
35,MARGARET DR,2026-07,2026-07
39A,MARGARET DR,2026-09,2026-09
40A,MARGARET DR,2026-07,2026-09
40B,MARGARET DR,2026-07,2026-09
41A,MARGARET DR,2026-09,2026-09
96,MARGARET DR,1990-01,2000-12
27,MARINE CRES,1990-03,2026-07
28,MARINE CRES,1990-07,2026-07
29,MARINE CRES,1990-05,2026-07
30,MARINE CRES,1990-01,2026-05
31,MARINE CRES,1990-01,2026-09
32,MARINE CRES,1990-01,2026-04
33,MARINE CRES,1990-03,2026-09
34,MARINE CRES,1990-07,2026-06
35,MARINE CRES,1990-01,2026-09
43,MARINE CRES,1990-01,2026-07
44,MARINE CRES,1990-02,2025-07
45,MARINE CRES,1990-02,2026-09
46,MARINE CRES,1990-05,2026-09
47,MARINE CRES,1990-03,2025-09
60,MARINE DR,1990-02,2026-07
61,MARINE DR,1991-01,2025-12
62,MARINE DR,1990-01,2026-06
63,MARINE DR,1990-02,2026-05
64,MARINE DR,1990-04,2026-09
65,MARINE DR,1990-02,2026-08
66,MARINE DR,1990-01,2026-08
67,MARINE DR,1990-01,2026-09
71,MARINE DR,1990-01,2023-12
72,MARINE DR,1990-01,2026-01
73,MARINE DR,1990-01,2026-09
74,MARINE DR,1990-03,2026-08
75,MARINE DR,1990-03,2026-07
76,MARINE DR,1990-06,2025-01
77,MARINE DR,1990-03,2026-08
78,MARINE DR,1990-01,2026-09
79,MARINE DR,1990-03,2026-08
80,MARINE PARADE CTRL,2009-07,2012-12
81,MARINE PARADE CTRL,2022-11,2022-11
1,MARINE TER,1990-04,2025-09
12,MARINE TER,1990-01,2026-08
13,MARINE TER,1990-01,2026-08
14,MARINE TER,1990-01,2025-11
15,MARINE TER,2009-08,2025-07
16,MARINE TER,2011-01,2025-12
17,MARINE TER,1990-06,2026-06
18,MARINE TER,1990-02,2026-03
19,MARINE TER,1990-01,2026-07
2,MARINE TER,1990-02,2026-07
20,MARINE TER,1990-03,2026-10
3,MARINE TER,1990-01,2026-10
4,MARINE TER,1990-01,2026-08
5,MARINE TER,1990-03,2026-10
54,MARINE TER,1990-03,2026-08
55,MARINE TER,1990-01,2026-02
57,MARINE TER,1990-02,2025-12
58,MARINE TER,1990-08,2025-09
59,MARINE TER,1991-02,2026-02
6,MARINE TER,1990-03,2026-05
7,MARINE TER,1990-01,2026-07
8,MARINE TER,1990-02,2025-04
212,MARSILING CRES,1990-01,2022-05
213,MARSILING CRES,1990-01,2021-10
217,MARSILING CRES,1990-01,2022-02
218,MARSILING CRES,1990-09,2021-02
1,MARSILING DR,1990-01,2026-08
10,MARSILING DR,1990-01,2026-09
11,MARSILING DR,1990-10,2026-03
2,MARSILING DR,1990-01,2026-06
201,MARSILING DR,1990-08,2026-06
202,MARSILING DR,1990-03,2026-10
203,MARSILING DR,1990-01,2026-09
204,MARSILING DR,1990-01,2026-02
205,MARSILING DR,1990-01,2026-08
206,MARSILING DR,1990-01,2026-09
22,MARSILING DR,1990-01,2026-09
23,MARSILING DR,1990-02,2026-09
24,MARSILING DR,1990-01,2026-04
25,MARSILING DR,1990-01,2026-06
26,MARSILING DR,1990-09,2026-01
27,MARSILING DR,1990-05,2025-12
28,MARSILING DR,1990-08,2026-09
29,MARSILING DR,1990-01,2026-09
30,MARSILING DR,1990-02,2026-09
31,MARSILING DR,1990-01,2025-07
32,MARSILING DR,1990-02,2026-06
33,MARSILING DR,1990-02,2026-06
34,MARSILING DR,1991-01,2026-10
35,MARSILING DR,1990-01,2026-01
36,MARSILING DR,1990-01,2026-07
37,MARSILING DR,1990-02,2026-07
5,MARSILING DR,1990-03,2026-08
5A,MARSILING DR,2005-10,2026-09
6,MARSILING DR,1990-01,2026-09
7,MARSILING DR,1990-03,2026-08
8,MARSILING DR,1990-01,2026-07
9,MARSILING DR,1990-07,2026-08
12,MARSILING LANE,1990-01,2026-08
12A,MARSILING LANE,2017-04,2026-03
12B,MARSILING LANE,2017-03,2026-02
12C,MARSILING LANE,2017-04,2026-09
13,MARSILING LANE,1990-01,2026-03
15,MARSILING LANE,1990-01,2026-09
16,MARSILING LANE,2007-06,2026-07
17,MARSILING LANE,1990-02,2026-08
18,MARSILING LANE,2009-11,2026-08
19,MARSILING LANE,2010-04,2026-09
214,MARSILING LANE,1990-03,2021-05
215,MARSILING LANE,1990-04,2022-03
216,MARSILING LANE,1990-06,2022-01
134,MARSILING RD,1999-01,2026-07
135,MARSILING RD,1998-12,2026-05
136,MARSILING RD,1994-08,2025-07
137,MARSILING RD,1990-12,2026-06
138,MARSILING RD,1999-02,2024-05
139,MARSILING RD,1998-12,2026-09
140,MARSILING RD,1992-01,2025-12
141,MARSILING RD,1998-10,2026-08
142,MARSILING RD,1998-09,2026-06
143,MARSILING RD,1993-07,2024-04
180A,MARSILING RD,2019-12,2026-02
180B,MARSILING RD,2019-09,2026-06
114,MARSILING RISE,1999-08,2026-05
115,MARSILING RISE,1999-08,2024-11
116,MARSILING RISE,1999-05,2024-05
117,MARSILING RISE,1998-12,2026-01
118,MARSILING RISE,1999-03,2026-06
119,MARSILING RISE,1999-07,2026-09
120,MARSILING RISE,1990-07,2026-04
121,MARSILING RISE,1999-05,2016-10
122,MARSILING RISE,1999-01,2026-09
123,MARSILING RISE,1990-07,2026-04
124,MARSILING RISE,1999-11,2026-09
125,MARSILING RISE,1990-01,2026-02
126,MARSILING RISE,1999-08,2025-01
127,MARSILING RISE,1991-05,2025-12
128,MARSILING RISE,1996-03,2026-07
129,MARSILING RISE,1990-05,2026-07
130,MARSILING RISE,1990-01,2026-09
131,MARSILING RISE,1990-03,2026-07
132,MARSILING RISE,2013-05,2024-02
133,MARSILING RISE,1999-05,2026-03
108,MCNAIR RD,1992-02,2026-08
108B,MCNAIR RD,2007-02,2026-09
108C,MCNAIR RD,2006-09,2026-07
109,MCNAIR RD,1992-05,2026-07
110,MCNAIR RD,1992-02,2026-08
111,MCNAIR RD,1991-04,2026-06
112,MCNAIR RD,1992-11,2026-08
113A,MCNAIR RD,2021-11,2026-09
113B,MCNAIR RD,2021-11,2026-04
113C,MCNAIR RD,2021-09,2026-09
113D,MCNAIR RD,2021-10,2026-06
119,MCNAIR RD,1992-06,2025-10
120,MCNAIR RD,1992-05,2026-08
121,MCNAIR RD,1992-01,2026-10
122,MCNAIR RD,1992-02,2026-04
123,MCNAIR RD,1991-11,2026-09
124,MCNAIR RD,1991-12,2026-08
143,MEI LING ST,1999-03,2026-06
145,MEI LING ST,1999-05,2026-09
146,MEI LING ST,1999-05,2026-04
147,MEI LING ST,1999-01,2025-05
148,MEI LING ST,1999-06,2026-09
149,MEI LING ST,1999-02,2026-08
150,MEI LING ST,1994-09,2026-09
152,MEI LING ST,1990-03,2026-09
153,MEI LING ST,1990-02,2026-04
154,MEI LING ST,1991-01,2026-08
157,MEI LING ST,1990-02,2026-05
158,MEI LING ST,1990-07,2026-05
160,MEI LING ST,1990-01,2026-06
161,MEI LING ST,1990-01,2026-07
162,MEI LING ST,1990-04,2026-08
36,MOH GUAN TER,1995-11,2024-11
43,MOH GUAN TER,1990-07,2026-09
44,MOH GUAN TER,1991-08,2024-11
47,MOH GUAN TER,1990-01,2025-06
48,MOH GUAN TER,1990-03,2025-06
50,MOH GUAN TER,1991-09,2026-06
504A,MONTREAL DR,2007-07,2026-06
504B,MONTREAL DR,2005-02,2026-02
504D,MONTREAL DR,2005-03,2026-09
588A,MONTREAL DR,2006-01,2026-09
588B,MONTREAL DR,2007-07,2025-08
588C,MONTREAL DR,2004-11,2026-04
589A,MONTREAL DR,2006-06,2026-01
589B,MONTREAL DR,2006-06,2026-08
589C,MONTREAL DR,2006-01,2026-08
589D,MONTREAL DR,2006-02,2026-09
590A,MONTREAL LINK,2019-01,2026-05
590B,MONTREAL LINK,2019-03,2026-06
590C,MONTREAL LINK,2019-04,2026-06
591A,MONTREAL LINK,2019-02,2026-07
592A,MONTREAL LINK,2019-03,2026-07
592B,MONTREAL LINK,2019-02,2026-08
592C,MONTREAL LINK,2019-02,2026-08
593A,MONTREAL LINK,2019-02,2026-09
593B,MONTREAL LINK,2019-04,2026-09
69,MOULMEIN RD,1990-01,2026-05
32,NEW MKT RD,1990-02,2026-05
208,NEW UPP CHANGI RD,2000-03,2024-07
210,NEW UPP CHANGI RD,1993-06,2025-11
211,NEW UPP CHANGI RD,1990-11,2021-12
24,NEW UPP CHANGI RD,1990-12,2026-01
25,NEW UPP CHANGI RD,2012-02,2024-08
26,NEW UPP CHANGI RD,2010-03,2020-12
27,NEW UPP CHANGI RD,1990-02,2026-06
28,NEW UPP CHANGI RD,1990-01,2026-05
29,NEW UPP CHANGI RD,1990-01,2026-08
30,NEW UPP CHANGI RD,1990-01,2026-08
51,NEW UPP CHANGI RD,1990-01,2026-08
52,NEW UPP CHANGI RD,1990-02,2026-09
53,NEW UPP CHANGI RD,1990-01,2026-06
54,NEW UPP CHANGI RD,1990-01,2026-08
55,NEW UPP CHANGI RD,1990-05,2024-06
56,NEW UPP CHANGI RD,2002-08,2012-07
57,NEW UPP CHANGI RD,1990-02,2026-08
59,NEW UPP CHANGI RD,1999-12,2024-03
60,NEW UPP CHANGI RD,1990-08,2026-07
61,NEW UPP CHANGI RD,1990-02,2026-09
62,NEW UPP CHANGI RD,1990-01,2026-01
63,NEW UPP CHANGI RD,1991-08,2026-09
64,NEW UPP CHANGI RD,1990-03,2026-09
65,NEW UPP CHANGI RD,1991-01,2026-06
51,NILE RD,1990-04,1999-12
54,NILE RD,1990-04,1999-12
405A,NORTHSHORE DR,2025-06,2026-06
405B,NORTHSHORE DR,2025-06,2026-09
406A,NORTHSHORE DR,2025-07,2026-09
406B,NORTHSHORE DR,2025-05,2026-08
406C,NORTHSHORE DR,2025-07,2026-08
408A,NORTHSHORE DR,2025-07,2026-09
408B,NORTHSHORE DR,2025-07,2026-09
408C,NORTHSHORE DR,2025-10,2026-09
409A,NORTHSHORE DR,2025-12,2026-09
409B,NORTHSHORE DR,2026-01,2026-08
409C,NORTHSHORE DR,2025-12,2026-09
409D,NORTHSHORE DR,2026-01,2026-09
413C,NORTHSHORE DR,2026-05,2026-09
415A,NORTHSHORE DR,2026-05,2026-08
415B,NORTHSHORE DR,2026-05,2026-09
415C,NORTHSHORE DR,2026-06,2026-09
415D,NORTHSHORE DR,2026-06,2026-08
419A,NORTHSHORE DR,2026-09,2026-09
419B,NORTHSHORE DR,2026-07,2026-08
419C,NORTHSHORE DR,2026-07,2026-09
420A,NORTHSHORE DR,2026-08,2026-09
420B,NORTHSHORE DR,2026-08,2026-08
420C,NORTHSHORE DR,2026-09,2026-10
421A,NORTHSHORE DR,2026-01,2026-10
421B,NORTHSHORE DR,2026-05,2026-08
421C,NORTHSHORE DR,2026-07,2026-09
422A,NORTHSHORE DR,2026-02,2026-09
422B,NORTHSHORE DR,2026-05,2026-10
12,NTH BRIDGE RD,1990-01,2026-03
467,NTH BRIDGE RD,1990-07,2026-07
468,NTH BRIDGE RD,1990-01,2025-12
95,OLD AIRPORT RD,1990-04,2026-07
99,OLD AIRPORT RD,1990-04,2026-05
16,OUTRAM HILL,1991-07,1999-10
21,OUTRAM PK,1990-05,1999-12
22,OUTRAM PK,1990-01,1999-12
44,OWEN RD,1990-03,2025-11
46,OWEN RD,1990-01,2025-09
401,PANDAN GDNS,1990-03,2025-05
402,PANDAN GDNS,1990-04,2026-02
403,PANDAN GDNS,1990-01,2026-09
404,PANDAN GDNS,1990-01,2026-05
405,PANDAN GDNS,1990-01,2025-09
406,PANDAN GDNS,1990-01,2026-08
407,PANDAN GDNS,1990-03,2025-03
408,PANDAN GDNS,1990-01,2025-05
409,PANDAN GDNS,1990-05,2025-10
410,PANDAN GDNS,1990-02,2026-01
411,PANDAN GDNS,1990-03,2026-09
412,PANDAN GDNS,1990-07,2026-04
413,PANDAN GDNS,1990-02,2026-09
414,PANDAN GDNS,1990-04,2025-05
415,PANDAN GDNS,2009-03,2025-09
416,PANDAN GDNS,2011-09,2025-08
530A,PASIR RIS DR 1,2020-09,2026-08
530B,PASIR RIS DR 1,2020-09,2026-08
530C,PASIR RIS DR 1,2020-06,2026-08
530D,PASIR RIS DR 1,2020-11,2026-08
531,PASIR RIS DR 1,1996-01,2026-08
532,PASIR RIS DR 1,1997-06,2025-11
533,PASIR RIS DR 1,1997-05,2026-03
534,PASIR RIS DR 1,1997-06,2026-09
535,PASIR RIS DR 1,1996-01,2026-01
536,PASIR RIS DR 1,1997-02,2026-03
634,PASIR RIS DR 1,1998-01,2026-09
635,PASIR RIS DR 1,1998-12,2026-03
636,PASIR RIS DR 1,1995-03,2026-07
637,PASIR RIS DR 1,1999-02,2026-09
638,PASIR RIS DR 1,1999-04,2026-08
639,PASIR RIS DR 1,1999-02,2025-12
640,PASIR RIS DR 1,1999-01,2026-09
641,PASIR RIS DR 1,1999-01,2025-11
642,PASIR RIS DR 10,1999-03,2026-01
643,PASIR RIS DR 10,1999-03,2025-05
644,PASIR RIS DR 10,1996-04,2026-06
645,PASIR RIS DR 10,1995-05,2026-05
646,PASIR RIS DR 10,1995-10,2026-04
647,PASIR RIS DR 10,1999-03,2026-08
648,PASIR RIS DR 10,1999-04,2026-01
649,PASIR RIS DR 10,1999-04,2025-08
650,PASIR RIS DR 10,1995-10,2026-09
651,PASIR RIS DR 10,1996-02,2026-07
700,PASIR RIS DR 10,1999-05,2025-11
701,PASIR RIS DR 10,1999-06,2025-09
702,PASIR RIS DR 10,1999-05,2026-03
703,PASIR RIS DR 10,1999-05,2025-07
704,PASIR RIS DR 10,1999-04,2023-07
705,PASIR RIS DR 10,1999-04,2026-05
706,PASIR RIS DR 10,1999-08,2026-09
707,PASIR RIS DR 10,1999-07,2025-08
708,PASIR RIS DR 10,1999-06,2024-01
709,PASIR RIS DR 10,1999-07,2023-06
736,PASIR RIS DR 10,2000-03,2025-06
737,PASIR RIS DR 10,2000-05,2025-11
738,PASIR RIS DR 10,1995-12,2026-05
739,PASIR RIS DR 10,2000-06,2026-06
626,PASIR RIS DR 3,1999-02,2026-06
627,PASIR RIS DR 3,1999-01,2026-07
628,PASIR RIS DR 3,1998-12,2025-05
629,PASIR RIS DR 3,1998-12,2026-08
630,PASIR RIS DR 3,1998-12,2026-03
631,PASIR RIS DR 3,1994-05,2026-07
632,PASIR RIS DR 3,1999-01,2026-07
633,PASIR RIS DR 3,1999-01,2026-08
231,PASIR RIS DR 4,1995-11,2026-09
232,PASIR RIS DR 4,1997-12,2025-08
233,PASIR RIS DR 4,1995-09,2026-07
234,PASIR RIS DR 4,1998-02,2026-07
440,PASIR RIS DR 4,1994-08,2026-01
456,PASIR RIS DR 4,1997-03,2026-03
457,PASIR RIS DR 4,1995-12,2023-08
458,PASIR RIS DR 4,1994-06,2026-10
459,PASIR RIS DR 4,1994-02,2025-09
460,PASIR RIS DR 4,1993-11,2026-01
461,PASIR RIS DR 4,1994-06,2026-08
478,PASIR RIS DR 4,1995-12,2025-07
479,PASIR RIS DR 4,1995-11,2025-12
480,PASIR RIS DR 4,1995-11,2026-05
481,PASIR RIS DR 4,1995-11,2026-07
482,PASIR RIS DR 4,1993-10,2026-08
483,PASIR RIS DR 4,1994-03,2026-09
484,PASIR RIS DR 4,1996-07,2026-08
485,PASIR RIS DR 4,1994-02,2025-02
486,PASIR RIS DR 4,1995-01,2026-07
487,PASIR RIS DR 4,1996-03,2026-09
405,PASIR RIS DR 6,1994-10,2026-07
406,PASIR RIS DR 6,1994-12,2026-08
407,PASIR RIS DR 6,1994-12,2026-04
408,PASIR RIS DR 6,1992-08,2026-08
409,PASIR RIS DR 6,1994-12,2026-02
410,PASIR RIS DR 6,1994-10,2022-04
411,PASIR RIS DR 6,1992-03,2026-03
412,PASIR RIS DR 6,1993-05,2026-08
413,PASIR RIS DR 6,1995-01,2025-11
414,PASIR RIS DR 6,1995-02,2026-09
415,PASIR RIS DR 6,1995-01,2026-07
416,PASIR RIS DR 6,1994-09,2026-07
417,PASIR RIS DR 6,1994-10,2026-06
418,PASIR RIS DR 6,1994-02,2025-07
419,PASIR RIS DR 6,1994-01,2026-07
420,PASIR RIS DR 6,1995-06,2024-11
421,PASIR RIS DR 6,1994-02,2026-07
422,PASIR RIS DR 6,1994-07,2026-09
423,PASIR RIS DR 6,1994-06,2026-04
424,PASIR RIS DR 6,1994-07,2019-03
425,PASIR RIS DR 6,1994-08,2026-09
426,PASIR RIS DR 6,1993-07,2025-09
427,PASIR RIS DR 6,1993-06,2026-08
428,PASIR RIS DR 6,1994-03,2026-09
429,PASIR RIS DR 6,1995-01,2026-09
442,PASIR RIS DR 6,1995-03,2025-08
446,PASIR RIS DR 6,1992-08,2026-06
447,PASIR RIS DR 6,1995-05,2026-01
448,PASIR RIS DR 6,1993-10,2026-08
449,PASIR RIS DR 6,1995-03,2026-04
450,PASIR RIS DR 6,1994-07,2026-10
451,PASIR RIS DR 6,1994-07,2026-05
452,PASIR RIS DR 6,1994-06,2025-12
453,PASIR RIS DR 6,1994-06,2026-10
454,PASIR RIS DR 6,1994-12,2026-04
455,PASIR RIS DR 6,1993-03,2016-09
467,PASIR RIS DR 6,1993-09,2026-03
468,PASIR RIS DR 6,1992-10,2026-03
469,PASIR RIS DR 6,1994-06,2026-09
470,PASIR RIS DR 6,1991-10,2026-06
471,PASIR RIS DR 6,1993-05,2025-10
472,PASIR RIS DR 6,1993-03,2026-06
473,PASIR RIS DR 6,1993-12,2026-01
474,PASIR RIS DR 6,1994-10,2026-07
475,PASIR RIS DR 6,1992-09,2026-06
476,PASIR RIS DR 6,1994-08,2026-09
477,PASIR RIS DR 6,1994-05,2026-07
109,PASIR RIS ST 11,1994-05,2026-10
110,PASIR RIS ST 11,1994-07,2025-07
111,PASIR RIS ST 11,1995-03,2026-04
112,PASIR RIS ST 11,1995-03,2026-08
113,PASIR RIS ST 11,1994-09,2026-09
114,PASIR RIS ST 11,1994-02,2026-09
115,PASIR RIS ST 11,1994-01,2026-05
116,PASIR RIS ST 11,1994-03,2022-07
117,PASIR RIS ST 11,1993-07,2026-09
118,PASIR RIS ST 11,1994-02,2026-01
119,PASIR RIS ST 11,1992-04,2026-05
120,PASIR RIS ST 11,1993-09,2026-06
121,PASIR RIS ST 11,1993-11,2026-06
122,PASIR RIS ST 11,1991-11,2026-08
123,PASIR RIS ST 11,1993-11,2026-09
124,PASIR RIS ST 11,1993-10,2026-02
125,PASIR RIS ST 11,1993-10,2026-04
126,PASIR RIS ST 11,1993-10,2026-06
127,PASIR RIS ST 11,1993-11,2026-01
128,PASIR RIS ST 11,1993-09,2026-03
129,PASIR RIS ST 11,1992-08,2026-06
130,PASIR RIS ST 11,1998-07,2022-10
131,PASIR RIS ST 11,1996-04,2026-09
132,PASIR RIS ST 11,1998-07,2024-10
133,PASIR RIS ST 11,1998-08,2026-06
134,PASIR RIS ST 11,1998-07,2026-06
135,PASIR RIS ST 11,1995-03,2026-08
136,PASIR RIS ST 11,1998-08,2025-09
137,PASIR RIS ST 11,1996-02,2025-07
138,PASIR RIS ST 11,1998-12,2026-09
139,PASIR RIS ST 11,1998-11,2025-05
140,PASIR RIS ST 11,1995-02,2025-10
141,PASIR RIS ST 11,1995-08,2025-08
142,PASIR RIS ST 11,1998-09,2026-04
143,PASIR RIS ST 11,1994-06,2025-09
144,PASIR RIS ST 11,1998-12,2026-08
145,PASIR RIS ST 11,1998-11,2025-09
146,PASIR RIS ST 11,1998-12,2025-04
180,PASIR RIS ST 11,1994-03,2026-08
181,PASIR RIS ST 11,1998-02,2026-09
182,PASIR RIS ST 11,1996-05,2026-10
183,PASIR RIS ST 11,1998-01,2026-06
184,PASIR RIS ST 11,1996-01,2026-05
185,PASIR RIS ST 11,1998-04,2026-10
186,PASIR RIS ST 11,1994-03,2025-05
187,PASIR RIS ST 11,1998-03,2025-08
101,PASIR RIS ST 12,1992-05,2026-09
102,PASIR RIS ST 12,1993-09,2026-09
103,PASIR RIS ST 12,1994-02,2026-01
104,PASIR RIS ST 12,1993-01,2025-12
105,PASIR RIS ST 12,1993-11,2025-12
106,PASIR RIS ST 12,1991-08,2026-09
107,PASIR RIS ST 12,1993-09,2024-07
108,PASIR RIS ST 12,1993-05,2026-09
188,PASIR RIS ST 12,1996-01,2026-07
189,PASIR RIS ST 12,1998-03,2025-03
190,PASIR RIS ST 12,1998-06,2026-08
191,PASIR RIS ST 12,1998-05,2023-08
192,PASIR RIS ST 12,1998-06,2026-07
193,PASIR RIS ST 12,1998-03,2026-08
194,PASIR RIS ST 12,1998-06,2026-03
195,PASIR RIS ST 12,1998-02,2024-09
196,PASIR RIS ST 12,1998-03,2026-07
197,PASIR RIS ST 12,1998-04,2024-07
198,PASIR RIS ST 12,1998-05,2026-03
199,PASIR RIS ST 12,1998-02,2026-02
147,PASIR RIS ST 13,1995-12,2026-06
148,PASIR RIS ST 13,1998-12,2026-06
149,PASIR RIS ST 13,1996-03,2025-07
150,PASIR RIS ST 13,1998-12,2023-05
151,PASIR RIS ST 13,1999-02,2026-06
152,PASIR RIS ST 13,1998-11,2024-07
153,PASIR RIS ST 13,1999-03,2026-07
154,PASIR RIS ST 13,1999-05,2022-11
155,PASIR RIS ST 13,1999-01,2026-06
156,PASIR RIS ST 13,1999-03,2024-05
157,PASIR RIS ST 13,1999-01,2024-06
158,PASIR RIS ST 13,1994-10,2025-11
159,PASIR RIS ST 13,1995-05,2021-12
160,PASIR RIS ST 13,1996-01,2026-04
161,PASIR RIS ST 13,1998-12,2026-09
203,PASIR RIS ST 21,1998-01,2026-03
204,PASIR RIS ST 21,1996-01,2026-10
205,PASIR RIS ST 21,1998-03,2026-06
206,PASIR RIS ST 21,1998-03,2026-09
207,PASIR RIS ST 21,1994-07,2026-05
208,PASIR RIS ST 21,1998-03,2026-07
209,PASIR RIS ST 21,1998-05,2023-01
210,PASIR RIS ST 21,1995-11,2026-09
211,PASIR RIS ST 21,1998-02,2026-02
212,PASIR RIS ST 21,1996-04,2026-01
213,PASIR RIS ST 21,1997-12,2026-06
214,PASIR RIS ST 21,1997-04,2026-07
215,PASIR RIS ST 21,1996-04,2026-08
216,PASIR RIS ST 21,1996-03,2026-01
217,PASIR RIS ST 21,1994-10,2026-08
218,PASIR RIS ST 21,1995-02,2025-09
219,PASIR RIS ST 21,1994-06,2026-06
220,PASIR RIS ST 21,1995-02,2026-07
221,PASIR RIS ST 21,1996-02,2026-01
222,PASIR RIS ST 21,1996-06,2026-07
223,PASIR RIS ST 21,1995-11,2026-08
224,PASIR RIS ST 21,1994-07,2026-03
225,PASIR RIS ST 21,1994-09,2026-05
226,PASIR RIS ST 21,1998-01,2026-07
227,PASIR RIS ST 21,1997-12,2026-07
228,PASIR RIS ST 21,1993-11,2026-09
229,PASIR RIS ST 21,1994-12,2026-07
230,PASIR RIS ST 21,1998-01,2025-09
235,PASIR RIS ST 21,1994-05,2026-09
236,PASIR RIS ST 21,1994-09,2026-05
237,PASIR RIS ST 21,1997-11,2026-07
238,PASIR RIS ST 21,1994-08,2026-05
239,PASIR RIS ST 21,1997-10,2026-07
240,PASIR RIS ST 21,1996-03,2026-07
241,PASIR RIS ST 21,1996-01,2022-12
242,PASIR RIS ST 21,1997-11,2026-09
243,PASIR RIS ST 21,1997-10,2026-06
244,PASIR RIS ST 21,1996-02,2025-12
245,PASIR RIS ST 21,1997-08,2026-09
246,PASIR RIS ST 21,1995-11,2025-03
247,PASIR RIS ST 21,1997-12,2025-06
248,PASIR RIS ST 21,1995-09,2026-07
249,PASIR RIS ST 21,1998-02,2024-01
250,PASIR RIS ST 21,1996-05,2026-05
251,PASIR RIS ST 21,1995-11,2026-07
252,PASIR RIS ST 21,1998-11,2026-01
253,PASIR RIS ST 21,1998-11,2026-06
254,PASIR RIS ST 21,1998-08,2025-12
255,PASIR RIS ST 21,1998-06,2026-08
256,PASIR RIS ST 21,1998-10,2025-10
257,PASIR RIS ST 21,1998-08,2026-09
266,PASIR RIS ST 21,1996-02,2023-03
267,PASIR RIS ST 21,1998-11,2026-09
268,PASIR RIS ST 21,1998-08,2024-08
269,PASIR RIS ST 21,1998-07,2026-03
270,PASIR RIS ST 21,1998-08,2024-04
271,PASIR RIS ST 21,1998-11,2025-07
272,PASIR RIS ST 21,1998-10,2026-04
273,PASIR RIS ST 21,1995-12,2026-09
274,PASIR RIS ST 21,1998-07,2026-07
275,PASIR RIS ST 21,1994-10,2026-07
463,PASIR RIS ST 41,1995-09,2026-06
464,PASIR RIS ST 41,1997-04,2025-04
465,PASIR RIS ST 41,1997-04,2024-03
466,PASIR RIS ST 41,1993-07,2026-08
524A,PASIR RIS ST 51,2019-07,2026-08
524B,PASIR RIS ST 51,2019-10,2026-09
524C,PASIR RIS ST 51,2019-12,2026-01
525A,PASIR RIS ST 51,2019-09,2026-04
525B,PASIR RIS ST 51,2019-10,2026-06
525C,PASIR RIS ST 51,2019-07,2026-08
526A,PASIR RIS ST 51,2019-07,2026-08
526B,PASIR RIS ST 51,2019-09,2026-07
526C,PASIR RIS ST 51,2019-10,2026-03
526D,PASIR RIS ST 51,2019-09,2026-08
527A,PASIR RIS ST 51,2019-06,2026-08
527B,PASIR RIS ST 51,2019-08,2026-06
527C,PASIR RIS ST 51,2019-11,2026-02
527D,PASIR RIS ST 51,2020-01,2026-08
528A,PASIR RIS ST 51,2019-10,2026-06
528B,PASIR RIS ST 51,2019-09,2026-07
528C,PASIR RIS ST 51,2019-11,2025-07
537,PASIR RIS ST 51,1997-05,2026-08
538,PASIR RIS ST 51,1997-03,2025-08
539,PASIR RIS ST 51,1997-07,2021-10
540,PASIR RIS ST 51,1992-08,2023-04
541,PASIR RIS ST 51,1997-02,2026-01
542,PASIR RIS ST 51,1997-04,2021-06
543,PASIR RIS ST 51,1997-02,2026-08
544,PASIR RIS ST 51,1997-01,2026-07
545,PASIR RIS ST 51,1997-04,2021-09
546,PASIR RIS ST 51,1994-06,2024-06
547,PASIR RIS ST 51,1994-06,2026-09
548,PASIR RIS ST 51,1997-01,2024-05
549,PASIR RIS ST 51,1996-08,2025-12
550,PASIR RIS ST 51,1994-09,2026-07
551,PASIR RIS ST 51,1997-04,2026-06
552,PASIR RIS ST 51,1995-06,2026-07
553,PASIR RIS ST 51,1994-09,2026-08
554,PASIR RIS ST 51,1993-12,2026-08
555,PASIR RIS ST 51,1994-08,2025-06
556,PASIR RIS ST 51,1997-03,2024-05
557,PASIR RIS ST 51,1995-12,2026-04
558,PASIR RIS ST 51,1997-07,2026-08
559,PASIR RIS ST 51,1997-03,2026-05
560,PASIR RIS ST 51,1997-12,2026-06
561,PASIR RIS ST 51,1994-07,2026-05
562,PASIR RIS ST 51,1998-01,2024-10
564,PASIR RIS ST 51,1993-07,2026-07
565,PASIR RIS ST 51,1992-09,2026-08
566,PASIR RIS ST 51,1997-07,2026-09
567,PASIR RIS ST 51,1994-02,2026-08
568,PASIR RIS ST 51,1995-12,2026-10
569,PASIR RIS ST 51,1997-10,2025-09
500,PASIR RIS ST 52,1998-08,2026-08
501,PASIR RIS ST 52,1995-09,2026-02
502,PASIR RIS ST 52,1994-05,2026-01
503,PASIR RIS ST 52,1998-06,2025-04
504,PASIR RIS ST 52,1993-12,2026-06
505,PASIR RIS ST 52,1998-04,2026-09
506,PASIR RIS ST 52,1994-01,2026-02
507,PASIR RIS ST 52,1995-12,2024-05
508,PASIR RIS ST 52,1994-10,2026-06
509,PASIR RIS ST 52,1998-04,2026-08
510,PASIR RIS ST 52,1998-05,2026-06
511,PASIR RIS ST 52,1995-12,2026-03
512,PASIR RIS ST 52,1997-11,2026-01
513,PASIR RIS ST 52,1998-06,2026-08
514,PASIR RIS ST 52,1998-07,2026-07
515,PASIR RIS ST 52,1994-09,2026-05
516,PASIR RIS ST 52,1998-10,2026-03
517,PASIR RIS ST 52,1997-02,2026-04
518,PASIR RIS ST 52,1998-09,2026-01
519,PASIR RIS ST 52,1998-07,2026-08
520,PASIR RIS ST 52,1998-10,2026-03
521,PASIR RIS ST 52,1998-09,2026-07
570,PASIR RIS ST 53,2000-04,2026-06
571,PASIR RIS ST 53,2000-02,2026-02
572,PASIR RIS ST 53,1999-12,2026-08
573,PASIR RIS ST 53,2000-01,2026-07
574,PASIR RIS ST 53,1999-10,2026-06
575,PASIR RIS ST 53,1995-09,2026-06
576,PASIR RIS ST 53,1999-11,2025-05
577,PASIR RIS ST 53,1999-10,2026-08
578,PASIR RIS ST 53,1999-07,2026-01
579,PASIR RIS ST 53,1999-04,2026-09
580,PASIR RIS ST 53,1999-03,2026-01
581,PASIR RIS ST 53,1999-06,2026-08
582,PASIR RIS ST 53,1999-07,2026-01
583,PASIR RIS ST 53,1999-06,2025-05
584,PASIR RIS ST 53,1999-08,2026-04
585,PASIR RIS ST 53,1999-11,2026-09
586,PASIR RIS ST 53,1999-07,2025-11
740,PASIR RIS ST 71,2000-02,2024-07
741,PASIR RIS ST 71,2000-04,2025-03
742,PASIR RIS ST 71,2000-04,2026-03
743,PASIR RIS ST 71,2000-02,2026-09
744,PASIR RIS ST 71,1999-12,2026-03
745,PASIR RIS ST 71,1999-11,2026-09
746,PASIR RIS ST 71,2000-01,2026-02
747,PASIR RIS ST 71,2000-02,2025-12
748,PASIR RIS ST 71,2000-05,2026-10
749,PASIR RIS ST 71,2000-03,2026-02
750,PASIR RIS ST 71,2000-03,2026-01
751,PASIR RIS ST 71,2000-05,2026-09
752,PASIR RIS ST 71,2000-02,2026-08
753,PASIR RIS ST 71,1995-10,2026-08
754,PASIR RIS ST 71,2000-01,2026-09
755,PASIR RIS ST 71,1999-10,2026-07
756,PASIR RIS ST 71,1999-09,2026-09
757,PASIR RIS ST 71,1999-11,2026-04
758,PASIR RIS ST 71,1999-11,2026-02
759,PASIR RIS ST 71,1995-02,2026-07
760,PASIR RIS ST 71,2000-03,2025-12
761,PASIR RIS ST 71,2000-03,2026-08
762,PASIR RIS ST 71,2000-03,2026-07
763,PASIR RIS ST 71,2000-01,2025-05
764,PASIR RIS ST 71,1999-12,2024-08
765,PASIR RIS ST 71,1999-12,2026-03
766,PASIR RIS ST 71,2000-02,2026-07
767,PASIR RIS ST 71,2000-03,2026-05
768,PASIR RIS ST 71,2000-04,2025-07
769,PASIR RIS ST 71,2000-03,2026-03
770,PASIR RIS ST 71,2000-03,2026-08
771,PASIR RIS ST 71,1999-12,2026-03
772,PASIR RIS ST 71,2000-03,2026-03
773,PASIR RIS ST 71,2000-03,2026-08
774,PASIR RIS ST 71,2000-05,2026-05
775,PASIR RIS ST 71,1995-09,2026-09
776,PASIR RIS ST 71,2000-05,2026-08
777,PASIR RIS ST 71,2000-05,2026-03
778,PASIR RIS ST 71,2000-03,2026-03
779,PASIR RIS ST 71,1996-04,2024-09
780,PASIR RIS ST 71,1996-01,2026-07
781,PASIR RIS ST 71,2000-03,2025-02
782,PASIR RIS ST 71,2000-04,2026-02
710,PASIR RIS ST 72,1999-09,2026-09
711,PASIR RIS ST 72,1996-03,2026-09
712,PASIR RIS ST 72,1996-01,2026-08
713,PASIR RIS ST 72,1999-08,2026-05
714,PASIR RIS ST 72,1999-09,2025-09
715,PASIR RIS ST 72,1995-04,2024-06
716,PASIR RIS ST 72,2000-02,2026-09
717,PASIR RIS ST 72,1996-03,2026-07
718,PASIR RIS ST 72,1999-07,2026-09
719,PASIR RIS ST 72,1999-07,2025-06
720,PASIR RIS ST 72,2000-01,2026-05
721,PASIR RIS ST 72,1999-10,2026-07
722,PASIR RIS ST 72,1999-07,2026-03
723,PASIR RIS ST 72,1999-09,2024-04
724,PASIR RIS ST 72,1995-12,2026-09
725,PASIR RIS ST 72,1999-10,2026-08
120,PAYA LEBAR WAY,1990-02,2026-04
121,PAYA LEBAR WAY,1990-03,2026-09
122,PAYA LEBAR WAY,1990-03,2026-05
123,PAYA LEBAR WAY,1990-10,2026-06
124,PAYA LEBAR WAY,1990-03,2026-09
91,PAYA LEBAR WAY,1990-02,2026-10
93,PAYA LEBAR WAY,1990-06,2026-09
112,PENDING RD,1993-08,2023-11
113,PENDING RD,1991-11,2025-09
114,PENDING RD,1993-08,2026-04
115,PENDING RD,1992-01,2026-09
116,PENDING RD,1992-07,2026-04
117,PENDING RD,1992-12,2025-05
118,PENDING RD,1992-03,2026-08
119,PENDING RD,1993-11,2024-07
120,PENDING RD,1992-11,2026-09
121,PENDING RD,1992-08,2025-12
122,PENDING RD,1993-11,2026-06
123,PENDING RD,1992-01,2026-09
124,PENDING RD,1992-12,2026-05
125,PENDING RD,1992-02,2025-12
126,PENDING RD,1991-11,2025-02
127,PENDING RD,1993-06,2026-06
128,PENDING RD,1992-01,2026-09
129,PENDING RD,1992-05,2026-01
221,PENDING RD,1992-10,2025-08
222,PENDING RD,1994-03,2019-02
223,PENDING RD,1992-12,2026-09
224,PENDING RD,1993-02,2023-06
225,PENDING RD,1993-12,2026-08
226,PENDING RD,1992-09,2026-07
227,PENDING RD,1993-03,2026-08
228,PENDING RD,1993-01,2026-02
229,PENDING RD,1991-09,2026-03
230,PENDING RD,1992-04,2025-07
231,PENDING RD,1995-07,2024-01
232,PENDING RD,1993-06,2026-04
233,PENDING RD,1993-01,2024-02
134,PETIR RD,1994-03,2026-01
136,PETIR RD,1994-03,2026-02
137,PETIR RD,1993-06,2025-08
138,PETIR RD,1993-12,2026-05
139,PETIR RD,1993-07,2026-02
140,PETIR RD,1993-01,2026-08
141,PETIR RD,1993-09,2025-05
142,PETIR RD,1992-12,2026-06
143,PETIR RD,1993-11,2026-08
144,PETIR RD,1993-12,2026-05
145,PETIR RD,1994-08,2022-01
149,PETIR RD,1993-04,2025-07
150,PETIR RD,1993-09,2026-01
151,PETIR RD,1993-05,2025-05
167,PETIR RD,2003-03,2026-05
168,PETIR RD,2003-04,2026-09
201,PETIR RD,1994-06,2026-04
202,PETIR RD,1993-03,2026-07
203,PETIR RD,1993-05,2026-03
204,PETIR RD,1993-09,2026-09
205,PETIR RD,1992-11,2026-06
206,PETIR RD,1992-12,2026-08
207,PETIR RD,1993-04,2026-02
208,PETIR RD,1992-09,2026-04
209,PETIR RD,1996-06,2022-05
210,PETIR RD,1993-10,2026-08
211,PETIR RD,1993-03,2026-04
212,PETIR RD,1993-12,2021-03
213,PETIR RD,1993-04,2026-08
214,PETIR RD,1993-09,2026-03
215,PETIR RD,1993-11,2026-03
216,PETIR RD,1992-11,2026-05
217,PETIR RD,1991-09,2026-03
218,PETIR RD,1993-06,2026-03
219,PETIR RD,1992-05,2026-09
220,PETIR RD,1992-06,2025-11
1,PINE CL,2004-03,2026-10
10,PINE CL,1990-07,2026-05
11,PINE CL,2004-02,2026-05
12,PINE CL,1990-01,2026-09
3,PINE CL,2004-03,2026-03
5,PINE CL,2005-01,2025-10
7,PINE CL,2005-08,2026-08
9,PINE CL,2002-05,2026-01
53,PIPIT RD,1990-08,2026-10
54,PIPIT RD,1990-07,2026-09
55,PIPIT RD,2001-09,2026-07
56,PIPIT RD,2001-10,2026-10
92,PIPIT RD,2001-07,2025-09
92A,PIPIT RD,2001-06,2026-04
101,POTONG PASIR AVE 1,1990-01,2026-05
102,POTONG PASIR AVE 1,1990-01,2026-05
103,POTONG PASIR AVE 1,1990-03,2026-07
104,POTONG PASIR AVE 1,1990-04,2025-09
105,POTONG PASIR AVE 1,1990-02,2026-09
106,POTONG PASIR AVE 1,1990-01,2023-09
107,POTONG PASIR AVE 1,1990-01,2026-05
108,POTONG PASIR AVE 1,1990-02,2026-08
109,POTONG PASIR AVE 1,1990-07,2025-11
113,POTONG PASIR AVE 1,1990-03,2025-11
114,POTONG PASIR AVE 1,1990-02,2026-08
115,POTONG PASIR AVE 1,1990-02,2026-08
116,POTONG PASIR AVE 1,1990-02,2025-12
117,POTONG PASIR AVE 1,1990-01,2026-05
118,POTONG PASIR AVE 1,1990-05,2026-02
119,POTONG PASIR AVE 1,1990-07,2026-08
120,POTONG PASIR AVE 1,1990-01,2026-08
121,POTONG PASIR AVE 1,1991-04,2026-09
122,POTONG PASIR AVE 1,1990-08,2026-03
123,POTONG PASIR AVE 1,1996-03,2018-01
124,POTONG PASIR AVE 1,1991-11,2025-02
125,POTONG PASIR AVE 1,1990-07,2023-03
126,POTONG PASIR AVE 1,1992-05,2022-05
127,POTONG PASIR AVE 1,1991-07,2022-02
128,POTONG PASIR AVE 1,1991-08,2025-09
129,POTONG PASIR AVE 1,1990-10,2024-02
130,POTONG PASIR AVE 1,1990-02,2014-12
131,POTONG PASIR AVE 1,1990-07,2025-07
132,POTONG PASIR AVE 1,1990-05,2022-02
133,POTONG PASIR AVE 1,1992-09,2024-08
146,POTONG PASIR AVE 1,2012-10,2026-05
148,POTONG PASIR AVE 1,2012-09,2026-02
143,POTONG PASIR AVE 2,1990-10,2026-05
144,POTONG PASIR AVE 2,1991-12,2026-02
145,POTONG PASIR AVE 2,1990-03,2026-09
134,POTONG PASIR AVE 3,1990-01,2026-05
135,POTONG PASIR AVE 3,1993-01,2022-10
136,POTONG PASIR AVE 3,1990-01,2026-03
137,POTONG PASIR AVE 3,1990-02,2025-06
138,POTONG PASIR AVE 3,1990-03,2024-09
139,POTONG PASIR AVE 3,1990-01,2026-09
140,POTONG PASIR AVE 3,1990-08,2026-03
141,POTONG PASIR AVE 3,1991-02,2025-02
142,POTONG PASIR AVE 3,1990-01,2025-12
160A,PUNGGOL CTRL,2008-04,2026-09
160B,PUNGGOL CTRL,2007-08,2024-07
161A,PUNGGOL CTRL,2007-05,2026-05
161B,PUNGGOL CTRL,2007-02,2026-09
162A,PUNGGOL CTRL,2007-09,2026-07
162B,PUNGGOL CTRL,2006-01,2026-09
163A,PUNGGOL CTRL,2006-10,2026-06
163B,PUNGGOL CTRL,2006-10,2026-06
165A,PUNGGOL CTRL,2008-12,2026-08
165B,PUNGGOL CTRL,2009-03,2026-08
166A,PUNGGOL CTRL,2006-07,2025-01
166B,PUNGGOL CTRL,2008-09,2026-07
186,PUNGGOL CTRL,2007-03,2026-09
187,PUNGGOL CTRL,2008-02,2024-02
188,PUNGGOL CTRL,2007-11,2025-06
190,PUNGGOL CTRL,2007-10,2026-08
191,PUNGGOL CTRL,2007-05,2025-07
192,PUNGGOL CTRL,2006-10,2026-01
293,PUNGGOL CTRL,2007-04,2026-07
294,PUNGGOL CTRL,2007-02,2026-03
295,PUNGGOL CTRL,2007-01,2026-09
296,PUNGGOL CTRL,2006-10,2026-06
297,PUNGGOL CTRL,2007-05,2026-09
298,PUNGGOL CTRL,2006-09,2026-09
299,PUNGGOL CTRL,2007-07,2026-07
301A,PUNGGOL CTRL,2013-05,2026-08
301B,PUNGGOL CTRL,2014-02,2024-11
301C,PUNGGOL CTRL,2013-10,2026-09
303A,PUNGGOL CTRL,2014-03,2026-09
303B,PUNGGOL CTRL,2012-06,2026-04
303C,PUNGGOL CTRL,2014-04,2026-09
601A,PUNGGOL CTRL,2015-11,2026-09
601B,PUNGGOL CTRL,2016-03,2026-08
601C,PUNGGOL CTRL,2015-09,2026-06
601D,PUNGGOL CTRL,2015-11,2026-04
602A,PUNGGOL CTRL,2015-10,2026-04
602B,PUNGGOL CTRL,2015-12,2026-08
602C,PUNGGOL CTRL,2015-12,2026-05
622A,PUNGGOL CTRL,2017-09,2026-09
622B,PUNGGOL CTRL,2017-11,2026-05
622C,PUNGGOL CTRL,2017-12,2026-08
623A,PUNGGOL CTRL,2017-06,2026-07
623B,PUNGGOL CTRL,2017-07,2026-08
623C,PUNGGOL CTRL,2017-06,2026-06
624A,PUNGGOL CTRL,2017-11,2026-08
624B,PUNGGOL CTRL,2017-10,2026-08
624C,PUNGGOL CTRL,2017-06,2026-05
643,PUNGGOL CTRL,2007-04,2026-07
645,PUNGGOL CTRL,2006-08,2026-06
646,PUNGGOL CTRL,2007-03,2026-06
647,PUNGGOL CTRL,2008-08,2026-06
648,PUNGGOL CTRL,2005-12,2026-08
649,PUNGGOL CTRL,2006-08,2026-09
651,PUNGGOL CTRL,2007-06,2024-11
652,PUNGGOL CTRL,2008-05,2026-09
305D,PUNGGOL DR,2016-01,2026-05
306D,PUNGGOL DR,2015-12,2026-02
612A,PUNGGOL DR,2016-04,2026-06
612B,PUNGGOL DR,2016-08,2025-12
612C,PUNGGOL DR,2016-07,2025-11
612D,PUNGGOL DR,2016-05,2026-08
613A,PUNGGOL DR,2016-06,2026-09
613B,PUNGGOL DR,2016-05,2026-09
613C,PUNGGOL DR,2016-05,2026-07
613D,PUNGGOL DR,2016-03,2026-07
617A,PUNGGOL DR,2017-09,2026-06
617B,PUNGGOL DR,2017-01,2026-06
617C,PUNGGOL DR,2016-12,2026-09
617D,PUNGGOL DR,2017-02,2026-08
618A,PUNGGOL DR,2017-04,2026-08
618B,PUNGGOL DR,2016-12,2026-03
618C,PUNGGOL DR,2017-03,2026-06
618D,PUNGGOL DR,2017-04,2026-07
619A,PUNGGOL DR,2017-03,2026-08
619B,PUNGGOL DR,2017-04,2026-02
619C,PUNGGOL DR,2017-03,2026-08
619D,PUNGGOL DR,2017-06,2026-07
632A,PUNGGOL DR,2011-12,2024-12
632B,PUNGGOL DR,2011-07,2025-12
632C,PUNGGOL DR,2012-01,2023-04
633A,PUNGGOL DR,2012-02,2026-06
633B,PUNGGOL DR,2011-07,2025-09
635A,PUNGGOL DR,2012-03,2026-06
635B,PUNGGOL DR,2011-11,2026-03
635C,PUNGGOL DR,2012-03,2026-01
636A,PUNGGOL DR,2012-02,2026-03
636B,PUNGGOL DR,2010-05,2024-05
637A,PUNGGOL DR,2007-12,2026-08
637B,PUNGGOL DR,2007-02,2026-05
637C,PUNGGOL DR,2007-12,2025-08
637D,PUNGGOL DR,2007-08,2026-03
638A,PUNGGOL DR,2007-07,2026-08
638B,PUNGGOL DR,2006-12,2026-07
638C,PUNGGOL DR,2006-12,2026-03
641A,PUNGGOL DR,2007-03,2026-07
641B,PUNGGOL DR,2007-09,2026-07
641C,PUNGGOL DR,2006-09,2026-05
642A,PUNGGOL DR,2006-10,2026-07
642B,PUNGGOL DR,2006-12,2026-06
642C,PUNGGOL DR,2007-08,2025-10
642D,PUNGGOL DR,2007-03,2026-09
663A,PUNGGOL DR,2020-06,2026-09
663B,PUNGGOL DR,2020-07,2026-09
663C,PUNGGOL DR,2020-07,2026-07
664A,PUNGGOL DR,2020-07,2026-09
664B,PUNGGOL DR,2020-07,2026-08
665A,PUNGGOL DR,2020-02,2026-06
665B,PUNGGOL DR,2020-06,2026-08
665C,PUNGGOL DR,2020-03,2026-08
666A,PUNGGOL DR,2020-01,2026-06
666B,PUNGGOL DR,2019-12,2026-09
667A,PUNGGOL DR,2019-11,2026-09
667B,PUNGGOL DR,2020-02,2025-11
676A,PUNGGOL DR,2020-11,2025-03
676B,PUNGGOL DR,2020-12,2026-05
676C,PUNGGOL DR,2020-11,2026-07
676D,PUNGGOL DR,2020-12,2026-08
677A,PUNGGOL DR,2020-10,2026-09
677B,PUNGGOL DR,2020-12,2026-01
677C,PUNGGOL DR,2021-03,2026-01
677D,PUNGGOL DR,2021-01,2026-06
678A,PUNGGOL DR,2020-08,2026-09
678B,PUNGGOL DR,2020-10,2026-07
678C,PUNGGOL DR,2020-11,2026-09
679A,PUNGGOL DR,2020-07,2026-09
679B,PUNGGOL DR,2020-07,2026-06
679C,PUNGGOL DR,2020-07,2026-07
167A,PUNGGOL EAST,2012-10,2026-02
167B,PUNGGOL EAST,2012-09,2026-01
167C,PUNGGOL EAST,2012-07,2026-07
167D,PUNGGOL EAST,2011-11,2024-04
168A,PUNGGOL EAST,2012-08,2026-08
168B,PUNGGOL EAST,2012-11,2026-07
658A,PUNGGOL EAST,2023-01,2026-09
658B,PUNGGOL EAST,2023-03,2026-01
658C,PUNGGOL EAST,2023-01,2026-07
659A,PUNGGOL EAST,2022-11,2026-08
659B,PUNGGOL EAST,2022-11,2026-03
659C,PUNGGOL EAST,2023-01,2026-09
101A,PUNGGOL FIELD,2006-06,2025-09
101B,PUNGGOL FIELD,2006-08,2025-12
101C,PUNGGOL FIELD,2006-07,2024-07
101D,PUNGGOL FIELD,2006-09,2026-02
102A,PUNGGOL FIELD,2006-11,2026-06
102B,PUNGGOL FIELD,2006-06,2025-11
102C,PUNGGOL FIELD,2006-01,2026-05
102D,PUNGGOL FIELD,2006-08,2026-09
106A,PUNGGOL FIELD,2006-07,2025-07
106B,PUNGGOL FIELD,2006-07,2026-09
106C,PUNGGOL FIELD,2006-10,2026-03
106D,PUNGGOL FIELD,2006-02,2026-01
110A,PUNGGOL FIELD,2007-05,2026-09
110B,PUNGGOL FIELD,2006-09,2026-04
110C,PUNGGOL FIELD,2006-09,2026-09
110D,PUNGGOL FIELD,2006-07,2026-06
168C,PUNGGOL FIELD,2017-08,2026-08
168D,PUNGGOL FIELD,2017-08,2026-07
169A,PUNGGOL FIELD,2017-11,2025-10
169B,PUNGGOL FIELD,2017-08,2026-08
169C,PUNGGOL FIELD,2017-10,2026-09
170A,PUNGGOL FIELD,2018-02,2026-04
170B,PUNGGOL FIELD,2017-11,2022-11
170C,PUNGGOL FIELD,2017-11,2026-09
173A,PUNGGOL FIELD,2007-03,2026-08
173B,PUNGGOL FIELD,2007-03,2026-09
173C,PUNGGOL FIELD,2006-07,2026-07
173D,PUNGGOL FIELD,2006-07,2026-09
175A,PUNGGOL FIELD,2006-04,2026-08
175B,PUNGGOL FIELD,2006-11,2025-11
175C,PUNGGOL FIELD,2006-05,2026-09
175D,PUNGGOL FIELD,2006-08,2026-03
196A,PUNGGOL FIELD,2006-07,2025-06
196B,PUNGGOL FIELD,2005-05,2026-03
196C,PUNGGOL FIELD,2006-06,2025-08
196D,PUNGGOL FIELD,2005-09,2025-11
197A,PUNGGOL FIELD,2006-07,2026-07
197B,PUNGGOL FIELD,2007-01,2026-07
199A,PUNGGOL FIELD,2006-07,2024-07
199B,PUNGGOL FIELD,2006-07,2026-01
199C,PUNGGOL FIELD,2006-04,2026-05
199D,PUNGGOL FIELD,2006-07,2025-12
201A,PUNGGOL FIELD,2007-08,2026-05
201B,PUNGGOL FIELD,2008-10,2026-06
201C,PUNGGOL FIELD,2007-06,2026-06
201D,PUNGGOL FIELD,2007-07,2026-09
202A,PUNGGOL FIELD,2008-06,2026-03
202B,PUNGGOL FIELD,2007-07,2025-04
203A,PUNGGOL FIELD,2009-03,2026-08
203B,PUNGGOL FIELD,2008-06,2026-07
204A,PUNGGOL FIELD,2009-09,2026-06
204B,PUNGGOL FIELD,2007-11,2025-11
204C,PUNGGOL FIELD,2009-10,2026-08
204D,PUNGGOL FIELD,2010-01,2025-11
205A,PUNGGOL FIELD,2009-06,2025-11
228A,PUNGGOL FIELD,2026-09,2026-09
228B,PUNGGOL FIELD,2026-09,2026-09
258A,PUNGGOL FIELD,2020-02,2026-09
258B,PUNGGOL FIELD,2020-01,2026-09
258C,PUNGGOL FIELD,2020-03,2026-06
259A,PUNGGOL FIELD,2019-11,2026-09
259B,PUNGGOL FIELD,2019-10,2026-08
259C,PUNGGOL FIELD,2019-11,2026-07
267A,PUNGGOL FIELD,2016-09,2026-03
267B,PUNGGOL FIELD,2016-07,2026-06
267C,PUNGGOL FIELD,2016-10,2026-03
268A,PUNGGOL FIELD,2016-10,2025-12
268B,PUNGGOL FIELD,2016-12,2026-07
268C,PUNGGOL FIELD,2016-12,2025-12
268D,PUNGGOL FIELD,2016-11,2026-05
269A,PUNGGOL FIELD,2016-09,2026-06
269B,PUNGGOL FIELD,2017-01,2026-09
269C,PUNGGOL FIELD,2016-12,2026-08
270A,PUNGGOL FIELD,2016-09,2026-07
270B,PUNGGOL FIELD,2016-11,2026-06
270C,PUNGGOL FIELD,2016-11,2026-09
128A,PUNGGOL FIELD WALK,2006-05,2026-08
128B,PUNGGOL FIELD WALK,2005-11,2026-07
128C,PUNGGOL FIELD WALK,2006-05,2026-10
128D,PUNGGOL FIELD WALK,2006-07,2026-07
207A,PUNGGOL PL,2017-11,2026-07
207B,PUNGGOL PL,2017-12,2026-05
207C,PUNGGOL PL,2018-01,2026-03
207D,PUNGGOL PL,2018-02,2026-06
208A,PUNGGOL PL,2018-03,2026-09
208B,PUNGGOL PL,2018-02,2026-05
208C,PUNGGOL PL,2017-11,2026-04
209A,PUNGGOL PL,2018-07,2026-07
209B,PUNGGOL PL,2018-08,2026-08
209C,PUNGGOL PL,2018-03,2026-07
210A,PUNGGOL PL,2018-07,2026-06
210B,PUNGGOL PL,2018-05,2025-12
210C,PUNGGOL PL,2018-06,2026-07
273A,PUNGGOL PL,2016-12,2026-09
273B,PUNGGOL PL,2017-03,2026-07
273C,PUNGGOL PL,2017-01,2026-02
273D,PUNGGOL PL,2016-12,2026-07
274A,PUNGGOL PL,2016-11,2026-09
274B,PUNGGOL PL,2017-05,2026-07
274C,PUNGGOL PL,2017-01,2026-08
274D,PUNGGOL PL,2017-03,2026-01
288A,PUNGGOL PL,2016-11,2026-09
288B,PUNGGOL PL,2016-10,2026-08
288C,PUNGGOL PL,2016-08,2026-08
289A,PUNGGOL PL,2017-01,2026-01
289B,PUNGGOL PL,2016-12,2026-09
289C,PUNGGOL PL,2017-03,2025-10
289D,PUNGGOL PL,2016-11,2026-09
301D,PUNGGOL PL,2015-01,2026-08
302A,PUNGGOL PL,2014-10,2026-06
302B,PUNGGOL PL,2014-11,2026-09
302C,PUNGGOL PL,2015-01,2026-01
302D,PUNGGOL PL,2015-01,2026-02
303D,PUNGGOL PL,2014-11,2026-09
306A,PUNGGOL PL,2015-11,2026-08
306B,PUNGGOL PL,2015-10,2026-05
306C,PUNGGOL PL,2015-12,2026-04
195A,PUNGGOL RD,2011-03,2026-06
195B,PUNGGOL RD,2011-02,2026-07
195C,PUNGGOL RD,2010-10,2026-05
195D,PUNGGOL RD,2010-09,2026-01
195E,PUNGGOL RD,2011-05,2026-05
305A,PUNGGOL RD,2015-12,2026-09
305B,PUNGGOL RD,2016-04,2026-06
603A,PUNGGOL RD,2015-11,2026-04
603B,PUNGGOL RD,2015-12,2026-07
603C,PUNGGOL RD,2015-12,2026-09
604A,PUNGGOL RD,2016-04,2026-03
604B,PUNGGOL RD,2015-11,2025-09
604C,PUNGGOL RD,2016-03,2026-07
211A,PUNGGOL WALK,2018-05,2026-09
211B,PUNGGOL WALK,2018-02,2026-07
211C,PUNGGOL WALK,2018-06,2026-06
211D,PUNGGOL WALK,2018-05,2026-08
212A,PUNGGOL WALK,2018-07,2026-07
212B,PUNGGOL WALK,2018-08,2026-09
213A,PUNGGOL WALK,2018-07,2026-08
213B,PUNGGOL WALK,2018-06,2026-08
213C,PUNGGOL WALK,2018-08,2026-08
271A,PUNGGOL WALK,2017-10,2026-04
271B,PUNGGOL WALK,2017-08,2026-09
271C,PUNGGOL WALK,2017-10,2025-11
271D,PUNGGOL WALK,2017-10,2026-09
272A,PUNGGOL WALK,2017-11,2026-08
272B,PUNGGOL WALK,2017-10,2026-03
272C,PUNGGOL WALK,2017-11,2026-08
272D,PUNGGOL WALK,2018-01,2026-08
308A,PUNGGOL WALK,2020-04,2026-09
308B,PUNGGOL WALK,2020-03,2026-07
308C,PUNGGOL WALK,2020-03,2026-09
310A,PUNGGOL WALK,2020-06,2026-08
310B,PUNGGOL WALK,2020-07,2026-09
310C,PUNGGOL WALK,2020-07,2026-08
260A,PUNGGOL WAY,2019-11,2026-08
260B,PUNGGOL WAY,2020-01,2026-10
260C,PUNGGOL WAY,2020-01,2026-08
261A,PUNGGOL WAY,2019-11,2026-08
261B,PUNGGOL WAY,2019-12,2026-05
261C,PUNGGOL WAY,2019-08,2026-05
264A,PUNGGOL WAY,2019-07,2025-12
265A,PUNGGOL WAY,2018-10,2026-06
265B,PUNGGOL WAY,2018-11,2025-09
265C,PUNGGOL WAY,2018-11,2026-07
265D,PUNGGOL WAY,2018-12,2026-08
266A,PUNGGOL WAY,2019-05,2026-06
266B,PUNGGOL WAY,2019-02,2026-08
266C,PUNGGOL WAY,2019-01,2025-04
266D,PUNGGOL WAY,2019-02,2026-04
314A,PUNGGOL WAY,2021-05,2026-08
314B,PUNGGOL WAY,2021-04,2026-09
315A,PUNGGOL WAY,2021-01,2026-08
315B,PUNGGOL WAY,2021-03,2026-07
316A,PUNGGOL WAY,2021-06,2026-09
316B,PUNGGOL WAY,2021-08,2026-08
316C,PUNGGOL WAY,2020-10,2026-08
316D,PUNGGOL WAY,2020-12,2026-06
269A,QUEEN ST,1990-09,2026-07
269B,QUEEN ST,1990-03,2026-08
269C,QUEEN ST,1991-04,2024-02
271,QUEEN ST,1990-01,2026-03
19,QUEEN'S CL,2000-02,2026-08
20,QUEEN'S CL,2000-02,2026-09
21,QUEEN'S CL,2000-03,2026-09
22,QUEEN'S CL,2000-02,2026-07
23A,QUEEN'S CL,1990-03,2026-09
23B,QUEEN'S CL,1990-05,2025-04
1,QUEEN'S RD,1990-03,2026-07
2,QUEEN'S RD,1990-07,2026-06
3,QUEEN'S RD,1990-02,2026-04
4,QUEEN'S RD,1990-01,2026-09
168A,QUEENSWAY,1990-07,2026-05
681,RACE COURSE RD,1991-03,2026-08
682,RACE COURSE RD,1991-01,2021-12
684,RACE COURSE RD,1990-11,2026-07
685,RACE COURSE RD,1991-01,2026-07
1,REDHILL CL,1990-02,2010-12
10,REDHILL CL,1990-03,2011-12
11,REDHILL CL,1991-09,2012-01
12,REDHILL CL,1992-12,2011-12
13,REDHILL CL,1990-01,2011-12
14,REDHILL CL,1991-04,2010-11
15,REDHILL CL,1993-09,2011-05
16,REDHILL CL,1990-12,2011-09
17,REDHILL CL,1990-07,2010-11
18,REDHILL CL,1990-12,2011-03
19,REDHILL CL,1990-01,2010-11
2,REDHILL CL,1990-07,2011-03
20,REDHILL CL,1990-01,2011-07
21,REDHILL CL,1990-12,2012-01
22,REDHILL CL,1991-08,2011-02
3,REDHILL CL,1990-04,2011-05
5,REDHILL CL,1990-11,2011-05
6,REDHILL CL,1990-08,2012-01
68,REDHILL CL,2004-07,2026-04
69,REDHILL CL,2004-06,2026-07
7,REDHILL CL,1993-02,2010-12
70,REDHILL CL,2003-12,2026-02
8,REDHILL CL,1990-04,2011-05
86,REDHILL CL,1990-05,2026-06
87,REDHILL CL,1998-11,2026-05
88,REDHILL CL,1998-08,2026-08
9,REDHILL CL,1990-09,2010-09
81,REDHILL LANE,2000-05,2025-12
82,REDHILL LANE,2000-06,2024-02
83,REDHILL LANE,2000-06,2025-10
71,REDHILL RD,1991-12,1997-01
72,REDHILL RD,1990-11,1996-11
73A,REDHILL RD,2005-04,2026-09
74A,REDHILL RD,2005-06,2026-07
75A,REDHILL RD,2009-09,2026-10
75B,REDHILL RD,2010-11,2026-06
75C,REDHILL RD,2012-03,2026-09
76A,REDHILL RD,2010-05,2026-06
77A,REDHILL RD,2007-02,2026-06
142,RIVERVALE CRES,2004-01,2026-06
147,RIVERVALE CRES,2003-09,2026-07
148,RIVERVALE CRES,2003-06,2026-08
149,RIVERVALE CRES,2003-05,2025-07
150,RIVERVALE CRES,2009-07,2026-01
151,RIVERVALE CRES,2009-05,2025-07
152,RIVERVALE CRES,2010-08,2026-08
153,RIVERVALE CRES,2010-02,2026-08
154,RIVERVALE CRES,2009-07,2026-07
155,RIVERVALE CRES,2010-07,2025-09
156,RIVERVALE CRES,2009-03,2026-06
157A,RIVERVALE CRES,2006-05,2026-08
157B,RIVERVALE CRES,2006-10,2026-09
157C,RIVERVALE CRES,2007-03,2026-07
157D,RIVERVALE CRES,2006-05,2025-10
158A,RIVERVALE CRES,2005-12,2026-08
158B,RIVERVALE CRES,2007-06,2025-12
158C,RIVERVALE CRES,2006-08,2025-10
158D,RIVERVALE CRES,2006-07,2026-08
159A,RIVERVALE CRES,2006-09,2026-04
162A,RIVERVALE CRES,2021-02,2026-09
162B,RIVERVALE CRES,2021-02,2026-04
162C,RIVERVALE CRES,2021-02,2026-09
163A,RIVERVALE CRES,2020-12,2026-09
163B,RIVERVALE CRES,2020-12,2025-09
163C,RIVERVALE CRES,2020-12,2026-01
164A,RIVERVALE CRES,2020-09,2026-09
164B,RIVERVALE CRES,2020-10,2026-08
164C,RIVERVALE CRES,2020-10,2026-07
178A,RIVERVALE CRES,2018-05,2026-08
178B,RIVERVALE CRES,2018-08,2026-08
178C,RIVERVALE CRES,2018-09,2026-09
178D,RIVERVALE CRES,2018-03,2026-06
180A,RIVERVALE CRES,2018-03,2026-07
180B,RIVERVALE CRES,2018-05,2026-07
180C,RIVERVALE CRES,2018-06,2026-07
180D,RIVERVALE CRES,2018-04,2026-10
183A,RIVERVALE CRES,2006-03,2026-07
183B,RIVERVALE CRES,2005-08,2026-03
183C,RIVERVALE CRES,2006-07,2026-07
183D,RIVERVALE CRES,2005-09,2026-08
184A,RIVERVALE CRES,2006-09,2026-07
184B,RIVERVALE CRES,2006-10,2026-07
184C,RIVERVALE CRES,2006-06,2025-12
185A,RIVERVALE CRES,2004-07,2026-05
185B,RIVERVALE CRES,2004-07,2026-08
185C,RIVERVALE CRES,2004-07,2026-01
185D,RIVERVALE CRES,2004-10,2026-08
116A,RIVERVALE DR,2004-01,2026-07
116B,RIVERVALE DR,2004-03,2026-09
116C,RIVERVALE DR,2004-02,2026-09
117A,RIVERVALE DR,2004-04,2026-08
117B,RIVERVALE DR,2004-04,2026-03
117C,RIVERVALE DR,2004-05,2026-06
119A,RIVERVALE DR,2004-06,2025-07
119B,RIVERVALE DR,2004-09,2025-03
119C,RIVERVALE DR,2004-11,2024-10
119D,RIVERVALE DR,2004-10,2026-07
120A,RIVERVALE DR,2004-09,2026-08
120B,RIVERVALE DR,2004-09,2026-07
120C,RIVERVALE DR,2004-08,2022-09
121,RIVERVALE DR,2004-08,2026-08
121A,RIVERVALE DR,2004-06,2026-09
121B,RIVERVALE DR,2004-08,2026-09
122D,RIVERVALE DR,2005-03,2026-05
122E,RIVERVALE DR,2004-06,2025-07
123,RIVERVALE DR,2003-08,2026-01
123A,RIVERVALE DR,2003-08,2024-01
123B,RIVERVALE DR,2003-09,2025-05
123C,RIVERVALE DR,2003-08,2026-09
123D,RIVERVALE DR,2003-04,2026-07
123E,RIVERVALE DR,2003-05,2026-09
124,RIVERVALE DR,2003-03,2025-06
124A,RIVERVALE DR,2003-05,2025-11
124B,RIVERVALE DR,2003-03,2024-12
124C,RIVERVALE DR,2003-03,2025-08
143,RIVERVALE DR,2004-02,2026-06
144,RIVERVALE DR,2004-02,2026-09
145,RIVERVALE DR,2003-06,2026-07
146,RIVERVALE DR,2003-07,2026-07
186A,RIVERVALE DR,2004-10,2026-01
186B,RIVERVALE DR,2004-07,2025-12
186C,RIVERVALE DR,2004-04,2026-08
186D,RIVERVALE DR,2004-06,2026-04
187A,RIVERVALE DR,2004-08,2026-01
187B,RIVERVALE DR,2004-07,2026-08
188A,RIVERVALE DR,2004-04,2026-07
188B,RIVERVALE DR,2004-04,2026-08
188C,RIVERVALE DR,2004-02,2026-05
188D,RIVERVALE DR,2004-02,2026-08
189A,RIVERVALE DR,2005-09,2025-03
189B,RIVERVALE DR,2005-09,2025-07
189C,RIVERVALE DR,2004-06,2026-09
190A,RIVERVALE DR,2004-09,2025-02
190B,RIVERVALE DR,2004-05,2026-09
191A,RIVERVALE DR,2004-07,2025-09
191B,RIVERVALE DR,2004-03,2025-08
192A,RIVERVALE DR,2004-05,2026-02
192B,RIVERVALE DR,2004-04,2026-08
192C,RIVERVALE DR,2003-12,2026-05
193,RIVERVALE DR,2004-12,2026-08
194,RIVERVALE DR,2004-12,2026-07
195,RIVERVALE DR,2004-11,2026-09
196,RIVERVALE DR,2004-11,2026-03
197,RIVERVALE DR,2005-02,2026-08
125,RIVERVALE ST,2003-07,2026-01
126,RIVERVALE ST,2003-03,2025-09
127,RIVERVALE ST,2003-06,2026-08
128,RIVERVALE ST,2003-08,2026-08
129,RIVERVALE ST,2003-01,2026-01
130,RIVERVALE ST,2003-04,2026-09
131,RIVERVALE ST,2003-07,2026-06
132,RIVERVALE ST,2003-04,2026-08
133,RIVERVALE ST,2003-04,2026-04
134,RIVERVALE ST,2003-05,2026-01
135,RIVERVALE ST,2002-11,2024-09
136,RIVERVALE ST,2002-12,2026-09
137,RIVERVALE ST,2003-01,2026-04
138,RIVERVALE ST,2004-05,2024-12
139,RIVERVALE ST,2003-02,2026-09
140,RIVERVALE ST,2002-10,2026-09
141,RIVERVALE ST,2003-03,2026-07
101,RIVERVALE WALK,2004-04,2026-08
102,RIVERVALE WALK,2003-09,2026-10
103,RIVERVALE WALK,2003-05,2026-06
104,RIVERVALE WALK,2003-01,2025-11
105,RIVERVALE WALK,2003-04,2026-05
106,RIVERVALE WALK,2003-08,2026-08
107,RIVERVALE WALK,2003-05,2025-12
108,RIVERVALE WALK,2003-11,2026-03
109,RIVERVALE WALK,2004-03,2026-05
110,RIVERVALE WALK,2003-10,2026-09
111,RIVERVALE WALK,2004-02,2024-06
112,RIVERVALE WALK,2003-11,2026-01
113,RIVERVALE WALK,2003-10,2026-09
114,RIVERVALE WALK,2003-12,2026-06
115,RIVERVALE WALK,2004-01,2026-08
1,ROCHOR RD,1990-07,2011-04
2,ROCHOR RD,1990-01,2011-08
3,ROCHOR RD,1990-05,2011-11
4,ROCHOR RD,1990-05,2011-06
639,ROWELL RD,1990-01,2026-05
640,ROWELL RD,1990-01,2026-06
641,ROWELL RD,1990-02,2023-11
642,ROWELL RD,1990-01,2026-09
4,SAGO LANE,1990-03,2026-08
409,SAUJANA RD,1994-03,2025-12
410,SAUJANA RD,1993-11,2026-07
411,SAUJANA RD,1994-01,2025-06
412,SAUJANA RD,1993-04,2026-05
413,SAUJANA RD,1993-11,2026-01
414,SAUJANA RD,1994-11,2022-11
415,SAUJANA RD,1993-04,2026-10
416,SAUJANA RD,1993-05,2026-08
455,SEGAR RD,2016-05,2026-09
456,SEGAR RD,2016-05,2025-07
457,SEGAR RD,2016-04,2026-05
458,SEGAR RD,2016-03,2026-07
459,SEGAR RD,2019-08,2026-08
460,SEGAR RD,2019-10,2026-07
461,SEGAR RD,2019-09,2026-08
465,SEGAR RD,2005-07,2025-07
466,SEGAR RD,2005-10,2026-02
467,SEGAR RD,2005-05,2026-08
468,SEGAR RD,2006-02,2026-07
469,SEGAR RD,2006-01,2026-09
470,SEGAR RD,2005-10,2026-10
471,SEGAR RD,2005-08,2026-02
472,SEGAR RD,2005-11,2026-07
473,SEGAR RD,2007-01,2026-09
474,SEGAR RD,2006-04,2026-08
475,SEGAR RD,2006-02,2025-11
476,SEGAR RD,2006-07,2026-07
477,SEGAR RD,2006-06,2026-03
478,SEGAR RD,2006-02,2026-09
479,SEGAR RD,2006-07,2026-08
480,SEGAR RD,2006-08,2026-05
481,SEGAR RD,2006-05,2024-11
482,SEGAR RD,2006-02,2026-05
483,SEGAR RD,2006-10,2026-08
484,SEGAR RD,2006-03,2025-08
485,SEGAR RD,2018-12,2026-09
486,SEGAR RD,2018-11,2026-09
487,SEGAR RD,2018-11,2026-08
488,SEGAR RD,2018-10,2026-07
546A,SEGAR RD,2019-03,2026-09
546B,SEGAR RD,2019-02,2026-09
546C,SEGAR RD,2019-04,2026-08
547A,SEGAR RD,2019-04,2026-09
547B,SEGAR RD,2019-05,2026-08
547C,SEGAR RD,2019-08,2026-07
547D,SEGAR RD,2019-04,2026-09
548A,SEGAR RD,2020-02,2025-11
548B,SEGAR RD,2019-10,2026-07
549A,SEGAR RD,2019-10,2026-08
549B,SEGAR RD,2019-10,2026-07
550A,SEGAR RD,2019-11,2026-09
550B,SEGAR RD,2019-09,2026-07
10,SELEGIE RD,1990-01,2024-07
8,SELEGIE RD,1990-01,2025-05
9,SELEGIE RD,1990-01,2026-08
1,SELETAR WEST FARMWAY 6,1990-04,2000-08
2,SELETAR WEST FARMWAY 6,1990-04,2000-10
5,SELETAR WEST FARMWAY 6,1990-01,2000-12
6,SELETAR WEST FARMWAY 6,1997-04,2000-11
7,SELETAR WEST FARMWAY 6,1992-04,2000-10
319,SEMBAWANG CL,2003-01,2026-09
320,SEMBAWANG CL,2003-01,2026-03
321,SEMBAWANG CL,2002-08,2026-06
322,SEMBAWANG CL,2002-11,2026-03
323,SEMBAWANG CL,2002-12,2026-06
324,SEMBAWANG CL,2003-02,2026-09
329,SEMBAWANG CL,2003-07,2026-07
330,SEMBAWANG CL,2003-06,2026-08
331,SEMBAWANG CL,2003-08,2026-09
332,SEMBAWANG CL,2003-10,2026-07
333,SEMBAWANG CL,2003-06,2026-05
334,SEMBAWANG CL,2003-08,2026-01
335,SEMBAWANG CL,2003-05,2026-09
339A,SEMBAWANG CL,2003-08,2026-08
339B,SEMBAWANG CL,2004-01,2025-12
340A,SEMBAWANG CL,2004-10,2026-05
340B,SEMBAWANG CL,2004-09,2026-01
341,SEMBAWANG CL,2004-10,2026-04
341A,SEMBAWANG CL,2005-03,2026-06
341B,SEMBAWANG CL,2005-01,2026-09
325,SEMBAWANG CRES,2002-10,2026-09
326,SEMBAWANG CRES,2002-10,2026-05
327,SEMBAWANG CRES,2002-10,2026-08
328,SEMBAWANG CRES,2002-10,2026-07
336,SEMBAWANG CRES,2003-04,2026-01
337,SEMBAWANG CRES,2002-09,2026-08
338,SEMBAWANG CRES,2003-05,2026-05
362A,SEMBAWANG CRES,2023-06,2026-01
362B,SEMBAWANG CRES,2023-06,2026-09
362C,SEMBAWANG CRES,2023-04,2026-09
363A,SEMBAWANG CRES,2023-02,2026-09
363B,SEMBAWANG CRES,2023-05,2026-08
365A,SEMBAWANG CRES,2023-03,2026-05
365B,SEMBAWANG CRES,2023-04,2026-09
365C,SEMBAWANG CRES,2023-05,2026-07
366A,SEMBAWANG CRES,2023-05,2026-09
366B,SEMBAWANG CRES,2023-06,2026-07
312,SEMBAWANG DR,2003-01,2026-01
313,SEMBAWANG DR,2002-12,2026-07
314,SEMBAWANG DR,2003-02,2026-03
406,SEMBAWANG DR,2003-12,2026-09
407,SEMBAWANG DR,2005-02,2026-07
408,SEMBAWANG DR,2002-11,2026-08
409,SEMBAWANG DR,2004-11,2025-02
410,SEMBAWANG DR,2004-11,2026-03
411,SEMBAWANG DR,2004-10,2026-09
412,SEMBAWANG DR,2004-10,2026-02
413,SEMBAWANG DR,2004-07,2026-05
414,SEMBAWANG DR,2004-08,2025-08
415,SEMBAWANG DR,2006-02,2025-05
463A,SEMBAWANG DR,2018-11,2026-10
463B,SEMBAWANG DR,2018-09,2026-08
463C,SEMBAWANG DR,2018-10,2026-07
466A,SEMBAWANG DR,2008-01,2026-09
466B,SEMBAWANG DR,2008-05,2026-08
466C,SEMBAWANG DR,2009-02,2026-05
466D,SEMBAWANG DR,2009-03,2026-07
470,SEMBAWANG DR,2004-05,2026-06
471,SEMBAWANG DR,2004-08,2026-07
472,SEMBAWANG DR,2004-11,2025-07
473,SEMBAWANG DR,2004-03,2026-09
474,SEMBAWANG DR,2004-04,2026-08
475,SEMBAWANG DR,2004-05,2026-09
476,SEMBAWANG DR,2004-03,2026-09
477,SEMBAWANG DR,2004-03,2026-08
478,SEMBAWANG DR,2004-04,2026-09
479,SEMBAWANG DR,2003-12,2025-12
480,SEMBAWANG DR,2004-04,2026-06
481,SEMBAWANG DR,2004-03,2026-09
5,SEMBAWANG RD,1990-05,1999-11
315,SEMBAWANG VISTA,2002-09,2025-10
316,SEMBAWANG VISTA,2002-09,2026-09
317,SEMBAWANG VISTA,2002-10,2025-10
318,SEMBAWANG VISTA,2002-10,2025-07
355A,SEMBAWANG WAY,2007-03,2024-07
17,SENG POH RD,1993-12,2022-07
46,SENG POH RD,1994-10,2026-07
270A,SENGKANG CTRL,2013-04,2026-04
271A,SENGKANG CTRL,2013-10,2026-08
271B,SENGKANG CTRL,2011-11,2026-09
271C,SENGKANG CTRL,2014-03,2026-08
272A,SENGKANG CTRL,2013-04,2026-08
272B,SENGKANG CTRL,2013-03,2026-07
272C,SENGKANG CTRL,2012-10,2026-03
272D,SENGKANG CTRL,2013-06,2026-07
279A,SENGKANG EAST AVE,2019-07,2026-01
279B,SENGKANG EAST AVE,2019-07,2026-09
279C,SENGKANG EAST AVE,2019-06,2025-07
280A,SENGKANG EAST AVE,2019-04,2026-08
280B,SENGKANG EAST AVE,2019-05,2026-05
281A,SENGKANG EAST AVE,2019-04,2026-09
281B,SENGKANG EAST AVE,2019-03,2026-09
282A,SENGKANG EAST AVE,2019-03,2026-05
282B,SENGKANG EAST AVE,2019-03,2026-07
282C,SENGKANG EAST AVE,2019-05,2026-09
200A,SENGKANG EAST RD,2005-03,2026-07
200B,SENGKANG EAST RD,2005-03,2026-07
200D,SENGKANG EAST RD,2005-01,2025-05
202B,SENGKANG EAST RD,2005-12,2026-06
202C,SENGKANG EAST RD,2005-11,2026-02
121C,SENGKANG EAST WAY,2004-09,2026-08
121D,SENGKANG EAST WAY,2004-10,2026-02
122,SENGKANG EAST WAY,2004-10,2026-03
122A,SENGKANG EAST WAY,2005-05,2026-07
122B,SENGKANG EAST WAY,2006-01,2025-07
122C,SENGKANG EAST WAY,2005-07,2026-09
260A,SENGKANG EAST WAY,2004-06,2026-06
260B,SENGKANG EAST WAY,2005-03,2026-10
260C,SENGKANG EAST WAY,2005-01,2026-09
260D,SENGKANG EAST WAY,2005-06,2025-11
261A,SENGKANG EAST WAY,2004-07,2026-07
261B,SENGKANG EAST WAY,2004-07,2026-09
261C,SENGKANG EAST WAY,2004-07,2026-08
261D,SENGKANG EAST WAY,2005-01,2026-09
323A,SENGKANG EAST WAY,2006-03,2026-08
323B,SENGKANG EAST WAY,2006-03,2025-01
323C,SENGKANG EAST WAY,2005-10,2026-03
324A,SENGKANG EAST WAY,2006-03,2026-07
324B,SENGKANG EAST WAY,2006-05,2026-08
324C,SENGKANG EAST WAY,2008-08,2026-09
324D,SENGKANG EAST WAY,2006-08,2026-06
325A,SENGKANG EAST WAY,2005-11,2026-08
325B,SENGKANG EAST WAY,2006-07,2026-09
325C,SENGKANG EAST WAY,2006-05,2026-09
438A,SENGKANG WEST AVE,2014-07,2026-09
438B,SENGKANG WEST AVE,2014-08,2025-12
439A,SENGKANG WEST AVE,2014-08,2026-08
439B,SENGKANG WEST AVE,2014-10,2026-05
439C,SENGKANG WEST AVE,2014-12,2026-07
455A,SENGKANG WEST AVE,2024-06,2026-08
455B,SENGKANG WEST AVE,2024-09,2026-08
456A,SENGKANG WEST RD,2024-11,2026-09
456B,SENGKANG WEST RD,2024-12,2026-09
457A,SENGKANG WEST RD,2025-01,2026-09
457B,SENGKANG WEST RD,2024-08,2026-09
458A,SENGKANG WEST RD,2024-10,2026-09
458B,SENGKANG WEST RD,2024-09,2026-09
458C,SENGKANG WEST RD,2024-10,2026-06
432A,SENGKANG WEST WAY,2018-08,2026-09
432B,SENGKANG WEST WAY,2018-05,2026-07
433A,SENGKANG WEST WAY,2018-08,2026-08
433B,SENGKANG WEST WAY,2018-04,2026-07
448A,SENGKANG WEST WAY,2018-03,2025-09
448B,SENGKANG WEST WAY,2018-06,2026-09
450A,SENGKANG WEST WAY,2017-12,2026-09
450B,SENGKANG WEST WAY,2018-03,2025-09
450C,SENGKANG WEST WAY,2018-04,2026-07
451A,SENGKANG WEST WAY,2018-10,2026-06
451B,SENGKANG WEST WAY,2019-01,2026-07
452A,SENGKANG WEST WAY,2018-12,2026-07
452B,SENGKANG WEST WAY,2018-12,2026-09
469A,SENGKANG WEST WAY,2020-06,2026-07
469B,SENGKANG WEST WAY,2020-02,2026-08
469C,SENGKANG WEST WAY,2020-05,2026-09
650,SENJA LINK,2005-07,2026-02
651,SENJA LINK,2005-04,2026-08
652,SENJA LINK,2005-07,2026-07
653,SENJA LINK,2005-05,2026-06
601,SENJA RD,2003-05,2026-08
602,SENJA RD,2003-07,2026-06
603,SENJA RD,2003-05,2026-04
604,SENJA RD,2003-09,2026-07
605,SENJA RD,2003-04,2026-06
606,SENJA RD,2003-08,2026-09
607,SENJA RD,2005-07,2026-09
608,SENJA RD,2005-08,2026-05
610,SENJA RD,2005-09,2025-08
612,SENJA RD,2005-09,2025-06
614,SENJA RD,2005-07,2026-01
616,SENJA RD,2004-12,2026-09
618,SENJA RD,2005-09,2026-08
621,SENJA RD,2005-06,2026-07
622,SENJA RD,2005-07,2026-09
623,SENJA RD,2005-06,2026-07
624,SENJA RD,2005-09,2026-09
625,SENJA RD,2007-03,2026-09
626,SENJA RD,2007-06,2026-09
627,SENJA RD,2007-08,2026-08
629,SENJA RD,2007-01,2026-07
630,SENJA RD,2006-08,2026-09
631,SENJA RD,2006-09,2026-07
633A,SENJA RD,2017-04,2026-08
633B,SENJA RD,2017-04,2026-08
633C,SENJA RD,2017-07,2026-09
633D,SENJA RD,2017-09,2026-06
634A,SENJA RD,2019-10,2026-07
634B,SENJA RD,2019-12,2025-12
635A,SENJA RD,2019-10,2026-10
635B,SENJA RD,2019-09,2026-10
636A,SENJA RD,2020-02,2026-08
636B,SENJA RD,2019-11,2026-10
636C,SENJA RD,2020-02,2026-09
654,SENJA RD,2005-08,2026-08
655,SENJA RD,2005-09,2026-07
656,SENJA RD,2005-12,2026-07
401,SERANGOON AVE 1,1994-02,2026-10
402,SERANGOON AVE 1,1995-03,2026-02
403,SERANGOON AVE 1,1993-05,2026-08
404,SERANGOON AVE 1,1993-10,2024-08
405,SERANGOON AVE 1,1994-01,2025-05
406,SERANGOON AVE 1,1993-10,2012-08
407,SERANGOON AVE 1,1994-01,2026-09
408,SERANGOON AVE 1,1993-12,2026-05
425,SERANGOON AVE 1,1993-12,2026-10
426,SERANGOON AVE 1,1994-02,2026-01
232A,SERANGOON AVE 2,2002-09,2026-09
234A,SERANGOON AVE 2,2003-02,2026-10
236A,SERANGOON AVE 2,2002-11,2024-10
238,SERANGOON AVE 2,1990-04,2026-06
239,SERANGOON AVE 2,1990-04,2026-07
240,SERANGOON AVE 2,1992-05,2026-08
243,SERANGOON AVE 2,1990-08,2025-01
244,SERANGOON AVE 2,1991-11,2020-03
245,SERANGOON AVE 2,1990-09,2026-02
301,SERANGOON AVE 2,1990-03,2026-07
302,SERANGOON AVE 2,1990-03,2026-09
303,SERANGOON AVE 2,1990-02,2026-08
304,SERANGOON AVE 2,1990-02,2023-03
305,SERANGOON AVE 2,1990-01,2026-07
306,SERANGOON AVE 2,1990-04,2026-05
307,SERANGOON AVE 2,1990-04,2026-06
308,SERANGOON AVE 2,1990-05,2026-06
309,SERANGOON AVE 2,1990-02,2026-08
310,SERANGOON AVE 2,1990-03,2025-07
311,SERANGOON AVE 2,1990-11,2026-02
312,SERANGOON AVE 2,1990-02,2026-07
313,SERANGOON AVE 2,1990-12,2025-10
314,SERANGOON AVE 2,1991-12,2026-07
315,SERANGOON AVE 2,1990-01,2026-07
316,SERANGOON AVE 2,1990-01,2025-04
317,SERANGOON AVE 2,1990-04,2025-06
318,SERANGOON AVE 2,1990-02,2025-09
319,SERANGOON AVE 2,1990-12,2026-08
321,SERANGOON AVE 2,1990-11,2026-09
231,SERANGOON AVE 3,1990-04,2025-06
232,SERANGOON AVE 3,1990-03,2025-03
233,SERANGOON AVE 3,1990-03,2026-08
234,SERANGOON AVE 3,1990-09,2026-10
235,SERANGOON AVE 3,1990-05,2026-09
236,SERANGOON AVE 3,1990-05,2026-09
237,SERANGOON AVE 3,1990-07,2026-03
241,SERANGOON AVE 3,1990-12,2026-08
242,SERANGOON AVE 3,1991-03,2026-08
246,SERANGOON AVE 3,1990-09,2026-02
322,SERANGOON AVE 3,1990-11,2026-09
323,SERANGOON AVE 3,1990-11,2026-07
324,SERANGOON AVE 3,1991-01,2026-06
325,SERANGOON AVE 3,1990-12,2025-11
326,SERANGOON AVE 3,1996-01,2025-04
327,SERANGOON AVE 3,1991-05,2026-04
328,SERANGOON AVE 3,1991-03,2026-03
329,SERANGOON AVE 3,1990-11,2026-09
330,SERANGOON AVE 3,1991-01,2026-06
331,SERANGOON AVE 3,1991-12,2026-07
332,SERANGOON AVE 3,1991-01,2026-07
333,SERANGOON AVE 3,1991-03,2026-07
334,SERANGOON AVE 3,1991-04,2026-03
335,SERANGOON AVE 3,1991-04,2026-09
211,SERANGOON AVE 4,1990-03,2026-09
212,SERANGOON AVE 4,1990-01,2026-09
213,SERANGOON AVE 4,1990-01,2025-11
214,SERANGOON AVE 4,1992-01,2026-06
215,SERANGOON AVE 4,1990-03,2026-06
216,SERANGOON AVE 4,1990-03,2026-09
217,SERANGOON AVE 4,1990-02,2025-10
218,SERANGOON AVE 4,1990-01,2026-04
219,SERANGOON AVE 4,1990-02,2025-09
220,SERANGOON AVE 4,1990-06,2026-06
221,SERANGOON AVE 4,1990-01,2026-07
222,SERANGOON AVE 4,1990-07,2026-05
223,SERANGOON AVE 4,1990-02,2026-07
224,SERANGOON AVE 4,1990-02,2026-09
225,SERANGOON AVE 4,1990-02,2026-01
226,SERANGOON AVE 4,1990-02,2026-08
227,SERANGOON AVE 4,1990-01,2026-05
228,SERANGOON AVE 4,1990-11,2026-09
229,SERANGOON AVE 4,1990-04,2026-02
230,SERANGOON AVE 4,1990-02,2026-08
201,SERANGOON CTRL,1990-10,2026-08
202,SERANGOON CTRL,1992-02,2025-04
203,SERANGOON CTRL,1990-09,2026-09
204,SERANGOON CTRL,1990-12,2026-08
205,SERANGOON CTRL,1990-09,2026-09
206,SERANGOON CTRL,1990-10,2026-08
207,SERANGOON CTRL,1990-12,2026-08
208,SERANGOON CTRL,1990-08,2026-06
209,SERANGOON CTRL,1990-09,2025-12
210,SERANGOON CTRL,1990-01,2026-01
409,SERANGOON CTRL,1994-09,2026-02
410,SERANGOON CTRL,1993-11,2025-08
411,SERANGOON CTRL,1993-11,2025-10
412,SERANGOON CTRL,1993-12,2026-07
413,SERANGOON CTRL,1993-11,2023-03
414,SERANGOON CTRL,1993-11,2025-11
415,SERANGOON CTRL,1994-03,2026-08
416,SERANGOON CTRL,1994-04,2026-08
417,SERANGOON CTRL,1994-03,2022-02
418,SERANGOON CTRL,1994-03,2025-03
419,SERANGOON CTRL,1994-02,2026-07
420,SERANGOON CTRL,1992-03,2026-09
421,SERANGOON CTRL,1993-11,2026-04
422,SERANGOON CTRL,1994-01,2026-07
423,SERANGOON CTRL,1994-01,2023-11
424,SERANGOON CTRL,1994-02,2026-09
427,SERANGOON CTRL,1993-11,2025-09
253,SERANGOON CTRL DR,1993-03,2025-09
254,SERANGOON CTRL DR,1993-03,2025-10
255,SERANGOON CTRL DR,2002-11,2026-09
256,SERANGOON CTRL DR,2002-12,2026-02
257,SERANGOON CTRL DR,2003-01,2026-06
258,SERANGOON CTRL DR,2002-12,2026-06
261,SERANGOON CTRL DR,1993-07,2025-12
262,SERANGOON CTRL DR,1993-11,2025-11
263,SERANGOON CTRL DR,1993-04,2026-04
101,SERANGOON NTH AVE 1,1990-05,2026-10
102,SERANGOON NTH AVE 1,1990-01,2026-03
103,SERANGOON NTH AVE 1,1991-06,2026-03
104,SERANGOON NTH AVE 1,1990-04,2025-12
105,SERANGOON NTH AVE 1,1990-01,2026-01
106,SERANGOON NTH AVE 1,1990-02,2025-12
107,SERANGOON NTH AVE 1,1990-07,2025-12
108,SERANGOON NTH AVE 1,1990-01,2026-05
109,SERANGOON NTH AVE 1,1990-01,2026-08
110,SERANGOON NTH AVE 1,1990-05,2026-03
111,SERANGOON NTH AVE 1,1990-02,2026-06
112,SERANGOON NTH AVE 1,1990-06,2026-03
113,SERANGOON NTH AVE 1,1990-02,2026-09
114,SERANGOON NTH AVE 1,1990-01,2026-08
115,SERANGOON NTH AVE 1,1990-01,2026-03
116,SERANGOON NTH AVE 1,1990-01,2026-09
117,SERANGOON NTH AVE 1,1990-01,2026-01
118,SERANGOON NTH AVE 1,1990-04,2025-12
119,SERANGOON NTH AVE 1,1990-01,2024-07
120,SERANGOON NTH AVE 1,1990-01,2026-06
121,SERANGOON NTH AVE 1,1990-03,2025-03
122,SERANGOON NTH AVE 1,1990-04,2025-08
123,SERANGOON NTH AVE 1,1990-03,2026-09
124,SERANGOON NTH AVE 1,1990-06,2025-08
125,SERANGOON NTH AVE 1,1990-02,2026-05
126,SERANGOON NTH AVE 1,1990-01,2025-12
127,SERANGOON NTH AVE 1,1992-02,2025-08
142,SERANGOON NTH AVE 1,1992-04,2026-08
143,SERANGOON NTH AVE 1,1991-05,2026-07
144,SERANGOON NTH AVE 1,1991-08,2024-11
145,SERANGOON NTH AVE 1,1991-07,2025-12
146,SERANGOON NTH AVE 1,1991-11,2025-06
147,SERANGOON NTH AVE 1,1993-01,2026-04
148,SERANGOON NTH AVE 1,1991-10,2025-04
152,SERANGOON NTH AVE 1,1991-12,2026-09
153,SERANGOON NTH AVE 1,1991-06,2026-05
154,SERANGOON NTH AVE 1,1991-07,2026-05
135,SERANGOON NTH AVE 2,1994-05,2026-07
136,SERANGOON NTH AVE 2,1994-01,2021-06
137,SERANGOON NTH AVE 2,1994-03,2025-06
138,SERANGOON NTH AVE 2,1994-01,2025-08
139,SERANGOON NTH AVE 2,1992-10,2026-09
140,SERANGOON NTH AVE 2,1994-04,2025-02
141,SERANGOON NTH AVE 2,1994-01,2026-09
151,SERANGOON NTH AVE 2,1991-05,2025-08
543,SERANGOON NTH AVE 3,2001-08,2026-01
544,SERANGOON NTH AVE 3,2001-03,2025-10
545,SERANGOON NTH AVE 3,2001-03,2026-02
546,SERANGOON NTH AVE 3,2001-10,2026-03
547,SERANGOON NTH AVE 3,2001-07,2026-07
548,SERANGOON NTH AVE 3,2001-04,2026-09
549,SERANGOON NTH AVE 3,2001-01,2026-09
550,SERANGOON NTH AVE 3,2001-03,2025-12
551,SERANGOON NTH AVE 3,2001-01,2025-06
552,SERANGOON NTH AVE 3,2000-12,2026-07
553,SERANGOON NTH AVE 3,2000-10,2025-11
554,SERANGOON NTH AVE 3,2000-12,2024-03
500,SERANGOON NTH AVE 4,1994-11,2026-05
501,SERANGOON NTH AVE 4,1994-01,2026-01
502,SERANGOON NTH AVE 4,1997-09,2025-07
503,SERANGOON NTH AVE 4,1997-11,2016-07
504,SERANGOON NTH AVE 4,1997-08,2026-04
505,SERANGOON NTH AVE 4,1995-02,2026-08
506,SERANGOON NTH AVE 4,1995-05,2026-09
506A,SERANGOON NTH AVE 4,1996-01,2026-07
506B,SERANGOON NTH AVE 4,1994-07,2025-07
507,SERANGOON NTH AVE 4,2000-12,2026-08
508,SERANGOON NTH AVE 4,2001-02,2026-05
509,SERANGOON NTH AVE 4,2001-03,2026-01
510,SERANGOON NTH AVE 4,2001-03,2026-07
511,SERANGOON NTH AVE 4,2001-01,2026-08
512,SERANGOON NTH AVE 4,2001-03,2026-07
514,SERANGOON NTH AVE 4,1996-07,2025-10
515,SERANGOON NTH AVE 4,1996-06,2024-02
516,SERANGOON NTH AVE 4,1995-03,2024-06
517,SERANGOON NTH AVE 4,1996-01,2026-06
518,SERANGOON NTH AVE 4,1995-11,2025-12
519,SERANGOON NTH AVE 4,1993-02,2026-09
520,SERANGOON NTH AVE 4,1995-09,2026-07
521,SERANGOON NTH AVE 4,1996-04,2023-08
522,SERANGOON NTH AVE 4,1994-08,2026-07
523,SERANGOON NTH AVE 4,1994-01,2026-08
524,SERANGOON NTH AVE 4,1995-11,2026-01
525,SERANGOON NTH AVE 4,1996-07,2025-10
526,SERANGOON NTH AVE 4,1995-09,2026-09
527,SERANGOON NTH AVE 4,1994-09,2025-06
528,SERANGOON NTH AVE 4,1996-08,2026-09
529,SERANGOON NTH AVE 4,1996-04,2026-03
530,SERANGOON NTH AVE 4,1996-02,2025-05
531,SERANGOON NTH AVE 4,1995-12,2025-07
532,SERANGOON NTH AVE 4,1995-12,2026-08
533,SERANGOON NTH AVE 4,1995-11,2026-08
534,SERANGOON NTH AVE 4,1995-12,2026-08
535,SERANGOON NTH AVE 4,1995-12,2026-09
535A,SERANGOON NTH AVE 4,1997-07,2026-09
536,SERANGOON NTH AVE 4,1995-12,2025-12
537,SERANGOON NTH AVE 4,1996-11,2026-01
538,SERANGOON NTH AVE 4,1994-04,2026-02
539,SERANGOON NTH AVE 4,1996-07,2026-07
540,SERANGOON NTH AVE 4,1994-12,2026-09
541,SERANGOON NTH AVE 4,1995-11,2026-09
542,SERANGOON NTH AVE 4,1996-12,2026-09
11,SHORT ST,1990-03,1999-12
12,SHORT ST,1990-01,1999-10
13,SHORT ST,1990-01,1999-11
301,SHUNFU RD,1990-03,2026-08
302,SHUNFU RD,1990-08,2023-12
303,SHUNFU RD,1990-03,2025-05
304,SHUNFU RD,1990-01,2026-08
305,SHUNFU RD,1990-02,2026-09
306,SHUNFU RD,1990-06,2026-09
307,SHUNFU RD,1990-02,2025-08
308,SHUNFU RD,1990-01,2026-04
309,SHUNFU RD,1990-01,2026-06
310,SHUNFU RD,1990-01,2026-07
311,SHUNFU RD,1990-10,2026-08
312,SHUNFU RD,1990-02,2026-08
313,SHUNFU RD,1990-04,2026-06
147,SILAT AVE,1995-09,2024-11
148,SILAT AVE,1990-03,2026-04
149,SILAT AVE,1990-08,2026-09
150,SILAT AVE,1994-02,2025-03
167A,SIMEI LANE,2016-05,2026-05
167B,SIMEI LANE,2016-04,2026-03
167C,SIMEI LANE,2016-04,2025-09
167D,SIMEI LANE,2016-06,2026-03
168A,SIMEI LANE,2016-05,2025-08
168B,SIMEI LANE,2016-05,2025-04
168C,SIMEI LANE,2016-04,2025-12
168D,SIMEI LANE,2016-04,2026-07
155,SIMEI RD,1992-01,2025-11
156,SIMEI RD,1993-11,2026-09
157,SIMEI RD,1994-01,2026-04
158,SIMEI RD,1994-04,2025-04
159,SIMEI RD,1994-01,2026-01
160,SIMEI RD,1993-11,2026-01
161,SIMEI RD,1993-12,2026-09
162,SIMEI RD,1993-12,2026-04
163,SIMEI RD,1993-07,2026-04
164,SIMEI RD,1994-01,2025-05
165,SIMEI RD,1993-07,2026-09
101,SIMEI ST 1,1993-07,2026-08
102,SIMEI ST 1,1993-09,2026-09
105,SIMEI ST 1,1993-03,2026-07
106,SIMEI ST 1,1990-12,2026-08
107,SIMEI ST 1,1993-03,2026-09
108,SIMEI ST 1,1992-10,2026-08
109,SIMEI ST 1,1993-04,2026-08
110,SIMEI ST 1,1993-04,2025-07
111,SIMEI ST 1,1993-08,2024-11
112,SIMEI ST 1,1992-03,2026-08
113,SIMEI ST 1,1992-06,2026-02
114,SIMEI ST 1,1992-06,2026-01
116,SIMEI ST 1,1991-03,2025-12
117,SIMEI ST 1,1992-03,2026-07
119,SIMEI ST 1,1992-07,2026-02
120,SIMEI ST 1,1991-09,2026-04
122,SIMEI ST 1,1990-05,2026-07
123,SIMEI ST 1,1993-08,2026-07
124,SIMEI ST 1,1991-09,2025-11
126,SIMEI ST 1,1992-05,2026-05
127,SIMEI ST 1,1992-09,2026-09
128,SIMEI ST 1,1993-09,2026-09
129,SIMEI ST 1,1992-07,2026-08
130,SIMEI ST 1,1992-03,2026-06
131,SIMEI ST 1,1992-03,2026-08
132,SIMEI ST 1,1992-05,2026-08
133,SIMEI ST 1,1992-09,2026-02
134,SIMEI ST 1,1991-12,2026-08
135,SIMEI ST 1,1993-04,2026-09
136,SIMEI ST 1,1993-04,2026-08
137,SIMEI ST 1,1992-07,2026-08
138,SIMEI ST 1,1993-06,2026-04
139,SIMEI ST 1,1990-12,2026-05
148,SIMEI ST 1,1992-09,2026-08
149,SIMEI ST 1,1992-10,2025-12
150,SIMEI ST 1,1992-08,2026-09
151,SIMEI ST 1,1991-09,2024-10
153,SIMEI ST 1,1992-09,2025-02
154,SIMEI ST 1,1991-12,2026-08
253,SIMEI ST 1,2000-07,2026-08
254,SIMEI ST 1,2000-07,2026-07
255,SIMEI ST 1,2000-07,2026-09
256,SIMEI ST 1,2000-09,2025-07
141,SIMEI ST 2,1993-11,2026-07
142,SIMEI ST 2,1992-12,2026-10
144,SIMEI ST 2,1992-12,2022-06
145,SIMEI ST 2,1993-06,2026-02
146,SIMEI ST 2,1993-09,2025-04
147,SIMEI ST 2,1993-01,2026-03
221,SIMEI ST 4,1993-05,2018-03
222,SIMEI ST 4,1993-04,2025-10
223,SIMEI ST 4,1993-09,2026-07
224,SIMEI ST 4,1992-06,2026-09
225,SIMEI ST 4,1993-07,2025-12
226,SIMEI ST 4,1993-07,2025-10
227,SIMEI ST 4,1991-04,2024-11
228,SIMEI ST 4,1993-03,2026-06
229,SIMEI ST 4,1993-04,2026-04
230,SIMEI ST 4,1992-07,2025-08
231,SIMEI ST 4,1993-11,2026-05
232,SIMEI ST 4,1993-09,2026-06
233,SIMEI ST 4,1994-03,2026-01
234,SIMEI ST 4,1993-05,2026-07
235,SIMEI ST 4,1994-04,2025-04
242,SIMEI ST 5,2000-09,2025-11
243,SIMEI ST 5,2000-09,2026-05
244,SIMEI ST 5,2000-07,2025-12
245,SIMEI ST 5,2000-06,2025-12
246,SIMEI ST 5,2000-06,2025-06
247,SIMEI ST 5,2000-08,2025-12
842,SIMS AVE,1990-08,2026-05
844,SIMS AVE,1990-09,2023-02
846,SIMS AVE,1990-02,2026-04
848,SIMS AVE,1992-08,2026-01
40,SIMS DR,1992-02,2026-08
41,SIMS DR,1990-01,2026-07
42,SIMS DR,1995-02,2026-07
42A,SIMS DR,1995-05,2024-12
43,SIMS DR,1994-05,2023-10
43A,SIMS DR,1994-04,2026-05
44,SIMS DR,1990-02,2026-06
45,SIMS DR,1990-01,2026-07
50,SIMS DR,1990-04,2026-09
51,SIMS DR,1990-04,2025-04
54,SIMS DR,1990-02,2006-01
59,SIMS DR,1990-01,2006-01
62,SIMS DR,1990-02,2005-12
52,SIMS PL,1990-06,2026-08
53,SIMS PL,1990-05,2026-08
63,SIMS PL,2021-01,2026-08
401,SIN MING AVE,1991-05,2026-05
402,SIN MING AVE,1990-11,2026-05
403,SIN MING AVE,1991-02,2025-08
404,SIN MING AVE,1990-07,2024-10
405,SIN MING AVE,1990-07,2026-07
406,SIN MING AVE,1990-11,2026-10
407,SIN MING AVE,1990-12,2026-06
408,SIN MING AVE,1990-11,2026-01
441,SIN MING AVE,1994-07,2026-03
442,SIN MING AVE,1994-10,2026-09
443,SIN MING AVE,1993-11,2024-12
444,SIN MING AVE,1993-06,2025-11
445,SIN MING AVE,1994-04,2026-05
449,SIN MING AVE,1993-10,2026-10
450,SIN MING AVE,1994-09,2025-07
451,SIN MING AVE,1994-07,2026-01
452,SIN MING AVE,1994-08,2025-08
453,SIN MING AVE,1994-08,2026-06
454,SIN MING AVE,1994-03,2025-03
455,SIN MING AVE,1994-10,2026-09
22,SIN MING RD,1990-01,2026-09
23,SIN MING RD,1990-04,2026-08
24,SIN MING RD,1990-01,2025-10
25,SIN MING RD,1990-05,2026-07
335A,SMITH ST,1990-03,2025-07
335B,SMITH ST,1990-01,2026-08
103,SPOTTISWOODE PK RD,1990-05,2026-03
104,SPOTTISWOODE PK RD,1990-02,2026-05
106,SPOTTISWOODE PK RD,1990-03,2026-07
109,SPOTTISWOODE PK RD,1990-06,2025-07
110,SPOTTISWOODE PK RD,1990-05,2026-06
25A,ST. GEORGE'S LANE,2024-03,2026-09
26A,ST. GEORGE'S LANE,2024-01,2026-09
26B,ST. GEORGE'S LANE,2024-03,2026-09
4B,ST. GEORGE'S LANE,2000-10,2026-06
4C,ST. GEORGE'S LANE,2000-08,2026-09
5,ST. GEORGE'S LANE,1990-03,2026-08
6,ST. GEORGE'S LANE,1990-04,2026-07
7,ST. GEORGE'S LANE,1990-08,2026-07
8,ST. GEORGE'S LANE,1990-03,2025-07
1,ST. GEORGE'S RD,1990-03,2026-09
10,ST. GEORGE'S RD,1990-09,2019-05
11,ST. GEORGE'S RD,1990-04,2026-05
12,ST. GEORGE'S RD,1992-09,2007-07
13,ST. GEORGE'S RD,1990-03,2026-07
14,ST. GEORGE'S RD,1990-05,2025-08
15,ST. GEORGE'S RD,1991-12,2026-05
16,ST. GEORGE'S RD,1990-10,2024-10
17,ST. GEORGE'S RD,1990-10,2018-11
18,ST. GEORGE'S RD,1990-05,2026-09
19,ST. GEORGE'S RD,1990-08,2026-07
2,ST. GEORGE'S RD,1990-01,2026-07
20,ST. GEORGE'S RD,1990-01,2026-09
21,ST. GEORGE'S RD,1990-02,2025-11
22,ST. GEORGE'S RD,1990-02,2026-09
23,ST. GEORGE'S RD,1990-01,2026-09
3,ST. GEORGE'S RD,1990-03,2026-09
9,ST. GEORGE'S RD,1990-05,2025-12
163,STIRLING RD,1990-04,2026-05
164,STIRLING RD,1990-01,2026-08
165,STIRLING RD,1991-02,2026-07
166,STIRLING RD,1991-03,2026-08
167,STIRLING RD,1990-02,2026-07
168,STIRLING RD,1990-05,2026-09
169,STIRLING RD,1990-03,2026-08
170,STIRLING RD,1990-07,2026-07
171,STIRLING RD,1990-01,2026-07
172,STIRLING RD,1990-01,2001-02
173,STIRLING RD,1990-01,2001-02
181,STIRLING RD,2002-04,2025-09
182,STIRLING RD,2004-04,2025-08
183,STIRLING RD,2005-03,2026-05
184,STIRLING RD,2004-08,2026-08
41,STIRLING RD,1991-08,2012-08
42,STIRLING RD,1991-12,2025-05
43,STIRLING RD,1993-06,2016-05
44,STIRLING RD,1990-11,2015-11
46,STIRLING RD,1993-06,2021-02
47,STIRLING RD,1991-07,2018-10
50,STIRLING RD,1996-07,2026-08
52,STIRLING RD,1996-08,2025-05
53,STIRLING RD,1996-04,2017-05
55,STIRLING RD,1991-02,2020-07
56,STIRLING RD,1990-10,2022-11
57,STIRLING RD,1991-01,2021-07
58,STIRLING RD,1994-06,2021-05
48,STRATHMORE AVE,2008-09,2026-07
49,STRATHMORE AVE,2009-11,2026-07
50,STRATHMORE AVE,2009-02,2026-06
51,STRATHMORE AVE,2009-04,2026-09
52,STRATHMORE AVE,2009-03,2026-09
53,STRATHMORE AVE,2023-10,2026-07
55,STRATHMORE AVE,2005-06,2025-12
56,STRATHMORE AVE,2005-05,2026-01
58,STRATHMORE AVE,2004-05,2026-09
59,STRATHMORE AVE,2004-03,2026-02
60,STRATHMORE AVE,2004-07,2026-06
61A,STRATHMORE AVE,2014-09,2026-06
61B,STRATHMORE AVE,2015-01,2026-09
61C,STRATHMORE AVE,2014-08,2025-08
62A,STRATHMORE AVE,2014-08,2026-03
62B,STRATHMORE AVE,2014-10,2026-05
80,STRATHMORE AVE,1998-07,2025-12
81,STRATHMORE AVE,1998-04,2026-01
82,STRATHMORE AVE,2001-05,2025-02
83,STRATHMORE AVE,2001-01,2026-06
220A,SUMANG LANE,2022-12,2026-08
220B,SUMANG LANE,2022-12,2026-06
220C,SUMANG LANE,2023-01,2026-07
221A,SUMANG LANE,2022-10,2026-10
221B,SUMANG LANE,2023-01,2026-06
222A,SUMANG LANE,2022-04,2026-10
224A,SUMANG LANE,2022-08,2026-08
224B,SUMANG LANE,2022-06,2026-08
224C,SUMANG LANE,2022-08,2026-08
226A,SUMANG LANE,2021-11,2026-08
226B,SUMANG LANE,2022-01,2025-09
226C,SUMANG LANE,2022-04,2026-09
227A,SUMANG LANE,2021-11,2026-04
227B,SUMANG LANE,2022-04,2026-02
229A,SUMANG LANE,2026-09,2026-09
231A,SUMANG LANE,2022-10,2026-07
231B,SUMANG LANE,2022-09,2026-09
232A,SUMANG LANE,2022-12,2026-01
232B,SUMANG LANE,2023-01,2026-08
232C,SUMANG LANE,2023-01,2026-09
233A,SUMANG LANE,2023-01,2026-04
233B,SUMANG LANE,2022-12,2026-08
233C,SUMANG LANE,2023-01,2026-09
234A,SUMANG LANE,2022-10,2026-06
234B,SUMANG LANE,2022-12,2025-12
312A,SUMANG LINK,2019-05,2026-01
312B,SUMANG LINK,2019-07,2026-02
312C,SUMANG LINK,2019-05,2026-04
313A,SUMANG LINK,2019-04,2026-07
313B,SUMANG LINK,2019-03,2026-09
313C,SUMANG LINK,2019-06,2026-08
217A,SUMANG WALK,2021-03,2026-10
217B,SUMANG WALK,2021-03,2026-08
217C,SUMANG WALK,2021-03,2026-08
217D,SUMANG WALK,2021-04,2026-09
256A,SUMANG WALK,2020-10,2026-08
256B,SUMANG WALK,2020-10,2026-04
256C,SUMANG WALK,2020-08,2026-07
256D,SUMANG WALK,2020-08,2026-06
322A,SUMANG WALK,2023-03,2026-08
322B,SUMANG WALK,2023-03,2026-09
322C,SUMANG WALK,2023-03,2026-08
322D,SUMANG WALK,2023-04,2026-09
323A,SUMANG WALK,2024-01,2026-04
323B,SUMANG WALK,2023-12,2026-05
323C,SUMANG WALK,2023-12,2026-07
323D,SUMANG WALK,2023-11,2026-09
325A,SUMANG WALK,2023-11,2026-07
325B,SUMANG WALK,2023-12,2026-07
326C,SUMANG WALK,2023-02,2026-02
327A,SUMANG WALK,2022-09,2026-07
327B,SUMANG WALK,2022-11,2026-06
327C,SUMANG WALK,2022-12,2026-09
321,TAH CHING RD,2001-02,2025-01
322,TAH CHING RD,2001-03,2025-01
323,TAH CHING RD,2000-10,2026-07
324,TAH CHING RD,2000-09,2026-01
325,TAH CHING RD,2001-01,2026-09
326,TAH CHING RD,2000-08,2025-07
327,TAH CHING RD,2000-11,2024-12
328,TAH CHING RD,2000-12,2026-08
329,TAH CHING RD,2001-12,2026-09
330,TAH CHING RD,2001-04,2026-09
331,TAH CHING RD,2000-06,2025-09
332,TAH CHING RD,2000-10,2026-06
336,TAH CHING RD,2000-10,2022-11
337A,TAH CHING RD,2013-05,2026-05
337B,TAH CHING RD,2014-12,2026-09
337C,TAH CHING RD,2010-12,2026-09
337D,TAH CHING RD,2013-07,2026-09
338A,TAH CHING RD,2013-08,2026-02
12,TAMAN HO SWEE,1990-02,2026-09
14,TAMAN HO SWEE,1990-06,2026-04
16,TAMAN HO SWEE,1990-04,2026-01
18,TAMAN HO SWEE,1990-01,2026-07
31,TAMAN HO SWEE,1990-02,2002-12
33,TAMAN HO SWEE,1990-01,2003-03
890A,TAMPINES AVE 1,2019-10,2026-08
890B,TAMPINES AVE 1,2019-11,2026-08
890C,TAMPINES AVE 1,2019-10,2026-09
622A,TAMPINES AVE 12,2026-09,2026-09
622B,TAMPINES AVE 12,2026-08,2026-09
801,TAMPINES AVE 4,1990-10,2025-11
802,TAMPINES AVE 4,1992-12,2025-08
803,TAMPINES AVE 4,1990-08,2026-08
804,TAMPINES AVE 4,1990-02,2025-09
805,TAMPINES AVE 4,1990-02,2026-08
806,TAMPINES AVE 4,1990-05,2026-09
807,TAMPINES AVE 4,1990-07,2026-09
808,TAMPINES AVE 4,1990-01,2026-01
809,TAMPINES AVE 4,1990-01,2026-07
810,TAMPINES AVE 4,1990-01,2026-08
811,TAMPINES AVE 4,1990-01,2026-09
812,TAMPINES AVE 4,1990-01,2025-10
815,TAMPINES AVE 4,1990-04,2026-09
816,TAMPINES AVE 4,1990-01,2026-08
902,TAMPINES AVE 4,1990-02,2026-08
903,TAMPINES AVE 4,1990-02,2025-11
906,TAMPINES AVE 4,1992-01,2024-05
907,TAMPINES AVE 4,1990-03,2026-09
908,TAMPINES AVE 4,1990-11,2026-08
909,TAMPINES AVE 4,1990-04,2026-07
945,TAMPINES AVE 4,1993-11,2026-04
946,TAMPINES AVE 4,1993-12,2025-11
146,TAMPINES AVE 5,1990-01,2026-08
147,TAMPINES AVE 5,1990-02,2026-08
148,TAMPINES AVE 5,1990-01,2026-07
858,TAMPINES AVE 5,1992-09,2026-07
858A,TAMPINES AVE 5,1992-08,2023-10
858B,TAMPINES AVE 5,1992-09,2020-06
859,TAMPINES AVE 5,1992-09,2026-03
859A,TAMPINES AVE 5,1992-09,2026-09
860,TAMPINES AVE 5,1992-08,2026-08
860A,TAMPINES AVE 5,1992-09,2019-01
860B,TAMPINES AVE 5,1992-12,2026-08
861,TAMPINES AVE 5,1992-09,2026-05
861A,TAMPINES AVE 5,1993-07,2026-04
936,TAMPINES AVE 5,1993-11,2025-07
937,TAMPINES AVE 5,1990-08,2026-08
938,TAMPINES AVE 5,1993-09,2026-09
939,TAMPINES AVE 5,1993-10,2025-11
940,TAMPINES AVE 5,1993-10,2026-08
941,TAMPINES AVE 5,1993-11,2026-10
942,TAMPINES AVE 5,1993-10,2026-04
943,TAMPINES AVE 5,1993-10,2025-11
944,TAMPINES AVE 5,1992-04,2026-02
390,TAMPINES AVE 7,1998-08,2026-02
391,TAMPINES AVE 7,1998-07,2026-02
392,TAMPINES AVE 7,1998-10,2025-06
393,TAMPINES AVE 7,1998-09,2026-09
394,TAMPINES AVE 7,1998-08,2026-05
395,TAMPINES AVE 7,1994-04,2026-10
396,TAMPINES AVE 7,1995-06,2024-05
868A,TAMPINES AVE 8,2019-05,2026-10
868B,TAMPINES AVE 8,2020-08,2026-09
868C,TAMPINES AVE 8,2019-06,2026-05
869A,TAMPINES AVE 8,2019-04,2026-09
869B,TAMPINES AVE 8,2019-04,2026-03
876A,TAMPINES AVE 8,2025-12,2026-08
876C,TAMPINES AVE 8,2026-01,2026-10
878,TAMPINES AVE 8,1992-11,2026-04
878A,TAMPINES AVE 8,2021-06,2026-08
878B,TAMPINES AVE 8,2021-03,2026-07
879,TAMPINES AVE 8,1993-07,2026-07
879A,TAMPINES AVE 8,2021-08,2026-08
879B,TAMPINES AVE 8,2021-06,2026-07
880,TAMPINES AVE 8,1993-01,2026-04
880A,TAMPINES AVE 8,1994-06,2026-08
891,TAMPINES AVE 8,2001-03,2026-08
891A,TAMPINES AVE 8,2001-01,2023-03
892,TAMPINES AVE 8,2000-11,2025-04
892A,TAMPINES AVE 8,2001-02,2026-07
893,TAMPINES AVE 8,2001-06,2026-09
893A,TAMPINES AVE 8,2001-01,2026-09
485A,TAMPINES AVE 9,1995-12,2026-09
485B,TAMPINES AVE 9,1994-02,2025-08
486A,TAMPINES AVE 9,1998-08,2026-07
486B,TAMPINES AVE 9,1994-04,2026-07
486C,TAMPINES AVE 9,1996-03,2026-04
487A,TAMPINES AVE 9,1993-04,2024-12
488A,TAMPINES AVE 9,1994-04,2026-06
491A,TAMPINES AVE 9,1997-09,2026-08
491B,TAMPINES AVE 9,1994-04,2025-11
492B,TAMPINES AVE 9,1998-02,2023-11
493A,TAMPINES AVE 9,1997-11,2026-07
493B,TAMPINES AVE 9,1997-10,2026-08
494B,TAMPINES AVE 9,1994-11,2026-07
496D,TAMPINES AVE 9,1997-07,2026-08
496E,TAMPINES AVE 9,1994-07,2026-06
496F,TAMPINES AVE 9,1997-09,2025-02
496G,TAMPINES AVE 9,1997-10,2026-10
499A,TAMPINES AVE 9,2018-03,2026-08
499B,TAMPINES AVE 9,2017-12,2026-06
601A,TAMPINES AVE 9,2024-02,2026-08
601B,TAMPINES AVE 9,2024-03,2026-07
601C,TAMPINES AVE 9,2024-03,2026-06
601D,TAMPINES AVE 9,2024-03,2026-08
604A,TAMPINES AVE 9,2024-03,2026-08
604B,TAMPINES AVE 9,2024-02,2026-08
501,TAMPINES CTRL 1,1994-03,2026-09
502,TAMPINES CTRL 1,1996-03,2024-01
503,TAMPINES CTRL 1,1994-05,2026-08
505,TAMPINES CTRL 1,1994-08,2026-10
508,TAMPINES CTRL 1,1995-01,2025-08
509,TAMPINES CTRL 1,1996-09,2020-03
515A,TAMPINES CTRL 7,2014-03,2026-07
515B,TAMPINES CTRL 7,2014-03,2026-10
515C,TAMPINES CTRL 7,2014-03,2026-09
515D,TAMPINES CTRL 7,2014-03,2026-07
518A,TAMPINES CTRL 7,2014-04,2026-06
518B,TAMPINES CTRL 7,2014-04,2025-07
518C,TAMPINES CTRL 7,2014-03,2026-10
518D,TAMPINES CTRL 7,2014-05,2026-08
522A,TAMPINES CTRL 7,2019-03,2026-10
522B,TAMPINES CTRL 7,2019-05,2026-07
522C,TAMPINES CTRL 7,2019-03,2026-09
523A,TAMPINES CTRL 7,2019-08,2026-05
523B,TAMPINES CTRL 7,2019-06,2026-07
523C,TAMPINES CTRL 7,2019-06,2026-07
523D,TAMPINES CTRL 7,2019-09,2026-08
524A,TAMPINES CTRL 7,2019-10,2026-08
524B,TAMPINES CTRL 7,2019-08,2026-04
519A,TAMPINES CTRL 8,2019-10,2026-09
519B,TAMPINES CTRL 8,2019-08,2026-09
519C,TAMPINES CTRL 8,2019-07,2026-07
519D,TAMPINES CTRL 8,2019-08,2025-09
520A,TAMPINES CTRL 8,2019-08,2026-08
520B,TAMPINES CTRL 8,2020-11,2026-06
520C,TAMPINES CTRL 8,2019-09,2026-06
608A,TAMPINES NTH DR 1,2024-11,2026-08
608B,TAMPINES NTH DR 1,2024-12,2026-09
608C,TAMPINES NTH DR 1,2024-11,2026-10
609A,TAMPINES NTH DR 1,2024-11,2026-09
609B,TAMPINES NTH DR 1,2024-11,2026-08
609C,TAMPINES NTH DR 1,2024-11,2026-09
609D,TAMPINES NTH DR 1,2024-11,2026-04
610A,TAMPINES NTH DR 1,2024-10,2026-05
610B,TAMPINES NTH DR 1,2024-11,2026-09
610C,TAMPINES NTH DR 1,2024-10,2026-09
612A,TAMPINES NTH DR 1,2024-11,2026-09
612B,TAMPINES NTH DR 1,2024-10,2026-09
613A,TAMPINES NTH DR 1,2025-01,2026-09
613B,TAMPINES NTH DR 1,2024-12,2026-09
614A,TAMPINES NTH DR 1,2025-02,2026-08
614B,TAMPINES NTH DR 1,2025-03,2026-09
101,TAMPINES ST 11,1990-07,2024-12
102,TAMPINES ST 11,1990-01,2026-06
103,TAMPINES ST 11,1990-02,2026-03
104,TAMPINES ST 11,1990-02,2026-07
105,TAMPINES ST 11,1990-09,2026-03
106,TAMPINES ST 11,1990-01,2026-02
107,TAMPINES ST 11,1990-04,2026-04
108,TAMPINES ST 11,1990-03,2026-09
109,TAMPINES ST 11,1990-02,2026-06
110,TAMPINES ST 11,1990-01,2025-06
111,TAMPINES ST 11,1990-01,2026-06
112,TAMPINES ST 11,1990-01,2026-08
113,TAMPINES ST 11,1990-01,2026-08
114,TAMPINES ST 11,1990-02,2025-08
124,TAMPINES ST 11,1991-02,2026-09
125,TAMPINES ST 11,1990-12,2026-02
126,TAMPINES ST 11,1990-11,2026-09
127,TAMPINES ST 11,1990-07,2026-06
138,TAMPINES ST 11,1990-01,2025-06
139,TAMPINES ST 11,1990-04,2026-08
140,TAMPINES ST 12,1990-06,2026-09
141,TAMPINES ST 12,1990-01,2026-06
142,TAMPINES ST 12,1990-07,2026-08
143,TAMPINES ST 12,1990-07,2026-09
144,TAMPINES ST 12,1990-03,2025-12
145,TAMPINES ST 12,1990-03,2026-07
149,TAMPINES ST 12,1990-01,2025-11
150,TAMPINES ST 12,1990-01,2026-08
151,TAMPINES ST 12,1990-02,2026-08
156,TAMPINES ST 12,1990-03,2026-09
157,TAMPINES ST 12,1990-01,2026-09
158,TAMPINES ST 12,1990-06,2026-07
159,TAMPINES ST 12,1990-01,2026-06
160,TAMPINES ST 12,1990-01,2026-09
161,TAMPINES ST 12,1990-01,2026-08
162,TAMPINES ST 12,1990-02,2026-08
163,TAMPINES ST 12,1990-01,2026-07
164,TAMPINES ST 12,1990-03,2026-07
165,TAMPINES ST 12,1990-06,2026-06
166,TAMPINES ST 12,1990-01,2025-08
201A,TAMPINES ST 21,1993-09,2025-05
201B,TAMPINES ST 21,2009-07,2025-06
201D,TAMPINES ST 21,1991-07,2023-12
202,TAMPINES ST 21,1990-01,2026-06
203,TAMPINES ST 21,1992-04,2025-09
204,TAMPINES ST 21,2009-09,2025-06
205,TAMPINES ST 21,1990-03,2026-03
206,TAMPINES ST 21,1990-04,2026-08
207,TAMPINES ST 21,1990-02,2026-08
208,TAMPINES ST 21,1990-04,2026-05
209,TAMPINES ST 21,1990-01,2026-06
230G,TAMPINES ST 21,1998-03,2025-09
230H,TAMPINES ST 21,1998-04,2025-03
230J,TAMPINES ST 21,1994-03,2026-09
231,TAMPINES ST 21,1992-11,2026-05
232,TAMPINES ST 21,1990-01,2026-09
233,TAMPINES ST 21,1990-03,2025-10
234,TAMPINES ST 21,1990-01,2026-07
235,TAMPINES ST 21,1997-06,2026-07
236,TAMPINES ST 21,1990-01,2026-09
237,TAMPINES ST 21,1990-01,2026-02
238,TAMPINES ST 21,1993-06,2024-06
239,TAMPINES ST 21,1990-07,2025-12
240,TAMPINES ST 21,1990-02,2026-09
241,TAMPINES ST 21,1990-07,2026-03
242,TAMPINES ST 21,1990-03,2026-07
243,TAMPINES ST 21,1990-03,2026-09
244,TAMPINES ST 21,1990-01,2026-05
245,TAMPINES ST 21,1990-01,2026-09
246,TAMPINES ST 21,1990-03,2026-09
247,TAMPINES ST 21,1990-01,2026-06
248,TAMPINES ST 21,1990-01,2026-08
249,TAMPINES ST 21,1990-03,2026-08
250,TAMPINES ST 21,1990-01,2026-09
251,TAMPINES ST 21,1990-01,2026-06
252,TAMPINES ST 21,1990-01,2025-07
253,TAMPINES ST 21,1990-01,2026-04
254,TAMPINES ST 21,1990-07,2026-09
255,TAMPINES ST 21,1991-03,2024-02
256,TAMPINES ST 21,1990-06,2025-09
257,TAMPINES ST 21,1990-01,2026-09
258,TAMPINES ST 21,1990-01,2025-01
259,TAMPINES ST 21,1990-03,2026-06
260,TAMPINES ST 21,1990-04,2026-05
261,TAMPINES ST 21,1990-01,2026-09
262,TAMPINES ST 21,1990-01,2026-09
263,TAMPINES ST 21,1990-03,2026-07
264,TAMPINES ST 21,1990-10,2026-06
265,TAMPINES ST 21,1990-01,2026-04
266,TAMPINES ST 21,1990-01,2026-07
267,TAMPINES ST 21,1990-01,2026-09
268,TAMPINES ST 21,1990-02,2026-09
269,TAMPINES ST 21,1990-01,2026-09
270,TAMPINES ST 21,1990-01,2026-04
271,TAMPINES ST 21,1990-01,2026-08
272,TAMPINES ST 22,1990-01,2026-09
273,TAMPINES ST 22,1990-02,2025-07
274,TAMPINES ST 22,1990-01,2026-04
275,TAMPINES ST 22,1990-01,2026-08
276,TAMPINES ST 22,1990-04,2026-01
277,TAMPINES ST 22,1990-01,2026-09
278,TAMPINES ST 22,1990-01,2026-07
279,TAMPINES ST 22,1990-01,2026-07
280,TAMPINES ST 22,1990-03,2025-08
281,TAMPINES ST 22,1990-02,2026-07
282,TAMPINES ST 22,1990-03,2026-09
283,TAMPINES ST 22,1990-02,2026-07
284,TAMPINES ST 22,1990-07,2026-08
285,TAMPINES ST 22,1990-01,2026-09
286,TAMPINES ST 22,1990-01,2026-07
287,TAMPINES ST 22,1990-01,2025-08
288,TAMPINES ST 22,1990-06,2026-09
289,TAMPINES ST 22,1990-01,2026-08
290,TAMPINES ST 22,1990-05,2026-07
291,TAMPINES ST 22,1990-01,2026-08
292,TAMPINES ST 22,1990-03,2026-09
293,TAMPINES ST 22,1990-01,2026-07
294,TAMPINES ST 22,1990-01,2026-06
295,TAMPINES ST 22,1990-01,2026-08
296,TAMPINES ST 22,1990-05,2026-09
297,TAMPINES ST 22,1990-02,2026-08
298,TAMPINES ST 22,1990-01,2026-04
299A,TAMPINES ST 22,2016-01,2025-02
201E,TAMPINES ST 23,1992-04,2026-03
210,TAMPINES ST 23,1990-03,2026-01
211,TAMPINES ST 23,1990-11,2026-05
212,TAMPINES ST 23,1990-02,2026-05
213,TAMPINES ST 23,1990-04,2026-05
214,TAMPINES ST 23,1990-10,2026-04
215,TAMPINES ST 23,1990-01,2026-06
216,TAMPINES ST 23,1990-01,2026-04
217,TAMPINES ST 23,1990-01,2026-09
224,TAMPINES ST 23,1992-07,2024-08
225,TAMPINES ST 23,1990-05,2026-05
226,TAMPINES ST 23,1990-01,2026-08
227,TAMPINES ST 23,1990-10,2026-01
228,TAMPINES ST 23,1990-02,2026-04
229,TAMPINES ST 23,1990-03,2026-06
218,TAMPINES ST 24,1990-02,2026-06
219,TAMPINES ST 24,1990-01,2026-07
220,TAMPINES ST 24,1992-04,2022-05
221,TAMPINES ST 24,1990-02,2026-09
222,TAMPINES ST 24,1990-03,2025-11
223,TAMPINES ST 24,1990-09,2025-12
230,TAMPINES ST 24,1990-04,2026-09
230B,TAMPINES ST 24,1998-04,2026-03
230C,TAMPINES ST 24,1994-03,2026-08
230D,TAMPINES ST 24,1998-03,2021-11
230E,TAMPINES ST 24,1996-01,2026-05
230F,TAMPINES ST 24,1998-03,2026-04
301,TAMPINES ST 32,1994-10,2026-05
302,TAMPINES ST 32,1994-02,2026-06
303,TAMPINES ST 32,1993-12,2026-03
304,TAMPINES ST 32,1997-11,2026-07
305,TAMPINES ST 32,1998-01,2026-09
306,TAMPINES ST 32,1997-10,2025-06
307,TAMPINES ST 32,1997-10,2024-01
308,TAMPINES ST 32,1997-11,2026-02
309,TAMPINES ST 32,1994-04,2024-12
310,TAMPINES ST 32,1997-09,2026-09
324,TAMPINES ST 32,1996-02,2026-04
325,TAMPINES ST 32,1999-02,2025-05
326,TAMPINES ST 32,1996-03,2026-04
327,TAMPINES ST 32,1999-01,2026-07
328,TAMPINES ST 32,1995-12,2026-08
329,TAMPINES ST 32,1999-04,2026-05
330,TAMPINES ST 32,1999-02,2026-05
331,TAMPINES ST 32,1999-01,2026-09
332,TAMPINES ST 32,1994-05,2026-09
333,TAMPINES ST 32,1999-04,2024-08
334,TAMPINES ST 32,1999-04,2025-11
335,TAMPINES ST 32,1994-12,2026-04
336,TAMPINES ST 32,1999-02,2026-07
337,TAMPINES ST 32,1999-03,2026-04
381,TAMPINES ST 32,1998-04,2026-05
382,TAMPINES ST 32,1995-05,2026-03
383,TAMPINES ST 32,1998-04,2026-07
384,TAMPINES ST 32,1998-03,2024-08
385,TAMPINES ST 32,1995-12,2026-01
386,TAMPINES ST 32,1998-07,2026-03
387,TAMPINES ST 32,1998-08,2024-10
388,TAMPINES ST 32,1998-07,2026-07
389,TAMPINES ST 32,1996-05,2026-04
311,TAMPINES ST 33,1997-11,2026-07
312,TAMPINES ST 33,1995-03,2026-01
313,TAMPINES ST 33,1994-03,2026-10
314,TAMPINES ST 33,1996-05,2025-07
315,TAMPINES ST 33,1997-12,2025-02
316,TAMPINES ST 33,1999-07,2026-08
317,TAMPINES ST 33,1999-06,2026-07
318,TAMPINES ST 33,1996-03,2026-02
319,TAMPINES ST 33,1999-05,2026-05
320,TAMPINES ST 33,1999-06,2026-04
321,TAMPINES ST 33,1995-08,2026-04
322,TAMPINES ST 33,1994-09,2025-11
323,TAMPINES ST 33,1999-05,2025-09
338,TAMPINES ST 33,1999-06,2026-08
339,TAMPINES ST 33,1999-05,2026-09
340,TAMPINES ST 33,1999-06,2026-04
341,TAMPINES ST 33,1999-04,2026-07
342,TAMPINES ST 33,1999-04,2026-07
343,TAMPINES ST 33,1999-05,2026-04
345,TAMPINES ST 33,1999-08,2026-07
346,TAMPINES ST 33,1999-07,2026-09
347,TAMPINES ST 33,2000-01,2026-08
348,TAMPINES ST 33,1999-07,2024-04
349,TAMPINES ST 33,1996-04,2026-09
350,TAMPINES ST 33,1999-09,2025-04
351,TAMPINES ST 33,1996-05,2026-08
352,TAMPINES ST 33,1999-10,2026-06
353,TAMPINES ST 33,1999-10,2025-08
354,TAMPINES ST 33,1999-12,2025-12
355,TAMPINES ST 33,1999-12,2026-09
356,TAMPINES ST 33,2000-01,2026-05
357,TAMPINES ST 33,1995-12,2026-03
358,TAMPINES ST 33,1999-12,2026-01
359,TAMPINES ST 34,1999-09,2026-07
360,TAMPINES ST 34,1999-10,2026-08
361,TAMPINES ST 34,2000-02,2026-06
362,TAMPINES ST 34,1999-11,2026-05
363,TAMPINES ST 34,1999-08,2026-08
364,TAMPINES ST 34,2000-12,2026-08
365,TAMPINES ST 34,2000-10,2026-08
366,TAMPINES ST 34,2000-09,2026-09
367,TAMPINES ST 34,2001-02,2026-07
367A,TAMPINES ST 34,2000-11,2026-06
368,TAMPINES ST 34,2000-12,2026-08
369,TAMPINES ST 34,2000-11,2025-03
370,TAMPINES ST 34,2001-02,2026-06
371,TAMPINES ST 34,1998-12,2026-09
372,TAMPINES ST 34,1998-12,2025-05
373,TAMPINES ST 34,1998-11,2026-01
374,TAMPINES ST 34,1998-12,2026-03
401,TAMPINES ST 41,1990-08,2026-01
402,TAMPINES ST 41,1992-12,2021-09
403,TAMPINES ST 41,1991-12,2026-07
404,TAMPINES ST 41,1992-02,2025-06
405,TAMPINES ST 41,1990-12,2026-04
406,TAMPINES ST 41,1990-06,2026-06
407,TAMPINES ST 41,1991-01,2026-09
408,TAMPINES ST 41,1990-04,2025-11
409,TAMPINES ST 41,1992-02,2026-04
410,TAMPINES ST 41,1990-07,2026-07
411,TAMPINES ST 41,1990-08,2026-07
412,TAMPINES ST 41,1990-11,2026-05
413,TAMPINES ST 41,1994-03,2025-10
414,TAMPINES ST 41,1990-11,2026-06
415,TAMPINES ST 41,1990-07,2025-06
416,TAMPINES ST 41,1991-11,2026-04
417,TAMPINES ST 41,1990-04,2026-09
418,TAMPINES ST 41,1990-03,2026-07
419,TAMPINES ST 41,1990-04,2026-06
420,TAMPINES ST 41,1990-01,2026-06
421,TAMPINES ST 41,1990-03,2026-03
422,TAMPINES ST 41,1990-08,2025-11
423,TAMPINES ST 41,1990-04,2026-08
424,TAMPINES ST 41,1990-08,2026-08
425,TAMPINES ST 41,1991-03,2026-08
426,TAMPINES ST 41,1991-01,2026-06
427,TAMPINES ST 41,1991-01,2025-09
428,TAMPINES ST 41,1990-09,2026-02
429,TAMPINES ST 41,1990-10,2026-09
430,TAMPINES ST 41,1991-03,2026-06
431,TAMPINES ST 41,1991-03,2026-08
432,TAMPINES ST 41,1990-01,2026-08
444,TAMPINES ST 42,1990-06,2026-04
445,TAMPINES ST 42,1990-03,2026-08
446,TAMPINES ST 42,1990-03,2026-06
447,TAMPINES ST 42,1991-11,2026-05
448,TAMPINES ST 42,1990-04,2026-07
449,TAMPINES ST 42,1990-04,2025-02
450,TAMPINES ST 42,1990-02,2025-12
450A,TAMPINES ST 42,2000-07,2026-07
450C,TAMPINES ST 42,2000-04,2026-06
450D,TAMPINES ST 42,2000-06,2025-12
450E,TAMPINES ST 42,2000-03,2025-12
450F,TAMPINES ST 42,2000-05,2025-02
450G,TAMPINES ST 42,2000-08,2026-09
451,TAMPINES ST 42,1992-01,2023-10
452,TAMPINES ST 42,1993-08,2023-10
453,TAMPINES ST 42,1991-11,2026-02
454,TAMPINES ST 42,1993-06,2026-09
455,TAMPINES ST 42,1992-06,2026-09
456,TAMPINES ST 42,1992-01,2025-11
457,TAMPINES ST 42,1992-10,2024-11
458,TAMPINES ST 42,1991-12,2026-09
459,TAMPINES ST 42,1990-08,2026-02
460,TAMPINES ST 42,1992-08,2026-07
433,TAMPINES ST 43,1990-12,2026-08
434,TAMPINES ST 43,1992-04,2026-09
435,TAMPINES ST 43,1991-03,2024-01
436,TAMPINES ST 43,1991-03,2026-03
437,TAMPINES ST 43,1991-01,2026-09
438,TAMPINES ST 43,1990-10,2026-09
439,TAMPINES ST 43,1991-10,2025-01
440,TAMPINES ST 43,1990-08,2026-02
443,TAMPINES ST 43,1990-09,2026-01
474,TAMPINES ST 43,1996-05,2023-09
477,TAMPINES ST 43,1996-05,2026-08
482,TAMPINES ST 43,1993-11,2020-10
483,TAMPINES ST 43,1996-05,2024-12
484,TAMPINES ST 43,1994-07,2026-08
493C,TAMPINES ST 43,1997-12,2026-07
493D,TAMPINES ST 43,1997-11,2026-09
493E,TAMPINES ST 43,1998-01,2025-05
494C,TAMPINES ST 43,1993-09,2026-04
494D,TAMPINES ST 43,2020-02,2025-12
494E,TAMPINES ST 43,2019-12,2025-12
495A,TAMPINES ST 43,1994-12,2026-01
495B,TAMPINES ST 43,1997-12,2026-08
495C,TAMPINES ST 43,1995-04,2026-07
495D,TAMPINES ST 43,1998-03,2026-09
495E,TAMPINES ST 43,1994-04,2026-07
495F,TAMPINES ST 43,1994-06,2026-05
496B,TAMPINES ST 43,1994-05,2026-03
496C,TAMPINES ST 43,1997-07,2026-07
461,TAMPINES ST 44,1990-12,2026-09
462,TAMPINES ST 44,1990-10,2026-09
463,TAMPINES ST 44,1990-10,2026-06
464,TAMPINES ST 44,1991-02,2025-09
465,TAMPINES ST 44,1990-08,2025-08
467,TAMPINES ST 44,1991-01,2026-05
468,TAMPINES ST 44,1990-08,2024-12
469,TAMPINES ST 44,1990-09,2026-05
470,TAMPINES ST 44,1990-09,2026-08
472,TAMPINES ST 44,1996-04,2023-12
476,TAMPINES ST 44,1992-08,2024-09
479,TAMPINES ST 44,1996-06,2021-04
480,TAMPINES ST 44,1996-07,2021-06
481,TAMPINES ST 44,1996-05,2016-01
487B,TAMPINES ST 45,1994-10,2026-05
487C,TAMPINES ST 45,1994-11,2025-10
488B,TAMPINES ST 45,1994-06,2026-04
489A,TAMPINES ST 45,1992-11,2026-04
489B,TAMPINES ST 45,1998-04,2025-10
489C,TAMPINES ST 45,1994-05,2026-01
490A,TAMPINES ST 45,1998-03,2025-09
490B,TAMPINES ST 45,1998-07,2026-07
491C,TAMPINES ST 45,1996-02,2026-07
491D,TAMPINES ST 45,1997-10,2025-07
491E,TAMPINES ST 45,1998-01,2026-01
491F,TAMPINES ST 45,1994-07,2026-03
491G,TAMPINES ST 45,1998-01,2026-09
491H,TAMPINES ST 45,1994-10,2026-07
492C,TAMPINES ST 45,1994-04,2025-07
492D,TAMPINES ST 45,1998-02,2026-09
492G,TAMPINES ST 45,2022-10,2026-09
494G,TAMPINES ST 45,2023-01,2026-09
494H,TAMPINES ST 45,2023-01,2026-08
494J,TAMPINES ST 45,2023-02,2026-02
497A,TAMPINES ST 45,2000-01,2024-07
497B,TAMPINES ST 45,2000-01,2026-06
497C,TAMPINES ST 45,2000-02,2026-05
497D,TAMPINES ST 45,1996-03,2025-04
497F,TAMPINES ST 45,1996-04,2024-12
497G,TAMPINES ST 45,2000-02,2023-05
497H,TAMPINES ST 45,2000-02,2026-05
497J,TAMPINES ST 45,1996-04,2025-08
498A,TAMPINES ST 45,2000-09,2026-09
498B,TAMPINES ST 45,2000-08,2026-05
498D,TAMPINES ST 45,2000-07,2026-08
498E,TAMPINES ST 45,2000-07,2026-05
498F,TAMPINES ST 45,2000-08,2025-07
498G,TAMPINES ST 45,2000-09,2026-07
498H,TAMPINES ST 45,2000-07,2026-07
498J,TAMPINES ST 45,2000-07,2026-08
498L,TAMPINES ST 45,2000-09,2025-09
498M,TAMPINES ST 45,2000-10,2026-03
605A,TAMPINES ST 61,2023-12,2026-07
605B,TAMPINES ST 61,2023-12,2026-08
605C,TAMPINES ST 61,2023-12,2026-02
605D,TAMPINES ST 61,2024-02,2026-07
606A,TAMPINES ST 61,2024-01,2026-08
606B,TAMPINES ST 61,2023-11,2026-09
606C,TAMPINES ST 61,2024-02,2026-07
606D,TAMPINES ST 61,2024-01,2026-07
618A,TAMPINES ST 61,2026-05,2026-09
618B,TAMPINES ST 61,2026-04,2026-09
619A,TAMPINES ST 61,2026-04,2026-09
619B,TAMPINES ST 61,2026-03,2026-09
620A,TAMPINES ST 61,2026-04,2026-09
620B,TAMPINES ST 61,2026-06,2026-09
621A,TAMPINES ST 61,2026-07,2026-10
621B,TAMPINES ST 61,2026-07,2026-09
626A,TAMPINES ST 61,2026-09,2026-09
627A,TAMPINES ST 61,2026-08,2026-10
627B,TAMPINES ST 61,2026-08,2026-09
701,TAMPINES ST 71,2000-12,2026-08
702,TAMPINES ST 71,2001-02,2026-08
703,TAMPINES ST 71,2001-03,2026-08
704,TAMPINES ST 71,2001-02,2026-09
705,TAMPINES ST 71,2001-02,2026-07
706,TAMPINES ST 71,2001-01,2026-04
707,TAMPINES ST 71,2000-12,2026-06
708,TAMPINES ST 71,2001-03,2026-09
709,TAMPINES ST 71,2001-02,2026-05
710,TAMPINES ST 71,2001-02,2026-08
711,TAMPINES ST 71,2000-12,2025-12
712,TAMPINES ST 71,2001-02,2026-02
713,TAMPINES ST 71,2000-09,2026-06
714,TAMPINES ST 71,2000-10,2026-06
715,TAMPINES ST 71,2000-12,2026-08
716,TAMPINES ST 71,2000-10,2026-06
721,TAMPINES ST 71,2000-11,2026-02
724,TAMPINES ST 71,2001-01,2026-08
725,TAMPINES ST 71,2001-03,2025-07
726,TAMPINES ST 71,2001-03,2026-07
727,TAMPINES ST 71,2001-03,2026-05
728,TAMPINES ST 71,2001-04,2026-02
729,TAMPINES ST 71,2001-06,2026-07
730,TAMPINES ST 71,2001-07,2026-08
731,TAMPINES ST 71,2001-03,2026-03
732,TAMPINES ST 71,2001-02,2025-12
733,TAMPINES ST 71,2001-01,2026-08
734,TAMPINES ST 71,2000-12,2026-07
717,TAMPINES ST 72,2001-12,2026-02
718,TAMPINES ST 72,2002-01,2026-09
719,TAMPINES ST 72,2002-02,2026-08
720,TAMPINES ST 72,2001-10,2026-08
722,TAMPINES ST 72,2001-11,2026-10
723,TAMPINES ST 72,2001-11,2026-08
735,TAMPINES ST 72,2001-09,2026-05
736,TAMPINES ST 72,2001-03,2026-03
737,TAMPINES ST 72,1996-06,2025-04
738,TAMPINES ST 72,2001-07,2024-09
739,TAMPINES ST 72,2001-07,2026-03
740,TAMPINES ST 72,2001-07,2026-03
741,TAMPINES ST 72,2001-11,2026-07
742,TAMPINES ST 72,2001-09,2026-05
813,TAMPINES ST 81,1990-01,2026-06
814,TAMPINES ST 81,1990-02,2026-08
817,TAMPINES ST 81,1990-01,2026-09
818,TAMPINES ST 81,1990-01,2026-05
819,TAMPINES ST 81,1990-01,2026-07
820,TAMPINES ST 81,1990-01,2026-05
821,TAMPINES ST 81,1992-06,2022-06
822,TAMPINES ST 81,1993-04,2023-02
824,TAMPINES ST 81,1991-02,2026-01
825,TAMPINES ST 81,1992-05,2025-08
826,TAMPINES ST 81,1992-11,2026-04
827,TAMPINES ST 81,1991-11,2025-08
828,TAMPINES ST 81,1992-01,2026-02
829,TAMPINES ST 81,1991-06,2026-05
887,TAMPINES ST 81,1993-06,2024-03
887A,TAMPINES ST 81,1993-12,2024-02
888,TAMPINES ST 81,1993-09,2026-07
888A,TAMPINES ST 81,1994-01,2026-07
889,TAMPINES ST 81,1993-11,2026-08
889A,TAMPINES ST 81,1993-12,2026-09
894,TAMPINES ST 81,1993-07,2026-09
894A,TAMPINES ST 81,1993-08,2025-08
895,TAMPINES ST 81,1992-05,2026-09
895A,TAMPINES ST 81,1993-09,2026-08
896,TAMPINES ST 81,1993-08,2026-08
896A,TAMPINES ST 81,1993-09,2026-01
897,TAMPINES ST 81,1991-10,2024-09
897A,TAMPINES ST 81,1993-06,2025-10
898,TAMPINES ST 81,1992-11,2026-07
898A,TAMPINES ST 81,1993-05,2026-09
899,TAMPINES ST 81,1993-05,2026-07
899A,TAMPINES ST 81,1993-08,2026-08
830,TAMPINES ST 82,1990-10,2026-06
832,TAMPINES ST 82,1990-01,2023-10
834,TAMPINES ST 82,1993-12,2026-07
836,TAMPINES ST 82,1991-05,2026-10
838,TAMPINES ST 82,1990-01,2026-05
840,TAMPINES ST 82,1991-01,2026-08
842,TAMPINES ST 82,1990-08,2026-04
842B,TAMPINES ST 82,1999-01,2026-05
842C,TAMPINES ST 82,1999-01,2026-08
842D,TAMPINES ST 82,1994-09,2026-04
842E,TAMPINES ST 82,1995-09,2026-07
842F,TAMPINES ST 82,1999-03,2026-02
842G,TAMPINES ST 82,1999-05,2026-09
842H,TAMPINES ST 82,1999-03,2026-09
844,TAMPINES ST 82,1991-11,2024-02
846,TAMPINES ST 82,1991-02,2026-09
848,TAMPINES ST 82,1990-02,2026-01
850,TAMPINES ST 82,1993-03,2024-09
852,TAMPINES ST 82,1990-07,2026-07
854,TAMPINES ST 82,1990-06,2026-07
856,TAMPINES ST 82,1990-10,2026-08
856B,TAMPINES ST 82,1995-11,2026-06
856C,TAMPINES ST 82,1999-01,2026-09
856D,TAMPINES ST 82,1999-03,2026-05
856E,TAMPINES ST 82,1995-12,2026-02
856F,TAMPINES ST 82,1999-04,2026-07
831,TAMPINES ST 83,1990-02,2026-05
833,TAMPINES ST 83,1990-02,2026-07
835,TAMPINES ST 83,1991-07,2024-12
837,TAMPINES ST 83,1990-05,2026-09
839,TAMPINES ST 83,1990-01,2026-09
841,TAMPINES ST 83,1991-03,2026-07
843,TAMPINES ST 83,1991-06,2026-09
845,TAMPINES ST 83,1991-04,2026-08
847,TAMPINES ST 83,1991-02,2026-04
849,TAMPINES ST 83,1991-09,2023-08
851,TAMPINES ST 83,1991-04,2026-08
853,TAMPINES ST 83,1991-01,2026-06
855,TAMPINES ST 83,1991-10,2026-08
857,TAMPINES ST 83,1990-05,2026-06
857A,TAMPINES ST 83,1992-11,2026-01
857B,TAMPINES ST 83,1992-09,2023-04
862,TAMPINES ST 83,1992-08,2026-01
862A,TAMPINES ST 83,1992-08,2025-12
863,TAMPINES ST 83,1992-08,2026-04
863A,TAMPINES ST 83,1993-06,2025-05
863B,TAMPINES ST 83,1993-04,2023-11
864,TAMPINES ST 83,1993-05,2026-06
864A,TAMPINES ST 83,1992-08,2026-06
865,TAMPINES ST 83,1994-03,2026-09
866,TAMPINES ST 83,1994-04,2026-09
867,TAMPINES ST 83,1994-01,2026-06
867A,TAMPINES ST 83,1993-03,2026-10
868,TAMPINES ST 83,1993-12,2026-01
869,TAMPINES ST 83,1994-01,2024-06
870,TAMPINES ST 83,1994-01,2026-08
884,TAMPINES ST 83,1992-06,2026-09
885,TAMPINES ST 83,1992-06,2026-01
886,TAMPINES ST 83,1993-04,2026-09
886A,TAMPINES ST 83,1993-08,2026-06
871,TAMPINES ST 84,1993-04,2025-07
871A,TAMPINES ST 84,1993-12,2024-12
872,TAMPINES ST 84,1994-02,2025-11
873,TAMPINES ST 84,1993-12,2026-04
874,TAMPINES ST 84,1993-10,2025-09
874A,TAMPINES ST 84,1993-12,2026-02
875,TAMPINES ST 84,1993-07,2026-08
876,TAMPINES ST 84,1993-05,2026-07
877,TAMPINES ST 84,1993-03,2026-06
881,TAMPINES ST 84,1992-06,2026-07
882,TAMPINES ST 84,1992-06,2026-07
883,TAMPINES ST 84,1992-03,2025-12
874B,TAMPINES ST 85,2026-01,2026-09
874C,TAMPINES ST 85,2026-02,2026-10
874D,TAMPINES ST 85,2026-04,2026-09
870A,TAMPINES ST 86,2020-10,2026-09
871B,TAMPINES ST 86,2020-10,2026-07
871C,TAMPINES ST 86,2020-07,2026-08
875B,TAMPINES ST 86,2025-12,2026-08
910,TAMPINES ST 91,1990-01,2026-05
911,TAMPINES ST 91,1990-04,2026-08
912,TAMPINES ST 91,1990-01,2026-07
913,TAMPINES ST 91,1990-01,2026-09
914,TAMPINES ST 91,1990-01,2026-05
915,TAMPINES ST 91,1990-04,2026-02
916,TAMPINES ST 91,1990-02,2026-06
921,TAMPINES ST 91,1990-02,2026-08
922,TAMPINES ST 91,1990-03,2026-07
924,TAMPINES ST 91,1990-01,2026-08
925,TAMPINES ST 91,1990-01,2026-09
926,TAMPINES ST 91,1990-03,2026-08
927,TAMPINES ST 91,1993-07,2023-10
928,TAMPINES ST 91,1990-01,2025-04
929,TAMPINES ST 91,1990-10,2026-03
930,TAMPINES ST 91,1990-04,2026-09
931,TAMPINES ST 91,1990-04,2026-07
932,TAMPINES ST 91,1990-02,2026-06
933,TAMPINES ST 91,1990-03,2025-03
934,TAMPINES ST 91,1990-02,2026-07
935,TAMPINES ST 91,1990-03,2026-05
24,TANGLIN HALT RD,1990-01,2014-05
25,TANGLIN HALT RD,1990-01,2014-02
26,TANGLIN HALT RD,1990-01,2013-04
27,TANGLIN HALT RD,1990-03,2014-01
28,TANGLIN HALT RD,1990-01,2014-05
29,TANGLIN HALT RD,1990-04,2014-06
30,TANGLIN HALT RD,1990-03,2014-03
31,TANGLIN HALT RD,1990-01,2014-04
32,TANGLIN HALT RD,1990-01,2013-08
33,TANGLIN HALT RD,1990-01,2014-04
34,TANGLIN HALT RD,1990-03,2014-04
35,TANGLIN HALT RD,1990-01,2014-05
36,TANGLIN HALT RD,1990-01,2014-03
37,TANGLIN HALT RD,1990-03,2014-01
38,TANGLIN HALT RD,1990-01,2014-06
40,TANGLIN HALT RD,1990-04,2014-06
41,TANGLIN HALT RD,1990-05,2013-12
42,TANGLIN HALT RD,1990-05,2013-05
43,TANGLIN HALT RD,1990-01,2014-06
44,TANGLIN HALT RD,1990-03,2014-04
45,TANGLIN HALT RD,1990-04,2014-06
51,TANGLIN HALT RD,1990-09,2002-10
52,TANGLIN HALT RD,1990-01,2002-12
53,TANGLIN HALT RD,1990-01,2003-01
54,TANGLIN HALT RD,1990-01,2003-02
89,TANGLIN HALT RD,2009-03,2026-09
90,TANGLIN HALT RD,2009-02,2026-10
91,TANGLIN HALT RD,2010-05,2026-08
113,TAO CHING RD,1990-02,2026-02
10,TEBAN GDNS RD,1990-01,2007-10
13,TEBAN GDNS RD,1990-03,1999-12
14,TEBAN GDNS RD,1990-02,1999-12
20,TEBAN GDNS RD,2016-08,2026-09
21,TEBAN GDNS RD,1990-01,2026-08
22,TEBAN GDNS RD,2016-04,2026-09
23,TEBAN GDNS RD,2016-11,2026-09
24,TEBAN GDNS RD,1998-02,2026-07
25,TEBAN GDNS RD,1996-04,2025-11
3,TEBAN GDNS RD,1990-01,2007-07
30,TEBAN GDNS RD,1990-08,2025-11
31,TEBAN GDNS RD,1990-02,2026-09
32,TEBAN GDNS RD,1990-03,2025-05
33,TEBAN GDNS RD,1990-01,2026-05
34,TEBAN GDNS RD,1990-04,2026-02
35,TEBAN GDNS RD,1990-05,2026-04
36,TEBAN GDNS RD,1990-05,2025-05
37,TEBAN GDNS RD,2004-09,2026-08
38,TEBAN GDNS RD,2003-07,2024-01
39,TEBAN GDNS RD,2005-06,2026-01
40,TEBAN GDNS RD,1990-01,2026-05
41,TEBAN GDNS RD,1990-03,2026-01
43,TEBAN GDNS RD,1991-07,2026-09
44,TEBAN GDNS RD,1990-07,2026-08
45,TEBAN GDNS RD,1991-12,2025-08
46,TEBAN GDNS RD,1990-02,2026-01
47,TEBAN GDNS RD,1990-06,2025-08
48,TEBAN GDNS RD,1990-05,2026-09
49,TEBAN GDNS RD,1993-11,2022-06
5,TEBAN GDNS RD,1990-01,2007-07
50,TEBAN GDNS RD,1991-03,2025-04
51,TEBAN GDNS RD,1991-05,2025-07
52,TEBAN GDNS RD,1991-04,2026-05
53,TEBAN GDNS RD,1991-03,2026-09
54,TEBAN GDNS RD,1991-08,2026-05
55,TEBAN GDNS RD,2020-10,2026-09
56,TEBAN GDNS RD,2020-11,2026-01
57,TEBAN GDNS RD,2020-08,2026-10
6,TEBAN GDNS RD,1990-04,2007-08
60,TEBAN GDNS RD,2006-01,2026-08
62,TEBAN GDNS RD,2006-02,2026-01
63,TEBAN GDNS RD,2006-12,2026-09
64,TEBAN GDNS RD,2006-01,2026-04
65,TEBAN GDNS RD,2004-11,2026-08
7,TEBAN GDNS RD,1990-03,2007-11
1,TECK WHYE AVE,1990-01,2026-07
10,TECK WHYE AVE,1990-01,2026-08
2,TECK WHYE AVE,1990-02,2026-05
3,TECK WHYE AVE,1990-07,2026-09
4,TECK WHYE AVE,1990-01,2026-02
5,TECK WHYE AVE,1990-07,2026-04
6,TECK WHYE AVE,1990-02,2026-03
7,TECK WHYE AVE,1992-02,2026-05
8,TECK WHYE AVE,1990-02,2026-05
166A,TECK WHYE CRES,2018-11,2026-06
166B,TECK WHYE CRES,2019-04,2026-09
101,TECK WHYE LANE,1994-02,2026-04
102,TECK WHYE LANE,1994-01,2024-09
103,TECK WHYE LANE,1993-12,2026-09
104,TECK WHYE LANE,1994-02,2024-07
105,TECK WHYE LANE,1993-11,2026-06
106,TECK WHYE LANE,1994-02,2026-09
107,TECK WHYE LANE,1994-01,2025-12
108,TECK WHYE LANE,1993-11,2026-10
109,TECK WHYE LANE,1993-12,2026-10
11,TECK WHYE LANE,1990-08,2026-05
110,TECK WHYE LANE,1993-03,2026-09
111,TECK WHYE LANE,1993-11,2026-09
112,TECK WHYE LANE,1993-11,2026-01
113,TECK WHYE LANE,1994-05,2024-09
114,TECK WHYE LANE,1993-09,2025-05
115,TECK WHYE LANE,1993-09,2026-09
116,TECK WHYE LANE,1993-11,2026-05
117,TECK WHYE LANE,1993-12,2025-07
118,TECK WHYE LANE,1994-01,2026-08
119,TECK WHYE LANE,1994-04,2026-02
12,TECK WHYE LANE,1990-10,2024-01
120,TECK WHYE LANE,1994-01,2026-04
121,TECK WHYE LANE,1993-10,2024-06
122,TECK WHYE LANE,1993-11,2026-04
123,TECK WHYE LANE,1992-01,2026-08
124,TECK WHYE LANE,1994-02,2024-08
13,TECK WHYE LANE,1990-01,2026-03
133,TECK WHYE LANE,1994-10,2025-10
134,TECK WHYE LANE,1996-11,2025-10
135,TECK WHYE LANE,1994-05,2021-05
136,TECK WHYE LANE,1996-07,2024-01
137,TECK WHYE LANE,1994-07,2026-05
14,TECK WHYE LANE,1990-02,2025-09
141,TECK WHYE LANE,1994-05,2026-05
142,TECK WHYE LANE,1993-10,2026-03
144,TECK WHYE LANE,1992-11,2026-02
15,TECK WHYE LANE,1990-04,2026-03
16,TECK WHYE LANE,1990-01,2026-04
17,TECK WHYE LANE,1990-04,2026-08
18,TECK WHYE LANE,1995-07,2023-06
19,TECK WHYE LANE,1990-02,2026-08
20,TECK WHYE LANE,1990-03,2026-07
25,TECK WHYE LANE,1990-07,2025-11
26,TECK WHYE LANE,1990-01,2026-09
1,TELOK BLANGAH CRES,1990-03,2026-02
10,TELOK BLANGAH CRES,1990-06,2026-03
12,TELOK BLANGAH CRES,1990-01,2026-03
13,TELOK BLANGAH CRES,1990-01,2026-03
14,TELOK BLANGAH CRES,2003-08,2026-04
14A,TELOK BLANGAH CRES,2004-11,2026-04
15,TELOK BLANGAH CRES,1990-04,2026-09
16,TELOK BLANGAH CRES,1990-01,2026-09
17,TELOK BLANGAH CRES,2005-09,2025-12
17A,TELOK BLANGAH CRES,2007-05,2026-02
18,TELOK BLANGAH CRES,1990-01,2025-08
20,TELOK BLANGAH CRES,1990-04,2026-09
21,TELOK BLANGAH CRES,1990-03,2026-05
22,TELOK BLANGAH CRES,1990-04,2025-11
23,TELOK BLANGAH CRES,1990-04,2025-08
24,TELOK BLANGAH CRES,1990-04,2026-07
25,TELOK BLANGAH CRES,1990-02,2025-04
26,TELOK BLANGAH CRES,1990-04,2026-07
5,TELOK BLANGAH CRES,1990-01,2026-09
6,TELOK BLANGAH CRES,1990-03,2026-08
7,TELOK BLANGAH CRES,1990-01,2026-08
8,TELOK BLANGAH CRES,1990-01,2026-09
44,TELOK BLANGAH DR,1990-01,2026-08
45,TELOK BLANGAH DR,2000-07,2026-09
46,TELOK BLANGAH DR,1990-01,2025-07
47,TELOK BLANGAH DR,1990-06,2026-04
48,TELOK BLANGAH DR,1990-01,2026-06
49,TELOK BLANGAH DR,1990-06,2024-08
50,TELOK BLANGAH DR,1990-05,2026-08
51,TELOK BLANGAH DR,1990-01,2026-02
52,TELOK BLANGAH DR,1990-07,2025-06
53,TELOK BLANGAH DR,1990-07,2025-09
54,TELOK BLANGAH DR,1990-01,2026-03
55,TELOK BLANGAH DR,1990-01,2026-07
64,TELOK BLANGAH DR,1990-03,2026-04
65,TELOK BLANGAH DR,1990-02,2025-08
66,TELOK BLANGAH DR,1990-01,2026-09
67,TELOK BLANGAH DR,1990-06,2026-02
75,TELOK BLANGAH DR,1990-01,2026-05
76,TELOK BLANGAH DR,2005-10,2026-04
77,TELOK BLANGAH DR,1990-07,2026-02
56,TELOK BLANGAH HTS,1990-06,2026-04
57,TELOK BLANGAH HTS,1990-01,2026-04
58,TELOK BLANGAH HTS,1991-06,2026-07
59,TELOK BLANGAH HTS,1990-04,2026-08
60,TELOK BLANGAH HTS,1990-01,2026-07
61,TELOK BLANGAH HTS,1990-03,2026-09
62,TELOK BLANGAH HTS,1990-01,2026-06
63,TELOK BLANGAH HTS,1990-01,2025-09
68,TELOK BLANGAH HTS,1990-02,2025-05
69,TELOK BLANGAH HTS,1990-01,2026-07
70A,TELOK BLANGAH HTS,2021-01,2026-09
70B,TELOK BLANGAH HTS,2021-02,2026-09
70C,TELOK BLANGAH HTS,2021-04,2026-09
72,TELOK BLANGAH HTS,1990-01,2026-05
73,TELOK BLANGAH HTS,1990-01,2026-07
74,TELOK BLANGAH HTS,1990-07,2026-09
84,TELOK BLANGAH HTS,2001-02,2022-08
85,TELOK BLANGAH HTS,2006-07,2026-09
86,TELOK BLANGAH HTS,2006-01,2026-09
87,TELOK BLANGAH HTS,2006-04,2026-04
88,TELOK BLANGAH HTS,2006-04,2026-06
28,TELOK BLANGAH RISE,1990-03,2026-09
30,TELOK BLANGAH RISE,1990-04,2026-05
31,TELOK BLANGAH RISE,1990-07,2026-05
32,TELOK BLANGAH RISE,1990-12,2026-01
35,TELOK BLANGAH RISE,1999-12,2026-04
37,TELOK BLANGAH RISE,1990-08,2026-04
38,TELOK BLANGAH RISE,2000-03,2024-07
39,TELOK BLANGAH RISE,1990-03,2026-08
40,TELOK BLANGAH RISE,1990-03,2025-07
42,TELOK BLANGAH RISE,1990-01,2026-09
43,TELOK BLANGAH RISE,1990-02,2026-08
80A,TELOK BLANGAH ST 31,2017-01,2026-06
80B,TELOK BLANGAH ST 31,2017-06,2025-09
80C,TELOK BLANGAH ST 31,2016-12,2026-09
90A,TELOK BLANGAH ST 31,2023-01,2026-09
90B,TELOK BLANGAH ST 31,2022-12,2026-10
91A,TELOK BLANGAH ST 31,2022-10,2026-08
92A,TELOK BLANGAH ST 31,2022-12,2026-05
92B,TELOK BLANGAH ST 31,2023-01,2026-09
93A,TELOK BLANGAH ST 31,2022-12,2026-07
93B,TELOK BLANGAH ST 31,2023-01,2026-08
27,TELOK BLANGAH WAY,1990-05,2026-08
33,TELOK BLANGAH WAY,1990-04,2026-08
34,TELOK BLANGAH WAY,1990-01,2026-06
683,TESSENSOHN RD,1990-12,2024-06
1,TG PAGAR PLAZA,1990-03,2026-09
2,TG PAGAR PLAZA,1990-02,2025-12
3,TG PAGAR PLAZA,1990-04,2026-05
4,TG PAGAR PLAZA,1990-10,2026-02
5,TG PAGAR PLAZA,1990-03,2026-03
7,TG PAGAR PLAZA,1990-02,2026-08
8,TG PAGAR PLAZA,1990-08,2026-06
1,TIONG BAHRU RD,1990-11,1999-12
142,TIONG BAHRU RD,1990-05,1999-02
17,TIONG BAHRU RD,1995-10,2026-08
18,TIONG BAHRU RD,1990-03,2025-05
20,TIONG BAHRU RD,1992-12,2024-07
22,TIONG BAHRU RD,1997-08,2025-11
24,TIONG BAHRU RD,1997-03,2025-04
26,TIONG BAHRU RD,1993-10,2026-06
28,TIONG BAHRU RD,1994-03,2023-10
3,TIONG BAHRU RD,1991-09,1999-09
5,TIONG BAHRU RD,1992-10,1999-10
7,TIONG BAHRU RD,1992-09,1999-12
9,TIONG BAHRU RD,1991-10,1999-04
177,TOA PAYOH CTRL,1990-01,2025-12
178,TOA PAYOH CTRL,1990-03,2026-08
179,TOA PAYOH CTRL,1990-08,2026-06
183,TOA PAYOH CTRL,1990-03,2026-01
184,TOA PAYOH CTRL,1990-07,2024-06
185,TOA PAYOH CTRL,1990-04,2025-10
186,TOA PAYOH CTRL,1990-05,2026-04
79,TOA PAYOH CTRL,1990-02,1999-12
79A,TOA PAYOH CTRL,2012-01,2026-09
79B,TOA PAYOH CTRL,2011-04,2026-09
79C,TOA PAYOH CTRL,2011-09,2026-05
79D,TOA PAYOH CTRL,2012-05,2026-06
79E,TOA PAYOH CTRL,2011-09,2026-05
23,TOA PAYOH EAST,1990-01,2026-01
25,TOA PAYOH EAST,1990-01,2026-08
26,TOA PAYOH EAST,1990-01,2026-07
261,TOA PAYOH EAST,2023-11,2026-09
262,TOA PAYOH EAST,2023-11,2026-04
263,TOA PAYOH EAST,2023-12,2026-07
264,TOA PAYOH EAST,2023-12,2026-08
27,TOA PAYOH EAST,1990-01,2026-09
199,TOA PAYOH NTH,1990-03,2026-05
200,TOA PAYOH NTH,1990-01,2025-12
201,TOA PAYOH NTH,1990-07,2025-08
202,TOA PAYOH NTH,1990-06,2026-03
203,TOA PAYOH NTH,1990-04,2026-04
204,TOA PAYOH NTH,1990-03,2026-08
205,TOA PAYOH NTH,1990-03,2026-09
206,TOA PAYOH NTH,1990-01,2026-06
207,TOA PAYOH NTH,1990-05,2026-02
208,TOA PAYOH NTH,1990-01,2026-01
209,TOA PAYOH NTH,1990-01,2025-10
265,TOH GUAN RD,2002-12,2026-09
266,TOH GUAN RD,2002-08,2026-08
267,TOH GUAN RD,2003-01,2026-08
268,TOH GUAN RD,2002-09,2026-09
269,TOH GUAN RD,2002-07,2026-09
270,TOH GUAN RD,2002-11,2026-04
271,TOH GUAN RD,2002-11,2026-06
272,TOH GUAN RD,2003-01,2026-06
273,TOH GUAN RD,2002-09,2026-01
274,TOH GUAN RD,2002-03,2026-09
275,TOH GUAN RD,2002-04,2026-08
276,TOH GUAN RD,2002-04,2026-08
277,TOH GUAN RD,2002-04,2026-09
278,TOH GUAN RD,2002-07,2026-10
279,TOH GUAN RD,2002-05,2026-09
280,TOH GUAN RD,2002-03,2026-06
281,TOH GUAN RD,2002-08,2026-05
282,TOH GUAN RD,2002-07,2026-03
283,TOH GUAN RD,2002-05,2026-05
284,TOH GUAN RD,2002-07,2026-05
285A,TOH GUAN RD,2002-07,2026-09
285B,TOH GUAN RD,2002-04,2026-05
285C,TOH GUAN RD,2002-08,2026-07
285D,TOH GUAN RD,2002-07,2026-05
286A,TOH GUAN RD,2002-04,2026-09
286B,TOH GUAN RD,2002-05,2026-08
286C,TOH GUAN RD,2002-06,2026-09
286D,TOH GUAN RD,2002-05,2026-09
1,TOH YI DR,1993-07,2025-12
10,TOH YI DR,1994-02,2024-02
11,TOH YI DR,1994-03,2026-04
12,TOH YI DR,1994-03,2025-11
13,TOH YI DR,1993-10,2026-05
14,TOH YI DR,1993-06,2026-09
15,TOH YI DR,1993-06,2025-11
16,TOH YI DR,1993-10,2026-07
17,TOH YI DR,1993-05,2026-09
18,TOH YI DR,1993-09,2022-07
19,TOH YI DR,1994-04,2025-04
2,TOH YI DR,1993-07,2026-09
3,TOH YI DR,1993-05,2026-06
4,TOH YI DR,1993-05,2026-09
5,TOH YI DR,1994-04,2026-08
6,TOH YI DR,1994-05,2026-03
7,TOH YI DR,1992-10,2025-12
8,TOH YI DR,1994-03,2026-09
9,TOH YI DR,1994-03,2026-06
101,TOWNER RD,1991-04,2025-10
102,TOWNER RD,1990-07,2026-03
103,TOWNER RD,1990-02,2025-04
104,TOWNER RD,1990-11,2026-09
105,TOWNER RD,1990-02,2026-08
106,TOWNER RD,1990-03,2025-12
107,TOWNER RD,1990-01,2026-09
301,UBI AVE 1,2009-06,2026-08
302,UBI AVE 1,2009-04,2026-07
304,UBI AVE 1,2009-10,2024-10
305,UBI AVE 1,2011-09,2026-03
311,UBI AVE 1,1990-10,2026-08
312,UBI AVE 1,1994-01,2024-07
313,UBI AVE 1,1990-04,2025-03
314,UBI AVE 1,1990-04,2026-02
315,UBI AVE 1,1990-04,2026-07
316,UBI AVE 1,1991-03,2026-07
317,UBI AVE 1,1990-11,2025-12
318,UBI AVE 1,1990-05,2025-10
319,UBI AVE 1,1990-07,2026-08
320,UBI AVE 1,1990-03,2026-10
321,UBI AVE 1,1991-09,2026-09
322,UBI AVE 1,1990-10,2026-06
323,UBI AVE 1,1990-03,2026-01
324,UBI AVE 1,1990-04,2025-12
325,UBI AVE 1,1991-01,2025-10
326,UBI AVE 1,1990-12,2026-09
327,UBI AVE 1,1990-07,2026-06
328,UBI AVE 1,1991-05,2026-06
329,UBI AVE 1,1991-02,2025-07
330,UBI AVE 1,1990-09,2025-11
331,UBI AVE 1,1991-08,2020-07
332,UBI AVE 1,1990-08,2021-12
333,UBI AVE 1,1991-01,2026-01
334,UBI AVE 1,1990-12,2025-02
335,UBI AVE 1,1991-06,2025-06
336,UBI AVE 1,1990-10,2026-07
337,UBI AVE 1,1991-05,2025-02
338,UBI AVE 1,1990-08,2026-06
339,UBI AVE 1,1990-08,2026-08
340,UBI AVE 1,1992-07,2025-07
341,UBI AVE 1,1990-08,2026-03
342,UBI AVE 1,1992-08,2026-03
343,UBI AVE 1,1990-02,2026-06
344,UBI AVE 1,1990-08,2026-08
345,UBI AVE 1,1990-08,2024-02
346,UBI AVE 1,1990-10,2026-05
347,UBI AVE 1,1990-09,2025-09
348,UBI AVE 1,1990-09,2026-02
349,UBI AVE 1,1990-03,2026-03
350,UBI AVE 1,1991-04,2023-09
351,UBI AVE 1,1993-05,2022-10
352,UBI AVE 1,1993-11,2026-08
1,UPP ALJUNIED LANE,1996-07,1996-11
2,UPP ALJUNIED LANE,1990-12,2026-04
3,UPP ALJUNIED LANE,1990-07,2025-11
4,UPP ALJUNIED LANE,1990-05,2026-09
5,UPP ALJUNIED LANE,1990-01,2026-07
7,UPP ALJUNIED LANE,2020-12,2026-09
10,UPP BOON KENG RD,1990-08,2001-03
11,UPP BOON KENG RD,1990-01,2026-09
12,UPP BOON KENG RD,1990-01,2026-08
13,UPP BOON KENG RD,2003-02,2026-08
14,UPP BOON KENG RD,2003-05,2026-08
14A,UPP BOON KENG RD,2003-03,2026-07
15,UPP BOON KENG RD,1990-03,2026-08
16,UPP BOON KENG RD,1990-01,2026-08
20,UPP BOON KENG RD,1990-01,2005-08
2A,UPP BOON KENG RD,2008-02,2026-09
2B,UPP BOON KENG RD,2010-06,2026-08
2C,UPP BOON KENG RD,2008-11,2025-08
2D,UPP BOON KENG RD,2009-11,2026-04
38,UPP BOON KENG RD,1990-04,2025-07
39,UPP BOON KENG RD,1990-01,2025-11
3A,UPP BOON KENG RD,2010-01,2026-09
3B,UPP BOON KENG RD,2010-06,2026-06
3C,UPP BOON KENG RD,2009-08,2026-10
3D,UPP BOON KENG RD,2009-08,2026-02
5A,UPP BOON KENG RD,2015-01,2026-08
6,UPP BOON KENG RD,1990-02,2000-11
8,UPP BOON KENG RD,1990-03,2001-04
8A,UPP BOON KENG RD,2020-09,2026-09
8B,UPP BOON KENG RD,2020-10,2026-09
8C,UPP BOON KENG RD,2021-02,2026-09
34,UPP CROSS ST,1990-01,2026-08
532,UPP CROSS ST,1990-02,2025-03
533,UPP CROSS ST,1990-03,2026-10
535,UPP CROSS ST,1990-11,2026-08
536,UPP CROSS ST,1990-02,2026-09
538,UPP CROSS ST,1990-01,2026-07
470A,UPP SERANGOON CRES,2019-04,2026-07
470B,UPP SERANGOON CRES,2019-05,2026-10
470C,UPP SERANGOON CRES,2019-04,2026-08
471A,UPP SERANGOON CRES,2019-03,2026-09
471B,UPP SERANGOON CRES,2019-04,2026-09
473A,UPP SERANGOON CRES,2021-03,2026-08
473B,UPP SERANGOON CRES,2021-02,2026-08
473C,UPP SERANGOON CRES,2021-03,2026-05
473D,UPP SERANGOON CRES,2021-04,2026-09
475A,UPP SERANGOON CRES,2020-01,2026-09
475B,UPP SERANGOON CRES,2019-11,2026-09
475C,UPP SERANGOON CRES,2019-11,2026-09
475D,UPP SERANGOON CRES,2019-12,2026-09
364A,UPP SERANGOON RD,2021-09,2026-06
364B,UPP SERANGOON RD,2021-08,2025-11
365A,UPP SERANGOON RD,2021-09,2026-01
365B,UPP SERANGOON RD,2021-09,2026-03
365C,UPP SERANGOON RD,2021-11,2026-09
365D,UPP SERANGOON RD,2021-12,2026-04
464,UPP SERANGOON RD,1996-10,2026-02
465,UPP SERANGOON RD,1996-10,2026-06
476A,UPP SERANGOON VIEW,2019-12,2026-09
476B,UPP SERANGOON VIEW,2019-10,2026-09
476C,UPP SERANGOON VIEW,2020-02,2026-07
477A,UPP SERANGOON VIEW,2019-12,2026-07
477B,UPP SERANGOON VIEW,2020-01,2026-08
477C,UPP SERANGOON VIEW,2020-02,2026-02
632,VEERASAMY RD,1990-01,2026-07
633,VEERASAMY RD,1990-01,2026-10
634,VEERASAMY RD,1990-03,2026-08
635,VEERASAMY RD,1990-07,2026-09
636,VEERASAMY RD,1994-10,2026-04
637,VEERASAMY RD,1990-05,2026-08
262,WATERLOO ST,1990-03,2024-06
263,WATERLOO ST,1990-04,2025-10
264,WATERLOO ST,1990-01,2026-06
501A,WELLINGTON CIRCLE,2004-12,2026-10
501B,WELLINGTON CIRCLE,2005-02,2026-06
501C,WELLINGTON CIRCLE,2005-03,2026-02
501D,WELLINGTON CIRCLE,2005-04,2026-03
502A,WELLINGTON CIRCLE,2006-08,2026-09
506A,WELLINGTON CIRCLE,2008-01,2026-01
507A,WELLINGTON CIRCLE,2005-10,2026-08
507B,WELLINGTON CIRCLE,2005-10,2026-04
507C,WELLINGTON CIRCLE,2005-09,2026-09
507D,WELLINGTON CIRCLE,2005-08,2024-11
508A,WELLINGTON CIRCLE,2009-03,2026-09
508B,WELLINGTON CIRCLE,2008-12,2026-06
508C,WELLINGTON CIRCLE,2007-11,2026-01
509A,WELLINGTON CIRCLE,2007-03,2026-01
509B,WELLINGTON CIRCLE,2006-07,2026-05
510A,WELLINGTON CIRCLE,2008-04,2026-07
510B,WELLINGTON CIRCLE,2008-01,2026-02
513,WELLINGTON CIRCLE,2014-12,2026-08
505,WEST COAST DR,2017-09,2017-09
506,WEST COAST DR,1990-01,2026-06
507,WEST COAST DR,1990-02,2026-08
508,WEST COAST DR,1990-01,2026-05
509,WEST COAST DR,1990-01,2026-07
510,WEST COAST DR,1990-02,2026-08
511,WEST COAST DR,1990-04,2026-08
512,WEST COAST DR,1990-11,2026-08
513,WEST COAST RD,1990-04,2016-07
514,WEST COAST RD,1990-05,2016-06
515,WEST COAST RD,1990-01,2016-03
516,WEST COAST RD,2014-01,2014-01
518,WEST COAST RD,1990-02,2016-08
519,WEST COAST RD,1990-03,2016-05
520,WEST COAST RD,1990-01,2016-05
701,WEST COAST RD,1990-02,2026-01
702,WEST COAST RD,1990-01,2026-07
703,WEST COAST RD,1990-01,2026-05
704,WEST COAST RD,1990-01,2026-08
100,WHAMPOA DR,1991-01,2025-07
101,WHAMPOA DR,1990-01,2026-09
104,WHAMPOA DR,2004-01,2026-09
74,WHAMPOA DR,1990-08,2026-08
75,WHAMPOA DR,1990-01,2026-08
82,WHAMPOA DR,1990-01,2026-06
83,WHAMPOA DR,1990-01,2026-09
84,WHAMPOA DR,1990-01,2026-03
85,WHAMPOA DR,1990-01,2025-04
86,WHAMPOA DR,1990-04,2026-09
93,WHAMPOA DR,1990-05,2026-09
94,WHAMPOA DR,1990-05,2025-06
95,WHAMPOA DR,1990-08,2026-07
96,WHAMPOA DR,1990-03,2026-09
97,WHAMPOA DR,1990-01,2026-09
98,WHAMPOA DR,1990-01,2026-08
99,WHAMPOA DR,1990-05,2026-07
109,WHAMPOA RD,2002-01,2026-09
110,WHAMPOA RD,2002-02,2026-07
111,WHAMPOA RD,2002-03,2026-02
112,WHAMPOA RD,1998-12,2026-09
113,WHAMPOA RD,1999-03,2025-07
114,WHAMPOA RD,1994-12,2026-08
115,WHAMPOA RD,1998-12,2026-03
49,WHAMPOA STH,1990-02,2026-07
34,WHAMPOA WEST,1990-01,2026-07
307,WOODLANDS AVE 1,1998-04,2026-10
308,WOODLANDS AVE 1,1998-04,2026-07
309,WOODLANDS AVE 1,1995-07,2025-08
330,WOODLANDS AVE 1,1998-08,2025-04
331,WOODLANDS AVE 1,1998-07,2026-07
332,WOODLANDS AVE 1,1995-08,2024-12
336,WOODLANDS AVE 1,1990-03,2026-09
337,WOODLANDS AVE 1,1991-05,2026-08
338,WOODLANDS AVE 1,1995-05,2023-09
339,WOODLANDS AVE 1,1999-12,2026-04
340,WOODLANDS AVE 1,1999-12,2026-03
341,WOODLANDS AVE 1,1996-05,2025-04
342,WOODLANDS AVE 1,1999-10,2026-08
343,WOODLANDS AVE 1,1994-06,2026-04
351,WOODLANDS AVE 1,2001-09,2026-09
352,WOODLANDS AVE 1,2001-07,2026-08
353,WOODLANDS AVE 1,2001-07,2026-09
354,WOODLANDS AVE 1,2001-07,2026-02
355,WOODLANDS AVE 1,2001-09,2026-05
368,WOODLANDS AVE 1,2000-10,2026-07
369,WOODLANDS AVE 1,2000-06,2026-08
370,WOODLANDS AVE 1,2000-09,2026-08
371,WOODLANDS AVE 1,2000-07,2026-06
570A,WOODLANDS AVE 1,2017-08,2026-08
570B,WOODLANDS AVE 1,2017-08,2026-04
570C,WOODLANDS AVE 1,2017-06,2026-05
571A,WOODLANDS AVE 1,2017-09,2025-12
571B,WOODLANDS AVE 1,2017-10,2026-08
571C,WOODLANDS AVE 1,2017-10,2026-08
572A,WOODLANDS AVE 1,2017-11,2026-08
572B,WOODLANDS AVE 1,2017-03,2026-06
347,WOODLANDS AVE 3,1994-05,2026-07
348,WOODLANDS AVE 3,1992-12,2026-09
349,WOODLANDS AVE 3,1994-03,2026-08
350,WOODLANDS AVE 3,1993-08,2026-06
610,WOODLANDS AVE 4,2002-10,2026-07
612,WOODLANDS AVE 4,2003-01,2026-09
613,WOODLANDS AVE 4,2003-04,2025-09
614,WOODLANDS AVE 4,2003-05,2026-07
615,WOODLANDS AVE 4,2003-04,2026-09
616,WOODLANDS AVE 4,2003-06,2026-09
617,WOODLANDS AVE 4,2003-01,2026-08
618,WOODLANDS AVE 4,2003-04,2026-09
750,WOODLANDS AVE 4,2001-10,2026-07
755,WOODLANDS AVE 4,2001-10,2026-07
756,WOODLANDS AVE 4,2002-01,2026-06
757,WOODLANDS AVE 4,2001-10,2026-08
844,WOODLANDS AVE 4,1999-09,2025-07
846,WOODLANDS AVE 4,1999-10,2026-07
356,WOODLANDS AVE 5,2000-11,2026-07
357,WOODLANDS AVE 5,2000-09,2026-08
358,WOODLANDS AVE 5,1996-03,2026-03
359,WOODLANDS AVE 5,2000-07,2026-06
360,WOODLANDS AVE 5,2000-08,2026-05
361,WOODLANDS AVE 5,2000-08,2026-07
362,WOODLANDS AVE 5,2001-01,2026-08
363,WOODLANDS AVE 5,2000-09,2026-08
364,WOODLANDS AVE 5,2000-08,2026-05
365,WOODLANDS AVE 5,2000-09,2026-08
366,WOODLANDS AVE 5,2000-07,2026-09
367,WOODLANDS AVE 5,2000-06,2026-07
626,WOODLANDS AVE 6,2002-11,2026-02
627,WOODLANDS AVE 6,2002-08,2025-05
677,WOODLANDS AVE 6,2002-07,2026-04
678,WOODLANDS AVE 6,2002-05,2026-08
679,WOODLANDS AVE 6,2002-07,2025-09
680,WOODLANDS AVE 6,2002-07,2026-09
693A,WOODLANDS AVE 6,2022-08,2026-06
693B,WOODLANDS AVE 6,2022-10,2026-05
693C,WOODLANDS AVE 6,2022-12,2026-06
718,WOODLANDS AVE 6,2001-06,2026-01
719,WOODLANDS AVE 6,2001-02,2025-10
720,WOODLANDS AVE 6,2001-03,2026-03
722,WOODLANDS AVE 6,2001-05,2026-08
723,WOODLANDS AVE 6,2001-06,2026-08
724,WOODLANDS AVE 6,2001-07,2026-07
725,WOODLANDS AVE 6,2001-06,2026-03
758,WOODLANDS AVE 6,2001-12,2026-07
759,WOODLANDS AVE 6,2002-03,2026-06
760,WOODLANDS AVE 6,2002-02,2025-11
761,WOODLANDS AVE 6,2002-02,2026-06
762,WOODLANDS AVE 6,2002-01,2026-09
763,WOODLANDS AVE 6,2002-03,2026-06
788,WOODLANDS AVE 6,2001-06,2026-06
789,WOODLANDS AVE 6,2001-07,2025-11
790,WOODLANDS AVE 6,2001-03,2026-05
791,WOODLANDS AVE 6,2001-07,2026-07
792,WOODLANDS AVE 6,2001-08,2026-08
793,WOODLANDS AVE 6,2001-08,2026-09
876,WOODLANDS AVE 9,2000-02,2025-04
877,WOODLANDS AVE 9,2000-02,2026-07
878,WOODLANDS AVE 9,2000-01,2025-01
721,WOODLANDS CIRCLE,2001-07,2026-08
726,WOODLANDS CIRCLE,2001-06,2025-10
727,WOODLANDS CIRCLE,2001-05,2026-06
728,WOODLANDS CIRCLE,2001-06,2026-06
729,WOODLANDS CIRCLE,2001-07,2026-09
730,WOODLANDS CIRCLE,2001-07,2025-12
731,WOODLANDS CIRCLE,2001-04,2026-06
732,WOODLANDS CIRCLE,2001-05,2025-01
733,WOODLANDS CIRCLE,2001-06,2026-07
734,WOODLANDS CIRCLE,2001-04,2026-07
735,WOODLANDS CIRCLE,2001-07,2026-07
736,WOODLANDS CIRCLE,2001-06,2026-02
737,WOODLANDS CIRCLE,2001-07,2026-08
738,WOODLANDS CIRCLE,2001-08,2026-08
739,WOODLANDS CIRCLE,2001-03,2026-07
740,WOODLANDS CIRCLE,2001-06,2026-09
741,WOODLANDS CIRCLE,2001-04,2026-09
742,WOODLANDS CIRCLE,2001-05,2026-06
743,WOODLANDS CIRCLE,2001-06,2026-09
744,WOODLANDS CIRCLE,2001-06,2026-01
745,WOODLANDS CIRCLE,2001-06,2026-07
746,WOODLANDS CIRCLE,2001-08,2026-09
747,WOODLANDS CIRCLE,2001-08,2026-07
748,WOODLANDS CIRCLE,2001-08,2026-08
749,WOODLANDS CIRCLE,2001-11,2025-01
751,WOODLANDS CIRCLE,2001-08,2026-08
752,WOODLANDS CIRCLE,2001-09,2026-08
753,WOODLANDS CIRCLE,2001-11,2026-07
754,WOODLANDS CIRCLE,2001-12,2026-07
764,WOODLANDS CIRCLE,2006-09,2026-01
764A,WOODLANDS CIRCLE,2006-11,2026-09
765,WOODLANDS CIRCLE,2006-12,2025-09
766,WOODLANDS CIRCLE,2006-05,2026-07
767,WOODLANDS CIRCLE,2007-01,2024-07
774,WOODLANDS CRES,2002-07,2026-01
775,WOODLANDS CRES,2002-07,2025-09
776,WOODLANDS CRES,2002-07,2026-07
777,WOODLANDS CRES,2002-07,2026-02
779,WOODLANDS CRES,2002-06,2026-06
780A,WOODLANDS CRES,2019-03,2026-08
780B,WOODLANDS CRES,2019-01,2026-09
780C,WOODLANDS CRES,2019-03,2026-09
780D,WOODLANDS CRES,2019-03,2026-09
780E,WOODLANDS CRES,2019-02,2026-04
780F,WOODLANDS CRES,2019-04,2026-05
782A,WOODLANDS CRES,2018-12,2026-09
782B,WOODLANDS CRES,2019-01,2026-09
782C,WOODLANDS CRES,2019-03,2026-08
782D,WOODLANDS CRES,2019-01,2026-07
782E,WOODLANDS CRES,2019-05,2025-10
787B,WOODLANDS CRES,2001-09,2026-09
787C,WOODLANDS CRES,2001-11,2026-07
787D,WOODLANDS CRES,2001-10,2026-08
787E,WOODLANDS CRES,2001-09,2026-05
788B,WOODLANDS CRES,2003-02,2026-09
788C,WOODLANDS CRES,2003-03,2026-08
788D,WOODLANDS CRES,2003-05,2026-09
788E,WOODLANDS CRES,2002-11,2025-12
1A,WOODLANDS CTR RD,1990-01,2012-06
2A,WOODLANDS CTR RD,1990-04,2012-06
501,WOODLANDS DR 14,2002-10,2025-09
502,WOODLANDS DR 14,2003-01,2026-08
502A,WOODLANDS DR 14,2002-12,2026-09
503,WOODLANDS DR 14,2002-11,2026-09
504,WOODLANDS DR 14,2003-02,2026-05
505,WOODLANDS DR 14,2003-04,2026-07
506,WOODLANDS DR 14,2003-02,2026-09
507,WOODLANDS DR 14,2003-04,2025-08
508,WOODLANDS DR 14,2003-03,2026-01
509,WOODLANDS DR 14,2003-02,2026-08
510,WOODLANDS DR 14,2003-01,2026-09
511,WOODLANDS DR 14,2002-12,2026-05
512,WOODLANDS DR 14,2002-12,2026-09
513,WOODLANDS DR 14,2003-03,2026-08
514,WOODLANDS DR 14,2003-03,2026-09
515,WOODLANDS DR 14,2003-01,2026-09
516,WOODLANDS DR 14,2003-03,2026-08
517,WOODLANDS DR 14,2004-04,2025-10
518,WOODLANDS DR 14,2004-03,2026-06
519,WOODLANDS DR 14,2004-03,2026-09
520,WOODLANDS DR 14,2003-12,2026-09
521,WOODLANDS DR 14,2003-12,2026-08
522,WOODLANDS DR 14,2004-04,2026-08
523,WOODLANDS DR 14,2004-02,2026-09
524,WOODLANDS DR 14,2004-02,2026-09
525,WOODLANDS DR 14,2004-01,2026-07
526,WOODLANDS DR 14,2004-01,2026-05
527,WOODLANDS DR 14,2002-11,2026-08
528,WOODLANDS DR 14,2002-03,2026-05
529,WOODLANDS DR 14,2003-04,2026-09
530,WOODLANDS DR 14,2003-03,2026-01
531,WOODLANDS DR 14,2003-02,2026-06
532,WOODLANDS DR 14,2003-03,2026-02
533,WOODLANDS DR 14,2003-03,2025-08
534,WOODLANDS DR 14,2003-03,2026-07
535,WOODLANDS DR 14,2003-03,2026-08
536,WOODLANDS DR 14,2003-05,2026-08
537,WOODLANDS DR 16,2003-12,2026-09
538,WOODLANDS DR 16,2004-01,2026-03
539,WOODLANDS DR 16,2003-12,2026-09
540,WOODLANDS DR 16,2003-11,2026-06
541,WOODLANDS DR 16,2003-09,2026-02
542,WOODLANDS DR 16,2003-09,2026-09
543,WOODLANDS DR 16,2003-10,2026-07
544,WOODLANDS DR 16,2003-10,2026-07
545,WOODLANDS DR 16,2003-08,2026-04
546,WOODLANDS DR 16,2004-01,2026-06
547,WOODLANDS DR 16,2003-11,2026-03
573A,WOODLANDS DR 16,2022-08,2026-06
573B,WOODLANDS DR 16,2022-09,2026-10
573C,WOODLANDS DR 16,2022-09,2026-09
574A,WOODLANDS DR 16,2022-08,2026-09
574B,WOODLANDS DR 16,2022-04,2026-09
575,WOODLANDS DR 16,2004-08,2026-09
576,WOODLANDS DR 16,2004-10,2026-08
577,WOODLANDS DR 16,2004-08,2026-09
578,WOODLANDS DR 16,2004-10,2026-05
579,WOODLANDS DR 16,2004-11,2026-09
580,WOODLANDS DR 16,2004-11,2025-09
581,WOODLANDS DR 16,2006-01,2026-01
582,WOODLANDS DR 16,2004-10,2026-10
583,WOODLANDS DR 16,2005-08,2026-07
584,WOODLANDS DR 16,2005-01,2026-07
585,WOODLANDS DR 16,2005-05,2026-05
586,WOODLANDS DR 16,2006-01,2026-07
587,WOODLANDS DR 16,2005-12,2026-06
588,WOODLANDS DR 16,2004-09,2026-07
589,WOODLANDS DR 16,2005-11,2026-06
701,WOODLANDS DR 40,2000-08,2026-09
702,WOODLANDS DR 40,2000-11,2026-04
703,WOODLANDS DR 40,2000-07,2026-01
704,WOODLANDS DR 40,2000-07,2024-12
705,WOODLANDS DR 40,2000-09,2026-08
706,WOODLANDS DR 40,2000-10,2025-09
707,WOODLANDS DR 40,2000-07,2026-06
601,WOODLANDS DR 42,2000-11,2026-08
602,WOODLANDS DR 42,2001-02,2026-07
603,WOODLANDS DR 42,2001-02,2026-08
604,WOODLANDS DR 42,2000-09,2026-05
605,WOODLANDS DR 42,2001-01,2026-02
549,WOODLANDS DR 44,2003-10,2026-05
550,WOODLANDS DR 44,2003-10,2025-12
551,WOODLANDS DR 44,2003-07,2026-04
552,WOODLANDS DR 44,2003-09,2026-02
553,WOODLANDS DR 44,2003-10,2026-08
886A,WOODLANDS DR 50,2018-08,2026-07
886B,WOODLANDS DR 50,2018-07,2026-06
886C,WOODLANDS DR 50,2018-06,2026-07
886D,WOODLANDS DR 50,2018-05,2026-01
887A,WOODLANDS DR 50,2018-05,2026-09
887B,WOODLANDS DR 50,2018-06,2026-07
887C,WOODLANDS DR 50,2018-03,2025-04
889A,WOODLANDS DR 50,2020-11,2026-07
889B,WOODLANDS DR 50,2020-12,2026-08
889C,WOODLANDS DR 50,2020-11,2026-09
889D,WOODLANDS DR 50,2021-01,2026-07
890A,WOODLANDS DR 50,2021-02,2026-06
890B,WOODLANDS DR 50,2021-03,2026-09
891A,WOODLANDS DR 50,2000-06,2025-04
891B,WOODLANDS DR 50,2000-07,2026-09
892A,WOODLANDS DR 50,2000-08,2026-09
892B,WOODLANDS DR 50,2000-08,2026-08
893A,WOODLANDS DR 50,2000-10,2025-05
893B,WOODLANDS DR 50,2000-10,2026-03
893C,WOODLANDS DR 50,2000-10,2026-08
893D,WOODLANDS DR 50,1996-03,2025-09
894A,WOODLANDS DR 50,2000-06,2026-07
894B,WOODLANDS DR 50,2000-08,2026-09
894C,WOODLANDS DR 50,2000-07,2025-08
894D,WOODLANDS DR 50,2000-06,2025-09
895A,WOODLANDS DR 50,2000-11,2026-01
895B,WOODLANDS DR 50,2001-03,2026-09
895C,WOODLANDS DR 50,2001-01,2025-05
896A,WOODLANDS DR 50,2000-12,2026-08
896B,WOODLANDS DR 50,2000-12,2026-06
896C,WOODLANDS DR 50,2000-12,2026-04
897A,WOODLANDS DR 50,2001-03,2025-11
897B,WOODLANDS DR 50,2001-01,2026-08
897C,WOODLANDS DR 50,2001-01,2026-06
898A,WOODLANDS DR 50,2001-02,2026-07
898B,WOODLANDS DR 50,2001-03,2026-09
899A,WOODLANDS DR 50,2001-04,2026-09
899B,WOODLANDS DR 50,2001-02,2026-04
899C,WOODLANDS DR 50,2001-03,2026-07
619,WOODLANDS DR 52,2003-04,2026-09
620,WOODLANDS DR 52,2003-06,2026-06
621,WOODLANDS DR 52,2003-07,2026-09
622,WOODLANDS DR 52,2003-08,2026-04
623,WOODLANDS DR 52,2003-07,2026-05
624A,WOODLANDS DR 52,2003-02,2026-07
624B,WOODLANDS DR 52,2003-03,2025-12
625A,WOODLANDS DR 52,2003-02,2024-12
625B,WOODLANDS DR 52,2002-11,2026-08
554,WOODLANDS DR 53,2002-11,2026-09
555,WOODLANDS DR 53,2003-08,2026-09
556,WOODLANDS DR 53,2003-04,2026-08
557,WOODLANDS DR 53,2003-09,2026-03
769,WOODLANDS DR 60,2002-09,2026-07
770,WOODLANDS DR 60,2002-10,2026-01
771,WOODLANDS DR 60,2002-09,2026-08
772,WOODLANDS DR 60,2002-10,2025-09
773,WOODLANDS DR 60,2002-02,2026-08
778,WOODLANDS DR 60,2002-06,2026-07
786B,WOODLANDS DR 60,2001-09,2025-11
786C,WOODLANDS DR 60,2001-09,2026-05
786D,WOODLANDS DR 60,2001-11,2026-08
786E,WOODLANDS DR 60,2001-11,2026-03
786F,WOODLANDS DR 60,2001-10,2026-08
681A,WOODLANDS DR 62,2004-01,2026-08
681B,WOODLANDS DR 62,2004-01,2026-08
681C,WOODLANDS DR 62,2004-04,2025-10
681D,WOODLANDS DR 62,2004-02,2026-05
682A,WOODLANDS DR 62,2003-02,2026-07
682B,WOODLANDS DR 62,2003-12,2026-06
683A,WOODLANDS DR 62,2003-12,2026-05
683B,WOODLANDS DR 62,2004-02,2025-09
683C,WOODLANDS DR 62,2004-01,2026-08
683D,WOODLANDS DR 62,2004-01,2026-09
684C,WOODLANDS DR 62,2002-10,2025-10
694A,WOODLANDS DR 62,2022-10,2026-08
694B,WOODLANDS DR 62,2022-11,2026-07
694C,WOODLANDS DR 62,2022-12,2026-09
694D,WOODLANDS DR 62,2022-11,2026-07
708,WOODLANDS DR 70,2000-09,2026-07
709,WOODLANDS DR 70,2000-08,2026-07
710,WOODLANDS DR 70,2000-10,2026-09
711,WOODLANDS DR 70,2000-09,2026-09
712,WOODLANDS DR 70,2000-08,2026-01
713,WOODLANDS DR 70,2000-09,2025-08
714,WOODLANDS DR 70,2000-11,2025-12
715,WOODLANDS DR 70,2001-01,2026-09
716,WOODLANDS DR 70,2001-03,2026-05
717,WOODLANDS DR 70,2001-03,2026-07
717A,WOODLANDS DR 70,2021-05,2026-09
717B,WOODLANDS DR 70,2021-03,2026-03
670,WOODLANDS DR 71,2004-12,2026-09
671,WOODLANDS DR 71,2004-04,2026-09
672,WOODLANDS DR 71,2004-05,2026-04
673,WOODLANDS DR 71,2004-01,2026-06
794,WOODLANDS DR 72,2001-09,2026-04
795,WOODLANDS DR 72,2001-09,2026-06
796,WOODLANDS DR 72,2001-06,2026-07
797,WOODLANDS DR 72,2001-07,2026-06
798,WOODLANDS DR 72,2001-10,2025-05
682C,WOODLANDS DR 73,2003-12,2026-07
682D,WOODLANDS DR 73,2003-11,2026-04
684A,WOODLANDS DR 73,2004-04,2025-12
684B,WOODLANDS DR 73,2004-04,2026-03
684D,WOODLANDS DR 73,2004-02,2026-09
685B,WOODLANDS DR 73,2006-08,2024-12
685C,WOODLANDS DR 73,2006-05,2026-07
686A,WOODLANDS DR 73,2006-06,2026-08
686B,WOODLANDS DR 73,2006-10,2026-02
686C,WOODLANDS DR 73,2006-09,2025-01
691A,WOODLANDS DR 73,2022-08,2026-07
691B,WOODLANDS DR 73,2022-07,2026-09
691C,WOODLANDS DR 73,2022-09,2026-08
691D,WOODLANDS DR 73,2022-09,2026-06
687A,WOODLANDS DR 75,2006-08,2026-03
687B,WOODLANDS DR 75,2006-07,2026-09
687C,WOODLANDS DR 75,2006-05,2026-04
688A,WOODLANDS DR 75,2006-07,2026-05
688B,WOODLANDS DR 75,2007-07,2026-08
688C,WOODLANDS DR 75,2007-02,2026-09
688D,WOODLANDS DR 75,2007-11,2025-12
688E,WOODLANDS DR 75,2007-05,2026-02
688F,WOODLANDS DR 75,2007-07,2025-06
689A,WOODLANDS DR 75,2006-07,2025-12
689B,WOODLANDS DR 75,2006-10,2026-08
689C,WOODLANDS DR 75,2006-07,2025-03
689D,WOODLANDS DR 75,2007-02,2026-05
689E,WOODLANDS DR 75,2006-05,2026-08
689F,WOODLANDS DR 75,2006-04,2026-08
690A,WOODLANDS DR 75,2006-12,2026-07
690B,WOODLANDS DR 75,2007-06,2026-07
690C,WOODLANDS DR 75,2007-05,2026-06
690D,WOODLANDS DR 75,2007-01,2026-08
690E,WOODLANDS DR 75,2007-04,2025-12
690F,WOODLANDS DR 75,2007-03,2026-08
606,WOODLANDS RING RD,2002-10,2026-08
607,WOODLANDS RING RD,2002-11,2026-09
608,WOODLANDS RING RD,2002-12,2026-08
609,WOODLANDS RING RD,2002-10,2026-04
611,WOODLANDS RING RD,2002-10,2026-08
628A,WOODLANDS RING RD,2002-09,2026-09
628B,WOODLANDS RING RD,2002-08,2025-07
629,WOODLANDS RING RD,2002-07,2026-06
630,WOODLANDS RING RD,2002-05,2026-09
631,WOODLANDS RING RD,2002-05,2026-08
632,WOODLANDS RING RD,2003-05,2026-08
633,WOODLANDS RING RD,2003-04,2025-11
634,WOODLANDS RING RD,2003-02,2026-08
635,WOODLANDS RING RD,2003-10,2026-09
636,WOODLANDS RING RD,2003-09,2026-02
637,WOODLANDS RING RD,2004-10,2025-07
638,WOODLANDS RING RD,2003-03,2026-07
639,WOODLANDS RING RD,2003-02,2026-08
640,WOODLANDS RING RD,2003-03,2026-04
643,WOODLANDS RING RD,2002-10,2026-09
644,WOODLANDS RING RD,2002-05,2026-08
645,WOODLANDS RING RD,2002-07,2026-01
646,WOODLANDS RING RD,2003-01,2026-10
647,WOODLANDS RING RD,2003-06,2026-07
648,WOODLANDS RING RD,2003-12,2026-09
649,WOODLANDS RING RD,2002-06,2026-07
650,WOODLANDS RING RD,2002-06,2026-05
651,WOODLANDS RING RD,2002-04,2026-07
652,WOODLANDS RING RD,2002-08,2026-05
653,WOODLANDS RING RD,2002-06,2026-04
654,WOODLANDS RING RD,2002-04,2025-06
655,WOODLANDS RING RD,2002-07,2026-06
656,WOODLANDS RING RD,2002-05,2026-09
657,WOODLANDS RING RD,2002-06,2026-02
658,WOODLANDS RING RD,2002-03,2026-09
659,WOODLANDS RING RD,2002-03,2026-05
660,WOODLANDS RING RD,2002-03,2026-06
661,WOODLANDS RING RD,2002-01,2026-04
662,WOODLANDS RING RD,2002-02,2026-07
663,WOODLANDS RING RD,2002-01,2025-07
664,WOODLANDS RING RD,2002-02,2026-09
665,WOODLANDS RING RD,2004-01,2026-08
666,WOODLANDS RING RD,2004-02,2026-03
667,WOODLANDS RING RD,2004-03,2025-12
668,WOODLANDS RING RD,2004-03,2026-08
669,WOODLANDS RING RD,2004-01,2026-09
783A,WOODLANDS RISE,2022-08,2026-08
783B,WOODLANDS RISE,2022-10,2026-07
783C,WOODLANDS RISE,2022-09,2026-08
783D,WOODLANDS RISE,2022-09,2026-01
784A,WOODLANDS RISE,2022-07,2026-01
784B,WOODLANDS RISE,2022-08,2026-06
784C,WOODLANDS RISE,2022-06,2026-08
785B,WOODLANDS RISE,2022-04,2026-09
785C,WOODLANDS RISE,2022-05,2026-07
785D,WOODLANDS RISE,2022-06,2026-07
167,WOODLANDS ST 11,1998-05,2025-06
168,WOODLANDS ST 11,1991-03,2026-06
169,WOODLANDS ST 11,1994-08,2024-12
170,WOODLANDS ST 11,1998-03,2026-08
171,WOODLANDS ST 11,1990-01,2026-03
101,WOODLANDS ST 13,1990-07,2026-09
102,WOODLANDS ST 13,1990-12,2026-05
103,WOODLANDS ST 13,1990-07,2025-02
104,WOODLANDS ST 13,1990-01,2025-07
105,WOODLANDS ST 13,1990-03,2026-06
106,WOODLANDS ST 13,1990-07,2026-08
107,WOODLANDS ST 13,1998-10,2020-10
108,WOODLANDS ST 13,1990-09,2026-09
109,WOODLANDS ST 13,1998-08,2026-07
110,WOODLANDS ST 13,1990-08,2026-01
111,WOODLANDS ST 13,1998-09,2023-12
112,WOODLANDS ST 13,2000-10,2025-09
113,WOODLANDS ST 13,1992-02,2026-08
145,WOODLANDS ST 13,1990-02,2026-08
146,WOODLANDS ST 13,1990-01,2026-09
148,WOODLANDS ST 13,1990-04,2026-08
149,WOODLANDS ST 13,1990-07,2026-09
150,WOODLANDS ST 13,2011-05,2026-03
151,WOODLANDS ST 13,1990-07,2026-08
152,WOODLANDS ST 13,1990-05,2026-03
154,WOODLANDS ST 13,1993-11,2026-09
155,WOODLANDS ST 13,1990-02,2025-04
156,WOODLANDS ST 13,2009-09,2026-05
157,WOODLANDS ST 13,1990-06,2026-07
158,WOODLANDS ST 13,1993-03,2026-08
159,WOODLANDS ST 13,1993-03,2026-05
160,WOODLANDS ST 13,1994-01,2026-07
161,WOODLANDS ST 13,1992-11,2025-11
162,WOODLANDS ST 13,1990-01,2026-08
163,WOODLANDS ST 13,2009-09,2026-04
164,WOODLANDS ST 13,2010-01,2025-12
165,WOODLANDS ST 13,1990-01,2026-09
166,WOODLANDS ST 13,2010-01,2026-09
172,WOODLANDS ST 13,1990-04,2026-08
173,WOODLANDS ST 13,1992-12,2026-07
174,WOODLANDS ST 13,1996-01,2026-08
175,WOODLANDS ST 13,1998-02,2025-08
176,WOODLANDS ST 13,1995-12,2023-10
177,WOODLANDS ST 13,1990-06,2026-07
178,WOODLANDS ST 13,1991-01,2026-09
179,WOODLANDS ST 13,1995-07,2025-08
182A,WOODLANDS ST 13,2023-09,2026-09
182B,WOODLANDS ST 13,2023-10,2026-09
183A,WOODLANDS ST 13,2023-10,2026-07
183B,WOODLANDS ST 13,2023-09,2026-04
183C,WOODLANDS ST 13,2023-10,2026-08
184A,WOODLANDS ST 13,2023-11,2026-07
185B,WOODLANDS ST 13,2023-08,2026-06
185C,WOODLANDS ST 13,2023-08,2026-05
301,WOODLANDS ST 31,1996-11,2026-05
302,WOODLANDS ST 31,1996-08,2026-09
302A,WOODLANDS ST 31,2020-12,2026-05
303,WOODLANDS ST 31,1996-08,2024-02
304,WOODLANDS ST 31,1994-10,2026-09
306,WOODLANDS ST 31,1996-09,2024-08
310,WOODLANDS ST 31,1995-08,2026-06
311,WOODLANDS ST 31,1994-09,2026-03
312,WOODLANDS ST 31,1994-07,2025-07
313,WOODLANDS ST 31,1997-10,2026-07
314,WOODLANDS ST 31,1997-10,2025-12
315,WOODLANDS ST 31,1996-05,2022-11
316,WOODLANDS ST 31,1996-04,2026-07
317,WOODLANDS ST 31,1996-06,2026-08
318,WOODLANDS ST 31,1997-11,2026-04
319,WOODLANDS ST 31,1996-12,2026-09
320,WOODLANDS ST 32,1993-12,2026-04
321,WOODLANDS ST 32,1993-06,2026-01
322,WOODLANDS ST 32,1998-11,2026-07
323,WOODLANDS ST 32,1998-10,2026-05
324,WOODLANDS ST 32,1996-05,2022-05
325,WOODLANDS ST 32,1998-11,2026-09
326,WOODLANDS ST 32,1994-10,2026-04
327,WOODLANDS ST 32,1993-10,2026-01
328,WOODLANDS ST 32,1994-10,2025-12
329,WOODLANDS ST 32,1995-04,2026-01
333,WOODLANDS ST 32,1990-07,2021-02
334,WOODLANDS ST 32,1990-06,2026-10
335,WOODLANDS ST 32,1991-04,2026-09
344,WOODLANDS ST 32,1996-11,2026-02
345,WOODLANDS ST 32,1996-03,2026-06
346,WOODLANDS ST 32,1993-01,2025-04
401,WOODLANDS ST 41,1999-06,2022-02
402,WOODLANDS ST 41,1999-07,2026-01
403,WOODLANDS ST 41,1999-07,2025-12
404,WOODLANDS ST 41,1999-07,2026-04
405,WOODLANDS ST 41,1999-08,2026-07
406,WOODLANDS ST 41,1999-06,2025-01
408,WOODLANDS ST 41,1999-09,2026-03
409,WOODLANDS ST 41,1999-06,2026-07
410,WOODLANDS ST 41,1999-07,2026-07
411,WOODLANDS ST 41,1999-08,2026-05
412,WOODLANDS ST 41,1995-06,2026-09
413,WOODLANDS ST 41,1999-06,2026-03
414,WOODLANDS ST 41,1999-07,2025-06
415,WOODLANDS ST 41,1999-06,2026-07
416,WOODLANDS ST 41,1999-06,2023-11
417,WOODLANDS ST 41,1999-08,2026-05
418,WOODLANDS ST 41,1996-04,2026-09
419,WOODLANDS ST 41,1996-05,2026-08
420,WOODLANDS ST 41,1995-01,2026-04
421,WOODLANDS ST 41,1999-06,2026-08
424,WOODLANDS ST 41,2002-01,2025-12
425,WOODLANDS ST 41,2001-12,2025-04
426,WOODLANDS ST 41,2002-01,2025-01
427,WOODLANDS ST 41,2001-11,2026-09
428,WOODLANDS ST 41,2001-02,2026-05
429,WOODLANDS ST 41,2001-03,2026-06
436,WOODLANDS ST 41,2001-02,2026-09
437,WOODLANDS ST 41,2001-03,2026-08
801,WOODLANDS ST 81,1993-11,2026-03
802,WOODLANDS ST 81,1992-08,2026-09
803,WOODLANDS ST 81,1995-10,2026-05
804,WOODLANDS ST 81,1992-06,2026-08
805,WOODLANDS ST 81,1995-08,2026-07
807,WOODLANDS ST 81,1998-11,2026-08
808,WOODLANDS ST 81,1998-10,2026-06
809,WOODLANDS ST 81,1999-04,2026-05
810,WOODLANDS ST 81,1999-04,2026-08
824,WOODLANDS ST 81,1993-02,2026-01
825,WOODLANDS ST 81,1994-03,2025-11
826,WOODLANDS ST 81,1999-09,2026-07
827,WOODLANDS ST 81,2000-01,2025-09
828,WOODLANDS ST 81,1994-11,2019-05
870,WOODLANDS ST 81,1999-09,2026-09
871,WOODLANDS ST 81,1999-10,2025-08
872,WOODLANDS ST 81,1999-09,2026-01
873,WOODLANDS ST 81,1999-09,2026-08
816,WOODLANDS ST 82,1995-01,2026-08
817,WOODLANDS ST 82,1993-01,2025-06
818,WOODLANDS ST 82,1998-12,2026-09
819,WOODLANDS ST 82,1993-12,2023-05
820,WOODLANDS ST 82,1999-03,2026-08
821,WOODLANDS ST 82,1999-04,2026-08
822,WOODLANDS ST 82,1995-04,2025-06
823,WOODLANDS ST 82,2000-02,2026-08
837,WOODLANDS ST 82,1994-04,2026-04
838,WOODLANDS ST 82,1993-03,2026-09
839,WOODLANDS ST 82,1999-08,2026-02
840,WOODLANDS ST 82,1998-04,2026-09
841,WOODLANDS ST 82,1999-09,2026-08
842,WOODLANDS ST 82,1995-09,2026-01
843,WOODLANDS ST 82,1998-07,2026-09
845,WOODLANDS ST 82,1998-08,2026-09
847,WOODLANDS ST 82,1994-09,2026-04
848,WOODLANDS ST 82,1999-03,2026-08
849,WOODLANDS ST 82,1999-05,2026-04
850,WOODLANDS ST 82,1999-06,2025-10
874,WOODLANDS ST 82,1995-11,2026-08
875,WOODLANDS ST 82,1999-07,2025-12
879,WOODLANDS ST 82,1999-12,2026-02
880,WOODLANDS ST 82,2000-04,2026-06
881,WOODLANDS ST 82,2000-03,2026-07
882,WOODLANDS ST 82,1999-12,2026-07
829,WOODLANDS ST 83,1994-10,2026-01
830,WOODLANDS ST 83,1998-11,2026-09
831,WOODLANDS ST 83,1994-04,2026-06
832,WOODLANDS ST 83,1998-12,2026-08
833,WOODLANDS ST 83,1995-04,2024-12
834,WOODLANDS ST 83,1999-02,2025-10
835,WOODLANDS ST 83,1999-03,2026-03
836,WOODLANDS ST 83,1999-12,2025-08
851,WOODLANDS ST 83,2000-03,2025-12
853,WOODLANDS ST 83,1998-01,2025-11
854,WOODLANDS ST 83,1998-01,2026-04
855,WOODLANDS ST 83,1996-03,2026-07
856,WOODLANDS ST 83,2000-03,2026-09
857,WOODLANDS ST 83,2000-02,2026-03
858,WOODLANDS ST 83,2000-01,2026-09
859,WOODLANDS ST 83,2000-03,2026-05
860,WOODLANDS ST 83,2000-01,2025-10
861,WOODLANDS ST 83,1999-12,2026-05
862,WOODLANDS ST 83,1999-12,2026-01
863,WOODLANDS ST 83,1999-12,2026-02
864,WOODLANDS ST 83,1999-12,2024-11
865,WOODLANDS ST 83,2000-05,2026-05
866,WOODLANDS ST 83,1996-03,2025-01
867,WOODLANDS ST 83,1999-11,2026-02
868,WOODLANDS ST 83,1999-11,2025-07
869,WOODLANDS ST 83,1999-10,2026-06
431A,YISHUN AVE 1,2019-07,2026-08
431B,YISHUN AVE 1,2019-04,2026-07
431C,YISHUN AVE 1,2019-04,2026-06
431D,YISHUN AVE 1,2019-05,2026-05
432A,YISHUN AVE 1,2019-08,2026-09
432B,YISHUN AVE 1,2019-06,2026-04
432C,YISHUN AVE 1,2019-05,2025-11
432D,YISHUN AVE 1,2019-05,2026-05
343,YISHUN AVE 11,1991-11,2025-11
344,YISHUN AVE 11,1993-02,2026-02
345,YISHUN AVE 11,1993-06,2025-06
346,YISHUN AVE 11,1993-06,2026-07
347A,YISHUN AVE 11,2018-09,2026-08
347B,YISHUN AVE 11,2018-12,2026-09
348A,YISHUN AVE 11,2018-12,2026-06
348B,YISHUN AVE 11,2019-01,2026-08
348C,YISHUN AVE 11,2018-12,2026-06
348D,YISHUN AVE 11,2018-10,2026-07
349,YISHUN AVE 11,1993-07,2026-03
350,YISHUN AVE 11,1993-08,2026-06
350A,YISHUN AVE 11,1993-07,2025-04
351,YISHUN AVE 11,1993-07,2026-09
415,YISHUN AVE 11,1997-09,2025-01
416,YISHUN AVE 11,1994-09,2026-07
419,YISHUN AVE 11,1997-08,2026-06
423,YISHUN AVE 11,1993-02,2026-02
424A,YISHUN AVE 11,2019-03,2026-06
424B,YISHUN AVE 11,2019-05,2026-09
424C,YISHUN AVE 11,2019-04,2026-06
424D,YISHUN AVE 11,2019-02,2026-09
425,YISHUN AVE 11,1993-06,2026-06
426A,YISHUN AVE 11,2018-09,2026-06
426B,YISHUN AVE 11,2018-11,2025-12
426C,YISHUN AVE 11,2018-10,2026-09
426D,YISHUN AVE 11,2018-10,2026-09
427,YISHUN AVE 11,1993-04,2026-09
428A,YISHUN AVE 11,2019-04,2026-06
428B,YISHUN AVE 11,2018-11,2026-07
429A,YISHUN AVE 11,2019-10,2026-09
429B,YISHUN AVE 11,2019-05,2026-08
430A,YISHUN AVE 11,2019-03,2026-08
430B,YISHUN AVE 11,2019-05,2026-09
438,YISHUN AVE 11,2016-04,2026-01
439,YISHUN AVE 11,1991-05,2026-05
440,YISHUN AVE 11,1992-08,2026-07
442,YISHUN AVE 11,2016-01,2026-08
443,YISHUN AVE 11,2016-05,2026-04
445,YISHUN AVE 11,2016-05,2025-04
446,YISHUN AVE 11,2016-08,2026-07
458,YISHUN AVE 11,2017-04,2026-07
459,YISHUN AVE 11,2017-05,2026-09
776,YISHUN AVE 2,1991-01,2025-04
777,YISHUN AVE 2,1991-11,2020-04
778,YISHUN AVE 2,1990-09,2025-11
779,YISHUN AVE 2,1991-10,2026-03
784,YISHUN AVE 2,1990-12,2026-08
785,YISHUN AVE 2,1991-04,2026-07
788,YISHUN AVE 2,1991-05,2026-07
789,YISHUN AVE 2,1994-04,2022-12
790,YISHUN AVE 2,1991-07,2026-09
791,YISHUN AVE 2,1991-09,2026-09
766,YISHUN AVE 3,1990-07,2026-08
767,YISHUN AVE 3,1992-11,2024-07
768,YISHUN AVE 3,1990-06,2026-09
769,YISHUN AVE 3,1993-10,2024-07
770,YISHUN AVE 3,1990-12,2026-08
771,YISHUN AVE 3,1990-07,2026-03
772,YISHUN AVE 3,1990-01,2026-05
773,YISHUN AVE 3,1990-07,2026-07
774,YISHUN AVE 3,1990-08,2026-07
506A,YISHUN AVE 4,2021-06,2025-11
506B,YISHUN AVE 4,2021-08,2026-09
506C,YISHUN AVE 4,2021-04,2026-08
507A,YISHUN AVE 4,2021-08,2026-08
508A,YISHUN AVE 4,2021-10,2026-09
508B,YISHUN AVE 4,2021-11,2025-12
509A,YISHUN AVE 4,2022-04,2026-09
509B,YISHUN AVE 4,2022-03,2026-08
509C,YISHUN AVE 4,2021-12,2026-06
650,YISHUN AVE 4,1994-06,2026-02
651,YISHUN AVE 4,1991-11,2025-10
652,YISHUN AVE 4,1994-06,2025-12
653,YISHUN AVE 4,1992-01,2026-07
654,YISHUN AVE 4,1995-09,2025-11
655,YISHUN AVE 4,1991-07,2026-07
656,YISHUN AVE 4,1992-07,2026-05
657,YISHUN AVE 4,1991-01,2026-06
658,YISHUN AVE 4,1991-11,2026-09
659,YISHUN AVE 4,1992-08,2016-10
660,YISHUN AVE 4,1992-04,2026-09
661,YISHUN AVE 4,1995-11,2025-07
662,YISHUN AVE 4,1991-03,2026-06
663,YISHUN AVE 4,1992-08,2026-06
663A,YISHUN AVE 4,1996-01,2026-07
664,YISHUN AVE 4,1994-04,2026-03
664A,YISHUN AVE 4,1995-08,2026-09
665,YISHUN AVE 4,1995-05,2026-04
666,YISHUN AVE 4,1992-07,2026-09
666A,YISHUN AVE 4,1992-06,2024-09
671A,YISHUN AVE 4,2021-07,2026-08
671B,YISHUN AVE 4,2021-09,2026-07
672A,YISHUN AVE 4,2021-12,2026-07
672B,YISHUN AVE 4,2022-01,2026-07
672C,YISHUN AVE 4,2022-03,2026-07
673A,YISHUN AVE 4,2022-04,2026-09
673B,YISHUN AVE 4,2022-12,2026-08
673C,YISHUN AVE 4,2023-01,2026-10
674A,YISHUN AVE 4,2022-10,2026-08
674B,YISHUN AVE 4,2023-01,2026-08
675A,YISHUN AVE 4,2023-01,2026-07
675B,YISHUN AVE 4,2022-09,2026-09
675C,YISHUN AVE 4,2022-07,2026-06
675D,YISHUN AVE 4,2022-07,2026-06
858,YISHUN AVE 4,1990-03,2026-08
859,YISHUN AVE 4,1993-01,2026-07
860,YISHUN AVE 4,1993-05,2025-03
861,YISHUN AVE 4,1993-04,2026-09
862,YISHUN AVE 4,1993-10,2026-03
863,YISHUN AVE 4,1993-06,2025-09
864,YISHUN AVE 4,1992-10,2026-07
101,YISHUN AVE 5,1990-01,2026-09
701,YISHUN AVE 5,1990-01,2026-09
702,YISHUN AVE 5,2009-03,2026-08
703,YISHUN AVE 5,1990-03,2026-06
704,YISHUN AVE 5,1990-03,2026-07
705,YISHUN AVE 5,2007-11,2025-04
706,YISHUN AVE 5,1990-01,2026-09
707,YISHUN AVE 5,1990-05,2025-09
708,YISHUN AVE 5,2009-01,2024-08
709,YISHUN AVE 5,1990-02,2026-05
710,YISHUN AVE 5,1990-02,2026-01
711,YISHUN AVE 5,2011-03,2025-10
712,YISHUN AVE 5,1990-01,2026-03
732,YISHUN AVE 5,1990-03,2025-05
733,YISHUN AVE 5,1990-01,2026-10
734,YISHUN AVE 5,1990-09,2026-05
739,YISHUN AVE 5,1990-08,2026-03
740,YISHUN AVE 5,1990-01,2026-09
741,YISHUN AVE 5,1990-02,2025-12
742,YISHUN AVE 5,1990-01,2026-04
743,YISHUN AVE 5,1991-11,2024-05
282,YISHUN AVE 6,1993-02,2026-08
283,YISHUN AVE 6,1990-08,2026-06
284,YISHUN AVE 6,1990-03,2025-05
285,YISHUN AVE 6,1993-12,2023-01
286,YISHUN AVE 6,1990-06,2026-08
287,YISHUN AVE 6,1990-03,2026-07
288,YISHUN AVE 6,1990-09,2026-08
289,YISHUN AVE 6,1990-07,2026-08
389,YISHUN AVE 6,1993-01,2026-08
390,YISHUN AVE 6,1990-02,2026-05
391,YISHUN AVE 6,1992-07,2025-07
392,YISHUN AVE 6,1993-02,2024-12
393,YISHUN AVE 6,1992-06,2026-08
394,YISHUN AVE 6,1992-06,2026-04
396,YISHUN AVE 6,1993-03,2026-01
397,YISHUN AVE 6,1992-09,2026-06
399,YISHUN AVE 6,1992-07,2025-12
401,YISHUN AVE 6,1994-02,2026-05
403,YISHUN AVE 6,1991-12,2026-09
404,YISHUN AVE 6,1993-06,2026-02
405,YISHUN AVE 6,1993-02,2026-01
406,YISHUN AVE 6,1993-02,2025-06
407,YISHUN AVE 6,1993-05,2026-09
408,YISHUN AVE 6,1993-04,2025-07
433,YISHUN AVE 6,1993-09,2026-04
435,YISHUN AVE 6,1993-07,2026-07
437,YISHUN AVE 6,1993-08,2026-07
462A,YISHUN AVE 6,2023-09,2026-09
462B,YISHUN AVE 6,2023-10,2025-12
462C,YISHUN AVE 6,2023-10,2026-06
462D,YISHUN AVE 6,2023-11,2026-05
170,YISHUN AVE 7,1991-05,2026-08
171,YISHUN AVE 7,1992-03,2026-09
172,YISHUN AVE 7,1991-12,2026-08
173,YISHUN AVE 7,1991-07,2026-08
174,YISHUN AVE 7,1991-04,2026-03
175,YISHUN AVE 7,1991-07,2026-06
245,YISHUN AVE 9,1990-03,2025-12
246,YISHUN AVE 9,1990-05,2026-04
247,YISHUN AVE 9,1990-02,2025-08
248,YISHUN AVE 9,1993-01,2026-06
249,YISHUN AVE 9,1990-10,2026-06
250,YISHUN AVE 9,1990-02,2026-07
315A,YISHUN AVE 9,2019-03,2026-08
315B,YISHUN AVE 9,2019-03,2026-09
315C,YISHUN AVE 9,2019-04,2026-06
316A,YISHUN AVE 9,2019-05,2026-09
316B,YISHUN AVE 9,2019-01,2026-10
316C,YISHUN AVE 9,2019-04,2026-05
317A,YISHUN AVE 9,2019-07,2026-03
317B,YISHUN AVE 9,2019-10,2026-09
317C,YISHUN AVE 9,2019-07,2026-09
318A,YISHUN AVE 9,2019-07,2026-06
318B,YISHUN AVE 9,2019-07,2026-08
318C,YISHUN AVE 9,2019-04,2026-06
302,YISHUN CTRL,1992-09,2026-08
303,YISHUN CTRL,1992-09,2026-07
304,YISHUN CTRL,1992-09,2025-12
305,YISHUN CTRL,1992-09,2026-04
306,YISHUN CTRL,1992-12,2026-08
320,YISHUN CTRL,1993-01,2026-06
321,YISHUN CTRL,1992-01,2026-07
322,YISHUN CTRL,1993-07,2026-03
323,YISHUN CTRL,1993-07,2026-04
324,YISHUN CTRL,1993-05,2025-03
325,YISHUN CTRL,1991-11,2026-07
926,YISHUN CTRL 1,1996-09,2021-09
927,YISHUN CTRL 1,1996-07,2025-01
928,YISHUN CTRL 1,1996-10,2025-07
930,YISHUN CTRL 1,1994-06,2024-10
931,YISHUN CTRL 1,1996-12,2025-05
932,YISHUN CTRL 1,1996-11,2026-09
935,YISHUN CTRL 1,1996-09,2025-06
103,YISHUN RING RD,2007-11,2025-12
106,YISHUN RING RD,2001-04,2026-09
107,YISHUN RING RD,1990-01,2026-09
108,YISHUN RING RD,2011-06,2026-09
109,YISHUN RING RD,1990-06,2025-10
110,YISHUN RING RD,1990-08,2026-07
111,YISHUN RING RD,1990-02,2026-02
112,YISHUN RING RD,1990-12,2026-07
113,YISHUN RING RD,1990-11,2026-09
114,YISHUN RING RD,1990-02,2026-06
115,YISHUN RING RD,1990-03,2025-07
115A,YISHUN RING RD,2004-01,2026-05
115B,YISHUN RING RD,2005-02,2026-07
115C,YISHUN RING RD,2005-06,2025-11
116,YISHUN RING RD,1990-01,2026-06
117,YISHUN RING RD,1990-02,2026-08
118,YISHUN RING RD,1990-05,2026-07
119,YISHUN RING RD,1991-01,2026-02
120,YISHUN RING RD,1990-11,2026-05
136,YISHUN RING RD,1990-01,2026-05
137,YISHUN RING RD,1990-01,2026-08
138,YISHUN RING RD,1990-01,2026-08
139,YISHUN RING RD,1990-04,2026-07
140,YISHUN RING RD,1990-08,2025-07
141,YISHUN RING RD,1990-02,2026-10
142,YISHUN RING RD,1991-01,2025-07
143,YISHUN RING RD,1990-01,2024-07
165,YISHUN RING RD,1991-07,2026-09
166,YISHUN RING RD,1992-08,2026-09
167,YISHUN RING RD,1992-04,2026-04
236,YISHUN RING RD,1990-04,2024-02
237,YISHUN RING RD,1992-04,2026-07
238,YISHUN RING RD,1990-01,2026-01
239,YISHUN RING RD,1990-11,2026-09
240,YISHUN RING RD,1990-01,2026-07
241,YISHUN RING RD,1990-03,2026-03
242,YISHUN RING RD,1990-03,2026-09
243,YISHUN RING RD,1990-10,2026-04
244,YISHUN RING RD,1990-06,2026-08
251,YISHUN RING RD,1990-07,2026-05
252,YISHUN RING RD,1992-04,2026-06
253,YISHUN RING RD,1990-05,2026-09
254,YISHUN RING RD,1990-01,2026-09
255,YISHUN RING RD,1990-04,2026-08
256,YISHUN RING RD,1990-05,2026-09
257,YISHUN RING RD,1990-08,2026-08
308,YISHUN RING RD,1992-09,2025-09
309,YISHUN RING RD,1999-04,2026-10
310,YISHUN RING RD,1999-07,2025-10
311,YISHUN RING RD,1992-05,2026-08
312,YISHUN RING RD,1992-01,2025-04
314,YISHUN RING RD,1999-05,2026-08
326,YISHUN RING RD,1990-01,2026-08
327,YISHUN RING RD,1992-12,2026-02
328,YISHUN RING RD,1993-03,2026-07
329,YISHUN RING RD,1992-12,2026-06
330,YISHUN RING RD,1999-03,2026-08
331,YISHUN RING RD,1993-07,2026-08
332,YISHUN RING RD,1993-05,2026-08
342A,YISHUN RING RD,2019-11,2026-09
342B,YISHUN RING RD,2019-06,2026-07
342C,YISHUN RING RD,2019-08,2026-09
352,YISHUN RING RD,1990-06,2026-08
353,YISHUN RING RD,1993-08,2026-06
354,YISHUN RING RD,1993-05,2026-09
355,YISHUN RING RD,1993-08,2025-09
355A,YISHUN RING RD,1993-05,2024-05
356,YISHUN RING RD,1993-05,2026-07
357,YISHUN RING RD,1993-07,2026-01
358,YISHUN RING RD,1990-02,2024-10
359,YISHUN RING RD,1993-08,2026-08
360,YISHUN RING RD,1993-03,2026-01
361,YISHUN RING RD,1993-05,2025-10
362,YISHUN RING RD,1993-08,2026-04
363,YISHUN RING RD,1993-11,2026-08
364,YISHUN RING RD,1993-12,2026-08
365,YISHUN RING RD,1993-09,2026-08
366,YISHUN RING RD,1993-07,2025-12
367,YISHUN RING RD,1993-06,2026-09
386,YISHUN RING RD,1992-07,2025-06
387,YISHUN RING RD,1993-02,2024-02
388,YISHUN RING RD,1991-03,2025-07
395,YISHUN RING RD,1993-03,2026-08
398,YISHUN RING RD,1993-10,2025-12
402,YISHUN RING RD,1993-09,2026-09
409,YISHUN RING RD,1993-11,2026-08
410,YISHUN RING RD,1993-08,2026-08
411,YISHUN RING RD,1997-10,2026-08
412,YISHUN RING RD,1997-06,2026-06
413,YISHUN RING RD,1997-07,2026-06
448,YISHUN RING RD,2016-01,2026-04
449,YISHUN RING RD,2016-06,2026-06
450,YISHUN RING RD,2016-06,2026-07
451,YISHUN RING RD,2016-04,2026-06
452,YISHUN RING RD,2016-04,2026-09
615,YISHUN RING RD,1991-07,2026-06
616,YISHUN RING RD,1995-09,2025-08
617,YISHUN RING RD,1991-05,2026-07
618,YISHUN RING RD,1995-08,2023-07
619,YISHUN RING RD,1992-01,2026-05
620,YISHUN RING RD,1992-01,2026-03
621,YISHUN RING RD,1991-07,2026-10
622,YISHUN RING RD,1991-09,2026-01
624,YISHUN RING RD,1991-08,2026-06
676A,YISHUN RING RD,2023-02,2026-07
676B,YISHUN RING RD,2022-12,2026-08
676C,YISHUN RING RD,2022-10,2026-09
677A,YISHUN RING RD,2022-11,2026-07
677B,YISHUN RING RD,2022-07,2026-09
677C,YISHUN RING RD,2022-08,2026-07
775,YISHUN RING RD,1991-01,2026-06
780,YISHUN RING RD,1992-02,2022-01
781,YISHUN RING RD,1991-01,2026-07
782,YISHUN RING RD,1991-03,2026-09
783,YISHUN RING RD,1990-12,2026-03
786,YISHUN RING RD,1992-09,2026-08
787,YISHUN RING RD,1992-09,2026-10
792,YISHUN RING RD,1992-03,2026-08
793,YISHUN RING RD,1996-01,2025-12
794,YISHUN RING RD,1991-07,2026-09
795,YISHUN RING RD,1991-08,2026-02
795A,YISHUN RING RD,1993-11,2025-09
796,YISHUN RING RD,1991-08,2026-08
796A,YISHUN RING RD,1995-04,2023-07
797,YISHUN RING RD,1993-01,2019-06
798,YISHUN RING RD,1991-09,2026-05
799,YISHUN RING RD,1991-08,2026-04
800,YISHUN RING RD,1991-06,2026-04
801,YISHUN RING RD,1991-11,2026-07
802,YISHUN RING RD,1991-10,2026-06
803,YISHUN RING RD,1991-05,2026-08
804,YISHUN RING RD,1990-11,2025-05
805,YISHUN RING RD,1990-04,2026-09
806,YISHUN RING RD,1991-09,2026-07
807,YISHUN RING RD,1991-10,2025-01
808,YISHUN RING RD,1991-08,2026-01
809,YISHUN RING RD,1991-08,2026-09
810,YISHUN RING RD,1991-08,2026-08
811,YISHUN RING RD,1992-06,2022-02
812,YISHUN RING RD,1991-08,2026-07
813A,YISHUN RING RD,2022-01,2025-09
813B,YISHUN RING RD,2022-03,2025-11
846,YISHUN RING RD,1996-03,2026-08
849,YISHUN RING RD,2011-07,2026-09
853,YISHUN RING RD,1992-07,2026-09
854,YISHUN RING RD,1993-06,2026-01
855,YISHUN RING RD,1993-08,2025-09
121,YISHUN ST 11,1990-01,2026-08
122,YISHUN ST 11,1990-07,2026-06
123,YISHUN ST 11,1990-11,2026-08
124,YISHUN ST 11,1990-04,2026-07
125,YISHUN ST 11,1990-04,2026-08
126,YISHUN ST 11,1990-03,2026-07
127,YISHUN ST 11,1990-03,2026-05
128,YISHUN ST 11,1990-01,2026-05
129,YISHUN ST 11,1990-03,2026-07
130,YISHUN ST 11,1990-03,2026-07
131,YISHUN ST 11,1990-03,2026-01
132,YISHUN ST 11,1990-08,2026-09
133,YISHUN ST 11,1990-05,2026-05
134,YISHUN ST 11,1990-02,2026-05
135,YISHUN ST 11,1990-09,2024-04
144,YISHUN ST 11,1991-05,2025-03
145,YISHUN ST 11,1990-03,2025-08
146,YISHUN ST 11,1990-01,2026-05
147,YISHUN ST 11,1990-07,2026-02
148,YISHUN ST 11,1990-03,2026-08
149,YISHUN ST 11,1990-02,2026-08
150,YISHUN ST 11,1991-01,2026-04
151,YISHUN ST 11,1990-02,2026-08
152,YISHUN ST 11,1990-11,2025-11
153,YISHUN ST 11,1990-03,2026-04
154,YISHUN ST 11,1990-01,2026-07
155,YISHUN ST 11,1990-04,2026-09
156,YISHUN ST 11,1990-12,2021-09
157,YISHUN ST 11,1990-06,2026-06
158,YISHUN ST 11,1990-03,2025-11
159,YISHUN ST 11,1990-01,2026-07
160,YISHUN ST 11,1990-02,2026-09
161,YISHUN ST 11,1990-01,2026-09
296,YISHUN ST 20,2004-01,2026-08
297,YISHUN ST 20,2004-06,2026-07
298,YISHUN ST 20,2004-05,2026-07
299,YISHUN ST 20,2004-04,2026-09
201,YISHUN ST 21,1990-06,2026-08
202,YISHUN ST 21,1990-05,2026-07
203,YISHUN ST 21,1990-02,2026-07
204,YISHUN ST 21,1990-03,2026-07
205,YISHUN ST 21,1990-01,2026-08
206,YISHUN ST 21,1990-07,2026-03
207,YISHUN ST 21,1991-01,2026-07
208,YISHUN ST 21,1990-07,2026-03
209,YISHUN ST 21,1990-03,2026-09
210,YISHUN ST 21,1990-01,2026-08
211,YISHUN ST 21,1990-02,2026-02
212,YISHUN ST 21,1990-03,2026-08
213,YISHUN ST 21,1990-07,2026-01
214,YISHUN ST 21,1990-04,2026-02
215,YISHUN ST 21,1990-01,2026-06
216,YISHUN ST 21,1990-01,2026-08
217,YISHUN ST 21,1990-01,2026-09
218,YISHUN ST 21,1990-12,2025-09
219,YISHUN ST 21,1990-01,2026-05
220,YISHUN ST 21,1990-01,2026-02
221,YISHUN ST 21,1990-01,2026-03
222,YISHUN ST 21,1991-01,2026-09
223,YISHUN ST 21,1991-01,2026-04
224,YISHUN ST 21,1990-08,2026-05
225,YISHUN ST 21,1990-03,2025-09
226,YISHUN ST 21,1990-10,2024-01
227,YISHUN ST 21,1990-05,2026-01
228,YISHUN ST 21,1990-05,2026-06
229,YISHUN ST 21,1990-01,2026-07
230,YISHUN ST 21,1990-05,2025-08
231,YISHUN ST 21,1990-01,2024-03
232,YISHUN ST 21,1990-07,2026-04
233,YISHUN ST 21,1996-01,2025-09
234,YISHUN ST 21,1990-02,2026-09
235,YISHUN ST 21,1990-10,2026-03
258,YISHUN ST 22,1993-06,2026-02
259,YISHUN ST 22,1992-04,2025-09
260,YISHUN ST 22,1990-08,2025-08
261,YISHUN ST 22,1990-06,2022-09
262,YISHUN ST 22,1990-01,2025-11
263,YISHUN ST 22,1990-09,2026-07
264,YISHUN ST 22,1992-02,2026-01
265,YISHUN ST 22,1990-11,2026-08
266,YISHUN ST 22,1990-11,2026-04
267,YISHUN ST 22,1991-06,2026-05
268,YISHUN ST 22,1990-08,2025-11
269,YISHUN ST 22,1990-04,2026-06
270,YISHUN ST 22,1990-10,2026-02
271,YISHUN ST 22,1993-09,2025-12
272,YISHUN ST 22,1990-07,2026-02
273,YISHUN ST 22,1990-11,2026-05
274,YISHUN ST 22,1990-11,2026-08
275,YISHUN ST 22,1990-03,2026-09
276,YISHUN ST 22,1990-01,2026-05
277,YISHUN ST 22,1990-09,2026-05
278,YISHUN ST 22,1990-04,2025-11
279,YISHUN ST 22,1990-02,2026-04
280,YISHUN ST 22,1990-01,2026-08
281,YISHUN ST 22,1990-07,2021-08
291,YISHUN ST 22,1995-08,2025-08
292,YISHUN ST 22,1996-02,2026-02
293,YISHUN ST 22,1994-11,2025-02
333A,YISHUN ST 31,2019-03,2026-08
333B,YISHUN ST 31,2019-03,2026-03
333C,YISHUN ST 31,2019-09,2024-01
333D,YISHUN ST 31,2019-08,2026-09
334A,YISHUN ST 31,2019-08,2026-08
334B,YISHUN ST 31,2019-03,2026-01
334C,YISHUN ST 31,2019-05,2026-08
334D,YISHUN ST 31,2019-06,2025-08
335A,YISHUN ST 31,2019-08,2026-08
335B,YISHUN ST 31,2019-09,2026-08
335C,YISHUN ST 31,2019-02,2026-09
336A,YISHUN ST 31,2019-02,2026-09
336B,YISHUN ST 31,2018-10,2026-04
336C,YISHUN ST 31,2018-10,2026-07
453,YISHUN ST 41,2017-03,2026-08
454,YISHUN ST 41,2016-11,2026-07
455,YISHUN ST 41,2017-02,2026-09
456,YISHUN ST 41,2017-02,2026-07
457,YISHUN ST 41,2017-03,2026-06
479A,YISHUN ST 42,2025-03,2026-06
479B,YISHUN ST 42,2025-04,2026-08
479C,YISHUN ST 42,2025-04,2026-09
468A,YISHUN ST 43,2023-11,2026-07
469A,YISHUN ST 43,2023-11,2026-06
469B,YISHUN ST 43,2023-12,2026-07
478A,YISHUN ST 44,2025-04,2026-09
478B,YISHUN ST 44,2025-03,2026-07
478C,YISHUN ST 44,2025-05,2026-09
501A,YISHUN ST 51,2021-07,2026-06
501B,YISHUN ST 51,2021-10,2026-07
502A,YISHUN ST 51,2021-11,2026-09
502B,YISHUN ST 51,2021-12,2026-07
502C,YISHUN ST 51,2022-02,2026-09
502D,YISHUN ST 51,2022-01,2025-09
504A,YISHUN ST 51,2019-09,2026-03
504B,YISHUN ST 51,2020-02,2026-09
504C,YISHUN ST 51,2020-02,2026-09
504D,YISHUN ST 51,2019-11,2026-08
505A,YISHUN ST 51,2019-12,2026-07
505B,YISHUN ST 51,2019-11,2026-07
505C,YISHUN ST 51,2019-10,2026-09
505D,YISHUN ST 51,2019-11,2026-08
511A,YISHUN ST 51,2021-03,2026-07
511B,YISHUN ST 51,2021-04,2026-08
511C,YISHUN ST 51,2021-07,2026-06
512A,YISHUN ST 51,2021-06,2026-09
512B,YISHUN ST 51,2021-08,2026-09
512C,YISHUN ST 51,2021-10,2026-08
513A,YISHUN ST 51,2022-03,2026-07
513B,YISHUN ST 51,2022-05,2025-09
513C,YISHUN ST 51,2022-06,2026-08
513D,YISHUN ST 51,2022-05,2026-09
602,YISHUN ST 61,1991-11,2026-08
603,YISHUN ST 61,1992-03,2026-03
604,YISHUN ST 61,1995-04,2026-07
605,YISHUN ST 61,1992-09,2026-07
606,YISHUN ST 61,1991-10,2026-04
607,YISHUN ST 61,1991-10,2024-07
608,YISHUN ST 61,1994-02,2026-03
609,YISHUN ST 61,1991-04,2026-06
610,YISHUN ST 61,1991-03,2026-07
611,YISHUN ST 61,1991-10,2026-09
612,YISHUN ST 61,1991-09,2026-05
613,YISHUN ST 61,1992-05,2026-01
614,YISHUN ST 61,1991-09,2026-04
625,YISHUN ST 61,1991-11,2026-09
626,YISHUN ST 61,1991-01,2026-01
627,YISHUN ST 61,1991-10,2026-03
628,YISHUN ST 61,1991-12,2026-07
629,YISHUN ST 61,1991-08,2025-12
630,YISHUN ST 61,1991-10,2026-08
631,YISHUN ST 61,1996-01,2025-09
632,YISHUN ST 61,1991-06,2026-05
633,YISHUN ST 61,1991-04,2025-07
633A,YISHUN ST 61,1996-04,2025-03
634,YISHUN ST 61,1992-01,2026-08
635,YISHUN ST 61,1991-06,2026-09
636,YISHUN ST 61,1992-03,2025-08
636A,YISHUN ST 61,1996-03,2019-09
637,YISHUN ST 61,1992-04,2024-12
637A,YISHUN ST 61,1996-06,2026-09
638,YISHUN ST 61,1991-08,2026-05
639,YISHUN ST 61,1991-06,2026-09
640,YISHUN ST 61,1993-10,2026-07
640A,YISHUN ST 61,1995-04,2025-02
641,YISHUN ST 61,1995-05,2026-09
642,YISHUN ST 61,1991-07,2026-04
643,YISHUN ST 61,1990-07,2026-09
644,YISHUN ST 61,1992-01,2026-09
645,YISHUN ST 61,1994-05,2026-08
645A,YISHUN ST 61,1996-02,2014-11
646,YISHUN ST 61,1991-11,2026-08
647,YISHUN ST 61,1991-11,2026-09
713,YISHUN ST 71,1990-11,2026-09
714,YISHUN ST 71,1992-01,2026-08
715,YISHUN ST 71,1991-03,2024-07
716,YISHUN ST 71,1991-07,2026-07
717,YISHUN ST 71,1991-05,2026-01
718,YISHUN ST 71,1990-07,2026-09
719,YISHUN ST 71,1990-11,2026-10
720,YISHUN ST 71,1990-09,2026-02
721,YISHUN ST 71,1990-03,2026-06
722,YISHUN ST 71,1991-04,2026-09
723,YISHUN ST 71,1991-01,2025-02
724,YISHUN ST 71,1990-07,2025-08
725,YISHUN ST 71,1990-08,2026-06
726,YISHUN ST 71,1990-02,2026-09
727,YISHUN ST 71,1990-03,2026-06
728,YISHUN ST 71,1990-10,2026-04
729,YISHUN ST 71,1991-05,2026-04
730,YISHUN ST 71,1990-08,2026-08
731,YISHUN ST 72,1990-04,2026-07
735,YISHUN ST 72,1990-05,2026-08
736,YISHUN ST 72,1990-01,2026-08
737,YISHUN ST 72,1990-02,2026-07
738,YISHUN ST 72,1990-06,2026-01
744,YISHUN ST 72,1990-10,2025-11
745,YISHUN ST 72,1990-07,2026-03
746,YISHUN ST 72,1990-05,2026-08
747,YISHUN ST 72,1990-06,2021-07
748,YISHUN ST 72,1991-08,2026-08
749,YISHUN ST 72,1990-04,2026-08
750,YISHUN ST 72,1990-12,2025-09
751,YISHUN ST 72,1990-01,2026-01
752,YISHUN ST 72,1990-01,2026-09
753,YISHUN ST 72,1991-01,2026-08
754,YISHUN ST 72,1990-04,2026-08
755,YISHUN ST 72,1990-07,2026-08
756,YISHUN ST 72,1990-02,2026-03
757,YISHUN ST 72,1990-06,2026-09
758,YISHUN ST 72,1990-07,2025-03
759,YISHUN ST 72,1990-03,2026-03
760,YISHUN ST 72,1990-08,2025-05
761,YISHUN ST 72,1991-07,2026-01
762,YISHUN ST 72,1990-08,2025-11
763,YISHUN ST 72,1992-02,2025-09
764,YISHUN ST 72,1990-10,2026-08
765,YISHUN ST 72,1990-11,2026-08
816,YISHUN ST 81,1993-04,2026-03
817,YISHUN ST 81,1993-11,2025-07
819,YISHUN ST 81,1994-09,2023-07
820,YISHUN ST 81,1993-10,2026-07
821,YISHUN ST 81,1992-12,2025-11
822,YISHUN ST 81,1996-11,2024-01
823,YISHUN ST 81,1994-12,2024-09
824,YISHUN ST 81,1992-09,2025-07
825,YISHUN ST 81,1992-07,2026-09
826,YISHUN ST 81,1992-09,2025-02
827,YISHUN ST 81,1993-06,2026-04
828,YISHUN ST 81,1993-02,2026-09
829,YISHUN ST 81,1992-05,2026-09
830,YISHUN ST 81,1993-04,2026-08
832,YISHUN ST 81,1992-12,2026-03
833,YISHUN ST 81,1992-12,2026-07
834,YISHUN ST 81,1992-12,2026-07
835,YISHUN ST 81,1992-10,2026-03
836,YISHUN ST 81,1993-04,2026-03
837,YISHUN ST 81,1992-12,2023-07
838,YISHUN ST 81,1991-11,2025-07
839,YISHUN ST 81,1992-08,2026-01
840,YISHUN ST 81,1990-12,2026-04
841,YISHUN ST 81,1993-06,2026-04
844,YISHUN ST 81,1993-12,2026-09
848,YISHUN ST 81,1996-01,2024-10
850,YISHUN ST 81,1993-01,2025-09
851,YISHUN ST 81,1993-05,2026-10
852,YISHUN ST 81,1992-08,2026-09
865,YISHUN ST 81,1992-12,2024-11
866,YISHUN ST 81,1992-12,2026-06
867,YISHUN ST 81,1992-01,2026-09
868,YISHUN ST 81,1992-08,2026-06
870,YISHUN ST 81,1992-12,2026-04
871,YISHUN ST 81,1992-12,2026-08
872,YISHUN ST 81,1992-11,2026-01
873,YISHUN ST 81,1993-04,2026-01
874,YISHUN ST 81,1992-11,2026-01
875,YISHUN ST 81,1993-01,2026-09
876,YISHUN ST 81,1992-10,2026-03
877,YISHUN ST 81,1992-09,2026-07
878,YISHUN ST 81,1996-04,2026-06
879,YISHUN ST 81,1992-12,2025-05
880,YISHUN ST 81,1992-11,2026-08
121,YUAN CHING RD,2008-05,2026-02
122,YUAN CHING RD,2009-11,2026-08
138A,YUAN CHING RD,2019-09,2026-07
138B,YUAN CHING RD,2019-12,2026-08
138C,YUAN CHING RD,2019-12,2026-09
138D,YUAN CHING RD,2019-11,2026-03
357,YUNG AN RD,1999-06,2026-01
358,YUNG AN RD,1999-05,2024-11
359,YUNG AN RD,1999-07,2025-11
360,YUNG AN RD,1999-04,2025-04
361,YUNG AN RD,1999-05,2026-02
362,YUNG AN RD,1999-05,2026-06
363,YUNG AN RD,1999-04,2026-02
369,YUNG AN RD,1999-01,2026-09
151,YUNG HO RD,1994-12,2026-05
152,YUNG HO RD,1993-05,2026-09
153,YUNG HO RD,1995-05,2026-08
154,YUNG HO RD,1993-11,2026-01
10,YUNG KUANG RD,1990-01,2006-03
164A,YUNG KUANG RD,2022-08,2026-09
165A,YUNG KUANG RD,2022-09,2026-05
165B,YUNG KUANG RD,2022-09,2026-07
166A,YUNG KUANG RD,2022-11,2026-09
166B,YUNG KUANG RD,2022-09,2026-08
175A,YUNG KUANG RD,2019-06,2026-09
175B,YUNG KUANG RD,2019-07,2026-01
175C,YUNG KUANG RD,2019-06,2025-09
7,YUNG KUANG RD,1990-07,2005-12
8,YUNG KUANG RD,1990-01,2006-05
155,YUNG LOH RD,2000-04,2026-06
156,YUNG LOH RD,2000-04,2026-08
157,YUNG LOH RD,2000-03,2026-08
158,YUNG LOH RD,2000-04,2026-07
159,YUNG PING RD,2000-02,2025-09
160,YUNG PING RD,2000-03,2025-08
161,YUNG PING RD,2000-04,2026-09
162,YUNG PING RD,2000-04,2026-08
163,YUNG PING RD,2000-04,2026-01
5,YUNG PING RD,1990-02,2005-06
6,YUNG PING RD,1990-02,2006-04
177,YUNG SHENG RD,2005-03,2026-06
178,YUNG SHENG RD,2004-12,2026-07
179,YUNG SHENG RD,2005-01,2026-03
180,YUNG SHENG RD,2004-06,2026-09
181,YUNG SHENG RD,2005-02,2026-09
182,YUNG SHENG RD,2005-06,2024-02
183,YUNG SHENG RD,2005-01,2024-06
184,YUNG SHENG RD,2005-01,2026-06
87,ZION RD,1990-02,2026-05
88,ZION RD,1990-04,2006-10
89,ZION RD,1990-12,2006-04
90,ZION RD,1990-04,2006-05
91,ZION RD,1990-05,2006-06
