block,street_name,rows_all,rows_t1,rows_t2
353A,ADMIRALTY DR,75,45,30
353B,ADMIRALTY DR,72,46,25
353C,ADMIRALTY DR,67,38,29
354A,ADMIRALTY DR,65,41,24
354B,ADMIRALTY DR,67,46,20
354C,ADMIRALTY DR,52,33,19
354D,ADMIRALTY DR,55,30,24
356A,ADMIRALTY DR,66,45,21
356B,ADMIRALTY DR,80,45,33
356C,ADMIRALTY DR,84,54,30
357,ADMIRALTY DR,83,50,33
357A,ADMIRALTY DR,93,54,38
357B,ADMIRALTY DR,88,49,35
357C,ADMIRALTY DR,77,48,25
359,ADMIRALTY DR,72,41,29
359A,ADMIRALTY DR,85,42,43
359B,ADMIRALTY DR,88,46,40
359C,ADMIRALTY DR,74,39,32
360A,ADMIRALTY DR,68,41,27
360B,ADMIRALTY DR,80,46,32
360C,ADMIRALTY DR,87,54,32
467,ADMIRALTY DR,150,84,66
467A,ADMIRALTY DR,117,72,42
467B,ADMIRALTY DR,120,71,45
468A,ADMIRALTY DR,74,46,27
468B,ADMIRALTY DR,71,39,32
468C,ADMIRALTY DR,65,30,33
468D,ADMIRALTY DR,57,35,19
469,ADMIRALTY DR,100,66,33
469A,ADMIRALTY DR,131,79,50
469B,ADMIRALTY DR,127,81,45
401,ADMIRALTY LINK,80,49,29
402,ADMIRALTY LINK,81,48,33
403,ADMIRALTY LINK,69,38,30
404,ADMIRALTY LINK,91,59,31
405,ADMIRALTY LINK,107,81,24
482,ADMIRALTY LINK,96,58,36
483,ADMIRALTY LINK,102,53,47
484,ADMIRALTY LINK,169,96,69
485,ADMIRALTY LINK,132,78,54
486,ADMIRALTY LINK,125,66,56
487,ADMIRALTY LINK,56,20,36
488,ADMIRALTY LINK,57,15,42
489,ADMIRALTY LINK,76,19,57
490,ADMIRALTY LINK,75,15,59
491,ADMIRALTY LINK,119,70,46
492,ADMIRALTY LINK,101,56,44
493,ADMIRALTY LINK,97,55,40
101,AH HOOD RD,96,30,19
103,AH HOOD RD,96,18,25
137,ALEXANDRA RD,21,0,0
138,ALEXANDRA RD,38,0,0
115,ALJUNIED AVE 2,1,0,1
119,ALJUNIED AVE 2,1,0,1
101,ALJUNIED CRES,233,85,33
102,ALJUNIED CRES,168,56,24
104,ALJUNIED CRES,83,27,11
105,ALJUNIED CRES,82,25,19
106,ALJUNIED CRES,189,57,28
107,ALJUNIED CRES,68,28,11
108,ALJUNIED CRES,147,53,31
109,ALJUNIED CRES,289,91,64
110,ALJUNIED CRES,100,25,18
111,ALJUNIED CRES,147,45,33
112,ALJUNIED CRES,129,47,24
95,ALJUNIED CRES,210,88,32
96,ALJUNIED CRES,40,30,9
97,ALJUNIED CRES,174,54,36
98,ALJUNIED CRES,164,64,18
99,ALJUNIED CRES,213,71,44
125,ALJUNIED RD,94,24,21
126,ALJUNIED RD,97,22,17
111A,ALKAFF CRES,8,0,8
111B,ALKAFF CRES,3,0,3
112A,ALKAFF CRES,1,0,1
112B,ALKAFF CRES,4,0,3
113A,ALKAFF CRES,6,0,5
114A,ALKAFF CRES,9,0,9
114B,ALKAFF CRES,6,0,5
115A,ALKAFF CRES,17,0,17
115C,ALKAFF CRES,23,0,23
118A,ALKAFF CRES,70,0,70
334A,ANCHORVALE CRES,40,0,39
334B,ANCHORVALE CRES,46,0,45
334C,ANCHORVALE CRES,46,0,44
335A,ANCHORVALE CRES,64,0,63
335B,ANCHORVALE CRES,25,0,24
335C,ANCHORVALE CRES,38,0,37
336A,ANCHORVALE CRES,40,0,38
336B,ANCHORVALE CRES,47,0,46
336C,ANCHORVALE CRES,39,0,38
336D,ANCHORVALE CRES,40,0,40
338A,ANCHORVALE CRES,51,0,51
338B,ANCHORVALE CRES,38,0,38
338C,ANCHORVALE CRES,46,0,46
338D,ANCHORVALE CRES,27,0,27
301A,ANCHORVALE DR,46,26,20
301B,ANCHORVALE DR,68,37,31
301C,ANCHORVALE DR,82,49,33
301D,ANCHORVALE DR,64,35,29
319A,ANCHORVALE DR,69,38,30
319B,ANCHORVALE DR,93,55,37
319C,ANCHORVALE DR,95,56,38
320A,ANCHORVALE DR,41,23,18
320B,ANCHORVALE DR,50,30,18
320C,ANCHORVALE DR,36,19,17
320D,ANCHORVALE DR,39,24,14
321A,ANCHORVALE DR,59,29,28
321B,ANCHORVALE DR,71,44,27
321C,ANCHORVALE DR,66,38,28
322A,ANCHORVALE DR,83,58,25
322B,ANCHORVALE DR,47,24,23
322C,ANCHORVALE DR,39,21,18
311A,ANCHORVALE LANE,78,42,33
311B,ANCHORVALE LANE,83,45,36
311C,ANCHORVALE LANE,76,44,32
311D,ANCHORVALE LANE,71,46,24
312A,ANCHORVALE LANE,69,36,32
312B,ANCHORVALE LANE,83,45,36
353A,ANCHORVALE LANE,27,0,27
353B,ANCHORVALE LANE,24,0,24
355A,ANCHORVALE LANE,25,0,25
356A,ANCHORVALE LANE,25,0,25
356B,ANCHORVALE LANE,36,0,36
302A,ANCHORVALE LINK,62,33,29
302B,ANCHORVALE LINK,97,31,65
302C,ANCHORVALE LINK,54,17,35
302D,ANCHORVALE LINK,67,19,47
303A,ANCHORVALE LINK,77,51,25
303B,ANCHORVALE LINK,132,91,40
303C,ANCHORVALE LINK,112,78,34
304A,ANCHORVALE LINK,76,46,26
304B,ANCHORVALE LINK,65,35,30
305A,ANCHORVALE LINK,79,41,37
305B,ANCHORVALE LINK,72,35,35
305C,ANCHORVALE LINK,80,48,31
305D,ANCHORVALE LINK,64,38,24
306A,ANCHORVALE LINK,75,38,34
306B,ANCHORVALE LINK,57,26,31
306C,ANCHORVALE LINK,114,66,47
314A,ANCHORVALE LINK,56,33,23
314B,ANCHORVALE LINK,72,39,32
314C,ANCHORVALE LINK,58,33,23
314D,ANCHORVALE LINK,54,26,28
316A,ANCHORVALE LINK,63,32,29
316B,ANCHORVALE LINK,59,24,32
316C,ANCHORVALE LINK,63,40,23
318A,ANCHORVALE LINK,48,26,21
318B,ANCHORVALE LINK,62,35,25
318C,ANCHORVALE LINK,61,40,21
318D,ANCHORVALE LINK,49,28,21
332A,ANCHORVALE LINK,44,0,42
332B,ANCHORVALE LINK,58,0,56
332C,ANCHORVALE LINK,62,0,58
333A,ANCHORVALE LINK,45,0,44
333B,ANCHORVALE LINK,40,0,39
333C,ANCHORVALE LINK,41,0,40
333D,ANCHORVALE LINK,33,0,33
307A,ANCHORVALE RD,50,33,17
307B,ANCHORVALE RD,52,16,35
307C,ANCHORVALE RD,74,47,25
307D,ANCHORVALE RD,70,48,21
308A,ANCHORVALE RD,79,50,29
308B,ANCHORVALE RD,82,48,31
308C,ANCHORVALE RD,84,48,35
309A,ANCHORVALE RD,79,52,27
309B,ANCHORVALE RD,85,45,37
309C,ANCHORVALE RD,75,49,24
309D,ANCHORVALE RD,71,37,34
310A,ANCHORVALE RD,67,34,31
310B,ANCHORVALE RD,74,36,37
313A,ANCHORVALE RD,57,25,32
313B,ANCHORVALE RD,75,50,25
313C,ANCHORVALE RD,70,39,30
313D,ANCHORVALE RD,56,22,32
315A,ANCHORVALE RD,49,28,21
315B,ANCHORVALE RD,54,27,26
315C,ANCHORVALE RD,73,33,39
317A,ANCHORVALE RD,67,37,30
317B,ANCHORVALE RD,82,47,35
317C,ANCHORVALE RD,59,34,24
317D,ANCHORVALE RD,61,38,20
326A,ANCHORVALE RD,37,0,37
326B,ANCHORVALE RD,39,0,39
326C,ANCHORVALE RD,38,0,38
326D,ANCHORVALE RD,30,0,29
327A,ANCHORVALE RD,14,0,14
327B,ANCHORVALE RD,12,0,12
327C,ANCHORVALE RD,43,0,40
351A,ANCHORVALE RD,32,0,32
351B,ANCHORVALE RD,24,0,24
351C,ANCHORVALE RD,18,0,18
351D,ANCHORVALE RD,34,0,34
329A,ANCHORVALE ST,52,0,48
329B,ANCHORVALE ST,45,0,44
330A,ANCHORVALE ST,46,0,43
330B,ANCHORVALE ST,46,0,44
331A,ANCHORVALE ST,37,0,37
331B,ANCHORVALE ST,46,0,45
331C,ANCHORVALE ST,34,0,34
205,ANG MO KIO AVE 1,81,29,8
207,ANG MO KIO AVE 1,81,20,21
208,ANG MO KIO AVE 1,163,36,26
215,ANG MO KIO AVE 1,177,61,26
216,ANG MO KIO AVE 1,203,71,28
218,ANG MO KIO AVE 1,209,74,36
219,ANG MO KIO AVE 1,199,62,28
220,ANG MO KIO AVE 1,164,55,30
221,ANG MO KIO AVE 1,77,32,15
222,ANG MO KIO AVE 1,78,28,15
223,ANG MO KIO AVE 1,202,81,21
225,ANG MO KIO AVE 1,246,88,35
226,ANG MO KIO AVE 1,87,21,22
226B,ANG MO KIO AVE 1,4,2,2
226E,ANG MO KIO AVE 1,2,1,1
226F,ANG MO KIO AVE 1,1,0,1
303,ANG MO KIO AVE 1,143,40,27
304,ANG MO KIO AVE 1,119,34,18
305,ANG MO KIO AVE 1,120,30,23
306,ANG MO KIO AVE 1,125,31,29
307,ANG MO KIO AVE 1,81,0,0
307A,ANG MO KIO AVE 1,26,1,24
307B,ANG MO KIO AVE 1,11,0,10
307C,ANG MO KIO AVE 1,42,0,41
308,ANG MO KIO AVE 1,67,0,0
308A,ANG MO KIO AVE 1,59,2,57
308B,ANG MO KIO AVE 1,56,1,54
309,ANG MO KIO AVE 1,231,0,0
310A,ANG MO KIO AVE 1,52,2,49
310B,ANG MO KIO AVE 1,53,4,47
310C,ANG MO KIO AVE 1,42,2,40
316,ANG MO KIO AVE 1,54,0,0
319,ANG MO KIO AVE 1,258,71,46
320,ANG MO KIO AVE 1,156,53,28
321,ANG MO KIO AVE 1,170,57,26
330,ANG MO KIO AVE 1,287,88,52
331,ANG MO KIO AVE 1,310,112,45
332,ANG MO KIO AVE 1,267,98,34
333,ANG MO KIO AVE 1,255,82,50
334,ANG MO KIO AVE 1,69,28,11
335,ANG MO KIO AVE 1,89,25,18
336,ANG MO KIO AVE 1,101,31,18
337,ANG MO KIO AVE 1,88,24,27
338,ANG MO KIO AVE 1,4,2,2
339,ANG MO KIO AVE 1,1,0,1
340,ANG MO KIO AVE 1,3,3,0
401,ANG MO KIO AVE 10,92,24,20
402,ANG MO KIO AVE 10,83,19,15
403,ANG MO KIO AVE 10,152,55,27
404,ANG MO KIO AVE 10,145,48,30
405,ANG MO KIO AVE 10,188,73,30
406,ANG MO KIO AVE 10,74,46,25
407,ANG MO KIO AVE 10,5,1,1
408,ANG MO KIO AVE 10,7,2,1
411,ANG MO KIO AVE 10,60,16,11
412,ANG MO KIO AVE 10,85,29,13
413,ANG MO KIO AVE 10,94,32,15
414,ANG MO KIO AVE 10,131,36,25
415,ANG MO KIO AVE 10,194,63,26
416,ANG MO KIO AVE 10,219,70,33
417,ANG MO KIO AVE 10,287,103,47
418,ANG MO KIO AVE 10,288,102,41
419,ANG MO KIO AVE 10,243,78,35
421,ANG MO KIO AVE 10,205,77,29
431,ANG MO KIO AVE 10,101,32,18
432,ANG MO KIO AVE 10,131,39,29
433,ANG MO KIO AVE 10,163,50,33
434,ANG MO KIO AVE 10,155,50,32
435,ANG MO KIO AVE 10,240,68,35
436,ANG MO KIO AVE 10,88,30,10
437,ANG MO KIO AVE 10,106,28,25
438,ANG MO KIO AVE 10,107,31,28
439,ANG MO KIO AVE 10,141,49,23
440,ANG MO KIO AVE 10,232,81,29
441,ANG MO KIO AVE 10,201,68,36
442,ANG MO KIO AVE 10,264,89,42
443,ANG MO KIO AVE 10,271,93,42
444,ANG MO KIO AVE 10,298,104,53
445,ANG MO KIO AVE 10,292,89,37
446,ANG MO KIO AVE 10,29,13,6
447,ANG MO KIO AVE 10,33,13,5
448,ANG MO KIO AVE 10,24,10,4
449,ANG MO KIO AVE 10,33,12,7
450,ANG MO KIO AVE 10,37,18,4
451,ANG MO KIO AVE 10,14,4,4
452,ANG MO KIO AVE 10,41,17,7
453,ANG MO KIO AVE 10,16,6,1
454,ANG MO KIO AVE 10,75,0,0
455,ANG MO KIO AVE 10,28,0,0
456,ANG MO KIO AVE 10,214,72,37
457,ANG MO KIO AVE 10,278,102,51
458,ANG MO KIO AVE 10,133,42,23
459,ANG MO KIO AVE 10,101,35,12
460,ANG MO KIO AVE 10,122,34,34
461,ANG MO KIO AVE 10,167,61,31
462,ANG MO KIO AVE 10,164,59,39
463,ANG MO KIO AVE 10,301,101,55
464,ANG MO KIO AVE 10,38,12,6
465,ANG MO KIO AVE 10,242,85,42
466,ANG MO KIO AVE 10,257,80,40
467,ANG MO KIO AVE 10,131,38,17
468,ANG MO KIO AVE 10,77,32,10
470,ANG MO KIO AVE 10,125,32,22
471,ANG MO KIO AVE 10,275,110,42
472,ANG MO KIO AVE 10,178,52,35
473,ANG MO KIO AVE 10,196,77,34
474,ANG MO KIO AVE 10,221,70,47
475,ANG MO KIO AVE 10,200,70,31
476,ANG MO KIO AVE 10,211,58,37
529,ANG MO KIO AVE 10,3,0,1
530,ANG MO KIO AVE 10,4,1,0
531,ANG MO KIO AVE 10,2,0,0
532,ANG MO KIO AVE 10,6,4,1
534,ANG MO KIO AVE 10,251,89,37
536,ANG MO KIO AVE 10,227,71,43
539,ANG MO KIO AVE 10,121,26,26
540,ANG MO KIO AVE 10,293,115,43
541,ANG MO KIO AVE 10,289,102,43
542,ANG MO KIO AVE 10,202,71,34
543,ANG MO KIO AVE 10,96,34,9
544,ANG MO KIO AVE 10,91,23,15
545,ANG MO KIO AVE 10,144,42,20
546,ANG MO KIO AVE 10,82,21,19
547,ANG MO KIO AVE 10,117,50,26
548,ANG MO KIO AVE 10,18,7,1
549,ANG MO KIO AVE 10,161,55,26
550,ANG MO KIO AVE 10,230,68,34
551,ANG MO KIO AVE 10,139,41,33
552,ANG MO KIO AVE 10,128,44,23
553,ANG MO KIO AVE 10,131,39,26
554,ANG MO KIO AVE 10,39,12,8
555,ANG MO KIO AVE 10,8,3,1
556,ANG MO KIO AVE 10,207,73,38
557,ANG MO KIO AVE 10,240,95,43
558,ANG MO KIO AVE 10,285,93,47
559,ANG MO KIO AVE 10,236,80,36
560,ANG MO KIO AVE 10,305,107,49
561,ANG MO KIO AVE 10,236,81,37
575,ANG MO KIO AVE 10,176,55,28
576,ANG MO KIO AVE 10,161,55,24
577,ANG MO KIO AVE 10,190,56,35
578,ANG MO KIO AVE 10,196,62,31
248,ANG MO KIO AVE 2,168,37,0
259,ANG MO KIO AVE 2,126,35,32
101,ANG MO KIO AVE 3,94,26,21
102,ANG MO KIO AVE 3,72,24,19
103,ANG MO KIO AVE 3,186,80,25
119,ANG MO KIO AVE 3,220,64,45
120,ANG MO KIO AVE 3,168,60,24
121,ANG MO KIO AVE 3,294,97,59
122,ANG MO KIO AVE 3,191,65,25
126,ANG MO KIO AVE 3,202,67,26
127,ANG MO KIO AVE 3,227,77,46
128,ANG MO KIO AVE 3,184,62,32
129,ANG MO KIO AVE 3,333,112,52
130,ANG MO KIO AVE 3,278,100,39
131,ANG MO KIO AVE 3,114,30,35
132,ANG MO KIO AVE 3,111,29,24
133,ANG MO KIO AVE 3,30,8,8
134,ANG MO KIO AVE 3,141,43,21
201,ANG MO KIO AVE 3,182,51,31
202,ANG MO KIO AVE 3,185,65,31
204,ANG MO KIO AVE 3,82,29,19
209,ANG MO KIO AVE 3,103,32,17
210,ANG MO KIO AVE 3,125,27,24
211,ANG MO KIO AVE 3,308,103,40
212,ANG MO KIO AVE 3,325,104,53
213,ANG MO KIO AVE 3,217,71,41
214,ANG MO KIO AVE 3,213,83,36
229,ANG MO KIO AVE 3,119,33,20
230,ANG MO KIO AVE 3,212,75,26
231,ANG MO KIO AVE 3,98,37,20
232,ANG MO KIO AVE 3,197,69,30
233,ANG MO KIO AVE 3,149,48,30
234,ANG MO KIO AVE 3,84,38,12
235,ANG MO KIO AVE 3,239,66,36
247,ANG MO KIO AVE 3,163,25,0
301,ANG MO KIO AVE 3,243,85,43
302,ANG MO KIO AVE 3,300,103,50
311,ANG MO KIO AVE 3,76,15,15
312,ANG MO KIO AVE 3,87,25,20
313,ANG MO KIO AVE 3,257,85,47
314,ANG MO KIO AVE 3,196,103,51
322,ANG MO KIO AVE 3,113,32,24
323,ANG MO KIO AVE 3,78,49,27
324,ANG MO KIO AVE 3,128,46,18
325,ANG MO KIO AVE 3,83,22,20
326,ANG MO KIO AVE 3,113,30,26
327,ANG MO KIO AVE 3,97,37,23
328,ANG MO KIO AVE 3,200,63,45
329,ANG MO KIO AVE 3,185,62,33
343,ANG MO KIO AVE 3,174,55,21
344,ANG MO KIO AVE 3,137,34,37
345,ANG MO KIO AVE 3,229,68,45
346,ANG MO KIO AVE 3,227,74,48
347,ANG MO KIO AVE 3,6,5,1
348,ANG MO KIO AVE 3,204,65,28
422,ANG MO KIO AVE 3,214,73,30
423,ANG MO KIO AVE 3,46,14,10
424,ANG MO KIO AVE 3,221,72,24
425,ANG MO KIO AVE 3,170,50,31
426,ANG MO KIO AVE 3,150,49,24
427,ANG MO KIO AVE 3,137,45,28
428,ANG MO KIO AVE 3,115,32,18
429,ANG MO KIO AVE 3,92,30,17
430,ANG MO KIO AVE 3,104,37,22
562,ANG MO KIO AVE 3,88,34,10
563,ANG MO KIO AVE 3,88,30,15
564,ANG MO KIO AVE 3,296,118,33
565,ANG MO KIO AVE 3,238,82,30
570,ANG MO KIO AVE 3,330,97,55
571,ANG MO KIO AVE 3,332,94,64
572,ANG MO KIO AVE 3,113,32,22
573,ANG MO KIO AVE 3,120,39,28
584,ANG MO KIO AVE 3,173,66,33
585,ANG MO KIO AVE 3,186,56,27
586,ANG MO KIO AVE 3,202,70,28
587,ANG MO KIO AVE 3,174,53,29
105,ANG MO KIO AVE 4,99,29,17
106,ANG MO KIO AVE 4,190,68,21
107,ANG MO KIO AVE 4,169,58,26
108,ANG MO KIO AVE 4,196,64,33
109,ANG MO KIO AVE 4,221,63,39
110,ANG MO KIO AVE 4,243,83,37
111,ANG MO KIO AVE 4,105,30,21
112,ANG MO KIO AVE 4,190,67,27
113,ANG MO KIO AVE 4,73,19,13
114,ANG MO KIO AVE 4,150,54,24
116,ANG MO KIO AVE 4,43,24,19
117,ANG MO KIO AVE 4,268,92,35
118,ANG MO KIO AVE 4,228,69,35
155,ANG MO KIO AVE 4,212,76,32
156,ANG MO KIO AVE 4,207,52,43
157,ANG MO KIO AVE 4,49,27,13
158,ANG MO KIO AVE 4,5,4,0
159,ANG MO KIO AVE 4,24,16,5
163,ANG MO KIO AVE 4,79,54,16
170,ANG MO KIO AVE 4,264,85,54
171,ANG MO KIO AVE 4,110,27,22
172,ANG MO KIO AVE 4,301,121,45
173,ANG MO KIO AVE 4,184,64,28
174,ANG MO KIO AVE 4,278,98,43
175,ANG MO KIO AVE 4,133,48,21
176,ANG MO KIO AVE 4,55,20,10
177,ANG MO KIO AVE 4,172,49,36
178,ANG MO KIO AVE 4,288,112,51
252,ANG MO KIO AVE 4,103,19,0
254,ANG MO KIO AVE 4,139,45,17
255,ANG MO KIO AVE 4,207,70,32
256,ANG MO KIO AVE 4,205,61,32
258,ANG MO KIO AVE 4,56,23,7
607,ANG MO KIO AVE 4,266,89,31
609,ANG MO KIO AVE 4,101,39,17
610,ANG MO KIO AVE 4,386,123,47
612,ANG MO KIO AVE 4,243,80,44
613,ANG MO KIO AVE 4,41,22,15
614,ANG MO KIO AVE 4,48,25,15
615,ANG MO KIO AVE 4,63,30,21
616,ANG MO KIO AVE 4,43,24,13
617,ANG MO KIO AVE 4,61,34,16
618,ANG MO KIO AVE 4,55,25,22
619,ANG MO KIO AVE 4,65,34,16
624,ANG MO KIO AVE 4,255,87,51
629,ANG MO KIO AVE 4,48,29,18
630,ANG MO KIO AVE 4,18,9,9
631,ANG MO KIO AVE 4,298,106,55
632,ANG MO KIO AVE 4,29,19,9
644,ANG MO KIO AVE 4,249,83,35
150,ANG MO KIO AVE 5,184,72,27
151,ANG MO KIO AVE 5,175,68,33
152,ANG MO KIO AVE 5,203,83,33
153,ANG MO KIO AVE 5,195,82,39
154,ANG MO KIO AVE 5,189,61,29
179,ANG MO KIO AVE 5,177,57,32
180,ANG MO KIO AVE 5,350,127,55
181,ANG MO KIO AVE 5,131,47,26
182,ANG MO KIO AVE 5,204,73,32
501,ANG MO KIO AVE 5,157,45,28
502,ANG MO KIO AVE 5,249,97,38
503,ANG MO KIO AVE 5,308,113,49
520,ANG MO KIO AVE 5,97,29,17
521,ANG MO KIO AVE 5,111,31,23
522,ANG MO KIO AVE 5,59,24,14
523,ANG MO KIO AVE 5,244,86,41
524,ANG MO KIO AVE 5,213,66,29
533,ANG MO KIO AVE 5,194,66,32
535,ANG MO KIO AVE 5,201,75,32
537,ANG MO KIO AVE 5,119,32,14
538,ANG MO KIO AVE 5,302,100,53
601,ANG MO KIO AVE 5,264,89,43
602,ANG MO KIO AVE 5,201,71,30
603,ANG MO KIO AVE 5,187,74,29
604,ANG MO KIO AVE 5,230,82,36
605,ANG MO KIO AVE 5,199,60,39
606,ANG MO KIO AVE 5,187,61,31
608,ANG MO KIO AVE 5,178,60,30
611,ANG MO KIO AVE 5,191,66,39
642,ANG MO KIO AVE 5,157,54,28
643,ANG MO KIO AVE 5,288,97,39
648,ANG MO KIO AVE 5,192,45,41
649,ANG MO KIO AVE 5,311,98,56
124,ANG MO KIO AVE 6,206,65,30
633,ANG MO KIO AVE 6,241,81,38
634,ANG MO KIO AVE 6,140,48,28
635,ANG MO KIO AVE 6,236,79,32
636,ANG MO KIO AVE 6,101,29,21
637,ANG MO KIO AVE 6,275,81,42
638,ANG MO KIO AVE 6,114,35,26
639,ANG MO KIO AVE 6,215,67,37
640,ANG MO KIO AVE 6,103,23,17
646,ANG MO KIO AVE 6,293,96,50
700A,ANG MO KIO AVE 6,78,43,31
700B,ANG MO KIO AVE 6,86,53,32
700C,ANG MO KIO AVE 6,82,56,24
713,ANG MO KIO AVE 6,19,10,4
714,ANG MO KIO AVE 6,100,25,18
716,ANG MO KIO AVE 6,96,29,11
720,ANG MO KIO AVE 6,20,9,6
725,ANG MO KIO AVE 6,74,21,17
727,ANG MO KIO AVE 6,5,2,2
728,ANG MO KIO AVE 6,37,24,6
729,ANG MO KIO AVE 6,79,24,11
504,ANG MO KIO AVE 8,228,73,43
505,ANG MO KIO AVE 8,207,65,38
506,ANG MO KIO AVE 8,221,71,38
507,ANG MO KIO AVE 8,214,80,32
508,ANG MO KIO AVE 8,45,29,15
509,ANG MO KIO AVE 8,207,71,33
510,ANG MO KIO AVE 8,47,27,18
511,ANG MO KIO AVE 8,85,22,20
512,ANG MO KIO AVE 8,180,60,32
513,ANG MO KIO AVE 8,231,72,46
702,ANG MO KIO AVE 8,1,0,0
704,ANG MO KIO AVE 8,17,8,4
705,ANG MO KIO AVE 8,22,15,2
709,ANG MO KIO AVE 8,24,10,7
710,ANG MO KIO AVE 8,91,18,16
721,ANG MO KIO AVE 8,4,3,0
722,ANG MO KIO AVE 8,5,1,2
620,ANG MO KIO AVE 9,155,47,23
621,ANG MO KIO AVE 9,177,58,30
622,ANG MO KIO AVE 9,136,40,18
623,ANG MO KIO AVE 9,147,51,19
625,ANG MO KIO AVE 9,184,61,25
627,ANG MO KIO AVE 9,51,23,8
104A,ANG MO KIO ST 11,57,20,19
104B,ANG MO KIO ST 11,55,28,18
253,ANG MO KIO ST 21,88,35,22
253A,ANG MO KIO ST 21,43,20,5
260A,ANG MO KIO ST 21,44,0,44
260B,ANG MO KIO ST 21,61,0,61
227A,ANG MO KIO ST 23,23,0,23
228A,ANG MO KIO ST 23,26,0,26
228B,ANG MO KIO ST 23,25,0,25
309A,ANG MO KIO ST 31,90,37,49
315A,ANG MO KIO ST 31,86,51,32
315B,ANG MO KIO ST 31,57,27,30
316A,ANG MO KIO ST 31,91,41,49
317,ANG MO KIO ST 31,83,38,12
350,ANG MO KIO ST 32,115,73,38
351,ANG MO KIO ST 32,87,54,29
352,ANG MO KIO ST 32,96,64,31
353,ANG MO KIO ST 32,107,57,49
354,ANG MO KIO ST 32,113,76,36
455A,ANG MO KIO ST 44,54,0,54
455B,ANG MO KIO ST 44,66,0,66
455C,ANG MO KIO ST 44,58,0,58
590A,ANG MO KIO ST 51,50,0,50
590B,ANG MO KIO ST 51,39,0,39
591A,ANG MO KIO ST 51,66,0,66
588A,ANG MO KIO ST 52,75,0,74
588B,ANG MO KIO ST 52,77,0,73
588C,ANG MO KIO ST 52,89,0,87
588D,ANG MO KIO ST 52,88,0,88
596A,ANG MO KIO ST 52,85,44,41
596B,ANG MO KIO ST 52,84,51,32
596C,ANG MO KIO ST 52,110,67,42
596D,ANG MO KIO ST 52,103,48,53
650,ANG MO KIO ST 61,45,0,40
232,BAIN ST,97,26,27
233,BAIN ST,92,37,22
19,BALAM RD,172,71,32
20,BALAM RD,164,78,28
21,BALAM RD,174,65,31
22,BALAM RD,192,87,28
23,BALAM RD,177,74,39
24,BALAM RD,198,84,35
27,BALAM RD,51,21,12
28,BALAM RD,67,28,23
29,BALAM RD,59,27,17
30,BALAM RD,176,66,35
31,BALAM RD,169,45,26
32,BALAM RD,215,85,33
33,BALAM RD,63,28,9
246,BANGKIT RD,97,37,9
248,BANGKIT RD,123,48,18
249,BANGKIT RD,136,48,20
250,BANGKIT RD,192,78,30
251,BANGKIT RD,169,53,27
252,BANGKIT RD,166,63,27
253,BANGKIT RD,119,34,18
254,BANGKIT RD,85,16,17
255,BANGKIT RD,81,29,6
257,BANGKIT RD,113,37,20
270,BANGKIT RD,139,45,23
271,BANGKIT RD,26,9,1
272,BANGKIT RD,87,24,15
273,BANGKIT RD,113,37,23
274,BANGKIT RD,136,42,23
275,BANGKIT RD,122,38,22
276,BANGKIT RD,112,32,16
277,BANGKIT RD,92,26,14
1,BEACH RD,152,65,30
15,BEACH RD,67,24,10
17,BEACH RD,96,34,18
2,BEACH RD,130,49,25
3,BEACH RD,139,47,32
6,BEACH RD,53,35,18
219A,BEDOK CTRL,32,11,21
219B,BEDOK CTRL,30,9,20
219C,BEDOK CTRL,43,12,30
219D,BEDOK CTRL,30,8,22
220A,BEDOK CTRL,47,11,36
220B,BEDOK CTRL,39,11,27
220C,BEDOK CTRL,30,7,23
221A,BEDOK CTRL,55,16,39
221B,BEDOK CTRL,39,12,27
221C,BEDOK CTRL,33,13,20
423,BEDOK NTH AVE 1,221,67,39
424,BEDOK NTH AVE 1,226,78,34
519,BEDOK NTH AVE 1,265,91,50
520,BEDOK NTH AVE 1,276,107,50
521,BEDOK NTH AVE 1,196,80,39
522,BEDOK NTH AVE 1,211,77,31
547A,BEDOK NTH AVE 1,7,0,7
547B,BEDOK NTH AVE 1,9,0,9
548,BEDOK NTH AVE 1,220,66,34
549,BEDOK NTH AVE 1,201,68,30
550,BEDOK NTH AVE 1,341,121,55
551,BEDOK NTH AVE 1,23,15,8
552,BEDOK NTH AVE 1,111,35,19
553,BEDOK NTH AVE 1,110,23,27
408,BEDOK NTH AVE 2,103,32,18
409,BEDOK NTH AVE 2,186,60,26
410,BEDOK NTH AVE 2,169,63,25
411,BEDOK NTH AVE 2,98,31,17
412,BEDOK NTH AVE 2,205,68,31
413,BEDOK NTH AVE 2,135,47,22
414,BEDOK NTH AVE 2,131,47,21
415,BEDOK NTH AVE 2,136,40,30
416,BEDOK NTH AVE 2,215,68,29
417,BEDOK NTH AVE 2,109,31,12
418,BEDOK NTH AVE 2,241,71,46
512,BEDOK NTH AVE 2,160,46,28
513,BEDOK NTH AVE 2,134,44,23
514,BEDOK NTH AVE 2,38,19,18
515,BEDOK NTH AVE 2,68,17,14
516,BEDOK NTH AVE 2,105,35,21
517,BEDOK NTH AVE 2,125,41,22
518,BEDOK NTH AVE 2,135,39,18
131,BEDOK NTH AVE 3,138,43,26
133,BEDOK NTH AVE 3,163,55,26
136,BEDOK NTH AVE 3,46,17,6
137,BEDOK NTH AVE 3,126,35,18
139,BEDOK NTH AVE 3,182,59,27
401,BEDOK NTH AVE 3,263,89,48
402,BEDOK NTH AVE 3,232,76,35
403,BEDOK NTH AVE 3,124,35,15
404,BEDOK NTH AVE 3,116,32,30
405,BEDOK NTH AVE 3,148,42,31
406,BEDOK NTH AVE 3,118,41,17
407,BEDOK NTH AVE 3,102,28,13
505,BEDOK NTH AVE 3,131,45,19
506,BEDOK NTH AVE 3,132,37,23
507,BEDOK NTH AVE 3,167,37,25
508,BEDOK NTH AVE 3,188,54,24
100,BEDOK NTH AVE 4,348,112,54
101,BEDOK NTH AVE 4,27,15,12
102,BEDOK NTH AVE 4,253,79,35
103,BEDOK NTH AVE 4,198,68,35
104,BEDOK NTH AVE 4,226,60,38
105,BEDOK NTH AVE 4,275,103,36
106,BEDOK NTH AVE 4,31,16,15
92,BEDOK NTH AVE 4,222,83,33
93,BEDOK NTH AVE 4,147,40,22
94B,BEDOK NTH AVE 4,75,23,18
94C,BEDOK NTH AVE 4,99,35,24
94D,BEDOK NTH AVE 4,76,18,13
94E,BEDOK NTH AVE 4,55,15,11
95,BEDOK NTH AVE 4,193,61,31
96,BEDOK NTH AVE 4,124,34,19
97,BEDOK NTH AVE 4,154,46,23
98,BEDOK NTH AVE 4,127,37,21
99,BEDOK NTH AVE 4,129,33,23
222A,BEDOK NTH DR,2,0,1
107,BEDOK NTH RD,248,82,36
108,BEDOK NTH RD,253,79,39
109,BEDOK NTH RD,249,76,36
110,BEDOK NTH RD,267,91,32
111,BEDOK NTH RD,121,27,21
112,BEDOK NTH RD,146,35,30
115,BEDOK NTH RD,291,80,52
116,BEDOK NTH RD,298,82,46
117,BEDOK NTH RD,309,92,35
119,BEDOK NTH RD,189,52,39
121,BEDOK NTH RD,199,66,34
124,BEDOK NTH RD,284,100,37
125,BEDOK NTH RD,250,84,37
180,BEDOK NTH RD,90,41,47
181,BEDOK NTH RD,88,30,58
182,BEDOK NTH RD,76,33,43
183,BEDOK NTH RD,109,43,64
185,BEDOK NTH RD,103,45,58
421,BEDOK NTH RD,192,55,41
422,BEDOK NTH RD,196,64,30
425,BEDOK NTH RD,251,82,44
426,BEDOK NTH RD,246,83,42
427,BEDOK NTH RD,201,63,27
428,BEDOK NTH RD,213,56,44
429B,BEDOK NTH RD,10,0,10
430A,BEDOK NTH RD,21,0,21
431A,BEDOK NTH RD,25,0,25
705,BEDOK NTH RD,159,54,23
706,BEDOK NTH RD,123,39,21
707,BEDOK NTH RD,132,41,23
708,BEDOK NTH RD,137,49,21
74,BEDOK NTH RD,319,119,57
75,BEDOK NTH RD,344,127,62
76,BEDOK NTH RD,309,96,52
77,BEDOK NTH RD,312,127,66
78,BEDOK NTH RD,153,47,30
79,BEDOK NTH RD,182,47,32
80,BEDOK NTH RD,150,39,26
81,BEDOK NTH RD,165,47,26
82,BEDOK NTH RD,170,43,30
83,BEDOK NTH RD,227,0,0
201,BEDOK NTH ST 1,213,70,32
202,BEDOK NTH ST 1,222,75,39
203,BEDOK NTH ST 1,25,16,5
204,BEDOK NTH ST 1,56,24,16
205,BEDOK NTH ST 1,39,19,8
213,BEDOK NTH ST 1,136,40,23
214,BEDOK NTH ST 1,89,28,10
217,BEDOK NTH ST 1,44,23,11
218,BEDOK NTH ST 1,87,30,18
419,BEDOK NTH ST 1,343,115,56
420,BEDOK NTH ST 1,344,114,62
113,BEDOK NTH ST 2,28,11,17
114,BEDOK NTH ST 2,18,8,9
118,BEDOK NTH ST 2,160,41,20
120,BEDOK NTH ST 2,183,55,30
122,BEDOK NTH ST 2,331,117,49
123,BEDOK NTH ST 2,57,18,10
126,BEDOK NTH ST 2,214,65,33
127,BEDOK NTH ST 2,266,80,32
128,BEDOK NTH ST 2,230,77,35
129,BEDOK NTH ST 2,198,71,30
130,BEDOK NTH ST 2,145,41,26
132,BEDOK NTH ST 2,183,56,25
134,BEDOK NTH ST 2,229,78,32
135,BEDOK NTH ST 2,234,76,34
138,BEDOK NTH ST 2,360,128,50
140,BEDOK NTH ST 2,98,72,26
501,BEDOK NTH ST 3,332,130,68
502,BEDOK NTH ST 3,330,122,60
503,BEDOK NTH ST 3,292,119,48
504,BEDOK NTH ST 3,328,119,61
509,BEDOK NTH ST 3,94,34,18
510,BEDOK NTH ST 3,143,52,27
523,BEDOK NTH ST 3,133,38,28
524,BEDOK NTH ST 3,179,47,34
525,BEDOK NTH ST 3,476,162,92
526,BEDOK NTH ST 3,351,112,52
527,BEDOK NTH ST 3,50,15,10
528,BEDOK NTH ST 3,284,97,44
529,BEDOK NTH ST 3,470,157,85
530,BEDOK NTH ST 3,362,121,62
531,BEDOK NTH ST 3,61,26,9
532,BEDOK NTH ST 3,322,105,63
533,BEDOK NTH ST 3,389,134,72
534,BEDOK NTH ST 3,594,197,77
535,BEDOK NTH ST 3,278,104,46
536,BEDOK NTH ST 3,282,98,49
537,BEDOK NTH ST 3,145,58,22
539,BEDOK NTH ST 3,83,48,23
540,BEDOK NTH ST 3,206,83,34
541,BEDOK NTH ST 3,27,17,9
542,BEDOK NTH ST 3,313,115,54
543,BEDOK NTH ST 3,143,44,21
545,BEDOK NTH ST 3,308,109,57
546,BEDOK NTH ST 3,204,62,32
547,BEDOK NTH ST 3,267,74,46
554,BEDOK NTH ST 3,404,130,61
186A,BEDOK NTH ST 4,35,0,35
186B,BEDOK NTH ST 4,43,0,43
187A,BEDOK NTH ST 4,43,0,43
187B,BEDOK NTH ST 4,49,0,49
188A,BEDOK NTH ST 4,24,0,24
188B,BEDOK NTH ST 4,21,0,21
188C,BEDOK NTH ST 4,14,0,14
188D,BEDOK NTH ST 4,14,0,14
84,BEDOK NTH ST 4,129,45,18
86,BEDOK NTH ST 4,38,9,7
87,BEDOK NTH ST 4,29,6,3
88,BEDOK NTH ST 4,66,24,7
89,BEDOK NTH ST 4,78,21,15
90,BEDOK NTH ST 4,166,40,25
91,BEDOK NTH ST 4,156,42,13
747A,BEDOK RESERVOIR CRES,30,0,29
747B,BEDOK RESERVOIR CRES,45,0,45
747C,BEDOK RESERVOIR CRES,39,0,38
748A,BEDOK RESERVOIR CRES,37,0,37
748B,BEDOK RESERVOIR CRES,51,0,51
748C,BEDOK RESERVOIR CRES,40,0,38
101,BEDOK RESERVOIR RD,195,56,33
102,BEDOK RESERVOIR RD,44,14,10
103,BEDOK RESERVOIR RD,274,88,39
104,BEDOK RESERVOIR RD,103,22,14
105,BEDOK RESERVOIR RD,198,56,40
106,BEDOK RESERVOIR RD,186,66,27
107,BEDOK RESERVOIR RD,184,49,37
108,BEDOK RESERVOIR RD,236,89,29
109,BEDOK RESERVOIR RD,49,18,7
110,BEDOK RESERVOIR RD,123,27,31
111,BEDOK RESERVOIR RD,24,8,2
112,BEDOK RESERVOIR RD,96,23,16
113,BEDOK RESERVOIR RD,118,33,20
114,BEDOK RESERVOIR RD,166,45,29
115,BEDOK RESERVOIR RD,122,22,26
116,BEDOK RESERVOIR RD,176,49,22
117,BEDOK RESERVOIR RD,143,51,22
118,BEDOK RESERVOIR RD,45,13,9
119,BEDOK RESERVOIR RD,54,15,7
120,BEDOK RESERVOIR RD,136,28,23
121,BEDOK RESERVOIR RD,128,36,28
122,BEDOK RESERVOIR RD,158,50,22
123,BEDOK RESERVOIR RD,96,30,11
124,BEDOK RESERVOIR RD,111,29,22
125,BEDOK RESERVOIR RD,154,51,21
126,BEDOK RESERVOIR RD,67,26,15
127,BEDOK RESERVOIR RD,60,16,16
128,BEDOK RESERVOIR RD,183,48,35
129,BEDOK RESERVOIR RD,28,12,5
130,BEDOK RESERVOIR RD,103,26,23
131,BEDOK RESERVOIR RD,115,45,17
132,BEDOK RESERVOIR RD,107,32,17
133,BEDOK RESERVOIR RD,110,32,18
134,BEDOK RESERVOIR RD,132,31,18
135,BEDOK RESERVOIR RD,123,34,18
136,BEDOK RESERVOIR RD,128,44,28
137,BEDOK RESERVOIR RD,104,28,23
138,BEDOK RESERVOIR RD,35,7,5
139,BEDOK RESERVOIR RD,108,38,17
140,BEDOK RESERVOIR RD,119,34,20
141,BEDOK RESERVOIR RD,157,37,25
142,BEDOK RESERVOIR RD,182,44,33
143,BEDOK RESERVOIR RD,78,24,19
144,BEDOK RESERVOIR RD,73,27,12
145,BEDOK RESERVOIR RD,102,20,25
146,BEDOK RESERVOIR RD,187,59,23
147,BEDOK RESERVOIR RD,205,61,32
148,BEDOK RESERVOIR RD,148,44,30
149,BEDOK RESERVOIR RD,156,43,29
150,BEDOK RESERVOIR RD,129,51,26
151,BEDOK RESERVOIR RD,133,47,29
601,BEDOK RESERVOIR RD,162,33,32
602,BEDOK RESERVOIR RD,150,43,33
603,BEDOK RESERVOIR RD,82,24,19
604,BEDOK RESERVOIR RD,131,42,22
605,BEDOK RESERVOIR RD,165,40,23
606,BEDOK RESERVOIR RD,117,35,23
607,BEDOK RESERVOIR RD,98,19,18
608,BEDOK RESERVOIR RD,131,37,19
609,BEDOK RESERVOIR RD,248,79,45
610,BEDOK RESERVOIR RD,36,14,7
611,BEDOK RESERVOIR RD,96,32,26
612,BEDOK RESERVOIR RD,83,22,17
613,BEDOK RESERVOIR RD,192,48,34
613A,BEDOK RESERVOIR RD,46,28,9
613B,BEDOK RESERVOIR RD,114,63,35
614,BEDOK RESERVOIR RD,154,51,24
615,BEDOK RESERVOIR RD,199,58,33
616,BEDOK RESERVOIR RD,265,84,49
617,BEDOK RESERVOIR RD,127,40,20
618,BEDOK RESERVOIR RD,168,63,15
619,BEDOK RESERVOIR RD,109,39,20
620,BEDOK RESERVOIR RD,474,148,90
621,BEDOK RESERVOIR RD,136,34,23
622,BEDOK RESERVOIR RD,154,46,24
623,BEDOK RESERVOIR RD,135,41,28
624,BEDOK RESERVOIR RD,32,12,4
625,BEDOK RESERVOIR RD,34,8,10
626,BEDOK RESERVOIR RD,133,34,21
627,BEDOK RESERVOIR RD,128,40,17
628,BEDOK RESERVOIR RD,153,49,26
629,BEDOK RESERVOIR RD,109,40,16
631,BEDOK RESERVOIR RD,55,39,16
632,BEDOK RESERVOIR RD,42,26,15
633,BEDOK RESERVOIR RD,45,8,10
634,BEDOK RESERVOIR RD,78,25,17
635,BEDOK RESERVOIR RD,41,15,6
636,BEDOK RESERVOIR RD,73,21,20
637,BEDOK RESERVOIR RD,58,19,7
638,BEDOK RESERVOIR RD,56,22,5
639,BEDOK RESERVOIR RD,64,23,15
640,BEDOK RESERVOIR RD,64,27,16
641,BEDOK RESERVOIR RD,38,13,5
642,BEDOK RESERVOIR RD,54,25,7
643,BEDOK RESERVOIR RD,54,16,12
644,BEDOK RESERVOIR RD,54,16,11
701,BEDOK RESERVOIR RD,179,67,35
702,BEDOK RESERVOIR RD,164,46,28
703,BEDOK RESERVOIR RD,184,60,33
704,BEDOK RESERVOIR RD,195,60,36
709,BEDOK RESERVOIR RD,367,122,57
710,BEDOK RESERVOIR RD,129,26,31
711,BEDOK RESERVOIR RD,133,24,23
712,BEDOK RESERVOIR RD,199,60,38
713,BEDOK RESERVOIR RD,197,60,40
714,BEDOK RESERVOIR RD,90,22,18
715,BEDOK RESERVOIR RD,99,24,17
716,BEDOK RESERVOIR RD,119,26,17
717,BEDOK RESERVOIR RD,217,57,35
718,BEDOK RESERVOIR RD,288,76,47
719,BEDOK RESERVOIR RD,137,38,19
720,BEDOK RESERVOIR RD,111,29,18
721,BEDOK RESERVOIR RD,164,33,34
722,BEDOK RESERVOIR RD,166,32,31
723,BEDOK RESERVOIR RD,139,30,31
724,BEDOK RESERVOIR RD,146,48,29
725,BEDOK RESERVOIR RD,143,37,31
740,BEDOK RESERVOIR RD,68,24,10
742,BEDOK RESERVOIR RD,62,20,13
744,BEDOK RESERVOIR RD,67,28,7
761,BEDOK RESERVOIR VIEW,101,65,35
762,BEDOK RESERVOIR VIEW,98,61,36
763,BEDOK RESERVOIR VIEW,90,59,30
764,BEDOK RESERVOIR VIEW,37,23,14
765,BEDOK RESERVOIR VIEW,95,54,41
766,BEDOK RESERVOIR VIEW,95,53,41
767,BEDOK RESERVOIR VIEW,109,71,35
768,BEDOK RESERVOIR VIEW,38,21,16
769,BEDOK RESERVOIR VIEW,117,62,53
770,BEDOK RESERVOIR VIEW,90,49,40
771,BEDOK RESERVOIR VIEW,98,52,45
772,BEDOK RESERVOIR VIEW,105,55,48
773,BEDOK RESERVOIR VIEW,92,51,38
774,BEDOK RESERVOIR VIEW,145,89,55
1,BEDOK STH AVE 1,235,89,48
2,BEDOK STH AVE 1,287,89,51
22,BEDOK STH AVE 1,185,56,35
23,BEDOK STH AVE 1,197,48,41
3,BEDOK STH AVE 1,263,93,42
4,BEDOK STH AVE 1,286,103,49
10B,BEDOK STH AVE 2,39,9,16
10C,BEDOK STH AVE 2,4,2,1
10D,BEDOK STH AVE 2,63,23,14
10E,BEDOK STH AVE 2,62,19,14
10F,BEDOK STH AVE 2,48,17,6
14,BEDOK STH AVE 2,69,32,21
31,BEDOK STH AVE 2,155,41,28
32,BEDOK STH AVE 2,126,37,18
33,BEDOK STH AVE 2,260,74,52
34,BEDOK STH AVE 2,267,80,47
35,BEDOK STH AVE 2,225,56,44
36,BEDOK STH AVE 2,235,73,40
37,BEDOK STH AVE 2,213,86,40
5,BEDOK STH AVE 2,132,38,28
6,BEDOK STH AVE 2,89,27,13
7,BEDOK STH AVE 2,122,40,20
8,BEDOK STH AVE 2,129,43,16
9,BEDOK STH AVE 2,49,16,15
155,BEDOK STH AVE 3,9,3,1
156,BEDOK STH AVE 3,97,34,20
157,BEDOK STH AVE 3,121,38,21
158,BEDOK STH AVE 3,20,2,5
159,BEDOK STH AVE 3,141,48,22
160,BEDOK STH AVE 3,99,25,21
161,BEDOK STH AVE 3,34,6,5
166,BEDOK STH AVE 3,109,30,15
167,BEDOK STH AVE 3,103,23,23
168,BEDOK STH AVE 3,24,10,5
169,BEDOK STH AVE 3,113,35,19
46,BEDOK STH AVE 3,161,23,0
66,BEDOK STH AVE 3,111,36,26
67,BEDOK STH AVE 3,108,32,19
68,BEDOK STH AVE 3,90,33,14
69,BEDOK STH AVE 3,181,64,25
72,BEDOK STH AVE 3,106,37,17
15,BEDOK STH RD,131,37,34
152A,BEDOK STH RD,1,0,0
152C,BEDOK STH RD,3,0,3
153A,BEDOK STH RD,5,0,5
153B,BEDOK STH RD,9,0,9
153C,BEDOK STH RD,15,0,15
154A,BEDOK STH RD,11,0,11
154B,BEDOK STH RD,13,0,13
162,BEDOK STH RD,33,4,4
163,BEDOK STH RD,93,30,17
164,BEDOK STH RD,114,38,15
165,BEDOK STH RD,158,47,32
170,BEDOK STH RD,110,28,15
171,BEDOK STH RD,100,29,18
172,BEDOK STH RD,118,40,17
18,BEDOK STH RD,359,129,71
19,BEDOK STH RD,112,38,16
20,BEDOK STH RD,127,44,28
21,BEDOK STH RD,96,28,19
38,BEDOK STH RD,21,13,8
39,BEDOK STH RD,222,70,42
40,BEDOK STH RD,206,65,33
41,BEDOK STH RD,115,34,27
42,BEDOK STH RD,148,44,22
43,BEDOK STH RD,128,33,31
44,BEDOK STH RD,125,37,23
70,BEDOK STH RD,191,57,28
71,BEDOK STH RD,194,66,32
10A,BENDEMEER RD,75,0,75
10B,BENDEMEER RD,54,0,54
10C,BENDEMEER RD,75,0,75
23,BENDEMEER RD,106,35,21
24,BENDEMEER RD,95,38,21
26,BENDEMEER RD,104,41,19
28,BENDEMEER RD,88,36,20
30,BENDEMEER RD,132,55,28
38A,BENDEMEER RD,50,8,42
38B,BENDEMEER RD,51,3,47
38C,BENDEMEER RD,52,1,50
38D,BENDEMEER RD,62,10,52
39A,BENDEMEER RD,50,1,48
43,BENDEMEER RD,294,126,56
44,BENDEMEER RD,311,124,69
45,BENDEMEER RD,150,45,31
46,BENDEMEER RD,62,19,19
47,BENDEMEER RD,140,56,29
48,BENDEMEER RD,50,19,18
24,BEO CRES,146,55,26
36,BEO CRES,115,36,28
38,BEO CRES,102,44,16
40,BEO CRES,112,44,25
101A,BIDADARI PK DR,36,0,36
102A,BIDADARI PK DR,29,0,29
102B,BIDADARI PK DR,41,0,40
103A,BIDADARI PK DR,16,0,16
103B,BIDADARI PK DR,13,0,12
104A,BIDADARI PK DR,22,0,20
105A,BIDADARI PK DR,14,0,14
105B,BIDADARI PK DR,26,0,26
106A,BIDADARI PK DR,30,0,30
106B,BIDADARI PK DR,18,0,18
107A,BIDADARI PK DR,3,0,3
107B,BIDADARI PK DR,5,0,5
110A,BIDADARI PK DR,4,0,4
110B,BIDADARI PK DR,7,0,7
145,BISHAN ST 11,136,50,27
146,BISHAN ST 11,137,33,27
147,BISHAN ST 11,108,38,15
148,BISHAN ST 11,91,28,18
149,BISHAN ST 11,93,26,23
150,BISHAN ST 11,25,10,5
150A,BISHAN ST 11,48,15,11
151,BISHAN ST 11,37,12,4
152,BISHAN ST 11,11,2,3
501,BISHAN ST 11,51,17,11
502,BISHAN ST 11,10,3,5
503,BISHAN ST 11,40,8,13
506,BISHAN ST 11,44,16,10
101,BISHAN ST 12,94,28,18
102,BISHAN ST 12,111,29,17
103,BISHAN ST 12,107,34,25
104,BISHAN ST 12,36,11,4
105,BISHAN ST 12,164,54,26
106,BISHAN ST 12,151,49,29
107,BISHAN ST 12,131,45,18
108,BISHAN ST 12,47,14,10
109,BISHAN ST 12,151,52,30
110,BISHAN ST 12,152,54,24
111,BISHAN ST 12,126,26,26
112,BISHAN ST 12,94,28,23
113,BISHAN ST 12,224,71,46
114,BISHAN ST 12,156,50,29
115,BISHAN ST 12,160,46,38
116,BISHAN ST 12,160,50,26
117,BISHAN ST 12,83,30,15
118,BISHAN ST 12,22,9,3
119,BISHAN ST 12,82,26,16
120,BISHAN ST 12,33,9,8
121,BISHAN ST 12,39,10,8
122,BISHAN ST 12,146,40,28
123,BISHAN ST 12,126,41,25
124,BISHAN ST 12,131,42,30
125,BISHAN ST 12,95,27,17
126,BISHAN ST 12,126,40,18
127,BISHAN ST 12,118,26,21
128,BISHAN ST 12,133,40,25
129,BISHAN ST 12,16,7,2
130,BISHAN ST 12,154,48,28
131,BISHAN ST 12,102,28,24
132,BISHAN ST 12,32,10,7
133,BISHAN ST 12,46,16,10
134,BISHAN ST 12,81,15,15
135,BISHAN ST 12,95,18,29
136,BISHAN ST 12,98,29,15
137,BISHAN ST 12,56,13,7
138,BISHAN ST 12,138,43,24
139,BISHAN ST 12,18,6,3
140,BISHAN ST 12,125,42,19
141,BISHAN ST 12,130,47,25
142,BISHAN ST 12,107,42,14
143,BISHAN ST 12,18,4,6
144,BISHAN ST 12,124,39,25
153,BISHAN ST 13,145,36,38
154,BISHAN ST 13,138,35,24
155,BISHAN ST 13,121,34,23
156,BISHAN ST 13,122,35,20
157,BISHAN ST 13,112,36,19
158,BISHAN ST 13,128,37,26
159,BISHAN ST 13,24,5,6
160,BISHAN ST 13,19,4,6
161,BISHAN ST 13,96,24,23
162,BISHAN ST 13,28,5,6
163,BISHAN ST 13,115,45,17
164,BISHAN ST 13,127,36,24
165,BISHAN ST 13,144,44,32
166,BISHAN ST 13,153,48,34
167,BISHAN ST 13,133,47,28
168,BISHAN ST 13,109,32,17
169,BISHAN ST 13,15,4,4
170,BISHAN ST 13,108,28,18
171,BISHAN ST 13,150,60,27
172,BISHAN ST 13,119,32,18
173,BISHAN ST 13,107,34,15
174,BISHAN ST 13,31,8,7
175,BISHAN ST 13,114,37,21
176,BISHAN ST 13,166,65,35
177,BISHAN ST 13,119,34,22
178,BISHAN ST 13,153,54,26
179,BISHAN ST 13,120,36,17
180,BISHAN ST 13,87,15,15
181,BISHAN ST 13,205,57,40
182,BISHAN ST 13,115,40,21
183,BISHAN ST 13,115,29,14
184,BISHAN ST 13,88,26,17
185,BISHAN ST 13,113,35,24
186,BISHAN ST 13,134,42,26
187,BISHAN ST 13,126,48,23
188,BISHAN ST 13,89,34,12
189,BISHAN ST 13,91,31,9
190,BISHAN ST 13,121,34,27
191,BISHAN ST 13,100,24,15
192,BISHAN ST 13,84,22,16
193,BISHAN ST 13,81,27,13
194,BISHAN ST 13,102,34,20
195,BISHAN ST 13,117,39,23
196,BISHAN ST 13,107,31,19
197,BISHAN ST 13,105,34,13
232,BISHAN ST 22,77,26,16
233,BISHAN ST 22,52,13,15
234,BISHAN ST 22,64,21,11
235,BISHAN ST 22,75,25,18
236,BISHAN ST 22,112,39,23
237,BISHAN ST 22,94,37,17
238,BISHAN ST 22,77,25,19
239,BISHAN ST 22,96,35,19
240,BISHAN ST 22,13,4,5
241,BISHAN ST 22,99,33,21
242,BISHAN ST 22,69,17,15
243,BISHAN ST 22,130,43,26
244,BISHAN ST 22,12,4,1
245,BISHAN ST 22,110,29,28
246,BISHAN ST 22,81,25,13
247,BISHAN ST 22,11,3,2
248,BISHAN ST 22,72,25,12
249,BISHAN ST 22,95,38,19
250,BISHAN ST 22,115,37,23
251,BISHAN ST 22,74,28,14
252,BISHAN ST 22,63,19,14
253,BISHAN ST 22,75,26,13
254,BISHAN ST 22,128,46,22
255,BISHAN ST 22,99,35,19
256,BISHAN ST 22,71,28,20
257,BISHAN ST 22,117,40,33
258,BISHAN ST 22,17,5,5
259,BISHAN ST 22,71,23,15
260,BISHAN ST 22,85,27,18
261,BISHAN ST 22,92,29,22
262,BISHAN ST 22,93,37,23
263,BISHAN ST 22,148,55,22
285,BISHAN ST 22,93,28,21
292,BISHAN ST 22,96,76,18
293,BISHAN ST 22,101,63,32
201,BISHAN ST 23,54,18,12
202,BISHAN ST 23,8,4,1
203,BISHAN ST 23,51,18,11
204,BISHAN ST 23,72,26,18
205,BISHAN ST 23,63,18,11
206,BISHAN ST 23,56,18,13
207,BISHAN ST 23,49,13,11
208,BISHAN ST 23,21,4,6
209,BISHAN ST 23,55,27,10
210,BISHAN ST 23,51,18,6
211,BISHAN ST 23,50,12,10
212,BISHAN ST 23,95,33,26
213,BISHAN ST 23,95,36,18
214,BISHAN ST 23,96,31,21
215,BISHAN ST 23,58,13,13
216,BISHAN ST 23,66,21,19
217,BISHAN ST 23,66,30,13
218,BISHAN ST 23,19,8,5
219,BISHAN ST 23,86,25,19
220,BISHAN ST 23,80,27,22
221,BISHAN ST 23,93,30,17
222,BISHAN ST 23,85,31,18
223,BISHAN ST 23,92,23,15
224,BISHAN ST 23,100,33,16
225,BISHAN ST 23,66,26,9
226,BISHAN ST 23,136,56,29
227,BISHAN ST 23,53,20,11
228,BISHAN ST 23,87,32,18
229,BISHAN ST 23,113,42,17
230,BISHAN ST 23,67,27,14
231,BISHAN ST 23,134,55,29
264,BISHAN ST 24,98,34,17
265,BISHAN ST 24,111,38,20
266,BISHAN ST 24,89,35,16
267,BISHAN ST 24,95,36,18
268,BISHAN ST 24,150,55,32
269,BISHAN ST 24,78,29,12
270,BISHAN ST 24,77,24,13
271,BISHAN ST 24,106,45,15
272,BISHAN ST 24,125,47,37
273A,BISHAN ST 24,85,0,81
273B,BISHAN ST 24,83,0,82
275A,BISHAN ST 24,86,0,85
278,BISHAN ST 24,72,29,10
281,BISHAN ST 24,25,12,4
286,BISHAN ST 24,103,34,25
287,BISHAN ST 24,41,19,6
288,BISHAN ST 24,126,89,32
289,BISHAN ST 24,124,86,25
290,BISHAN ST 24,134,78,51
291,BISHAN ST 24,129,81,43
22,BOON KENG RD,143,52,28
4,BOON KENG RD,68,37,18
5,BOON KENG RD,76,40,19
6,BOON KENG RD,86,33,39
7,BOON KENG RD,122,0,122
8,BOON KENG RD,120,0,120
9,BOON KENG RD,136,0,135
183A,BOON LAY AVE,59,0,58
183B,BOON LAY AVE,39,0,38
183C,BOON LAY AVE,56,0,56
183D,BOON LAY AVE,50,0,50
185,BOON LAY AVE,808,283,126
186,BOON LAY AVE,785,283,113
187,BOON LAY AVE,777,287,149
216,BOON LAY AVE,101,14,0
216A,BOON LAY AVE,19,0,19
216B,BOON LAY AVE,34,0,34
217,BOON LAY AVE,238,34,0
217A,BOON LAY AVE,24,0,24
217B,BOON LAY AVE,32,0,32
218A,BOON LAY AVE,15,0,15
218B,BOON LAY AVE,32,0,32
218C,BOON LAY AVE,23,0,23
218D,BOON LAY AVE,14,0,14
219,BOON LAY AVE,150,28,0
220,BOON LAY AVE,94,14,0
167,BOON LAY DR,166,71,0
168,BOON LAY DR,199,84,0
169,BOON LAY DR,193,89,0
170,BOON LAY DR,155,44,0
171,BOON LAY DR,157,62,0
172,BOON LAY DR,167,73,0
174,BOON LAY DR,52,10,42
175,BOON LAY DR,39,2,36
176,BOON LAY DR,47,1,46
180A,BOON LAY DR,64,0,63
180B,BOON LAY DR,50,0,48
180C,BOON LAY DR,44,0,43
181A,BOON LAY DR,72,0,70
181B,BOON LAY DR,58,0,58
188,BOON LAY DR,13,3,10
191,BOON LAY DR,24,4,20
196A,BOON LAY DR,25,0,25
196B,BOON LAY DR,47,0,47
197A,BOON LAY DR,36,0,35
197B,BOON LAY DR,45,0,45
197C,BOON LAY DR,26,0,25
197D,BOON LAY DR,37,0,36
198,BOON LAY DR,60,15,8
199,BOON LAY DR,78,20,12
200,BOON LAY DR,63,19,13
201,BOON LAY DR,46,8,8
202,BOON LAY DR,58,13,7
203,BOON LAY DR,45,18,8
204,BOON LAY DR,84,22,11
205,BOON LAY DR,32,9,2
206,BOON LAY DR,66,21,10
257,BOON LAY DR,25,11,5
258,BOON LAY DR,48,19,9
259,BOON LAY DR,31,13,7
260,BOON LAY DR,68,25,9
261,BOON LAY DR,56,17,14
262,BOON LAY DR,97,44,14
263,BOON LAY DR,102,45,18
264,BOON LAY DR,42,12,5
265,BOON LAY DR,56,21,14
266,BOON LAY DR,55,24,9
267,BOON LAY DR,49,36,13
268A,BOON LAY DR,53,27,25
268B,BOON LAY DR,39,20,18
268C,BOON LAY DR,66,36,29
207,BOON LAY PL,291,107,37
208,BOON LAY PL,800,283,121
209,BOON LAY PL,589,226,85
210,BOON LAY PL,761,264,95
211,BOON LAY PL,849,309,121
212,BOON LAY PL,188,72,19
213,BOON LAY PL,215,76,29
214,BOON LAY PL,187,68,28
215,BOON LAY PL,192,81,25
221,BOON LAY PL,73,21,9
10A,BOON TIONG RD,63,0,60
10B,BOON TIONG RD,57,0,57
2A,BOON TIONG RD,61,39,22
2C,BOON TIONG RD,51,33,17
4A,BOON TIONG RD,43,20,23
4B,BOON TIONG RD,51,18,32
6A,BOON TIONG RD,66,22,39
6B,BOON TIONG RD,68,22,43
8A,BOON TIONG RD,51,25,25
8B,BOON TIONG RD,82,39,42
9A,BOON TIONG RD,41,0,41
9B,BOON TIONG RD,31,0,30
446,BRIGHT HILL DR,86,31,16
447,BRIGHT HILL DR,103,47,17
448,BRIGHT HILL DR,96,31,19
103,BT BATOK CTRL,137,36,25
104,BT BATOK CTRL,97,23,18
105,BT BATOK CTRL,88,27,14
106,BT BATOK CTRL,126,40,19
120,BT BATOK CTRL,150,39,29
121,BT BATOK CTRL,158,56,20
122,BT BATOK CTRL,139,31,27
123,BT BATOK CTRL,45,12,9
124,BT BATOK CTRL,44,19,3
125,BT BATOK CTRL,213,50,44
126,BT BATOK CTRL,28,12,4
225,BT BATOK CTRL,196,60,33
226,BT BATOK CTRL,56,15,18
227,BT BATOK CTRL,199,63,27
228,BT BATOK CTRL,246,88,31
620,BT BATOK CTRL,65,43,20
621,BT BATOK CTRL,77,46,31
622,BT BATOK CTRL,66,41,25
623,BT BATOK CTRL,82,41,17
624,BT BATOK CTRL,39,19,8
625,BT BATOK CTRL,82,43,19
626,BT BATOK CTRL,76,43,17
627,BT BATOK CTRL,63,36,14
628,BT BATOK CTRL,50,28,14
639,BT BATOK CTRL,39,15,8
642,BT BATOK CTRL,33,12,5
220,BT BATOK EAST AVE 3,34,10,7
221,BT BATOK EAST AVE 3,166,35,26
222,BT BATOK EAST AVE 3,43,11,6
223,BT BATOK EAST AVE 3,152,36,26
229,BT BATOK EAST AVE 3,241,83,38
230,BT BATOK EAST AVE 3,275,90,43
278,BT BATOK EAST AVE 3,41,16,6
280,BT BATOK EAST AVE 3,136,48,21
281,BT BATOK EAST AVE 3,24,10,5
283,BT BATOK EAST AVE 3,124,44,33
285,BT BATOK EAST AVE 3,40,13,8
286,BT BATOK EAST AVE 3,74,31,20
287,BT BATOK EAST AVE 3,64,22,13
290C,BT BATOK EAST AVE 3,92,55,24
290D,BT BATOK EAST AVE 3,132,69,32
254,BT BATOK EAST AVE 4,106,21,13
255,BT BATOK EAST AVE 4,44,20,6
256,BT BATOK EAST AVE 4,56,18,6
257,BT BATOK EAST AVE 4,130,28,19
258,BT BATOK EAST AVE 4,180,63,28
259,BT BATOK EAST AVE 4,204,77,30
260,BT BATOK EAST AVE 4,213,73,41
261,BT BATOK EAST AVE 4,32,11,6
262,BT BATOK EAST AVE 4,56,25,8
263,BT BATOK EAST AVE 4,184,63,20
264,BT BATOK EAST AVE 4,182,65,31
265,BT BATOK EAST AVE 4,232,80,35
266,BT BATOK EAST AVE 4,130,40,20
267,BT BATOK EAST AVE 4,242,91,41
268,BT BATOK EAST AVE 4,95,28,23
269,BT BATOK EAST AVE 4,204,72,31
271,BT BATOK EAST AVE 4,129,48,22
272,BT BATOK EAST AVE 4,201,72,37
274,BT BATOK EAST AVE 4,48,15,10
275,BT BATOK EAST AVE 4,35,12,4
231,BT BATOK EAST AVE 5,294,99,47
232,BT BATOK EAST AVE 5,56,15,7
233,BT BATOK EAST AVE 5,227,82,26
234,BT BATOK EAST AVE 5,51,22,3
235,BT BATOK EAST AVE 5,282,92,50
236,BT BATOK EAST AVE 5,150,39,17
237,BT BATOK EAST AVE 5,27,9,3
238,BT BATOK EAST AVE 5,293,100,43
239,BT BATOK EAST AVE 5,272,86,42
240,BT BATOK EAST AVE 5,284,101,39
241,BT BATOK EAST AVE 5,266,82,44
242,BT BATOK EAST AVE 5,251,84,36
243,BT BATOK EAST AVE 5,150,38,19
244,BT BATOK EAST AVE 5,221,76,32
245,BT BATOK EAST AVE 5,28,10,6
246,BT BATOK EAST AVE 5,30,12,4
247,BT BATOK EAST AVE 5,213,69,36
248,BT BATOK EAST AVE 5,221,68,33
249,BT BATOK EAST AVE 5,242,79,36
250,BT BATOK EAST AVE 5,206,78,22
251,BT BATOK EAST AVE 5,48,15,7
252,BT BATOK EAST AVE 5,55,16,6
253,BT BATOK EAST AVE 5,63,18,9
292A,BT BATOK EAST AVE 6,38,0,38
292B,BT BATOK EAST AVE 6,72,0,72
292C,BT BATOK EAST AVE 6,36,0,36
140,BT BATOK ST 11,185,49,31
141,BT BATOK ST 11,143,34,29
142,BT BATOK ST 11,134,29,21
143,BT BATOK ST 11,58,20,8
145,BT BATOK ST 11,87,30,14
150,BT BATOK ST 11,14,7,7
152,BT BATOK ST 11,26,13,13
154,BT BATOK ST 11,10,6,4
157,BT BATOK ST 11,8,5,3
160,BT BATOK ST 11,143,38,32
161,BT BATOK ST 11,189,56,29
162,BT BATOK ST 11,233,77,40
163,BT BATOK ST 11,154,48,25
164,BT BATOK ST 11,200,60,29
201,BT BATOK ST 21,171,42,29
202,BT BATOK ST 21,207,50,28
203,BT BATOK ST 21,192,45,28
204,BT BATOK ST 21,99,29,13
205,BT BATOK ST 21,171,56,27
206,BT BATOK ST 21,195,53,36
207,BT BATOK ST 21,164,53,26
208,BT BATOK ST 21,191,62,28
209,BT BATOK ST 21,132,37,26
210,BT BATOK ST 21,287,95,42
211,BT BATOK ST 21,204,64,28
212,BT BATOK ST 21,268,105,41
213,BT BATOK ST 21,162,63,24
214,BT BATOK ST 21,45,12,4
215,BT BATOK ST 21,237,94,33
216,BT BATOK ST 21,133,39,21
217,BT BATOK ST 21,193,73,36
218,BT BATOK ST 21,59,23,9
219,BT BATOK ST 21,248,80,36
224,BT BATOK ST 21,82,31,8
293A,BT BATOK ST 21,71,0,71
293B,BT BATOK ST 21,39,0,39
293C,BT BATOK ST 21,47,0,47
293D,BT BATOK ST 21,87,0,87
296A,BT BATOK ST 22,83,0,83
296B,BT BATOK ST 22,73,0,73
296C,BT BATOK ST 22,82,0,82
297,BT BATOK ST 22,75,37,17
298,BT BATOK ST 22,75,38,15
299,BT BATOK ST 22,59,23,18
290A,BT BATOK ST 24,112,57,29
290B,BT BATOK ST 24,106,55,33
290E,BT BATOK ST 24,118,57,38
290F,BT BATOK ST 24,106,47,30
290G,BT BATOK ST 24,116,65,28
291A,BT BATOK ST 24,135,80,29
291B,BT BATOK ST 24,86,39,23
291C,BT BATOK ST 24,97,54,20
291D,BT BATOK ST 24,112,59,25
291E,BT BATOK ST 24,121,65,30
288A,BT BATOK ST 25,73,46,23
288B,BT BATOK ST 25,81,50,21
288C,BT BATOK ST 25,125,97,28
288D,BT BATOK ST 25,129,83,33
288E,BT BATOK ST 25,87,60,27
288F,BT BATOK ST 25,49,33,15
288G,BT BATOK ST 25,95,66,26
289A,BT BATOK ST 25,82,39,28
289B,BT BATOK ST 25,78,54,14
289C,BT BATOK ST 25,79,54,24
289D,BT BATOK ST 25,101,70,31
289E,BT BATOK ST 25,142,105,37
289F,BT BATOK ST 25,109,75,32
289G,BT BATOK ST 25,103,81,22
301,BT BATOK ST 31,145,38,16
302,BT BATOK ST 31,49,19,5
303,BT BATOK ST 31,62,21,6
304,BT BATOK ST 31,191,67,32
305,BT BATOK ST 31,209,82,28
306,BT BATOK ST 31,54,21,5
307,BT BATOK ST 31,155,54,19
308,BT BATOK ST 31,212,70,28
309,BT BATOK ST 31,78,26,9
354,BT BATOK ST 31,161,38,34
355,BT BATOK ST 31,17,2,4
356,BT BATOK ST 31,22,9,6
357,BT BATOK ST 31,22,2,3
358,BT BATOK ST 31,107,35,16
359,BT BATOK ST 31,56,22,12
360,BT BATOK ST 31,193,60,34
361,BT BATOK ST 31,177,68,19
362,BT BATOK ST 31,33,6,6
363,BT BATOK ST 31,260,79,60
364,BT BATOK ST 31,184,62,18
365,BT BATOK ST 31,19,7,3
366,BT BATOK ST 31,132,30,24
367,BT BATOK ST 31,201,67,21
368,BT BATOK ST 31,210,62,24
369,BT BATOK ST 31,175,47,30
370,BT BATOK ST 31,119,28,23
371,BT BATOK ST 31,47,20,6
372,BT BATOK ST 31,62,20,8
374,BT BATOK ST 31,143,58,18
375,BT BATOK ST 31,13,2,3
377,BT BATOK ST 31,38,0,38
310,BT BATOK ST 32,70,22,8
311,BT BATOK ST 32,55,17,10
312,BT BATOK ST 32,198,67,26
313,BT BATOK ST 32,214,93,28
314,BT BATOK ST 32,29,7,2
315,BT BATOK ST 32,170,62,27
316,BT BATOK ST 32,233,77,40
317,BT BATOK ST 32,39,10,6
318,BT BATOK ST 32,186,70,38
332,BT BATOK ST 32,50,18,9
333,BT BATOK ST 32,199,74,29
334,BT BATOK ST 32,48,14,5
335,BT BATOK ST 32,31,11,7
336,BT BATOK ST 32,172,55,24
319,BT BATOK ST 33,187,64,26
320,BT BATOK ST 33,21,8,5
321,BT BATOK ST 33,210,71,44
322,BT BATOK ST 33,211,69,36
323,BT BATOK ST 33,179,73,22
324,BT BATOK ST 33,205,97,30
325,BT BATOK ST 33,214,74,35
326,BT BATOK ST 33,54,13,11
327,BT BATOK ST 33,29,8,8
328,BT BATOK ST 33,21,12,3
329,BT BATOK ST 33,147,39,24
330,BT BATOK ST 33,127,26,27
331,BT BATOK ST 33,194,62,28
337,BT BATOK ST 34,169,48,33
338,BT BATOK ST 34,175,50,39
339,BT BATOK ST 34,213,65,39
340,BT BATOK ST 34,210,78,30
341,BT BATOK ST 34,279,79,51
342,BT BATOK ST 34,54,23,8
343,BT BATOK ST 34,245,91,31
344,BT BATOK ST 34,31,9,6
345,BT BATOK ST 34,215,90,24
346,BT BATOK ST 34,204,64,29
347,BT BATOK ST 34,57,23,9
348,BT BATOK ST 34,131,31,32
349,BT BATOK ST 34,128,40,17
350,BT BATOK ST 34,95,39,17
351,BT BATOK ST 34,21,5,2
352,BT BATOK ST 34,17,6,1
353,BT BATOK ST 34,13,5,4
463A,BT BATOK ST 41,34,0,34
463B,BT BATOK ST 41,36,0,36
526,BT BATOK ST 51,124,30,21
527,BT BATOK ST 51,57,22,7
528,BT BATOK ST 51,206,80,35
530,BT BATOK ST 51,51,12,9
531,BT BATOK ST 51,98,36,20
532,BT BATOK ST 51,112,38,10
533,BT BATOK ST 51,179,71,29
534,BT BATOK ST 51,207,74,28
501,BT BATOK ST 52,160,58,32
503,BT BATOK ST 52,169,71,19
504,BT BATOK ST 52,188,74,32
505,BT BATOK ST 52,172,71,38
506,BT BATOK ST 52,150,57,30
507,BT BATOK ST 52,156,62,25
508,BT BATOK ST 52,45,21,6
509,BT BATOK ST 52,39,10,13
510,BT BATOK ST 52,116,44,19
511,BT BATOK ST 52,150,56,24
512,BT BATOK ST 52,148,39,38
513,BT BATOK ST 52,43,12,9
514,BT BATOK ST 52,118,46,21
523,BT BATOK ST 52,193,80,33
524,BT BATOK ST 52,104,29,22
525,BT BATOK ST 52,51,18,5
535,BT BATOK ST 52,155,48,28
536,BT BATOK ST 52,228,82,45
537,BT BATOK ST 52,179,64,30
539,BT BATOK ST 52,199,78,26
540,BT BATOK ST 52,207,79,30
541,BT BATOK ST 52,34,10,6
542,BT BATOK ST 52,156,44,31
419,BT BATOK WEST AVE 2,121,36,19
420,BT BATOK WEST AVE 2,174,54,37
421,BT BATOK WEST AVE 2,183,76,21
422,BT BATOK WEST AVE 2,193,75,22
423,BT BATOK WEST AVE 2,183,81,25
424,BT BATOK WEST AVE 2,26,12,3
425,BT BATOK WEST AVE 2,29,8,8
426,BT BATOK WEST AVE 2,112,25,19
407,BT BATOK WEST AVE 4,160,66,17
408,BT BATOK WEST AVE 4,173,72,27
409,BT BATOK WEST AVE 4,177,68,29
410,BT BATOK WEST AVE 4,190,80,22
411,BT BATOK WEST AVE 4,240,88,42
413,BT BATOK WEST AVE 4,45,19,6
414,BT BATOK WEST AVE 4,171,58,21
415,BT BATOK WEST AVE 4,26,7,5
416,BT BATOK WEST AVE 4,201,68,34
417,BT BATOK WEST AVE 4,238,76,36
383,BT BATOK WEST AVE 5,155,75,77
384,BT BATOK WEST AVE 5,153,87,66
385,BT BATOK WEST AVE 5,151,98,53
386,BT BATOK WEST AVE 5,115,60,52
387,BT BATOK WEST AVE 5,48,22,24
388,BT BATOK WEST AVE 5,68,34,32
389,BT BATOK WEST AVE 5,43,19,22
390,BT BATOK WEST AVE 5,63,35,27
391,BT BATOK WEST AVE 5,157,87,69
392,BT BATOK WEST AVE 5,88,37,49
393,BT BATOK WEST AVE 5,109,55,53
394,BT BATOK WEST AVE 5,100,50,48
395,BT BATOK WEST AVE 5,144,85,53
435B,BT BATOK WEST AVE 5,35,0,35
435C,BT BATOK WEST AVE 5,43,0,43
436A,BT BATOK WEST AVE 5,42,0,42
437A,BT BATOK WEST AVE 5,35,0,35
101,BT BATOK WEST AVE 6,134,36,20
102,BT BATOK WEST AVE 6,165,53,25
107,BT BATOK WEST AVE 6,108,37,18
108,BT BATOK WEST AVE 6,121,36,15
109,BT BATOK WEST AVE 6,61,22,37
110,BT BATOK WEST AVE 6,163,43,32
111,BT BATOK WEST AVE 6,148,40,19
112,BT BATOK WEST AVE 6,155,48,32
113,BT BATOK WEST AVE 6,135,39,33
114,BT BATOK WEST AVE 6,97,25,12
115,BT BATOK WEST AVE 6,149,37,23
116,BT BATOK WEST AVE 6,150,38,15
117,BT BATOK WEST AVE 6,174,49,31
118,BT BATOK WEST AVE 6,107,38,19
119,BT BATOK WEST AVE 6,80,19,16
127,BT BATOK WEST AVE 6,196,61,29
128,BT BATOK WEST AVE 6,24,9,5
129,BT BATOK WEST AVE 6,227,71,38
130,BT BATOK WEST AVE 6,239,66,44
131,BT BATOK WEST AVE 6,201,62,30
132,BT BATOK WEST AVE 6,43,18,2
133,BT BATOK WEST AVE 6,36,17,6
134,BT BATOK WEST AVE 6,210,76,23
135,BT BATOK WEST AVE 6,233,73,36
136,BT BATOK WEST AVE 6,226,67,37
137,BT BATOK WEST AVE 6,27,9,6
138,BT BATOK WEST AVE 6,235,84,34
139,BT BATOK WEST AVE 6,101,33,22
144,BT BATOK WEST AVE 6,43,12,8
146,BT BATOK WEST AVE 6,248,87,36
147,BT BATOK WEST AVE 6,22,8,3
148,BT BATOK WEST AVE 6,223,80,36
149,BT BATOK WEST AVE 6,21,10,1
185,BT BATOK WEST AVE 6,92,33,15
186,BT BATOK WEST AVE 6,68,24,12
187,BT BATOK WEST AVE 6,134,35,42
188,BT BATOK WEST AVE 6,94,50,16
189,BT BATOK WEST AVE 6,93,38,22
190,BT BATOK WEST AVE 6,112,52,23
191,BT BATOK WEST AVE 6,82,42,15
192,BT BATOK WEST AVE 6,72,34,18
193,BT BATOK WEST AVE 6,56,28,15
194A,BT BATOK WEST AVE 6,72,0,72
194B,BT BATOK WEST AVE 6,108,0,108
450A,BT BATOK WEST AVE 6,51,0,51
450B,BT BATOK WEST AVE 6,56,0,56
450C,BT BATOK WEST AVE 6,54,0,54
450D,BT BATOK WEST AVE 6,35,0,35
451A,BT BATOK WEST AVE 6,58,0,58
451B,BT BATOK WEST AVE 6,59,0,59
452A,BT BATOK WEST AVE 6,46,0,45
453A,BT BATOK WEST AVE 6,53,0,52
453B,BT BATOK WEST AVE 6,41,0,41
402,BT BATOK WEST AVE 7,85,32,17
403,BT BATOK WEST AVE 7,52,14,10
404,BT BATOK WEST AVE 7,59,17,10
405,BT BATOK WEST AVE 7,69,26,13
406,BT BATOK WEST AVE 7,71,30,15
165,BT BATOK WEST AVE 8,134,36,21
166,BT BATOK WEST AVE 8,36,11,7
167,BT BATOK WEST AVE 8,152,51,15
168,BT BATOK WEST AVE 8,145,53,27
169,BT BATOK WEST AVE 8,175,53,27
170,BT BATOK WEST AVE 8,170,56,25
171,BT BATOK WEST AVE 8,189,52,32
172,BT BATOK WEST AVE 8,207,61,38
173,BT BATOK WEST AVE 8,39,16,6
174,BT BATOK WEST AVE 8,17,9,3
175,BT BATOK WEST AVE 8,217,94,32
176,BT BATOK WEST AVE 8,205,56,40
177,BT BATOK WEST AVE 8,177,61,27
178,BT BATOK WEST AVE 8,165,55,22
179,BT BATOK WEST AVE 8,58,20,13
180,BT BATOK WEST AVE 8,206,77,37
181,BT BATOK WEST AVE 8,30,12,4
182,BT BATOK WEST AVE 8,165,56,27
183,BT BATOK WEST AVE 8,109,41,22
184,BT BATOK WEST AVE 8,58,26,6
438A,BT BATOK WEST AVE 8,43,0,43
438B,BT BATOK WEST AVE 8,39,0,39
438C,BT BATOK WEST AVE 8,36,0,36
439A,BT BATOK WEST AVE 8,42,0,42
439B,BT BATOK WEST AVE 8,54,0,54
439C,BT BATOK WEST AVE 8,42,0,42
440A,BT BATOK WEST AVE 8,29,0,29
440B,BT BATOK WEST AVE 8,34,0,34
440C,BT BATOK WEST AVE 8,36,0,36
440D,BT BATOK WEST AVE 8,38,0,38
441A,BT BATOK WEST AVE 8,37,0,37
441B,BT BATOK WEST AVE 8,36,0,36
441C,BT BATOK WEST AVE 8,31,0,30
442A,BT BATOK WEST AVE 8,50,0,50
442B,BT BATOK WEST AVE 8,26,0,26
442C,BT BATOK WEST AVE 8,21,0,21
443A,BT BATOK WEST AVE 8,38,0,38
443B,BT BATOK WEST AVE 8,36,0,36
443C,BT BATOK WEST AVE 8,34,0,34
443D,BT BATOK WEST AVE 8,35,0,35
445A,BT BATOK WEST AVE 8,51,0,51
445B,BT BATOK WEST AVE 8,29,0,28
446A,BT BATOK WEST AVE 8,44,0,44
461A,BT BATOK WEST AVE 8,43,0,42
461B,BT BATOK WEST AVE 8,33,0,33
461C,BT BATOK WEST AVE 8,39,0,39
461D,BT BATOK WEST AVE 8,37,0,37
464A,BT BATOK WEST AVE 8,42,0,41
464B,BT BATOK WEST AVE 8,25,0,25
448A,BT BATOK WEST AVE 9,39,0,39
448B,BT BATOK WEST AVE 9,29,0,29
448C,BT BATOK WEST AVE 9,50,0,50
449A,BT BATOK WEST AVE 9,56,0,56
449B,BT BATOK WEST AVE 9,70,0,70
460A,BT BATOK WEST AVE 9,42,0,42
460B,BT BATOK WEST AVE 9,27,0,27
460C,BT BATOK WEST AVE 9,35,0,35
460D,BT BATOK WEST AVE 9,35,0,35
467A,BT BATOK WEST AVE 9,27,0,27
467B,BT BATOK WEST AVE 9,30,0,30
467C,BT BATOK WEST AVE 9,16,0,16
468A,BT BATOK WEST AVE 9,21,0,20
468B,BT BATOK WEST AVE 9,13,0,13
115,BT MERAH CTRL,110,35,16
116,BT MERAH CTRL,96,25,19
117,BT MERAH CTRL,115,28,18
161,BT MERAH CTRL,55,22,6
164,BT MERAH CTRL,3,1,0
165,BT MERAH CTRL,1,0,1
122,BT MERAH LANE 1,17,9,4
124,BT MERAH LANE 1,14,8,3
127,BT MERAH LANE 1,5,4,0
110,BT MERAH VIEW,55,24,0
111,BT MERAH VIEW,70,28,0
113,BT MERAH VIEW,42,9,0
114,BT MERAH VIEW,28,9,0
116,BT MERAH VIEW,55,25,16
119,BT MERAH VIEW,275,83,55
120,BT MERAH VIEW,110,31,21
124A,BT MERAH VIEW,50,26,9
124B,BT MERAH VIEW,67,37,12
125,BT MERAH VIEW,53,27,14
126,BT MERAH VIEW,68,35,18
128,BT MERAH VIEW,294,118,45
129,BT MERAH VIEW,291,132,56
130,BT MERAH VIEW,310,129,52
234,BT PANJANG RING RD,80,26,14
235,BT PANJANG RING RD,84,30,13
236,BT PANJANG RING RD,119,39,26
237,BT PANJANG RING RD,97,28,17
238,BT PANJANG RING RD,101,30,18
239,BT PANJANG RING RD,138,34,37
240,BT PANJANG RING RD,135,44,25
241,BT PANJANG RING RD,90,30,15
242,BT PANJANG RING RD,74,23,6
243,BT PANJANG RING RD,70,21,13
244,BT PANJANG RING RD,112,29,21
245,BT PANJANG RING RD,17,6,3
259,BT PANJANG RING RD,65,27,10
427,BT PANJANG RING RD,73,21,10
428,BT PANJANG RING RD,13,3,2
429,BT PANJANG RING RD,53,13,9
430,BT PANJANG RING RD,83,28,18
431,BT PANJANG RING RD,162,52,24
432,BT PANJANG RING RD,71,19,16
433,BT PANJANG RING RD,19,5,5
434,BT PANJANG RING RD,84,29,20
435,BT PANJANG RING RD,180,60,29
447,BT PANJANG RING RD,133,63,41
448,BT PANJANG RING RD,112,56,24
449,BT PANJANG RING RD,115,55,24
450,BT PANJANG RING RD,134,56,34
533,BT PANJANG RING RD,101,72,27
535,BT PANJANG RING RD,89,56,32
537,BT PANJANG RING RD,121,82,39
539,BT PANJANG RING RD,60,42,18
541,BT PANJANG RING RD,92,61,27
545,BT PANJANG RING RD,86,60,25
609,BT PANJANG RING RD,116,65,47
611,BT PANJANG RING RD,122,79,41
613,BT PANJANG RING RD,107,67,38
615,BT PANJANG RING RD,111,74,37
617,BT PANJANG RING RD,37,18,19
619,BT PANJANG RING RD,75,52,23
620,BT PANJANG RING RD,85,56,29
101,BT PURMEI RD,143,52,31
102,BT PURMEI RD,134,50,22
103,BT PURMEI RD,111,39,22
104,BT PURMEI RD,117,44,19
105,BT PURMEI RD,116,42,15
106,BT PURMEI RD,108,40,12
107,BT PURMEI RD,124,54,19
108,BT PURMEI RD,168,51,34
109,BT PURMEI RD,119,40,22
110,BT PURMEI RD,157,56,27
111,BT PURMEI RD,124,34,22
112,BT PURMEI RD,148,53,21
113,BT PURMEI RD,123,37,22
114,BT PURMEI RD,134,39,24
115,BT PURMEI RD,179,55,31
978C,BUANGKOK CRES,56,29,25
978D,BUANGKOK CRES,60,33,27
979A,BUANGKOK CRES,51,32,19
979B,BUANGKOK CRES,70,39,30
979C,BUANGKOK CRES,74,44,29
980A,BUANGKOK CRES,66,35,31
980B,BUANGKOK CRES,50,28,20
980C,BUANGKOK CRES,80,50,28
980D,BUANGKOK CRES,50,24,24
981A,BUANGKOK CRES,61,31,29
981B,BUANGKOK CRES,45,20,25
981C,BUANGKOK CRES,60,41,17
981D,BUANGKOK CRES,49,27,22
985A,BUANGKOK CRES,44,26,16
985B,BUANGKOK CRES,71,35,35
986A,BUANGKOK CRES,57,0,56
986B,BUANGKOK CRES,62,0,59
995A,BUANGKOK CRES,21,0,21
995B,BUANGKOK CRES,23,0,23
995C,BUANGKOK CRES,12,0,12
996A,BUANGKOK CRES,38,0,38
996B,BUANGKOK CRES,44,0,44
996C,BUANGKOK CRES,32,0,32
997A,BUANGKOK CRES,39,0,39
997B,BUANGKOK CRES,59,0,59
997C,BUANGKOK CRES,63,0,63
998A,BUANGKOK CRES,51,0,51
998B,BUANGKOK CRES,42,0,42
999B,BUANGKOK CRES,41,0,41
987A,BUANGKOK GREEN,63,0,60
987B,BUANGKOK GREEN,63,0,60
987C,BUANGKOK GREEN,66,0,66
988A,BUANGKOK GREEN,38,0,36
988B,BUANGKOK GREEN,32,0,32
988C,BUANGKOK GREEN,45,0,43
984A,BUANGKOK LINK,65,30,33
984B,BUANGKOK LINK,78,39,38
984C,BUANGKOK LINK,65,43,21
984D,BUANGKOK LINK,87,51,33
991A,BUANGKOK LINK,46,0,46
991B,BUANGKOK LINK,40,0,40
992A,BUANGKOK LINK,39,0,39
992B,BUANGKOK LINK,43,0,43
993A,BUANGKOK LINK,17,0,16
993B,BUANGKOK LINK,19,0,19
994A,BUANGKOK LINK,27,0,27
994B,BUANGKOK LINK,22,0,22
994C,BUANGKOK LINK,26,0,26
5,BUANGKOK STH FARMWAY 1,62,0,0
661,BUFFALO RD,98,38,15
662,BUFFALO RD,128,37,26
663,BUFFALO RD,105,26,23
664,BUFFALO RD,26,9,2
27A,C'WEALTH AVE,122,37,0
39A,C'WEALTH AVE,76,23,0
7,C'WEALTH AVE,72,31,18
7A,C'WEALTH AVE,59,25,15
410,C'WEALTH AVE WEST,127,49,21
411,C'WEALTH AVE WEST,142,45,32
412,C'WEALTH AVE WEST,147,49,18
413,C'WEALTH AVE WEST,118,39,20
414,C'WEALTH AVE WEST,142,45,23
415,C'WEALTH AVE WEST,113,34,15
81,C'WEALTH CL,364,142,59
82,C'WEALTH CL,367,160,59
83,C'WEALTH CL,380,150,82
84,C'WEALTH CL,109,48,17
85,C'WEALTH CL,143,46,32
86,C'WEALTH CL,150,62,21
87,C'WEALTH CL,123,40,26
88,C'WEALTH CL,150,71,20
100,C'WEALTH CRES,123,47,18
101,C'WEALTH CRES,84,34,16
102,C'WEALTH CRES,135,59,22
108,C'WEALTH CRES,117,46,17
109,C'WEALTH CRES,107,38,17
110,C'WEALTH CRES,91,29,17
111,C'WEALTH CRES,82,31,16
112,C'WEALTH CRES,119,42,19
113,C'WEALTH CRES,99,48,12
96,C'WEALTH CRES,97,40,17
97,C'WEALTH CRES,148,75,23
98,C'WEALTH CRES,135,60,23
99,C'WEALTH CRES,124,47,30
50,C'WEALTH DR,96,0,94
51,C'WEALTH DR,35,0,34
52,C'WEALTH DR,36,0,36
53,C'WEALTH DR,86,0,85
55,C'WEALTH DR,168,79,0
56,C'WEALTH DR,172,79,0
57,C'WEALTH DR,5,2,0
58,C'WEALTH DR,193,88,0
59,C'WEALTH DR,161,75,0
60,C'WEALTH DR,182,87,0
61,C'WEALTH DR,9,0,0
62,C'WEALTH DR,176,82,0
63,C'WEALTH DR,155,75,0
64,C'WEALTH DR,136,64,0
65,C'WEALTH DR,150,64,0
66,C'WEALTH DR,163,78,0
67,C'WEALTH DR,8,0,0
68,C'WEALTH DR,6,0,0
69,C'WEALTH DR,6,0,0
70,C'WEALTH DR,7,0,0
71,C'WEALTH DR,4,0,0
72,C'WEALTH DR,7,1,0
73,C'WEALTH DR,4,1,0
74,C'WEALTH DR,81,30,0
75,C'WEALTH DR,78,27,0
76,C'WEALTH DR,97,38,0
77,C'WEALTH DR,83,27,0
78,C'WEALTH DR,78,29,0
79,C'WEALTH DR,60,15,0
80,C'WEALTH DR,67,21,0
89,C'WEALTH DR,115,53,21
90,C'WEALTH DR,141,58,21
91,C'WEALTH DR,104,37,24
92,C'WEALTH DR,112,42,17
93,C'WEALTH DR,147,65,31
94,C'WEALTH DR,105,45,14
95,C'WEALTH DR,100,37,18
37,CAMBRIDGE RD,53,36,17
38,CAMBRIDGE RD,68,46,22
39,CAMBRIDGE RD,57,39,18
40,CAMBRIDGE RD,72,52,18
41,CAMBRIDGE RD,65,24,10
42,CAMBRIDGE RD,51,18,7
43,CAMBRIDGE RD,60,15,19
116A,CANBERRA CRES,22,0,22
117A,CANBERRA CRES,28,0,28
117B,CANBERRA CRES,27,0,27
118A,CANBERRA CRES,13,0,13
118B,CANBERRA CRES,21,0,21
119A,CANBERRA CRES,47,0,46
119B,CANBERRA CRES,39,0,39
120A,CANBERRA CRES,41,0,41
120B,CANBERRA CRES,44,0,44
120C,CANBERRA CRES,32,0,32
120D,CANBERRA CRES,29,0,29
130A,CANBERRA CRES,47,0,47
130B,CANBERRA CRES,43,0,43
131A,CANBERRA CRES,26,0,25
131B,CANBERRA CRES,16,0,16
131C,CANBERRA CRES,20,0,20
132A,CANBERRA CRES,29,0,29
503A,CANBERRA LINK,57,26,31
503B,CANBERRA LINK,59,38,21
503C,CANBERRA LINK,53,37,16
504C,CANBERRA LINK,73,51,20
300,CANBERRA RD,82,69,12
302,CANBERRA RD,80,66,14
303,CANBERRA RD,78,50,28
304,CANBERRA RD,70,51,19
305,CANBERRA RD,49,35,13
306,CANBERRA RD,83,63,19
307,CANBERRA RD,61,43,17
308,CANBERRA RD,77,48,28
309,CANBERRA RD,74,60,14
310,CANBERRA RD,83,62,20
311,CANBERRA RD,94,74,19
350A,CANBERRA RD,58,39,19
350B,CANBERRA RD,51,32,19
350C,CANBERRA RD,47,31,16
351A,CANBERRA RD,54,31,22
351B,CANBERRA RD,59,39,19
351C,CANBERRA RD,58,37,21
351D,CANBERRA RD,54,27,27
352A,CANBERRA RD,56,34,22
352B,CANBERRA RD,42,28,14
352C,CANBERRA RD,60,35,24
416,CANBERRA RD,51,27,24
417,CANBERRA RD,73,51,20
418,CANBERRA RD,74,43,31
419,CANBERRA RD,73,48,23
420,CANBERRA RD,62,30,32
421,CANBERRA RD,74,42,31
422,CANBERRA RD,69,40,28
423,CANBERRA RD,52,21,30
424,CANBERRA RD,68,49,18
425,CANBERRA RD,84,52,30
101A,CANBERRA ST,51,0,51
101B,CANBERRA ST,52,0,52
102A,CANBERRA ST,71,0,71
102B,CANBERRA ST,22,0,22
103A,CANBERRA ST,44,0,44
103B,CANBERRA ST,42,0,42
104A,CANBERRA ST,37,0,37
104B,CANBERRA ST,38,0,38
104C,CANBERRA ST,44,0,44
104D,CANBERRA ST,51,0,51
107A,CANBERRA ST,49,0,49
107B,CANBERRA ST,42,0,42
107C,CANBERRA ST,47,0,47
121A,CANBERRA ST,36,0,36
121B,CANBERRA ST,26,0,26
121C,CANBERRA ST,28,0,28
121D,CANBERRA ST,44,0,44
126A,CANBERRA ST,39,0,39
126B,CANBERRA ST,28,0,28
126C,CANBERRA ST,33,0,32
126D,CANBERRA ST,33,0,33
128A,CANBERRA ST,34,0,34
128B,CANBERRA ST,76,0,76
128C,CANBERRA ST,35,0,35
129A,CANBERRA ST,36,0,35
129B,CANBERRA ST,60,0,60
129C,CANBERRA ST,28,0,28
132B,CANBERRA VIEW,22,0,22
132C,CANBERRA VIEW,21,0,21
108A,CANBERRA WALK,44,0,44
108B,CANBERRA WALK,43,0,43
108C,CANBERRA WALK,53,0,52
109D,CANBERRA WALK,2,0,1
115A,CANBERRA WALK,48,0,48
115B,CANBERRA WALK,39,0,39
115C,CANBERRA WALK,28,0,28
115D,CANBERRA WALK,31,0,31
11,CANTONMENT CL,87,44,39
12,CANTONMENT CL,77,39,35
13,CANTONMENT CL,90,41,47
16,CANTONMENT CL,112,73,38
17,CANTONMENT CL,51,31,18
18,CANTONMENT CL,83,52,31
19,CANTONMENT CL,52,32,20
8,CANTONMENT CL,86,55,31
9,CANTONMENT CL,82,36,43
1A,CANTONMENT RD,103,15,88
1B,CANTONMENT RD,112,16,95
1C,CANTONMENT RD,126,20,105
1D,CANTONMENT RD,101,14,87
1E,CANTONMENT RD,117,18,98
1F,CANTONMENT RD,104,19,84
1G,CANTONMENT RD,120,23,96
130,CASHEW RD,84,22,25
131,CASHEW RD,171,73,31
132,CASHEW RD,160,57,30
133,CASHEW RD,70,22,18
133A,CASHEW RD,33,7,10
135,CASHEW RD,119,35,24
28,CASSIA CRES,93,57,36
30,CASSIA CRES,115,68,46
32,CASSIA CRES,120,41,38
34,CASSIA CRES,101,40,24
36,CASSIA CRES,87,33,25
42,CASSIA CRES,95,34,21
52,CASSIA CRES,15,0,15
54,CASSIA CRES,165,54,29
56,CASSIA CRES,143,93,46
29,CHAI CHEE AVE,33,15,4
29A,CHAI CHEE AVE,59,25,18
32,CHAI CHEE AVE,283,95,61
33,CHAI CHEE AVE,130,41,28
34,CHAI CHEE AVE,115,36,23
35,CHAI CHEE AVE,143,34,37
36,CHAI CHEE AVE,155,59,25
37,CHAI CHEE AVE,161,65,28
40,CHAI CHEE AVE,165,60,28
55,CHAI CHEE DR,420,149,77
56,CHAI CHEE DR,114,29,17
57,CHAI CHEE DR,32,12,4
58,CHAI CHEE DR,177,76,27
1,CHAI CHEE RD,131,32,20
10,CHAI CHEE RD,86,59,27
11,CHAI CHEE RD,71,42,28
19,CHAI CHEE RD,217,79,38
2,CHAI CHEE RD,101,27,17
20,CHAI CHEE RD,225,78,46
21,CHAI CHEE RD,243,90,46
25,CHAI CHEE RD,53,13,13
26,CHAI CHEE RD,67,25,19
27,CHAI CHEE RD,49,14,15
59,CHAI CHEE RD,325,106,63
60,CHAI CHEE RD,35,11,7
61,CHAI CHEE RD,136,35,18
62,CHAI CHEE RD,75,15,10
63,CHAI CHEE RD,91,23,14
803,CHAI CHEE RD,70,24,9
804,CHAI CHEE RD,83,34,15
805,CHAI CHEE RD,81,34,14
807A,CHAI CHEE RD,58,0,57
807B,CHAI CHEE RD,34,0,33
807C,CHAI CHEE RD,66,0,66
808A,CHAI CHEE RD,56,0,56
808B,CHAI CHEE RD,36,0,36
808C,CHAI CHEE RD,61,0,60
41,CHAI CHEE ST,77,32,44
42,CHAI CHEE ST,326,131,53
43,CHAI CHEE ST,192,47,37
44,CHAI CHEE ST,292,97,40
45,CHAI CHEE ST,291,108,48
50,CHAI CHEE ST,346,109,62
51,CHAI CHEE ST,159,43,23
52,CHAI CHEE ST,97,28,14
53,CHAI CHEE ST,127,31,20
54,CHAI CHEE ST,374,123,68
668,CHANDER RD,125,39,16
1,CHANGI VILLAGE RD,39,22,16
4,CHANGI VILLAGE RD,31,18,8
5,CHANGI VILLAGE RD,114,80,30
53,CHIN SWEE RD,91,36,20
130,CHOA CHU KANG AVE 1,61,16,13
131,CHOA CHU KANG AVE 1,63,14,13
132,CHOA CHU KANG AVE 1,46,13,12
201,CHOA CHU KANG AVE 1,19,9,2
202,CHOA CHU KANG AVE 1,107,33,21
203,CHOA CHU KANG AVE 1,54,15,12
204,CHOA CHU KANG AVE 1,114,24,30
807A,CHOA CHU KANG AVE 1,47,0,47
807B,CHOA CHU KANG AVE 1,48,0,48
807C,CHOA CHU KANG AVE 1,42,0,42
808A,CHOA CHU KANG AVE 1,38,0,38
808B,CHOA CHU KANG AVE 1,51,0,51
808C,CHOA CHU KANG AVE 1,35,0,35
808D,CHOA CHU KANG AVE 1,33,0,33
809A,CHOA CHU KANG AVE 1,46,0,46
809B,CHOA CHU KANG AVE 1,39,0,39
818A,CHOA CHU KANG AVE 1,51,0,51
818B,CHOA CHU KANG AVE 1,52,0,52
818C,CHOA CHU KANG AVE 1,26,0,26
248,CHOA CHU KANG AVE 2,116,39,18
249,CHOA CHU KANG AVE 2,112,37,27
250,CHOA CHU KANG AVE 2,97,28,25
251,CHOA CHU KANG AVE 2,108,37,25
252,CHOA CHU KANG AVE 2,143,53,31
254,CHOA CHU KANG AVE 2,40,6,9
271,CHOA CHU KANG AVE 2,66,26,12
272,CHOA CHU KANG AVE 2,52,14,12
273,CHOA CHU KANG AVE 2,60,15,16
274,CHOA CHU KANG AVE 2,68,22,14
275,CHOA CHU KANG AVE 2,61,17,12
276,CHOA CHU KANG AVE 2,81,25,10
277,CHOA CHU KANG AVE 2,81,22,13
287,CHOA CHU KANG AVE 2,127,34,29
294,CHOA CHU KANG AVE 2,147,47,27
295,CHOA CHU KANG AVE 2,136,48,16
296,CHOA CHU KANG AVE 2,74,52,21
296A,CHOA CHU KANG AVE 2,78,53,25
296B,CHOA CHU KANG AVE 2,44,27,17
296C,CHOA CHU KANG AVE 2,38,27,10
296D,CHOA CHU KANG AVE 2,43,29,14
296E,CHOA CHU KANG AVE 2,72,43,27
297,CHOA CHU KANG AVE 2,37,24,13
297A,CHOA CHU KANG AVE 2,58,40,17
297B,CHOA CHU KANG AVE 2,57,43,14
297C,CHOA CHU KANG AVE 2,71,45,26
297D,CHOA CHU KANG AVE 2,86,63,23
278,CHOA CHU KANG AVE 3,31,13,7
279,CHOA CHU KANG AVE 3,29,13,3
280,CHOA CHU KANG AVE 3,115,42,25
281,CHOA CHU KANG AVE 3,106,36,21
282,CHOA CHU KANG AVE 3,95,24,25
283,CHOA CHU KANG AVE 3,136,50,25
284,CHOA CHU KANG AVE 3,132,51,20
285,CHOA CHU KANG AVE 3,120,45,18
286,CHOA CHU KANG AVE 3,96,36,22
288,CHOA CHU KANG AVE 3,148,49,25
289,CHOA CHU KANG AVE 3,114,38,23
290,CHOA CHU KANG AVE 3,105,36,21
291,CHOA CHU KANG AVE 3,81,29,12
292,CHOA CHU KANG AVE 3,20,9,3
293,CHOA CHU KANG AVE 3,125,39,29
401,CHOA CHU KANG AVE 3,90,41,14
402,CHOA CHU KANG AVE 3,80,33,10
403,CHOA CHU KANG AVE 3,32,12,6
404,CHOA CHU KANG AVE 3,85,32,11
405,CHOA CHU KANG AVE 3,83,31,13
406,CHOA CHU KANG AVE 3,140,47,26
407,CHOA CHU KANG AVE 3,85,32,10
408,CHOA CHU KANG AVE 3,101,37,18
409,CHOA CHU KANG AVE 3,93,33,15
410,CHOA CHU KANG AVE 3,101,30,19
411,CHOA CHU KANG AVE 3,111,38,23
412,CHOA CHU KANG AVE 3,153,59,33
413,CHOA CHU KANG AVE 3,106,32,21
469,CHOA CHU KANG AVE 3,89,65,23
470,CHOA CHU KANG AVE 3,104,84,19
471,CHOA CHU KANG AVE 3,109,73,35
472,CHOA CHU KANG AVE 3,104,73,30
473,CHOA CHU KANG AVE 3,126,93,31
474,CHOA CHU KANG AVE 3,81,57,23
305,CHOA CHU KANG AVE 4,42,13,3
306,CHOA CHU KANG AVE 4,75,33,11
307,CHOA CHU KANG AVE 4,110,34,26
308,CHOA CHU KANG AVE 4,3,0,1
414,CHOA CHU KANG AVE 4,102,33,15
415,CHOA CHU KANG AVE 4,40,16,5
416,CHOA CHU KANG AVE 4,79,24,17
417,CHOA CHU KANG AVE 4,107,38,21
418,CHOA CHU KANG AVE 4,106,44,19
419,CHOA CHU KANG AVE 4,67,14,13
420,CHOA CHU KANG AVE 4,80,24,17
421,CHOA CHU KANG AVE 4,102,36,20
422,CHOA CHU KANG AVE 4,88,29,25
423,CHOA CHU KANG AVE 4,116,37,21
424,CHOA CHU KANG AVE 4,26,12,4
425,CHOA CHU KANG AVE 4,130,51,33
426,CHOA CHU KANG AVE 4,100,34,15
427,CHOA CHU KANG AVE 4,102,34,23
428,CHOA CHU KANG AVE 4,34,14,7
429,CHOA CHU KANG AVE 4,85,33,16
430,CHOA CHU KANG AVE 4,93,27,17
431,CHOA CHU KANG AVE 4,98,40,17
432,CHOA CHU KANG AVE 4,74,28,8
433,CHOA CHU KANG AVE 4,97,32,22
434,CHOA CHU KANG AVE 4,87,24,19
435,CHOA CHU KANG AVE 4,99,30,24
436,CHOA CHU KANG AVE 4,60,15,12
437,CHOA CHU KANG AVE 4,78,18,24
438,CHOA CHU KANG AVE 4,91,27,17
439,CHOA CHU KANG AVE 4,130,41,25
440,CHOA CHU KANG AVE 4,127,41,32
441,CHOA CHU KANG AVE 4,107,35,20
442,CHOA CHU KANG AVE 4,134,90,25
443,CHOA CHU KANG AVE 4,110,74,22
444,CHOA CHU KANG AVE 4,112,71,28
445,CHOA CHU KANG AVE 4,85,55,22
446,CHOA CHU KANG AVE 4,89,45,26
447,CHOA CHU KANG AVE 4,94,61,27
448,CHOA CHU KANG AVE 4,101,56,29
449,CHOA CHU KANG AVE 4,40,27,12
450,CHOA CHU KANG AVE 4,67,51,15
451,CHOA CHU KANG AVE 4,54,35,17
452,CHOA CHU KANG AVE 4,40,24,16
453,CHOA CHU KANG AVE 4,82,50,31
454,CHOA CHU KANG AVE 4,76,50,23
455,CHOA CHU KANG AVE 4,40,27,11
456,CHOA CHU KANG AVE 4,35,23,12
457,CHOA CHU KANG AVE 4,61,42,19
458,CHOA CHU KANG AVE 4,63,30,31
459,CHOA CHU KANG AVE 4,44,30,13
460,CHOA CHU KANG AVE 4,65,42,21
461,CHOA CHU KANG AVE 4,53,30,22
462,CHOA CHU KANG AVE 4,55,41,12
463,CHOA CHU KANG AVE 4,65,49,15
464,CHOA CHU KANG AVE 4,55,35,20
465,CHOA CHU KANG AVE 4,74,47,25
476A,CHOA CHU KANG AVE 5,36,0,35
476B,CHOA CHU KANG AVE 5,37,0,37
476C,CHOA CHU KANG AVE 5,43,0,42
476D,CHOA CHU KANG AVE 5,37,0,36
483,CHOA CHU KANG AVE 5,89,56,32
484,CHOA CHU KANG AVE 5,106,73,32
484A,CHOA CHU KANG AVE 5,124,84,39
484B,CHOA CHU KANG AVE 5,109,75,33
484C,CHOA CHU KANG AVE 5,112,78,32
484D,CHOA CHU KANG AVE 5,126,81,41
485,CHOA CHU KANG AVE 5,73,54,15
485A,CHOA CHU KANG AVE 5,98,64,32
485B,CHOA CHU KANG AVE 5,34,20,14
485C,CHOA CHU KANG AVE 5,31,16,15
485D,CHOA CHU KANG AVE 5,92,66,24
486,CHOA CHU KANG AVE 5,76,49,25
487A,CHOA CHU KANG AVE 5,48,0,45
487B,CHOA CHU KANG AVE 5,50,0,45
487C,CHOA CHU KANG AVE 5,52,0,47
488A,CHOA CHU KANG AVE 5,22,0,22
488B,CHOA CHU KANG AVE 5,19,0,17
488C,CHOA CHU KANG AVE 5,35,0,34
488D,CHOA CHU KANG AVE 5,45,0,45
489A,CHOA CHU KANG AVE 5,45,0,42
489B,CHOA CHU KANG AVE 5,41,0,38
489C,CHOA CHU KANG AVE 5,31,0,30
489D,CHOA CHU KANG AVE 5,43,0,41
490A,CHOA CHU KANG AVE 5,29,0,28
490B,CHOA CHU KANG AVE 5,30,0,27
490C,CHOA CHU KANG AVE 5,32,0,30
490D,CHOA CHU KANG AVE 5,40,0,38
810A,CHOA CHU KANG AVE 7,54,0,54
810B,CHOA CHU KANG AVE 7,35,0,35
811A,CHOA CHU KANG AVE 7,46,0,46
811B,CHOA CHU KANG AVE 7,44,0,44
812A,CHOA CHU KANG AVE 7,51,0,51
812B,CHOA CHU KANG AVE 7,54,0,54
812C,CHOA CHU KANG AVE 7,42,0,42
815A,CHOA CHU KANG AVE 7,52,0,52
815B,CHOA CHU KANG AVE 7,66,0,66
815C,CHOA CHU KANG AVE 7,69,0,69
656,CHOA CHU KANG CRES,100,65,35
657,CHOA CHU KANG CRES,80,56,23
658,CHOA CHU KANG CRES,80,50,26
659,CHOA CHU KANG CRES,99,62,36
660,CHOA CHU KANG CRES,104,71,32
661,CHOA CHU KANG CRES,83,57,25
662,CHOA CHU KANG CRES,42,29,12
663,CHOA CHU KANG CRES,42,27,15
664,CHOA CHU KANG CRES,39,25,14
665,CHOA CHU KANG CRES,44,26,17
666,CHOA CHU KANG CRES,48,28,19
667,CHOA CHU KANG CRES,85,59,26
668,CHOA CHU KANG CRES,76,51,24
669,CHOA CHU KANG CRES,70,48,21
670,CHOA CHU KANG CRES,84,54,29
670A,CHOA CHU KANG CRES,76,48,28
671,CHOA CHU KANG CRES,32,21,10
671A,CHOA CHU KANG CRES,33,21,12
672,CHOA CHU KANG CRES,38,23,13
672A,CHOA CHU KANG CRES,52,36,16
672B,CHOA CHU KANG CRES,17,12,5
673,CHOA CHU KANG CRES,94,61,31
673A,CHOA CHU KANG CRES,81,48,32
674,CHOA CHU KANG CRES,25,14,11
674A,CHOA CHU KANG CRES,25,17,8
675,CHOA CHU KANG CRES,37,22,14
676,CHOA CHU KANG CRES,57,44,13
676A,CHOA CHU KANG CRES,35,22,13
677,CHOA CHU KANG CRES,97,60,32
678,CHOA CHU KANG CRES,100,62,36
679,CHOA CHU KANG CRES,88,54,33
680,CHOA CHU KANG CRES,113,70,42
681,CHOA CHU KANG CRES,106,65,39
682,CHOA CHU KANG CRES,74,45,27
683A,CHOA CHU KANG CRES,79,39,40
683B,CHOA CHU KANG CRES,76,48,26
683C,CHOA CHU KANG CRES,67,36,29
684A,CHOA CHU KANG CRES,66,32,34
684B,CHOA CHU KANG CRES,68,42,25
684C,CHOA CHU KANG CRES,70,41,28
684D,CHOA CHU KANG CRES,79,41,37
685A,CHOA CHU KANG CRES,92,48,43
685B,CHOA CHU KANG CRES,84,48,34
685C,CHOA CHU KANG CRES,72,43,27
686A,CHOA CHU KANG CRES,112,69,39
686B,CHOA CHU KANG CRES,117,60,56
686C,CHOA CHU KANG CRES,84,52,29
686D,CHOA CHU KANG CRES,98,58,38
688C,CHOA CHU KANG CRES,101,63,36
690A,CHOA CHU KANG CRES,110,64,46
690B,CHOA CHU KANG CRES,62,25,34
690C,CHOA CHU KANG CRES,74,41,32
690D,CHOA CHU KANG CRES,144,83,60
691A,CHOA CHU KANG CRES,146,93,51
691B,CHOA CHU KANG CRES,128,70,57
692A,CHOA CHU KANG CRES,114,64,49
692B,CHOA CHU KANG CRES,167,93,72
205,CHOA CHU KANG CTRL,127,40,26
206,CHOA CHU KANG CTRL,117,37,20
207,CHOA CHU KANG CTRL,66,14,14
208,CHOA CHU KANG CTRL,82,20,13
209,CHOA CHU KANG CTRL,21,8,3
210,CHOA CHU KANG CTRL,112,37,24
211,CHOA CHU KANG CTRL,46,14,9
212,CHOA CHU KANG CTRL,167,49,26
213,CHOA CHU KANG CTRL,142,41,27
214,CHOA CHU KANG CTRL,63,15,12
215,CHOA CHU KANG CTRL,89,26,14
216,CHOA CHU KANG CTRL,21,4,5
217,CHOA CHU KANG CTRL,95,40,15
218,CHOA CHU KANG CTRL,82,29,14
219,CHOA CHU KANG CTRL,45,12,15
220,CHOA CHU KANG CTRL,87,37,9
221,CHOA CHU KANG CTRL,15,5,3
223,CHOA CHU KANG CTRL,115,43,24
224,CHOA CHU KANG CTRL,65,23,10
225,CHOA CHU KANG CTRL,81,25,21
226,CHOA CHU KANG CTRL,75,22,18
227,CHOA CHU KANG CTRL,92,28,17
228,CHOA CHU KANG CTRL,99,29,15
229,CHOA CHU KANG CTRL,132,45,22
230,CHOA CHU KANG CTRL,135,44,32
231,CHOA CHU KANG CTRL,34,16,6
232,CHOA CHU KANG CTRL,50,15,9
233,CHOA CHU KANG CTRL,61,22,13
234,CHOA CHU KANG CTRL,137,43,22
235,CHOA CHU KANG CTRL,81,21,16
236,CHOA CHU KANG CTRL,118,36,20
237,CHOA CHU KANG CTRL,98,37,18
238,CHOA CHU KANG CTRL,16,5,4
239,CHOA CHU KANG CTRL,22,9,9
350,CHOA CHU KANG CTRL,14,4,3
351,CHOA CHU KANG CTRL,45,12,6
352,CHOA CHU KANG CTRL,80,27,12
353,CHOA CHU KANG CTRL,145,45,25
354,CHOA CHU KANG CTRL,119,49,18
355,CHOA CHU KANG CTRL,93,25,17
687A,CHOA CHU KANG DR,72,42,30
687B,CHOA CHU KANG DR,81,49,30
687C,CHOA CHU KANG DR,90,52,37
687D,CHOA CHU KANG DR,84,46,37
688A,CHOA CHU KANG DR,119,66,53
688B,CHOA CHU KANG DR,133,72,60
689A,CHOA CHU KANG DR,71,46,23
689B,CHOA CHU KANG DR,76,41,32
784,CHOA CHU KANG DR,57,27,12
785,CHOA CHU KANG DR,74,34,16
786,CHOA CHU KANG DR,69,35,9
340,CHOA CHU KANG LOOP,71,26,12
341,CHOA CHU KANG LOOP,54,16,12
342,CHOA CHU KANG LOOP,72,17,12
343,CHOA CHU KANG LOOP,54,16,10
344,CHOA CHU KANG LOOP,43,7,7
345,CHOA CHU KANG LOOP,55,21,10
346,CHOA CHU KANG LOOP,65,23,10
751,CHOA CHU KANG NTH 5,80,31,12
752,CHOA CHU KANG NTH 5,72,23,11
753,CHOA CHU KANG NTH 5,49,13,19
754,CHOA CHU KANG NTH 5,57,14,13
755,CHOA CHU KANG NTH 5,43,12,13
756,CHOA CHU KANG NTH 5,42,11,7
757,CHOA CHU KANG NTH 5,51,19,12
758,CHOA CHU KANG NTH 5,48,19,11
759,CHOA CHU KANG NTH 5,69,21,19
760,CHOA CHU KANG NTH 5,83,29,21
761,CHOA CHU KANG NTH 5,68,26,11
762,CHOA CHU KANG NTH 5,90,38,18
763,CHOA CHU KANG NTH 5,79,33,19
764,CHOA CHU KANG NTH 5,62,26,18
765,CHOA CHU KANG NTH 5,54,20,10
766,CHOA CHU KANG NTH 5,75,36,13
553,CHOA CHU KANG NTH 6,43,18,10
554,CHOA CHU KANG NTH 6,65,30,9
555,CHOA CHU KANG NTH 6,72,28,14
556,CHOA CHU KANG NTH 6,36,15,9
557,CHOA CHU KANG NTH 6,56,17,13
558,CHOA CHU KANG NTH 6,38,11,10
559,CHOA CHU KANG NTH 6,43,18,8
560,CHOA CHU KANG NTH 6,39,14,7
561,CHOA CHU KANG NTH 6,70,24,14
631,CHOA CHU KANG NTH 6,77,44,19
632,CHOA CHU KANG NTH 6,105,62,27
633,CHOA CHU KANG NTH 6,98,64,20
634,CHOA CHU KANG NTH 6,72,38,22
635,CHOA CHU KANG NTH 6,81,41,22
636,CHOA CHU KANG NTH 6,70,36,15
637,CHOA CHU KANG NTH 6,77,45,15
787,CHOA CHU KANG NTH 6,47,23,5
788,CHOA CHU KANG NTH 6,69,31,17
789,CHOA CHU KANG NTH 6,88,39,14
790,CHOA CHU KANG NTH 6,88,45,19
791,CHOA CHU KANG NTH 6,60,23,9
792,CHOA CHU KANG NTH 6,63,30,10
617,CHOA CHU KANG NTH 7,95,40,16
618,CHOA CHU KANG NTH 7,98,35,19
619,CHOA CHU KANG NTH 7,64,27,9
501,CHOA CHU KANG ST 51,94,36,19
502,CHOA CHU KANG ST 51,61,28,8
503,CHOA CHU KANG ST 51,94,35,19
504,CHOA CHU KANG ST 51,110,40,24
505,CHOA CHU KANG ST 51,123,56,17
506,CHOA CHU KANG ST 51,92,33,23
507,CHOA CHU KANG ST 51,72,22,18
508,CHOA CHU KANG ST 51,53,17,12
509,CHOA CHU KANG ST 51,47,18,8
510,CHOA CHU KANG ST 51,47,16,9
511,CHOA CHU KANG ST 51,76,24,22
512,CHOA CHU KANG ST 51,49,23,6
513,CHOA CHU KANG ST 51,50,15,13
514,CHOA CHU KANG ST 51,113,53,16
515,CHOA CHU KANG ST 51,51,15,13
516,CHOA CHU KANG ST 51,99,42,18
517,CHOA CHU KANG ST 51,94,41,16
518,CHOA CHU KANG ST 51,78,28,13
523,CHOA CHU KANG ST 51,54,18,9
524,CHOA CHU KANG ST 51,44,12,7
525,CHOA CHU KANG ST 51,56,20,11
526,CHOA CHU KANG ST 51,50,12,11
527,CHOA CHU KANG ST 51,58,20,10
528,CHOA CHU KANG ST 51,54,18,9
529,CHOA CHU KANG ST 51,57,18,9
530,CHOA CHU KANG ST 51,60,16,13
531,CHOA CHU KANG ST 51,62,24,14
535,CHOA CHU KANG ST 51,51,1,49
540,CHOA CHU KANG ST 52,68,17,13
541,CHOA CHU KANG ST 52,102,37,22
542,CHOA CHU KANG ST 52,74,21,15
543,CHOA CHU KANG ST 52,61,24,8
544,CHOA CHU KANG ST 52,93,39,22
545,CHOA CHU KANG ST 52,69,22,10
546,CHOA CHU KANG ST 52,70,20,14
547,CHOA CHU KANG ST 52,79,31,11
548,CHOA CHU KANG ST 52,56,22,10
549,CHOA CHU KANG ST 52,93,35,15
550,CHOA CHU KANG ST 52,108,46,20
551,CHOA CHU KANG ST 52,66,23,12
552,CHOA CHU KANG ST 52,59,16,17
562,CHOA CHU KANG ST 52,88,31,15
563,CHOA CHU KANG ST 52,61,21,7
564,CHOA CHU KANG ST 52,54,20,7
565,CHOA CHU KANG ST 52,93,35,13
566,CHOA CHU KANG ST 52,78,35,9
567,CHOA CHU KANG ST 52,76,26,15
568,CHOA CHU KANG ST 52,72,26,10
569,CHOA CHU KANG ST 52,78,28,13
570,CHOA CHU KANG ST 52,25,0,25
571,CHOA CHU KANG ST 52,33,0,30
572,CHOA CHU KANG ST 52,29,0,29
573,CHOA CHU KANG ST 52,29,0,29
574,CHOA CHU KANG ST 52,44,0,44
701,CHOA CHU KANG ST 53,99,25,20
702,CHOA CHU KANG ST 53,125,36,32
703,CHOA CHU KANG ST 53,70,24,11
704,CHOA CHU KANG ST 53,108,46,17
705,CHOA CHU KANG ST 53,81,28,12
706,CHOA CHU KANG ST 53,83,34,16
707,CHOA CHU KANG ST 53,96,41,19
708,CHOA CHU KANG ST 53,102,42,20
767,CHOA CHU KANG ST 54,106,55,18
768,CHOA CHU KANG ST 54,62,26,16
769,CHOA CHU KANG ST 54,125,53,30
770,CHOA CHU KANG ST 54,121,55,22
771,CHOA CHU KANG ST 54,102,41,25
601,CHOA CHU KANG ST 62,48,16,12
602,CHOA CHU KANG ST 62,66,28,8
603,CHOA CHU KANG ST 62,70,24,10
604,CHOA CHU KANG ST 62,59,24,9
605,CHOA CHU KANG ST 62,43,17,8
606,CHOA CHU KANG ST 62,82,30,13
607,CHOA CHU KANG ST 62,145,65,23
608,CHOA CHU KANG ST 62,76,31,12
609,CHOA CHU KANG ST 62,82,26,16
610,CHOA CHU KANG ST 62,89,28,20
611,CHOA CHU KANG ST 62,84,32,19
612,CHOA CHU KANG ST 62,118,45,19
613,CHOA CHU KANG ST 62,141,62,29
614,CHOA CHU KANG ST 62,77,34,15
615,CHOA CHU KANG ST 62,72,34,13
616,CHOA CHU KANG ST 62,81,36,13
620,CHOA CHU KANG ST 62,134,61,27
621,CHOA CHU KANG ST 62,76,30,20
625,CHOA CHU KANG ST 62,114,63,26
626,CHOA CHU KANG ST 62,136,69,32
627,CHOA CHU KANG ST 62,90,48,13
638,CHOA CHU KANG ST 64,81,44,17
639,CHOA CHU KANG ST 64,89,50,14
640,CHOA CHU KANG ST 64,127,77,27
641,CHOA CHU KANG ST 64,129,76,32
642,CHOA CHU KANG ST 64,99,51,22
643,CHOA CHU KANG ST 64,91,53,18
17A,CIRCUIT RD,44,0,44
17B,CIRCUIT RD,49,0,49
18A,CIRCUIT RD,41,0,40
18B,CIRCUIT RD,48,0,48
18C,CIRCUIT RD,47,0,47
18D,CIRCUIT RD,55,0,55
34,CIRCUIT RD,175,73,27
35,CIRCUIT RD,160,63,29
36,CIRCUIT RD,171,57,27
37,CIRCUIT RD,52,21,28
38,CIRCUIT RD,172,70,33
39,CIRCUIT RD,152,59,29
40,CIRCUIT RD,189,69,37
41,CIRCUIT RD,35,16,5
42,CIRCUIT RD,76,34,17
43,CIRCUIT RD,213,74,48
44,CIRCUIT RD,208,71,35
45,CIRCUIT RD,218,95,38
46,CIRCUIT RD,210,80,36
47,CIRCUIT RD,173,78,31
48,CIRCUIT RD,158,67,26
49,CIRCUIT RD,217,85,48
50,CIRCUIT RD,137,55,23
51,CIRCUIT RD,39,29,9
52,CIRCUIT RD,33,20,13
57,CIRCUIT RD,187,89,37
58,CIRCUIT RD,168,61,43
59,CIRCUIT RD,182,85,28
60,CIRCUIT RD,168,79,32
61,CIRCUIT RD,193,94,31
62,CIRCUIT RD,174,68,29
63,CIRCUIT RD,185,84,34
64,CIRCUIT RD,160,61,30
65,CIRCUIT RD,145,64,35
66,CIRCUIT RD,211,90,39
67,CIRCUIT RD,176,63,39
68,CIRCUIT RD,41,28,12
69,CIRCUIT RD,185,73,37
70,CIRCUIT RD,60,33,27
71,CIRCUIT RD,47,40,7
72,CIRCUIT RD,55,38,15
82A,CIRCUIT RD,53,0,52
82B,CIRCUIT RD,80,0,80
83A,CIRCUIT RD,23,0,23
83B,CIRCUIT RD,37,0,37
85,CIRCUIT RD,129,45,30
87,CIRCUIT RD,84,31,19
129,CLARENCE LANE,93,39,24
130,CLARENCE LANE,77,34,20
131,CLARENCE LANE,48,28,8
132,CLARENCE LANE,44,17,9
133,CLARENCE LANE,36,10,10
401,CLEMENTI AVE 1,206,32,0
402,CLEMENTI AVE 1,194,42,0
403,CLEMENTI AVE 1,249,63,0
407,CLEMENTI AVE 1,120,30,0
409,CLEMENTI AVE 1,150,31,0
416,CLEMENTI AVE 1,70,0,70
417,CLEMENTI AVE 1,55,0,53
418,CLEMENTI AVE 1,46,0,45
420,CLEMENTI AVE 1,80,0,79
421,CLEMENTI AVE 1,110,0,109
423,CLEMENTI AVE 1,53,0,53
424,CLEMENTI AVE 1,55,0,55
425,CLEMENTI AVE 1,69,0,68
464B,CLEMENTI AVE 1,1,0,1
328,CLEMENTI AVE 2,51,17,8
329,CLEMENTI AVE 2,273,82,51
330,CLEMENTI AVE 2,180,49,32
331,CLEMENTI AVE 2,184,60,34
332,CLEMENTI AVE 2,110,25,13
333,CLEMENTI AVE 2,122,37,23
334,CLEMENTI AVE 2,200,66,31
335,CLEMENTI AVE 2,200,71,28
336,CLEMENTI AVE 2,119,33,21
337,CLEMENTI AVE 2,143,32,27
338,CLEMENTI AVE 2,123,42,19
349,CLEMENTI AVE 2,105,35,16
350,CLEMENTI AVE 2,116,43,15
351,CLEMENTI AVE 2,302,112,50
352,CLEMENTI AVE 2,84,24,13
354,CLEMENTI AVE 2,152,60,13
355,CLEMENTI AVE 2,113,38,18
356,CLEMENTI AVE 2,102,38,14
357,CLEMENTI AVE 2,112,35,22
358,CLEMENTI AVE 2,102,43,21
359,CLEMENTI AVE 2,71,22,10
362,CLEMENTI AVE 2,162,47,26
363,CLEMENTI AVE 2,198,73,32
364,CLEMENTI AVE 2,241,91,37
365,CLEMENTI AVE 2,206,63,36
366,CLEMENTI AVE 2,48,32,15
367,CLEMENTI AVE 2,53,40,13
426,CLEMENTI AVE 3,206,63,34
427,CLEMENTI AVE 3,202,73,29
428,CLEMENTI AVE 3,197,65,35
429,CLEMENTI AVE 3,202,62,25
430,CLEMENTI AVE 3,217,66,31
431,CLEMENTI AVE 3,79,25,11
432,CLEMENTI AVE 3,143,40,25
433,CLEMENTI AVE 3,151,45,17
434,CLEMENTI AVE 3,168,53,29
435,CLEMENTI AVE 3,159,45,26
440,CLEMENTI AVE 3,70,0,0
440A,CLEMENTI AVE 3,24,0,24
440B,CLEMENTI AVE 3,20,0,20
440C,CLEMENTI AVE 3,26,0,26
441A,CLEMENTI AVE 3,25,1,24
441B,CLEMENTI AVE 3,49,4,45
442,CLEMENTI AVE 3,34,20,5
443,CLEMENTI AVE 3,6,2,1
445,CLEMENTI AVE 3,55,9,0
445A,CLEMENTI AVE 3,39,0,39
445B,CLEMENTI AVE 3,29,0,29
446,CLEMENTI AVE 3,14,7,4
449,CLEMENTI AVE 3,92,25,16
450,CLEMENTI AVE 3,51,25,16
454,CLEMENTI AVE 3,76,39,34
455,CLEMENTI AVE 3,55,34,21
456,CLEMENTI AVE 3,60,44,16
457,CLEMENTI AVE 3,65,44,21
458,CLEMENTI AVE 3,40,23,17
459,CLEMENTI AVE 3,49,20,29
460,CLEMENTI AVE 3,80,54,24
461,CLEMENTI AVE 3,59,22,36
462,CLEMENTI AVE 3,68,28,40
301,CLEMENTI AVE 4,191,61,29
302,CLEMENTI AVE 4,164,60,17
303,CLEMENTI AVE 4,250,76,35
304,CLEMENTI AVE 4,279,102,42
305,CLEMENTI AVE 4,334,112,49
306,CLEMENTI AVE 4,284,86,41
307,CLEMENTI AVE 4,216,66,42
308,CLEMENTI AVE 4,221,78,39
309,CLEMENTI AVE 4,311,98,47
310,CLEMENTI AVE 4,261,91,37
311,CLEMENTI AVE 4,109,0,0
311A,CLEMENTI AVE 4,113,0,112
311B,CLEMENTI AVE 4,134,0,132
311C,CLEMENTI AVE 4,126,0,125
312,CLEMENTI AVE 4,99,0,0
312A,CLEMENTI AVE 4,63,0,63
312B,CLEMENTI AVE 4,77,0,77
312C,CLEMENTI AVE 4,83,0,83
313,CLEMENTI AVE 4,87,0,0
314,CLEMENTI AVE 4,76,0,0
315,CLEMENTI AVE 4,87,23,15
316,CLEMENTI AVE 4,113,37,19
317,CLEMENTI AVE 4,89,30,12
318,CLEMENTI AVE 4,104,35,13
319,CLEMENTI AVE 4,148,49,22
320,CLEMENTI AVE 4,240,78,22
371,CLEMENTI AVE 4,239,76,42
372,CLEMENTI AVE 4,89,30,16
373,CLEMENTI AVE 4,123,37,17
374,CLEMENTI AVE 4,227,84,44
375,CLEMENTI AVE 4,213,67,35
376,CLEMENTI AVE 4,185,59,25
321,CLEMENTI AVE 5,108,40,0
322,CLEMENTI AVE 5,115,44,0
323,CLEMENTI AVE 5,126,42,0
324,CLEMENTI AVE 5,105,28,19
325,CLEMENTI AVE 5,53,20,5
326,CLEMENTI AVE 5,229,74,33
327,CLEMENTI AVE 5,192,63,28
339,CLEMENTI AVE 5,287,92,51
340,CLEMENTI AVE 5,122,29,20
341,CLEMENTI AVE 5,198,71,31
342,CLEMENTI AVE 5,116,37,21
343,CLEMENTI AVE 5,163,61,32
344,CLEMENTI AVE 5,33,20,12
345,CLEMENTI AVE 5,207,72,35
346,CLEMENTI AVE 5,272,88,49
347,CLEMENTI AVE 5,119,38,21
348,CLEMENTI AVE 5,140,45,24
377,CLEMENTI AVE 5,183,59,31
378,CLEMENTI AVE 5,25,7,2
379,CLEMENTI AVE 5,208,68,24
380,CLEMENTI AVE 5,22,12,3
381,CLEMENTI AVE 5,127,44,22
201,CLEMENTI AVE 6,144,35,28
202,CLEMENTI AVE 6,122,39,18
203,CLEMENTI AVE 6,9,5,0
204,CLEMENTI AVE 6,93,33,16
205,CLEMENTI AVE 6,83,26,22
206,CLEMENTI AVE 6,133,42,36
208A,CLEMENTI AVE 6,39,0,39
208B,CLEMENTI AVE 6,36,0,36
109,CLEMENTI ST 11,44,25,18
105,CLEMENTI ST 12,42,31,11
110,CLEMENTI ST 13,36,12,5
111,CLEMENTI ST 13,116,33,24
112,CLEMENTI ST 13,21,8,4
113,CLEMENTI ST 13,104,38,18
114,CLEMENTI ST 13,107,37,16
115,CLEMENTI ST 13,133,41,29
116,CLEMENTI ST 13,165,52,29
117,CLEMENTI ST 13,134,50,23
118,CLEMENTI ST 13,168,62,24
101,CLEMENTI ST 14,108,32,15
102,CLEMENTI ST 14,16,7,1
103,CLEMENTI ST 14,114,38,21
104,CLEMENTI ST 14,26,7,3
601,CLEMENTI WEST ST 1,107,44,17
602,CLEMENTI WEST ST 1,310,116,62
603,CLEMENTI WEST ST 1,51,21,5
604,CLEMENTI WEST ST 1,103,36,18
605,CLEMENTI WEST ST 1,132,39,22
606,CLEMENTI WEST ST 1,92,24,14
607,CLEMENTI WEST ST 1,219,70,39
608,CLEMENTI WEST ST 1,269,105,45
609,CLEMENTI WEST ST 1,100,26,21
610,CLEMENTI WEST ST 1,212,81,43
611,CLEMENTI WEST ST 1,279,91,63
612,CLEMENTI WEST ST 1,240,84,44
613,CLEMENTI WEST ST 1,114,25,23
705,CLEMENTI WEST ST 2,147,54,30
706,CLEMENTI WEST ST 2,317,117,54
707,CLEMENTI WEST ST 2,182,60,31
708,CLEMENTI WEST ST 2,121,39,20
709,CLEMENTI WEST ST 2,142,50,15
710,CLEMENTI WEST ST 2,198,78,25
711,CLEMENTI WEST ST 2,270,94,51
712,CLEMENTI WEST ST 2,164,46,22
713,CLEMENTI WEST ST 2,129,40,29
714,CLEMENTI WEST ST 2,306,99,48
715,CLEMENTI WEST ST 2,312,111,58
716,CLEMENTI WEST ST 2,289,95,49
717,CLEMENTI WEST ST 2,111,36,10
721,CLEMENTI WEST ST 2,1,1,0
722,CLEMENTI WEST ST 2,4,2,2
723,CLEMENTI WEST ST 2,101,30,10
724,CLEMENTI WEST ST 2,100,24,21
727,CLEMENTI WEST ST 2,1,1,0
728,CLEMENTI WEST ST 2,306,103,54
729,CLEMENTI WEST ST 2,241,87,47
730,CLEMENTI WEST ST 2,139,46,24
731,CLEMENTI WEST ST 2,177,55,29
264A,COMPASSVALE BOW,22,10,12
264B,COMPASSVALE BOW,26,6,20
264C,COMPASSVALE BOW,34,13,20
264D,COMPASSVALE BOW,41,19,18
264E,COMPASSVALE BOW,44,16,26
264F,COMPASSVALE BOW,39,17,19
265D,COMPASSVALE BOW,21,8,12
265E,COMPASSVALE BOW,40,15,25
266A,COMPASSVALE BOW,28,12,16
266B,COMPASSVALE BOW,30,9,18
266C,COMPASSVALE BOW,34,16,15
274A,COMPASSVALE BOW,42,0,42
274B,COMPASSVALE BOW,31,0,31
274C,COMPASSVALE BOW,12,0,12
278A,COMPASSVALE BOW,44,0,44
278B,COMPASSVALE BOW,41,0,41
278C,COMPASSVALE BOW,14,0,14
286A,COMPASSVALE CRES,42,0,41
286B,COMPASSVALE CRES,48,0,48
286C,COMPASSVALE CRES,54,0,54
287A,COMPASSVALE CRES,48,0,48
287B,COMPASSVALE CRES,23,0,23
287C,COMPASSVALE CRES,40,0,40
288A,COMPASSVALE CRES,48,0,48
288B,COMPASSVALE CRES,31,0,31
288C,COMPASSVALE CRES,38,0,38
289A,COMPASSVALE CRES,54,0,54
289B,COMPASSVALE CRES,38,0,38
290A,COMPASSVALE CRES,70,44,25
290B,COMPASSVALE CRES,77,45,32
290C,COMPASSVALE CRES,48,27,21
293A,COMPASSVALE CRES,42,0,42
293B,COMPASSVALE CRES,46,0,46
293C,COMPASSVALE CRES,53,0,53
293D,COMPASSVALE CRES,44,0,44
294A,COMPASSVALE CRES,41,0,41
295A,COMPASSVALE CRES,120,75,44
295B,COMPASSVALE CRES,96,53,42
295C,COMPASSVALE CRES,88,46,41
296A,COMPASSVALE CRES,51,28,23
296B,COMPASSVALE CRES,95,59,36
296C,COMPASSVALE CRES,69,38,31
201A,COMPASSVALE DR,64,35,26
201B,COMPASSVALE DR,84,49,30
201C,COMPASSVALE DR,69,38,31
201D,COMPASSVALE DR,55,32,22
202,COMPASSVALE DR,69,48,21
202A,COMPASSVALE DR,52,17,34
204A,COMPASSVALE DR,91,63,25
204B,COMPASSVALE DR,58,35,23
204C,COMPASSVALE DR,53,32,21
204D,COMPASSVALE DR,44,20,24
212A,COMPASSVALE DR,51,0,51
212B,COMPASSVALE DR,46,0,45
212C,COMPASSVALE DR,45,0,45
215A,COMPASSVALE DR,45,0,45
215B,COMPASSVALE DR,45,0,45
216A,COMPASSVALE DR,34,0,34
216B,COMPASSVALE DR,42,0,42
216C,COMPASSVALE DR,19,0,19
216D,COMPASSVALE DR,31,0,31
217A,COMPASSVALE DR,32,0,32
217B,COMPASSVALE DR,50,0,50
217C,COMPASSVALE DR,40,0,40
227A,COMPASSVALE DR,50,32,18
227B,COMPASSVALE DR,41,29,11
227C,COMPASSVALE DR,72,44,28
227D,COMPASSVALE DR,33,24,9
205A,COMPASSVALE LANE,53,28,25
205B,COMPASSVALE LANE,45,21,23
205C,COMPASSVALE LANE,63,37,26
206A,COMPASSVALE LANE,85,58,25
206B,COMPASSVALE LANE,68,43,24
206C,COMPASSVALE LANE,88,55,32
206D,COMPASSVALE LANE,69,40,29
207A,COMPASSVALE LANE,60,28,30
207B,COMPASSVALE LANE,41,18,23
207C,COMPASSVALE LANE,41,20,21
207D,COMPASSVALE LANE,72,40,32
208A,COMPASSVALE LANE,35,4,31
208B,COMPASSVALE LANE,32,8,24
209A,COMPASSVALE LANE,51,11,40
209B,COMPASSVALE LANE,36,4,32
209C,COMPASSVALE LANE,45,11,34
210A,COMPASSVALE LANE,67,0,67
210B,COMPASSVALE LANE,32,0,32
210C,COMPASSVALE LANE,43,0,43
211A,COMPASSVALE LANE,56,0,56
211B,COMPASSVALE LANE,59,0,58
211C,COMPASSVALE LANE,69,0,69
211D,COMPASSVALE LANE,77,0,77
213A,COMPASSVALE LANE,43,0,43
213B,COMPASSVALE LANE,55,0,54
265A,COMPASSVALE LINK,33,15,17
265B,COMPASSVALE LINK,31,12,18
265C,COMPASSVALE LINK,46,19,27
267A,COMPASSVALE LINK,65,36,29
267B,COMPASSVALE LINK,53,21,31
268A,COMPASSVALE LINK,70,33,36
268B,COMPASSVALE LINK,52,28,24
268C,COMPASSVALE LINK,75,33,41
268D,COMPASSVALE LINK,65,35,29
269A,COMPASSVALE LINK,55,26,29
269B,COMPASSVALE LINK,52,27,22
269C,COMPASSVALE LINK,48,22,25
269D,COMPASSVALE LINK,58,27,29
273A,COMPASSVALE LINK,34,13,21
273B,COMPASSVALE LINK,33,11,22
273C,COMPASSVALE LINK,72,30,42
273D,COMPASSVALE LINK,90,29,59
275A,COMPASSVALE LINK,71,30,40
275B,COMPASSVALE LINK,60,20,40
275C,COMPASSVALE LINK,59,23,35
275D,COMPASSVALE LINK,50,18,32
277A,COMPASSVALE LINK,69,19,50
277B,COMPASSVALE LINK,66,20,45
277C,COMPASSVALE LINK,59,20,39
277D,COMPASSVALE LINK,44,13,31
203A,COMPASSVALE RD,108,64,40
203B,COMPASSVALE RD,54,31,23
203C,COMPASSVALE RD,51,31,18
203D,COMPASSVALE RD,55,18,36
203E,COMPASSVALE RD,89,55,30
244,COMPASSVALE RD,50,29,19
245,COMPASSVALE RD,54,31,23
246,COMPASSVALE RD,53,33,18
247,COMPASSVALE RD,83,60,21
248,COMPASSVALE RD,81,53,27
249,COMPASSVALE RD,81,57,24
254,COMPASSVALE RD,45,24,21
255,COMPASSVALE RD,53,38,14
256,COMPASSVALE RD,35,22,13
257A,COMPASSVALE RD,66,44,20
257B,COMPASSVALE RD,64,43,21
257C,COMPASSVALE RD,94,58,34
258A,COMPASSVALE RD,63,37,26
258B,COMPASSVALE RD,51,31,20
258C,COMPASSVALE RD,53,31,22
258D,COMPASSVALE RD,63,36,26
259A,COMPASSVALE RD,64,44,20
259B,COMPASSVALE RD,61,41,17
259C,COMPASSVALE RD,83,50,33
250A,COMPASSVALE ST,45,23,22
250B,COMPASSVALE ST,43,24,17
250C,COMPASSVALE ST,60,35,25
250D,COMPASSVALE ST,53,29,21
251,COMPASSVALE ST,50,30,19
252,COMPASSVALE ST,71,47,24
253,COMPASSVALE ST,42,28,14
262A,COMPASSVALE ST,73,42,29
262B,COMPASSVALE ST,46,23,22
262C,COMPASSVALE ST,35,20,15
262D,COMPASSVALE ST,54,31,23
291A,COMPASSVALE ST,47,26,21
291B,COMPASSVALE ST,73,41,31
291C,COMPASSVALE ST,64,35,28
291D,COMPASSVALE ST,84,50,32
292A,COMPASSVALE ST,63,33,30
292B,COMPASSVALE ST,104,64,40
297A,COMPASSVALE ST,123,69,53
297B,COMPASSVALE ST,107,67,39
298A,COMPASSVALE ST,138,82,53
298B,COMPASSVALE ST,136,87,45
298C,COMPASSVALE ST,104,60,40
298D,COMPASSVALE ST,115,66,48
299A,COMPASSVALE ST,130,70,58
299B,COMPASSVALE ST,129,78,46
299C,COMPASSVALE ST,79,38,39
223A,COMPASSVALE WALK,53,37,14
223B,COMPASSVALE WALK,22,16,6
223C,COMPASSVALE WALK,46,30,16
223D,COMPASSVALE WALK,82,52,28
224A,COMPASSVALE WALK,61,43,18
224B,COMPASSVALE WALK,44,29,15
224C,COMPASSVALE WALK,48,33,15
224D,COMPASSVALE WALK,54,35,18
225A,COMPASSVALE WALK,39,28,11
225B,COMPASSVALE WALK,35,22,12
225C,COMPASSVALE WALK,63,39,23
226A,COMPASSVALE WALK,86,62,23
226B,COMPASSVALE WALK,54,35,19
226C,COMPASSVALE WALK,57,26,29
228A,COMPASSVALE WALK,36,22,14
228B,COMPASSVALE WALK,64,45,19
228C,COMPASSVALE WALK,40,30,10
229,COMPASSVALE WALK,57,36,21
230,COMPASSVALE WALK,98,66,30
231,COMPASSVALE WALK,87,55,32
232,COMPASSVALE WALK,94,61,32
233,COMPASSVALE WALK,53,31,21
234,COMPASSVALE WALK,56,43,12
235,COMPASSVALE WALK,44,30,13
236,COMPASSVALE WALK,89,57,31
237,COMPASSVALE WALK,60,37,20
238,COMPASSVALE WALK,94,63,31
239,COMPASSVALE WALK,71,51,20
240,COMPASSVALE WALK,52,32,19
241,COMPASSVALE WALK,60,38,22
140A,CORPORATION DR,26,0,26
140B,CORPORATION DR,45,0,45
140C,CORPORATION DR,48,0,48
140D,CORPORATION DR,35,0,35
150A,CORPORATION DR,62,0,62
349,CORPORATION DR,65,52,13
350,CORPORATION DR,36,20,7
351,CORPORATION DR,77,56,20
365,CORPORATION DR,69,33,17
366,CORPORATION DR,81,37,15
367,CORPORATION DR,70,32,18
368,CORPORATION DR,84,45,23
461,CRAWFORD LANE,88,33,12
462,CRAWFORD LANE,162,67,28
463,CRAWFORD LANE,111,50,26
466,CRAWFORD LANE,69,20,14
58,DAKOTA CRES,138,43,30
60,DAKOTA CRES,205,70,32
62,DAKOTA CRES,99,23,23
68,DAKOTA CRES,31,0,0
78,DAWSON RD,14,0,14
79,DAWSON RD,33,0,33
86,DAWSON RD,141,0,138
87,DAWSON RD,152,0,152
88,DAWSON RD,149,0,149
89,DAWSON RD,70,0,66
90,DAWSON RD,57,0,51
91,DAWSON RD,59,0,57
92,DAWSON RD,71,0,68
93,DAWSON RD,60,0,60
94,DAWSON RD,30,0,30
95,DAWSON RD,29,0,29
96,DAWSON RD,33,0,33
1,DELTA AVE,90,33,18
2,DELTA AVE,87,17,26
3,DELTA AVE,103,30,17
4,DELTA AVE,87,26,13
5,DELTA AVE,128,40,25
103,DEPOT RD,86,0,0
103A,DEPOT RD,72,48,23
103B,DEPOT RD,44,28,14
104A,DEPOT RD,77,50,24
104B,DEPOT RD,52,34,18
105,DEPOT RD,58,0,0
105A,DEPOT RD,59,0,59
106A,DEPOT RD,64,45,18
106B,DEPOT RD,42,26,16
107,DEPOT RD,63,0,0
109A,DEPOT RD,38,16,21
109B,DEPOT RD,49,23,22
110,DEPOT RD,85,0,0
110A,DEPOT RD,41,0,41
111A,DEPOT RD,67,32,35
111B,DEPOT RD,48,24,24
112A,DEPOT RD,42,18,23
112B,DEPOT RD,55,23,31
113,DEPOT RD,97,30,21
114,DEPOT RD,136,43,21
48,DORSET RD,61,12,15
48A,DORSET RD,76,20,14
49,DORSET RD,130,37,35
50,DORSET RD,189,68,40
12,DOVER CL EAST,139,33,22
13,DOVER CL EAST,144,39,18
14,DOVER CL EAST,119,30,18
17,DOVER CRES,84,41,42
18,DOVER CRES,99,48,51
19,DOVER CRES,84,49,35
20,DOVER CRES,213,91,42
21,DOVER CRES,226,93,33
22,DOVER CRES,54,19,11
23,DOVER CRES,121,45,27
24,DOVER CRES,71,0,0
26,DOVER CRES,119,33,22
27,DOVER CRES,103,32,19
28A,DOVER CRES,56,16,40
28B,DOVER CRES,111,23,88
28C,DOVER CRES,76,12,64
28D,DOVER CRES,62,9,52
5,DOVER CRES,201,69,34
1,DOVER RD,169,69,27
2,DOVER RD,165,67,18
3,DOVER RD,170,56,35
31,DOVER RD,81,9,0
35,DOVER RD,71,14,0
36,DOVER RD,44,3,0
38,DOVER RD,98,16,0
1,EAST COAST RD,36,13,0
2,EAST COAST RD,40,15,0
3,EAST COAST RD,29,9,0
109A,EDGEDALE PLAINS,71,40,30
109B,EDGEDALE PLAINS,53,29,23
109C,EDGEDALE PLAINS,60,34,26
109D,EDGEDALE PLAINS,45,25,19
120A,EDGEDALE PLAINS,54,0,54
120B,EDGEDALE PLAINS,42,0,42
121B,EDGEDALE PLAINS,39,0,39
122A,EDGEDALE PLAINS,48,0,48
122B,EDGEDALE PLAINS,46,0,46
126A,EDGEDALE PLAINS,134,71,62
126B,EDGEDALE PLAINS,76,41,35
126C,EDGEDALE PLAINS,121,78,42
126D,EDGEDALE PLAINS,64,33,29
130,EDGEDALE PLAINS,125,66,58
132,EDGEDALE PLAINS,128,80,47
133,EDGEDALE PLAINS,142,72,66
134,EDGEDALE PLAINS,156,80,72
135,EDGEDALE PLAINS,160,103,55
138,EDGEDALE PLAINS,138,81,54
171A,EDGEDALE PLAINS,85,45,37
171B,EDGEDALE PLAINS,69,31,36
171C,EDGEDALE PLAINS,89,51,37
172A,EDGEDALE PLAINS,79,43,35
172B,EDGEDALE PLAINS,79,45,31
172C,EDGEDALE PLAINS,83,37,45
174A,EDGEDALE PLAINS,60,33,26
174B,EDGEDALE PLAINS,48,27,21
174C,EDGEDALE PLAINS,29,18,11
174D,EDGEDALE PLAINS,62,35,23
661A,EDGEDALE PLAINS,64,0,63
661B,EDGEDALE PLAINS,41,0,41
661C,EDGEDALE PLAINS,49,0,49
662A,EDGEDALE PLAINS,53,0,53
662B,EDGEDALE PLAINS,41,0,41
662C,EDGEDALE PLAINS,29,0,29
662D,EDGEDALE PLAINS,45,0,45
682A,EDGEDALE PLAINS,43,0,43
682B,EDGEDALE PLAINS,27,0,27
682C,EDGEDALE PLAINS,27,0,27
683A,EDGEDALE PLAINS,39,0,39
683B,EDGEDALE PLAINS,23,0,23
683C,EDGEDALE PLAINS,25,0,25
684A,EDGEDALE PLAINS,55,0,55
684B,EDGEDALE PLAINS,42,0,42
684C,EDGEDALE PLAINS,45,0,45
684D,EDGEDALE PLAINS,30,0,30
103A,EDGEFIELD PLAINS,57,32,24
103B,EDGEFIELD PLAINS,56,39,16
103C,EDGEFIELD PLAINS,69,36,31
104A,EDGEFIELD PLAINS,77,46,30
104B,EDGEFIELD PLAINS,63,35,27
105A,EDGEFIELD PLAINS,59,34,25
105B,EDGEFIELD PLAINS,60,39,20
105C,EDGEFIELD PLAINS,49,26,22
105D,EDGEFIELD PLAINS,64,38,26
107A,EDGEFIELD PLAINS,77,46,31
107B,EDGEFIELD PLAINS,62,38,23
107C,EDGEFIELD PLAINS,47,28,18
107D,EDGEFIELD PLAINS,58,31,25
111,EDGEFIELD PLAINS,84,46,37
112,EDGEFIELD PLAINS,92,51,40
114,EDGEFIELD PLAINS,103,51,49
115,EDGEFIELD PLAINS,51,26,25
116,EDGEFIELD PLAINS,102,57,43
117,EDGEFIELD PLAINS,93,51,41
118,EDGEFIELD PLAINS,101,54,43
176A,EDGEFIELD PLAINS,78,43,35
176B,EDGEFIELD PLAINS,78,46,32
176C,EDGEFIELD PLAINS,65,35,30
176D,EDGEFIELD PLAINS,106,62,40
178,EDGEFIELD PLAINS,72,35,36
181,EDGEFIELD PLAINS,66,32,31
182,EDGEFIELD PLAINS,53,30,23
183,EDGEFIELD PLAINS,64,27,37
184,EDGEFIELD PLAINS,41,21,19
185,EDGEFIELD PLAINS,57,28,27
193,EDGEFIELD PLAINS,72,40,31
614A,EDGEFIELD PLAINS,69,0,69
614B,EDGEFIELD PLAINS,74,0,74
615A,EDGEFIELD PLAINS,64,0,63
615B,EDGEFIELD PLAINS,45,0,44
615C,EDGEFIELD PLAINS,59,0,59
668A,EDGEFIELD PLAINS,42,0,42
668B,EDGEFIELD PLAINS,36,0,36
669A,EDGEFIELD PLAINS,27,0,27
669B,EDGEFIELD PLAINS,70,0,70
670A,EDGEFIELD PLAINS,57,0,55
670B,EDGEFIELD PLAINS,63,0,63
670C,EDGEFIELD PLAINS,50,0,49
671A,EDGEFIELD PLAINS,60,0,57
671B,EDGEFIELD PLAINS,31,0,30
672A,EDGEFIELD PLAINS,39,0,36
672B,EDGEFIELD PLAINS,35,0,35
672C,EDGEFIELD PLAINS,32,0,28
672D,EDGEFIELD PLAINS,53,0,51
673A,EDGEFIELD PLAINS,45,0,45
673B,EDGEFIELD PLAINS,36,0,35
673C,EDGEFIELD PLAINS,49,0,49
601,ELIAS RD,65,17,14
602,ELIAS RD,53,16,12
603,ELIAS RD,74,21,18
604,ELIAS RD,67,33,10
605,ELIAS RD,69,25,11
606,ELIAS RD,74,27,13
607,ELIAS RD,73,31,18
608,ELIAS RD,59,21,10
609,ELIAS RD,67,22,12
610,ELIAS RD,76,27,15
611,ELIAS RD,59,19,16
612,ELIAS RD,68,23,12
613,ELIAS RD,76,24,20
614,ELIAS RD,79,29,20
615,ELIAS RD,83,31,17
8,EMPRESS RD,219,88,42
10,EUNOS CRES,206,68,50
11,EUNOS CRES,123,40,35
13,EUNOS CRES,92,23,15
14,EUNOS CRES,98,25,11
15,EUNOS CRES,101,37,15
16,EUNOS CRES,177,65,33
17,EUNOS CRES,188,72,30
18,EUNOS CRES,212,80,38
19,EUNOS CRES,160,50,37
20,EUNOS CRES,205,63,27
21,EUNOS CRES,237,93,44
22,EUNOS CRES,138,52,19
23,EUNOS CRES,115,35,18
24,EUNOS CRES,221,80,37
25,EUNOS CRES,192,74,34
31,EUNOS CRES,65,29,34
32,EUNOS CRES,72,32,39
33,EUNOS CRES,78,29,47
34,EUNOS CRES,67,25,40
35,EUNOS CRES,74,27,46
36,EUNOS CRES,66,33,31
9,EUNOS CRES,185,52,32
410,EUNOS RD 5,11,4,1
411,EUNOS RD 5,140,50,26
412,EUNOS RD 5,53,21,10
413,EUNOS RD 5,83,37,11
414,EUNOS RD 5,42,13,6
415,EUNOS RD 5,98,27,24
416,EUNOS RD 5,32,7,9
417,EUNOS RD 5,106,33,18
1,EVERTON PK,87,28,17
2,EVERTON PK,76,23,18
3,EVERTON PK,75,19,20
4,EVERTON PK,106,34,20
5,EVERTON PK,88,24,18
6,EVERTON PK,73,21,15
7,EVERTON PK,90,28,23
401,FAJAR RD,79,28,11
402,FAJAR RD,82,35,17
403,FAJAR RD,130,48,22
404,FAJAR RD,112,36,24
405,FAJAR RD,7,4,1
406,FAJAR RD,100,33,23
407,FAJAR RD,131,46,24
408,FAJAR RD,84,22,14
417,FAJAR RD,51,12,15
418,FAJAR RD,86,24,17
419,FAJAR RD,134,46,27
420,FAJAR RD,67,25,16
421,FAJAR RD,50,19,4
422,FAJAR RD,95,25,20
423,FAJAR RD,55,16,9
424,FAJAR RD,14,5,1
425,FAJAR RD,59,17,11
426,FAJAR RD,20,4,6
436,FAJAR RD,138,49,23
437,FAJAR RD,76,37,17
438,FAJAR RD,98,36,16
439,FAJAR RD,94,31,17
440,FAJAR RD,60,27,15
441,FAJAR RD,73,27,12
442,FAJAR RD,87,48,25
442B,FAJAR RD,33,0,33
442C,FAJAR RD,41,0,41
442D,FAJAR RD,28,0,27
443A,FAJAR RD,60,0,56
443B,FAJAR RD,42,0,41
443C,FAJAR RD,48,0,48
443D,FAJAR RD,48,0,48
451,FAJAR RD,68,39,13
452,FAJAR RD,78,41,17
453,FAJAR RD,73,33,18
454,FAJAR RD,53,0,47
11,FARRER PK RD,84,43,40
12,FARRER PK RD,132,65,66
13,FARRER PK RD,104,52,49
15,FARRER PK RD,144,69,72
5,FARRER RD,100,37,17
6,FARRER RD,98,33,24
403A,FERNVALE LANE,63,33,28
403B,FERNVALE LANE,67,35,31
403C,FERNVALE LANE,68,38,30
403D,FERNVALE LANE,111,58,50
404A,FERNVALE LANE,51,27,22
404B,FERNVALE LANE,106,57,47
405A,FERNVALE LANE,43,23,18
405B,FERNVALE LANE,55,33,21
405C,FERNVALE LANE,64,31,32
412A,FERNVALE LINK,83,50,33
412B,FERNVALE LINK,67,34,32
413A,FERNVALE LINK,62,33,25
413B,FERNVALE LINK,66,44,22
414A,FERNVALE LINK,62,0,57
414B,FERNVALE LINK,59,0,53
415A,FERNVALE LINK,61,0,61
415B,FERNVALE LINK,65,0,61
415C,FERNVALE LINK,67,0,63
416A,FERNVALE LINK,69,0,64
416B,FERNVALE LINK,61,0,55
416C,FERNVALE LINK,60,0,58
417A,FERNVALE LINK,71,0,71
418A,FERNVALE LINK,67,0,67
418B,FERNVALE LINK,54,0,54
418C,FERNVALE LINK,32,0,32
430A,FERNVALE LINK,71,0,71
430B,FERNVALE LINK,52,0,50
430C,FERNVALE LINK,54,0,51
430D,FERNVALE LINK,72,0,71
440A,FERNVALE LINK,59,0,55
440B,FERNVALE LINK,77,0,75
440C,FERNVALE LINK,69,0,65
467A,FERNVALE LINK,67,0,67
467B,FERNVALE LINK,60,0,60
468A,FERNVALE LINK,33,0,33
468B,FERNVALE LINK,43,0,42
468C,FERNVALE LINK,31,0,31
470A,FERNVALE LINK,54,0,53
470B,FERNVALE LINK,56,0,56
470C,FERNVALE LINK,40,0,39
406A,FERNVALE RD,61,35,25
406B,FERNVALE RD,79,47,30
406C,FERNVALE RD,127,75,49
407A,FERNVALE RD,143,80,58
407B,FERNVALE RD,126,68,58
408A,FERNVALE RD,82,38,44
408B,FERNVALE RD,100,57,41
408C,FERNVALE RD,109,51,53
409A,FERNVALE RD,81,34,45
409B,FERNVALE RD,71,36,33
410A,FERNVALE RD,68,0,68
410B,FERNVALE RD,62,0,61
410C,FERNVALE RD,78,0,77
411A,FERNVALE RD,49,0,48
411B,FERNVALE RD,72,0,71
434A,FERNVALE RD,51,0,51
434B,FERNVALE RD,73,0,73
435A,FERNVALE RD,68,0,67
435B,FERNVALE RD,71,0,70
435C,FERNVALE RD,61,0,61
436A,FERNVALE RD,77,30,47
436B,FERNVALE RD,66,25,40
436C,FERNVALE RD,83,23,59
436D,FERNVALE RD,44,14,30
441A,FERNVALE RD,58,8,50
441B,FERNVALE RD,60,9,51
441C,FERNVALE RD,63,10,52
441D,FERNVALE RD,68,11,56
443A,FERNVALE RD,53,1,52
443B,FERNVALE RD,65,0,65
443C,FERNVALE RD,63,0,63
445A,FERNVALE RD,76,0,75
445B,FERNVALE RD,84,0,84
453A,FERNVALE RD,51,0,50
453B,FERNVALE RD,64,0,63
453C,FERNVALE RD,49,0,47
453D,FERNVALE RD,68,0,67
471A,FERNVALE ST,54,0,54
471B,FERNVALE ST,57,0,57
471C,FERNVALE ST,52,0,51
472A,FERNVALE ST,55,0,53
472B,FERNVALE ST,33,0,33
472C,FERNVALE ST,57,0,56
473A,FERNVALE ST,22,0,22
801,FRENCH RD,105,40,27
802,FRENCH RD,16,1,4
101,GANGSA RD,60,13,10
102,GANGSA RD,106,27,23
103,GANGSA RD,49,19,6
104,GANGSA RD,128,45,25
105,GANGSA RD,68,27,14
106,GANGSA RD,126,43,24
107,GANGSA RD,80,24,17
108,GANGSA RD,107,36,19
109,GANGSA RD,41,19,7
110,GANGSA RD,88,27,13
111,GANGSA RD,70,18,16
146,GANGSA RD,68,23,14
147,GANGSA RD,65,17,14
148,GANGSA RD,142,54,18
152,GANGSA RD,87,53,33
153,GANGSA RD,59,37,22
154,GANGSA RD,79,49,28
155,GANGSA RD,56,33,20
163,GANGSA RD,70,43,26
164,GANGSA RD,50,30,18
165,GANGSA RD,85,60,25
166,GANGSA RD,114,81,33
170,GANGSA RD,122,64,32
171,GANGSA RD,108,60,29
172,GANGSA RD,118,73,31
173,GANGSA RD,90,48,24
53,GEYLANG BAHRU,113,30,22
54,GEYLANG BAHRU,121,45,26
55,GEYLANG BAHRU,109,33,22
56,GEYLANG BAHRU,129,36,26
57,GEYLANG BAHRU,442,155,98
58,GEYLANG BAHRU,35,26,9
59A,GEYLANG BAHRU,66,44,21
59B,GEYLANG BAHRU,73,49,22
59C,GEYLANG BAHRU,70,48,21
60,GEYLANG BAHRU,84,53,31
68,GEYLANG BAHRU,439,162,84
72,GEYLANG BAHRU,268,111,51
73,GEYLANG BAHRU,227,88,44
93,GEYLANG BAHRU,153,60,20
94,GEYLANG BAHRU,160,59,29
95,GEYLANG BAHRU,132,44,19
96,GEYLANG BAHRU,129,45,21
97,GEYLANG BAHRU,140,46,29
124,GEYLANG EAST AVE 1,213,69,42
125,GEYLANG EAST AVE 1,161,44,33
126,GEYLANG EAST AVE 1,101,33,23
127,GEYLANG EAST AVE 1,57,24,7
128,GEYLANG EAST AVE 1,173,44,30
130,GEYLANG EAST AVE 1,124,28,25
131,GEYLANG EAST AVE 1,47,11,6
132,GEYLANG EAST AVE 1,128,40,24
133,GEYLANG EAST AVE 1,108,32,28
134,GEYLANG EAST AVE 1,29,8,7
129,GEYLANG EAST AVE 2,15,5,2
120,GEYLANG EAST CTRL,90,25,18
122,GEYLANG EAST CTRL,101,30,26
123,GEYLANG EAST CTRL,90,27,16
2,GEYLANG SERAI,198,12,0
2A,GEYLANG SERAI,37,5,32
2B,GEYLANG SERAI,48,7,41
2C,GEYLANG SERAI,44,5,37
2D,GEYLANG SERAI,45,4,41
3A,GEYLANG SERAI,36,2,33
22,GHIM MOH LINK,83,3,79
23,GHIM MOH LINK,70,2,67
26,GHIM MOH LINK,66,0,66
27,GHIM MOH LINK,91,0,89
28,GHIM MOH LINK,82,4,78
29,GHIM MOH LINK,56,0,56
30,GHIM MOH LINK,62,0,62
31,GHIM MOH LINK,51,0,51
32,GHIM MOH LINK,61,0,61
33,GHIM MOH LINK,60,0,60
1,GHIM MOH RD,254,91,46
10,GHIM MOH RD,179,47,0
11,GHIM MOH RD,152,40,0
13,GHIM MOH RD,106,38,19
14,GHIM MOH RD,77,17,12
15,GHIM MOH RD,196,57,41
18,GHIM MOH RD,20,10,9
19,GHIM MOH RD,216,74,49
2,GHIM MOH RD,286,103,58
21,GHIM MOH RD,241,87,45
3,GHIM MOH RD,258,105,49
4,GHIM MOH RD,244,93,37
5,GHIM MOH RD,262,101,55
6,GHIM MOH RD,236,78,41
7,GHIM MOH RD,126,38,19
8,GHIM MOH RD,101,31,18
10,GLOUCESTER RD,220,81,36
9,GLOUCESTER RD,120,33,30
1,HAIG RD,280,112,42
10,HAIG RD,123,39,29
11,HAIG RD,111,43,25
2,HAIG RD,88,27,14
21,HAIG RD,30,10,5
22,HAIG RD,112,45,18
23,HAIG RD,76,25,9
3,HAIG RD,170,67,34
4,HAIG RD,157,61,28
5,HAIG RD,96,31,22
6,HAIG RD,96,30,20
7,HAIG RD,91,26,28
8,HAIG RD,103,30,24
9,HAIG RD,150,65,32
22,HAVELOCK RD,270,111,50
29,HAVELOCK RD,163,5,0
50,HAVELOCK RD,20,7,12
52,HAVELOCK RD,64,0,64
53,HAVELOCK RD,36,1,35
54,HAVELOCK RD,64,3,60
55,HAVELOCK RD,62,1,60
56,HAVELOCK RD,37,2,35
57,HAVELOCK RD,63,0,62
58,HAVELOCK RD,54,5,48
94,HAVELOCK RD,87,24,16
95,HAVELOCK RD,88,25,20
101,HENDERSON CRES,119,37,18
102,HENDERSON CRES,169,55,25
103,HENDERSON CRES,153,48,22
104,HENDERSON CRES,92,31,16
105,HENDERSON CRES,218,90,37
106,HENDERSON CRES,118,45,24
95A,HENDERSON RD,45,0,45
95B,HENDERSON RD,45,0,45
95C,HENDERSON RD,46,0,46
96,HENDERSON RD,196,51,0
96A,HENDERSON RD,49,0,49
96B,HENDERSON RD,33,0,33
2,HILLVIEW AVE,75,0,0
4,HILLVIEW AVE,82,0,0
6,HILLVIEW AVE,89,0,0
7,HILLVIEW AVE,90,0,0
8,HILLVIEW AVE,91,0,0
111,HO CHING RD,171,75,25
112,HO CHING RD,160,69,25
114,HO CHING RD,255,92,40
115,HO CHING RD,66,48,17
119,HO CHING RD,362,146,49
120,HO CHING RD,334,136,47
10,HOLLAND AVE,83,31,21
12,HOLLAND AVE,424,151,82
2,HOLLAND AVE,426,143,69
8,HOLLAND AVE,533,207,85
9,HOLLAND AVE,476,176,89
3,HOLLAND CL,87,63,23
30,HOLLAND CL,70,44,14
30A,HOLLAND CL,63,35,13
31,HOLLAND CL,127,48,21
32,HOLLAND CL,240,96,43
3A,HOLLAND CL,90,61,29
4,HOLLAND CL,479,179,73
5,HOLLAND CL,74,61,13
6,HOLLAND CL,493,183,92
11,HOLLAND DR,403,129,91
13,HOLLAND DR,495,179,93
15,HOLLAND DR,13,1,0
16,HOLLAND DR,270,53,0
17,HOLLAND DR,100,18,0
18A,HOLLAND DR,78,16,62
18B,HOLLAND DR,41,5,36
18C,HOLLAND DR,49,9,40
18D,HOLLAND DR,45,10,35
19,HOLLAND DR,51,0,0
20,HOLLAND DR,116,32,27
21,HOLLAND DR,118,43,35
40,HOLLAND DR,18,8,5
41,HOLLAND DR,32,19,5
42,HOLLAND DR,31,10,2
43,HOLLAND DR,40,17,11
45,HOLLAND DR,5,2,0
46,HOLLAND DR,24,9,2
47,HOLLAND DR,13,4,4
101,HOUGANG AVE 1,88,38,15
102,HOUGANG AVE 1,81,25,16
103,HOUGANG AVE 1,69,19,16
104,HOUGANG AVE 1,3,2,0
106,HOUGANG AVE 1,40,25,15
108,HOUGANG AVE 1,60,32,16
109,HOUGANG AVE 1,157,40,29
110,HOUGANG AVE 1,151,44,26
111,HOUGANG AVE 1,54,14,13
112,HOUGANG AVE 1,158,54,30
113,HOUGANG AVE 1,194,61,37
114,HOUGANG AVE 1,224,64,37
115,HOUGANG AVE 1,186,70,41
116,HOUGANG AVE 1,149,50,22
117,HOUGANG AVE 1,21,4,9
118,HOUGANG AVE 1,16,3,5
119,HOUGANG AVE 1,123,47,19
120,HOUGANG AVE 1,46,16,9
121,HOUGANG AVE 1,37,13,4
122,HOUGANG AVE 1,70,21,15
123,HOUGANG AVE 1,148,34,21
124,HOUGANG AVE 1,178,61,32
125,HOUGANG AVE 1,185,59,31
126,HOUGANG AVE 1,176,56,36
127,HOUGANG AVE 1,35,20,5
165,HOUGANG AVE 1,142,94,34
166,HOUGANG AVE 1,121,75,21
167,HOUGANG AVE 1,136,79,34
168,HOUGANG AVE 1,60,43,8
169,HOUGANG AVE 1,84,59,19
170,HOUGANG AVE 1,63,49,10
171,HOUGANG AVE 1,75,41,21
172,HOUGANG AVE 1,99,58,24
173,HOUGANG AVE 1,87,54,19
174A,HOUGANG AVE 1,25,0,24
174B,HOUGANG AVE 1,21,0,21
230,HOUGANG AVE 1,105,30,26
232,HOUGANG AVE 1,96,24,26
234,HOUGANG AVE 1,120,32,27
236,HOUGANG AVE 1,63,25,12
238,HOUGANG AVE 1,130,38,27
401,HOUGANG AVE 10,144,47,26
402,HOUGANG AVE 10,106,38,12
403,HOUGANG AVE 10,58,24,9
404,HOUGANG AVE 10,64,24,6
405,HOUGANG AVE 10,110,34,18
406,HOUGANG AVE 10,99,29,15
407,HOUGANG AVE 10,166,42,33
408,HOUGANG AVE 10,155,41,32
409,HOUGANG AVE 10,106,26,19
410,HOUGANG AVE 10,68,29,7
411,HOUGANG AVE 10,134,43,18
412,HOUGANG AVE 10,76,37,8
413,HOUGANG AVE 10,116,33,10
414,HOUGANG AVE 10,119,34,16
415,HOUGANG AVE 10,155,51,26
416,HOUGANG AVE 10,121,30,22
420,HOUGANG AVE 10,131,53,23
421,HOUGANG AVE 10,75,28,10
447,HOUGANG AVE 10,54,18,9
448,HOUGANG AVE 10,89,32,17
449,HOUGANG AVE 10,115,33,35
450,HOUGANG AVE 10,65,19,10
451,HOUGANG AVE 10,98,35,15
452,HOUGANG AVE 10,69,22,10
453,HOUGANG AVE 10,55,15,12
454,HOUGANG AVE 10,42,11,6
455,HOUGANG AVE 10,117,43,30
456,HOUGANG AVE 10,81,32,18
457,HOUGANG AVE 10,69,16,23
458,HOUGANG AVE 10,77,24,13
460,HOUGANG AVE 10,47,19,9
461,HOUGANG AVE 10,58,21,10
462,HOUGANG AVE 10,59,20,12
463,HOUGANG AVE 10,65,24,12
508,HOUGANG AVE 10,142,39,29
509,HOUGANG AVE 10,75,27,8
510,HOUGANG AVE 10,47,19,5
511,HOUGANG AVE 10,173,63,28
512,HOUGANG AVE 10,177,54,43
513,HOUGANG AVE 10,131,47,17
514,HOUGANG AVE 10,27,8,4
515,HOUGANG AVE 10,173,47,30
516,HOUGANG AVE 10,145,41,19
517,HOUGANG AVE 10,27,10,4
701,HOUGANG AVE 2,176,51,39
702,HOUGANG AVE 2,154,54,25
703,HOUGANG AVE 2,155,55,25
704,HOUGANG AVE 2,170,57,26
705,HOUGANG AVE 2,118,35,27
706,HOUGANG AVE 2,132,40,18
707,HOUGANG AVE 2,113,31,21
708,HOUGANG AVE 2,132,43,21
709,HOUGANG AVE 2,169,54,33
710,HOUGANG AVE 2,112,31,21
711,HOUGANG AVE 2,137,50,24
712,HOUGANG AVE 2,132,34,23
1,HOUGANG AVE 3,299,120,53
15,HOUGANG AVE 3,165,62,33
16,HOUGANG AVE 3,79,20,19
17,HOUGANG AVE 3,164,62,27
18,HOUGANG AVE 3,97,45,15
19,HOUGANG AVE 3,136,38,31
2,HOUGANG AVE 3,345,127,60
20,HOUGANG AVE 3,174,54,31
21,HOUGANG AVE 3,142,45,29
22,HOUGANG AVE 3,162,48,39
23,HOUGANG AVE 3,234,76,36
24,HOUGANG AVE 3,292,101,49
247,HOUGANG AVE 3,173,70,27
248,HOUGANG AVE 3,237,70,33
249,HOUGANG AVE 3,143,48,30
250,HOUGANG AVE 3,21,9,3
251,HOUGANG AVE 3,118,25,17
252,HOUGANG AVE 3,276,103,49
253,HOUGANG AVE 3,88,25,18
254,HOUGANG AVE 3,51,20,7
6,HOUGANG AVE 3,55,15,13
7,HOUGANG AVE 3,38,14,4
576,HOUGANG AVE 4,102,57,21
577,HOUGANG AVE 4,56,29,17
578,HOUGANG AVE 4,75,37,23
579,HOUGANG AVE 4,61,35,14
580,HOUGANG AVE 4,102,55,18
601,HOUGANG AVE 4,105,29,27
602,HOUGANG AVE 4,115,35,21
603,HOUGANG AVE 4,167,50,22
604,HOUGANG AVE 4,16,4,3
605,HOUGANG AVE 4,135,35,29
606,HOUGANG AVE 4,123,37,15
607,HOUGANG AVE 4,96,29,17
608,HOUGANG AVE 4,42,14,5
661,HOUGANG AVE 4,195,64,35
662,HOUGANG AVE 4,166,55,23
665,HOUGANG AVE 4,135,42,19
666,HOUGANG AVE 4,24,6,6
667,HOUGANG AVE 4,166,56,25
682,HOUGANG AVE 4,121,55,19
919,HOUGANG AVE 4,78,51,19
301,HOUGANG AVE 5,138,46,13
302,HOUGANG AVE 5,196,47,37
303,HOUGANG AVE 5,42,14,7
304,HOUGANG AVE 5,210,66,34
305,HOUGANG AVE 5,38,14,6
306,HOUGANG AVE 5,156,47,24
307,HOUGANG AVE 5,139,54,22
308,HOUGANG AVE 5,269,87,44
309,HOUGANG AVE 5,167,58,30
310,HOUGANG AVE 5,202,51,43
311,HOUGANG AVE 5,124,40,26
312,HOUGANG AVE 5,30,16,12
313,HOUGANG AVE 5,24,0,24
314,HOUGANG AVE 5,103,39,18
315,HOUGANG AVE 5,6,0,6
318,HOUGANG AVE 5,40,13,6
319,HOUGANG AVE 5,171,63,25
320,HOUGANG AVE 5,185,60,38
321,HOUGANG AVE 5,212,70,37
322,HOUGANG AVE 5,183,69,25
323,HOUGANG AVE 5,21,7,6
324,HOUGANG AVE 5,126,45,22
327,HOUGANG AVE 5,234,88,43
328,HOUGANG AVE 5,255,84,41
332,HOUGANG AVE 5,101,31,25
333,HOUGANG AVE 5,38,20,3
334,HOUGANG AVE 5,113,44,16
358,HOUGANG AVE 5,52,15,9
359,HOUGANG AVE 5,27,12,6
360,HOUGANG AVE 5,53,21,7
361,HOUGANG AVE 5,91,31,20
362,HOUGANG AVE 5,74,31,8
363,HOUGANG AVE 5,82,33,16
422,HOUGANG AVE 6,82,25,18
423,HOUGANG AVE 6,107,35,16
424,HOUGANG AVE 6,107,32,23
425,HOUGANG AVE 6,53,20,8
426,HOUGANG AVE 6,50,14,9
427,HOUGANG AVE 6,37,8,12
428,HOUGANG AVE 6,61,19,13
429,HOUGANG AVE 6,51,19,7
430,HOUGANG AVE 6,71,19,12
431,HOUGANG AVE 6,23,7,4
432,HOUGANG AVE 6,49,20,11
520,HOUGANG AVE 6,72,27,13
521,HOUGANG AVE 6,109,42,12
522,HOUGANG AVE 6,182,53,42
523,HOUGANG AVE 6,165,57,23
524,HOUGANG AVE 6,148,50,23
525,HOUGANG AVE 6,52,16,8
526,HOUGANG AVE 6,184,60,27
527,HOUGANG AVE 6,197,65,28
528,HOUGANG AVE 6,148,61,24
529,HOUGANG AVE 6,142,44,25
530,HOUGANG AVE 6,25,7,4
531,HOUGANG AVE 6,139,44,19
532,HOUGANG AVE 6,170,56,29
533,HOUGANG AVE 6,194,46,42
316,HOUGANG AVE 7,24,0,24
317,HOUGANG AVE 7,182,67,25
325,HOUGANG AVE 7,121,38,21
326,HOUGANG AVE 7,99,36,22
335,HOUGANG AVE 7,16,2,0
336,HOUGANG AVE 7,126,44,25
337,HOUGANG AVE 7,141,42,25
338,HOUGANG AVE 7,7,2,1
339,HOUGANG AVE 7,127,37,23
340,HOUGANG AVE 7,78,25,15
341,HOUGANG AVE 7,133,43,27
351,HOUGANG AVE 7,115,30,19
352,HOUGANG AVE 7,132,49,26
353,HOUGANG AVE 7,18,2,3
354,HOUGANG AVE 7,125,35,20
355,HOUGANG AVE 7,68,31,7
356,HOUGANG AVE 7,35,18,5
357,HOUGANG AVE 7,142,34,36
417,HOUGANG AVE 8,105,34,22
418,HOUGANG AVE 8,80,24,20
419,HOUGANG AVE 8,133,54,19
433,HOUGANG AVE 8,109,37,12
434,HOUGANG AVE 8,85,31,16
435,HOUGANG AVE 8,133,46,19
436,HOUGANG AVE 8,66,23,14
437,HOUGANG AVE 8,73,18,13
438,HOUGANG AVE 8,37,12,8
439,HOUGANG AVE 8,91,30,12
440,HOUGANG AVE 8,82,21,18
441,HOUGANG AVE 8,14,3,7
442,HOUGANG AVE 8,14,4,1
443,HOUGANG AVE 8,44,12,10
444,HOUGANG AVE 8,88,41,16
445,HOUGANG AVE 8,136,46,24
446,HOUGANG AVE 8,109,31,29
466,HOUGANG AVE 8,79,28,13
467,HOUGANG AVE 8,67,9,20
468,HOUGANG AVE 8,77,25,14
501,HOUGANG AVE 8,151,54,30
502,HOUGANG AVE 8,86,31,14
503,HOUGANG AVE 8,117,29,23
504,HOUGANG AVE 8,128,40,28
505,HOUGANG AVE 8,17,8,3
506,HOUGANG AVE 8,177,65,23
507,HOUGANG AVE 8,144,53,19
540,HOUGANG AVE 8,134,44,28
541,HOUGANG AVE 8,100,31,19
542,HOUGANG AVE 8,106,48,17
543,HOUGANG AVE 8,35,14,4
544,HOUGANG AVE 8,75,28,16
545,HOUGANG AVE 8,17,6,6
609,HOUGANG AVE 8,28,5,6
610,HOUGANG AVE 8,97,26,16
611,HOUGANG AVE 8,156,55,28
612,HOUGANG AVE 8,38,13,4
613,HOUGANG AVE 8,179,70,21
614,HOUGANG AVE 8,149,44,24
615,HOUGANG AVE 8,131,34,32
616,HOUGANG AVE 8,162,53,32
617,HOUGANG AVE 8,187,69,41
618,HOUGANG AVE 8,47,17,6
619,HOUGANG AVE 8,220,88,41
620,HOUGANG AVE 8,190,62,30
621,HOUGANG AVE 8,41,9,5
622,HOUGANG AVE 8,34,12,5
623,HOUGANG AVE 8,191,66,35
624,HOUGANG AVE 8,106,26,20
625,HOUGANG AVE 8,33,13,10
626,HOUGANG AVE 8,142,46,15
627,HOUGANG AVE 8,169,61,26
628,HOUGANG AVE 8,126,34,29
629,HOUGANG AVE 8,167,63,35
630,HOUGANG AVE 8,158,50,37
631,HOUGANG AVE 8,176,79,31
632,HOUGANG AVE 8,139,56,27
633,HOUGANG AVE 8,129,26,36
634,HOUGANG AVE 8,99,26,19
635,HOUGANG AVE 8,119,35,19
636,HOUGANG AVE 8,115,39,21
637,HOUGANG AVE 8,137,42,24
638,HOUGANG AVE 8,24,8,4
639,HOUGANG AVE 8,32,11,5
640,HOUGANG AVE 8,20,5,6
641,HOUGANG AVE 8,74,15,19
642,HOUGANG AVE 8,156,66,29
643,HOUGANG AVE 8,74,19,17
644,HOUGANG AVE 8,141,59,29
645,HOUGANG AVE 8,160,70,37
646,HOUGANG AVE 8,14,3,4
647,HOUGANG AVE 8,14,6,1
648,HOUGANG AVE 8,96,33,19
649,HOUGANG AVE 8,55,16,8
650,HOUGANG AVE 8,124,38,21
651,HOUGANG AVE 8,12,4,6
652,HOUGANG AVE 8,158,66,27
653,HOUGANG AVE 8,66,14,11
654,HOUGANG AVE 8,26,9,7
655,HOUGANG AVE 8,68,24,14
656,HOUGANG AVE 8,28,7,7
657,HOUGANG AVE 8,63,14,12
658,HOUGANG AVE 8,139,37,30
659,HOUGANG AVE 8,13,1,4
660,HOUGANG AVE 8,147,58,28
668,HOUGANG AVE 8,9,2,3
669,HOUGANG AVE 8,146,53,26
670,HOUGANG AVE 8,28,8,5
671,HOUGANG AVE 8,114,35,18
672,HOUGANG AVE 8,32,12,3
673,HOUGANG AVE 8,121,48,16
674,HOUGANG AVE 8,173,62,36
675,HOUGANG AVE 8,125,45,20
676,HOUGANG AVE 8,88,30,8
677,HOUGANG AVE 8,144,47,29
678,HOUGANG AVE 8,133,58,32
679,HOUGANG AVE 8,29,9,7
680,HOUGANG AVE 8,77,23,14
681,HOUGANG AVE 8,111,46,18
683,HOUGANG AVE 8,59,24,8
684,HOUGANG AVE 8,90,38,20
916,HOUGANG AVE 9,93,62,22
917,HOUGANG AVE 9,75,49,12
918,HOUGANG AVE 9,111,60,27
923,HOUGANG AVE 9,106,63,24
924,HOUGANG AVE 9,98,70,27
932A,HOUGANG AVE 9,28,0,28
932B,HOUGANG AVE 9,34,0,34
933A,HOUGANG AVE 9,26,0,26
951,HOUGANG AVE 9,64,48,16
952,HOUGANG AVE 9,58,44,14
953,HOUGANG AVE 9,70,48,21
954,HOUGANG AVE 9,83,50,33
955,HOUGANG AVE 9,61,43,16
960,HOUGANG AVE 9,61,39,22
961,HOUGANG AVE 9,66,41,24
962,HOUGANG AVE 9,58,41,15
963,HOUGANG AVE 9,45,36,9
964,HOUGANG AVE 9,75,48,24
965,HOUGANG AVE 9,77,48,25
966,HOUGANG AVE 9,61,36,25
967,HOUGANG AVE 9,59,34,23
968,HOUGANG AVE 9,77,58,17
804,HOUGANG CTRL,19,9,3
806,HOUGANG CTRL,8,3,0
809,HOUGANG CTRL,10,3,0
811,HOUGANG CTRL,17,5,3
830,HOUGANG CTRL,88,32,17
831,HOUGANG CTRL,51,20,12
832,HOUGANG CTRL,73,29,19
833,HOUGANG CTRL,71,28,11
834,HOUGANG CTRL,91,38,18
835,HOUGANG CTRL,80,24,20
836,HOUGANG CTRL,93,44,19
837,HOUGANG CTRL,78,39,18
838,HOUGANG CTRL,114,56,20
850,HOUGANG CTRL,65,35,20
851,HOUGANG CTRL,60,21,15
852,HOUGANG CTRL,37,16,8
853,HOUGANG CTRL,77,38,22
154,HOUGANG ST 11,164,56,40
155,HOUGANG ST 11,103,39,19
156,HOUGANG ST 11,106,33,30
157,HOUGANG ST 11,17,8,1
158,HOUGANG ST 11,81,40,28
159,HOUGANG ST 11,77,56,21
160,HOUGANG ST 11,56,34,11
161,HOUGANG ST 11,111,66,34
201,HOUGANG ST 21,14,7,3
210,HOUGANG ST 21,68,27,8
211,HOUGANG ST 21,27,19,7
220,HOUGANG ST 21,59,18,12
221,HOUGANG ST 21,106,33,32
222,HOUGANG ST 21,76,24,20
231,HOUGANG ST 21,145,43,33
233,HOUGANG ST 21,29,12,5
235,HOUGANG ST 21,55,28,9
237,HOUGANG ST 21,200,62,35
239,HOUGANG ST 22,119,38,19
240,HOUGANG ST 22,139,40,24
241,HOUGANG ST 22,228,79,32
242,HOUGANG ST 22,264,101,39
243,HOUGANG ST 22,34,13,6
244,HOUGANG ST 22,195,69,34
245,HOUGANG ST 22,101,33,17
246,HOUGANG ST 22,23,9,8
370,HOUGANG ST 31,56,37,18
371,HOUGANG ST 31,62,37,23
372,HOUGANG ST 31,62,39,22
373,HOUGANG ST 31,87,52,34
374,HOUGANG ST 31,31,20,11
375,HOUGANG ST 31,23,9,14
376A,HOUGANG ST 32,24,0,22
376B,HOUGANG ST 32,10,0,9
376C,HOUGANG ST 32,13,0,13
377A,HOUGANG ST 32,12,0,12
377B,HOUGANG ST 32,13,0,12
546,HOUGANG ST 51,79,33,12
547,HOUGANG ST 51,79,26,17
548,HOUGANG ST 51,122,43,15
549,HOUGANG ST 51,83,35,11
550,HOUGANG ST 51,82,25,22
551,HOUGANG ST 51,106,34,17
552,HOUGANG ST 51,92,35,15
553,HOUGANG ST 51,125,41,33
554,HOUGANG ST 51,63,18,11
555,HOUGANG ST 51,90,30,18
556,HOUGANG ST 51,108,49,15
557,HOUGANG ST 51,121,42,27
558,HOUGANG ST 51,78,24,24
559,HOUGANG ST 51,70,26,15
560,HOUGANG ST 51,78,22,21
561,HOUGANG ST 51,11,6,3
562,HOUGANG ST 51,95,30,20
563,HOUGANG ST 51,72,16,16
564,HOUGANG ST 51,53,14,7
565,HOUGANG ST 51,83,32,15
566,HOUGANG ST 51,76,20,16
567,HOUGANG ST 51,114,47,33
568,HOUGANG ST 51,101,36,29
569,HOUGANG ST 51,102,46,19
570,HOUGANG ST 51,111,46,27
571,HOUGANG ST 51,117,50,22
572,HOUGANG ST 51,106,52,24
573,HOUGANG ST 51,121,63,19
574,HOUGANG ST 51,116,58,23
575,HOUGANG ST 51,131,60,26
534,HOUGANG ST 52,92,32,16
535,HOUGANG ST 52,100,37,14
536,HOUGANG ST 52,72,23,12
537,HOUGANG ST 52,67,21,13
538,HOUGANG ST 52,93,30,21
539,HOUGANG ST 52,89,31,24
698C,HOUGANG ST 52,40,28,12
698D,HOUGANG ST 52,41,26,13
699,HOUGANG ST 52,98,65,30
699A,HOUGANG ST 52,77,56,21
699B,HOUGANG ST 52,63,45,17
699C,HOUGANG ST 52,81,57,24
685,HOUGANG ST 61,71,26,13
686,HOUGANG ST 61,171,35,32
687,HOUGANG ST 61,22,8,6
688,HOUGANG ST 61,165,44,28
689,HOUGANG ST 61,165,60,28
690,HOUGANG ST 61,163,48,25
691,HOUGANG ST 61,30,15,4
692,HOUGANG ST 61,43,18,9
693,HOUGANG ST 61,152,58,24
694,HOUGANG ST 61,52,23,9
695,HOUGANG ST 61,142,50,21
696,HOUGANG ST 61,136,50,23
697,HOUGANG ST 61,146,52,25
698,HOUGANG ST 61,90,38,14
698A,HOUGANG ST 61,59,42,17
698B,HOUGANG ST 61,74,54,19
909,HOUGANG ST 91,109,55,24
910,HOUGANG ST 91,158,75,36
911,HOUGANG ST 91,153,85,38
912,HOUGANG ST 91,92,53,19
913,HOUGANG ST 91,89,46,17
914,HOUGANG ST 91,87,41,18
915,HOUGANG ST 91,112,58,25
920,HOUGANG ST 91,88,59,18
921,HOUGANG ST 91,68,44,17
922,HOUGANG ST 91,90,59,13
925,HOUGANG ST 91,99,74,24
926,HOUGANG ST 91,102,70,30
927,HOUGANG ST 91,73,54,19
928,HOUGANG ST 91,78,56,21
929,HOUGANG ST 91,78,54,23
930,HOUGANG ST 91,75,54,20
931,HOUGANG ST 91,70,60,9
950,HOUGANG ST 91,65,45,18
956,HOUGANG ST 91,73,47,24
957,HOUGANG ST 91,49,34,15
958,HOUGANG ST 91,66,43,23
959,HOUGANG ST 91,63,43,19
969,HOUGANG ST 91,92,59,33
970,HOUGANG ST 91,99,64,32
971,HOUGANG ST 91,54,30,21
972,HOUGANG ST 91,52,29,23
973,HOUGANG ST 91,55,35,17
974,HOUGANG ST 91,45,26,19
975,HOUGANG ST 91,42,23,19
976,HOUGANG ST 91,56,33,23
936,HOUGANG ST 92,65,45,20
937,HOUGANG ST 92,77,59,17
938,HOUGANG ST 92,53,34,19
939,HOUGANG ST 92,54,34,18
940,HOUGANG ST 92,55,38,17
941,HOUGANG ST 92,72,50,21
942,HOUGANG ST 92,85,64,21
943,HOUGANG ST 92,88,69,18
944,HOUGANG ST 92,62,39,21
945,HOUGANG ST 92,59,45,13
946,HOUGANG ST 92,65,43,22
28,HOY FATT RD,196,80,37
49,HOY FATT RD,107,38,21
50,HOY FATT RD,138,42,25
142,HU CHING RD,24,0,0
145,HU CHING RD,24,0,0
77,INDUS RD,166,61,27
78,INDUS RD,137,43,27
501,JELAPANG RD,154,109,43
502,JELAPANG RD,166,121,40
503,JELAPANG RD,121,74,42
504,JELAPANG RD,103,67,24
505,JELAPANG RD,133,94,37
506,JELAPANG RD,120,81,33
507,JELAPANG RD,101,74,24
508,JELAPANG RD,165,111,53
509,JELAPANG RD,94,67,25
510,JELAPANG RD,182,133,43
511,JELAPANG RD,89,59,20
512,JELAPANG RD,80,50,21
513,JELAPANG RD,48,34,13
514,JELAPANG RD,56,44,11
515,JELAPANG RD,66,50,15
516,JELAPANG RD,109,78,29
517,JELAPANG RD,75,54,21
518,JELAPANG RD,95,65,29
519,JELAPANG RD,79,53,25
520,JELAPANG RD,79,51,27
521,JELAPANG RD,74,53,19
522,JELAPANG RD,86,63,21
523,JELAPANG RD,82,57,25
524,JELAPANG RD,60,50,10
525,JELAPANG RD,63,44,19
526,JELAPANG RD,60,42,18
527,JELAPANG RD,82,59,23
528,JELAPANG RD,82,59,21
529,JELAPANG RD,55,41,12
530,JELAPANG RD,88,55,32
531,JELAPANG RD,63,43,19
532,JELAPANG RD,89,53,35
534,JELAPANG RD,74,54,20
536,JELAPANG RD,73,44,29
538,JELAPANG RD,84,60,24
540,JELAPANG RD,73,48,24
542,JELAPANG RD,78,46,32
543,JELAPANG RD,66,45,21
544,JELAPANG RD,65,39,25
181,JELEBU RD,119,62,56
182,JELEBU RD,120,69,51
183,JELEBU RD,95,54,41
184,JELEBU RD,98,55,41
185,JELEBU RD,96,55,41
813,JELLICOE RD,52,28,24
815,JELLICOE RD,55,34,19
816,JELLICOE RD,68,36,31
27,JLN BAHAGIA,168,74,36
28,JLN BAHAGIA,167,70,38
29,JLN BAHAGIA,111,44,12
30,JLN BAHAGIA,101,28,22
32,JLN BAHAGIA,143,60,37
33,JLN BAHAGIA,152,68,29
34,JLN BAHAGIA,152,61,36
35,JLN BAHAGIA,177,83,30
38,JLN BAHAGIA,32,9,7
39,JLN BAHAGIA,20,9,4
40,JLN BAHAGIA,16,4,3
41,JLN BAHAGIA,19,8,4
42,JLN BAHAGIA,19,5,4
43,JLN BAHAGIA,27,12,4
44,JLN BAHAGIA,10,4,1
45,JLN BAHAGIA,8,3,0
46,JLN BAHAGIA,31,13,9
47,JLN BAHAGIA,10,3,1
48,JLN BAHAGIA,17,7,3
49,JLN BAHAGIA,15,6,3
50,JLN BAHAGIA,26,11,4
51,JLN BAHAGIA,20,9,4
52,JLN BAHAGIA,16,5,2
55,JLN BAHAGIA,32,16,8
60,JLN BAHAGIA,19,10,1
10,JLN BATU,214,59,37
11,JLN BATU,182,46,33
2,JLN BATU,144,63,29
3,JLN BATU,100,31,27
4,JLN BATU,145,59,29
5,JLN BATU,111,42,27
6,JLN BATU,110,35,30
7,JLN BATU,171,52,27
8,JLN BATU,153,54,23
9,JLN BATU,228,79,27
26,JLN BERSEH,76,22,18
10,JLN BT HO SWEE,41,24,14
2,JLN BT HO SWEE,65,39,24
32,JLN BT HO SWEE,87,36,17
34,JLN BT HO SWEE,88,37,17
4,JLN BT HO SWEE,55,26,8
46,JLN BT HO SWEE,97,43,22
6,JLN BT HO SWEE,58,23,10
8,JLN BT HO SWEE,64,23,18
1,JLN BT MERAH,229,89,28
107,JLN BT MERAH,233,96,48
108,JLN BT MERAH,125,43,26
109,JLN BT MERAH,83,27,20
11,JLN BT MERAH,12,6,3
113,JLN BT MERAH,108,52,19
12,JLN BT MERAH,63,24,17
13,JLN BT MERAH,73,35,18
131,JLN BT MERAH,132,55,28
132,JLN BT MERAH,152,66,20
133,JLN BT MERAH,111,36,21
134,JLN BT MERAH,89,39,24
135,JLN BT MERAH,83,40,18
136,JLN BT MERAH,86,37,15
137,JLN BT MERAH,62,18,19
138,JLN BT MERAH,106,44,18
139,JLN BT MERAH,70,39,19
14,JLN BT MERAH,85,48,14
140,JLN BT MERAH,93,28,21
141,JLN BT MERAH,225,88,44
142,JLN BT MERAH,155,60,29
143,JLN BT MERAH,73,20,10
144,JLN BT MERAH,74,23,15
145,JLN BT MERAH,101,40,14
146,JLN BT MERAH,167,70,21
2,JLN BT MERAH,220,73,49
28,JLN BT MERAH,249,92,49
7,JLN BT MERAH,17,9,6
661,JLN DAMAI,42,13,15
662,JLN DAMAI,44,24,6
663,JLN DAMAI,47,23,13
664,JLN DAMAI,26,8,7
665,JLN DAMAI,66,26,22
666,JLN DAMAI,77,35,20
667,JLN DAMAI,54,20,10
668,JLN DAMAI,34,17,6
669,JLN DAMAI,64,27,13
670,JLN DAMAI,67,14,25
671,JLN DAMAI,51,25,14
672,JLN DAMAI,80,41,16
93,JLN DUA,92,39,22
97,JLN DUA,119,48,27
102,JLN DUSUN,83,20,20
104,JLN DUSUN,20,4,4
106,JLN DUSUN,80,18,15
446B,JLN KAYU,52,0,51
446C,JLN KAYU,31,0,31
447A,JLN KAYU,53,0,52
447B,JLN KAYU,41,0,41
20,JLN KLINIK,99,40,22
26,JLN KLINIK,102,40,27
28,JLN KLINIK,190,74,37
30,JLN KLINIK,160,60,31
10,JLN KUKOH,119,43,19
8,JLN KUKOH,170,63,26
9,JLN KUKOH,121,42,28
53,JLN MA'MOR,25,8,8
54,JLN MA'MOR,27,14,3
56,JLN MA'MOR,17,3,5
57,JLN MA'MOR,20,8,4
58,JLN MA'MOR,13,3,3
59,JLN MA'MOR,21,8,6
62,JLN MA'MOR,18,8,3
63,JLN MA'MOR,22,8,4
64,JLN MA'MOR,18,6,2
65,JLN MA'MOR,17,7,4
118A,JLN MEMBINA,90,46,43
118B,JLN MEMBINA,78,38,38
118C,JLN MEMBINA,67,31,35
118D,JLN MEMBINA,87,47,38
19,JLN MEMBINA,67,38,26
20,JLN MEMBINA,65,31,34
21,JLN MEMBINA,97,55,40
22,JLN MEMBINA,74,37,37
23,JLN MEMBINA,75,39,34
25A,JLN MEMBINA,36,13,23
25B,JLN MEMBINA,102,29,72
26A,JLN MEMBINA,64,22,40
26B,JLN MEMBINA,93,34,57
26C,JLN MEMBINA,87,33,53
26D,JLN MEMBINA,98,28,66
27A,JLN MEMBINA,84,20,63
27B,JLN MEMBINA,33,9,24
24,JLN MEMBINA BARAT,20,0,0
1,JLN PASAR BARU,199,10,0
101,JLN RAJAH,129,34,31
102,JLN RAJAH,143,53,35
103,JLN RAJAH,141,41,30
104,JLN RAJAH,132,39,16
105,JLN RAJAH,116,39,25
106,JLN RAJAH,95,25,24
107,JLN RAJAH,75,20,18
108,JLN RAJAH,96,19,25
10,JLN RUMAH TINGGI,26,11,4
35,JLN RUMAH TINGGI,68,53,14
36,JLN RUMAH TINGGI,80,59,20
37,JLN RUMAH TINGGI,253,107,51
38,JLN RUMAH TINGGI,110,49,33
39,JLN RUMAH TINGGI,85,35,27
40,JLN RUMAH TINGGI,104,51,28
8,JLN RUMAH TINGGI,117,36,22
9,JLN RUMAH TINGGI,88,24,18
150,JLN TECK WHYE,98,67,14
151,JLN TECK WHYE,105,56,26
152,JLN TECK WHYE,96,49,27
153,JLN TECK WHYE,6,0,6
154,JLN TECK WHYE,96,51,26
155,JLN TECK WHYE,79,42,21
156,JLN TECK WHYE,70,46,14
157,JLN TECK WHYE,127,73,29
158,JLN TECK WHYE,92,50,22
159,JLN TECK WHYE,96,59,20
160,JLN TECK WHYE,111,66,32
162,JLN TECK WHYE,115,76,29
163,JLN TECK WHYE,85,56,28
164,JLN TECK WHYE,88,61,24
645,JLN TENAGA,83,32,12
646,JLN TENAGA,61,19,11
647,JLN TENAGA,84,29,13
648,JLN TENAGA,98,37,15
649,JLN TENAGA,85,29,15
650,JLN TENAGA,75,26,18
651,JLN TENAGA,91,41,24
652,JLN TENAGA,64,29,8
653,JLN TENAGA,73,36,11
654,JLN TENAGA,82,34,19
655,JLN TENAGA,84,36,26
656,JLN TENAGA,75,30,17
657,JLN TENAGA,69,21,18
658,JLN TENAGA,82,26,23
659,JLN TENAGA,69,34,12
660,JLN TENAGA,94,37,24
116A,JLN TENTERAM,77,0,77
116B,JLN TENTERAM,66,0,66
117A,JLN TENTERAM,89,0,89
117B,JLN TENTERAM,72,0,72
16,JLN TENTERAM,111,61,46
17,JLN TENTERAM,91,47,43
18,JLN TENTERAM,84,31,51
19,JLN TENTERAM,77,33,43
61,JLN TENTERAM,25,9,5
39,JLN TIGA,32,12,19
43,JLN TIGA,23,9,13
45,JLN TIGA,40,11,28
47,JLN TIGA,55,24,28
49,JLN TIGA,37,14,22
3,JOO CHIAT RD,115,44,24
4,JOO CHIAT RD,126,41,26
10,JOO SENG RD,111,25,20
11,JOO SENG RD,111,38,17
12,JOO SENG RD,71,17,15
13,JOO SENG RD,38,11,6
14,JOO SENG RD,65,14,13
15,JOO SENG RD,144,37,29
16,JOO SENG RD,91,23,21
17,JOO SENG RD,137,40,33
18,JOO SENG RD,118,45,16
19,JOO SENG RD,84,21,15
20,JOO SENG RD,67,13,13
21,JOO SENG RD,69,13,15
8,JOO SENG RD,57,12,16
9,JOO SENG RD,65,0,65
240A,JURONG EAST AVE 1,15,0,15
329,JURONG EAST AVE 1,189,67,30
330,JURONG EAST AVE 1,171,53,32
331,JURONG EAST AVE 1,156,43,23
332,JURONG EAST AVE 1,185,59,26
333,JURONG EAST AVE 1,21,4,5
334,JURONG EAST AVE 1,42,12,11
335,JURONG EAST AVE 1,29,5,2
336,JURONG EAST AVE 1,151,41,33
337,JURONG EAST AVE 1,161,44,33
338,JURONG EAST AVE 1,32,9,6
339,JURONG EAST AVE 1,169,60,26
340,JURONG EAST AVE 1,128,34,31
341,JURONG EAST AVE 1,183,67,31
348,JURONG EAST AVE 1,11,4,4
349,JURONG EAST AVE 1,18,3,3
101,JURONG EAST ST 13,356,119,53
102,JURONG EAST ST 13,279,107,41
103,JURONG EAST ST 13,111,21,21
104,JURONG EAST ST 13,23,13,4
105,JURONG EAST ST 13,49,15,11
106,JURONG EAST ST 13,116,35,17
107,JURONG EAST ST 13,34,15,4
108,JURONG EAST ST 13,85,31,12
109,JURONG EAST ST 13,94,30,17
110,JURONG EAST ST 13,328,127,42
111,JURONG EAST ST 13,100,34,19
112,JURONG EAST ST 13,90,30,18
113,JURONG EAST ST 13,141,47,29
114,JURONG EAST ST 13,13,8,2
115,JURONG EAST ST 13,152,55,21
116,JURONG EAST ST 13,104,33,20
201,JURONG EAST ST 21,77,20,23
202,JURONG EAST ST 21,11,3,8
203,JURONG EAST ST 21,112,41,18
204,JURONG EAST ST 21,107,29,23
205,JURONG EAST ST 21,107,32,14
206,JURONG EAST ST 21,117,45,19
207,JURONG EAST ST 21,151,46,25
208,JURONG EAST ST 21,125,41,21
209,JURONG EAST ST 21,87,20,12
210,JURONG EAST ST 21,360,129,68
211,JURONG EAST ST 21,258,86,54
212,JURONG EAST ST 21,106,31,13
213,JURONG EAST ST 21,109,31,21
214,JURONG EAST ST 21,187,61,36
215,JURONG EAST ST 21,20,6,5
215A,JURONG EAST ST 21,44,13,9
216,JURONG EAST ST 21,119,35,23
217,JURONG EAST ST 21,121,39,15
217A,JURONG EAST ST 21,25,12,6
218,JURONG EAST ST 21,129,46,17
219,JURONG EAST ST 21,92,28,18
219A,JURONG EAST ST 21,97,25,21
220,JURONG EAST ST 21,95,23,18
221,JURONG EAST ST 21,23,9,6
221A,JURONG EAST ST 21,79,26,15
222,JURONG EAST ST 21,39,15,4
223,JURONG EAST ST 21,29,11,3
223A,JURONG EAST ST 21,46,15,11
224,JURONG EAST ST 21,117,45,23
225,JURONG EAST ST 21,17,9,3
225A,JURONG EAST ST 21,149,46,28
226,JURONG EAST ST 21,118,39,16
227,JURONG EAST ST 21,111,33,21
228,JURONG EAST ST 21,100,31,20
229,JURONG EAST ST 21,214,77,33
230,JURONG EAST ST 21,100,23,20
231,JURONG EAST ST 21,220,82,40
232,JURONG EAST ST 21,160,59,27
233,JURONG EAST ST 21,132,56,20
234,JURONG EAST ST 21,132,40,24
235,JURONG EAST ST 21,4,1,2
236,JURONG EAST ST 21,108,35,22
237,JURONG EAST ST 21,12,6,5
238,JURONG EAST ST 21,117,37,19
239,JURONG EAST ST 21,110,34,21
240,JURONG EAST ST 21,106,28,23
287A,JURONG EAST ST 21,98,64,33
287B,JURONG EAST ST 21,97,66,31
287C,JURONG EAST ST 21,75,46,26
287D,JURONG EAST ST 21,72,40,27
288A,JURONG EAST ST 21,82,58,24
288B,JURONG EAST ST 21,60,40,18
288C,JURONG EAST ST 21,51,29,20
288D,JURONG EAST ST 21,81,54,27
288E,JURONG EAST ST 21,53,30,19
241,JURONG EAST ST 24,303,97,43
242,JURONG EAST ST 24,22,4,6
243,JURONG EAST ST 24,233,80,34
244,JURONG EAST ST 24,360,123,51
245,JURONG EAST ST 24,124,32,25
246,JURONG EAST ST 24,84,24,16
247,JURONG EAST ST 24,274,93,32
248,JURONG EAST ST 24,230,74,43
249,JURONG EAST ST 24,163,50,32
250,JURONG EAST ST 24,160,50,31
251,JURONG EAST ST 24,112,32,16
252,JURONG EAST ST 24,47,12,35
253,JURONG EAST ST 24,57,20,36
256,JURONG EAST ST 24,6,2,4
257,JURONG EAST ST 24,340,114,60
258,JURONG EAST ST 24,130,38,21
259,JURONG EAST ST 24,18,8,2
260,JURONG EAST ST 24,112,27,18
261,JURONG EAST ST 24,281,108,43
262,JURONG EAST ST 24,33,11,6
263,JURONG EAST ST 24,93,23,13
264,JURONG EAST ST 24,306,98,57
317,JURONG EAST ST 31,153,47,22
318,JURONG EAST ST 31,32,8,8
319,JURONG EAST ST 31,116,26,16
320,JURONG EAST ST 31,134,38,24
321,JURONG EAST ST 31,131,37,22
322,JURONG EAST ST 31,147,44,23
322A,JURONG EAST ST 31,108,31,14
323,JURONG EAST ST 31,107,24,24
324,JURONG EAST ST 31,120,43,17
325,JURONG EAST ST 31,126,34,19
326,JURONG EAST ST 31,14,5,1
327,JURONG EAST ST 31,110,37,21
328,JURONG EAST ST 31,81,27,11
343,JURONG EAST ST 31,9,4,0
345,JURONG EAST ST 31,23,10,2
346,JURONG EAST ST 31,1,0,0
351,JURONG EAST ST 31,11,2,1
352,JURONG EAST ST 31,17,9,0
301,JURONG EAST ST 32,273,98,39
302,JURONG EAST ST 32,329,115,42
303,JURONG EAST ST 32,137,45,21
304,JURONG EAST ST 32,298,97,50
305,JURONG EAST ST 32,141,42,23
306,JURONG EAST ST 32,336,129,54
307,JURONG EAST ST 32,127,30,18
308,JURONG EAST ST 32,235,80,33
309,JURONG EAST ST 32,145,37,20
310,JURONG EAST ST 32,115,42,13
311,JURONG EAST ST 32,109,31,18
312,JURONG EAST ST 32,146,38,27
313,JURONG EAST ST 32,113,33,29
314,JURONG EAST ST 32,93,26,16
315,JURONG EAST ST 32,157,59,21
316,JURONG EAST ST 32,215,57,36
371,JURONG EAST ST 32,67,0,67
372,JURONG EAST ST 32,72,0,70
423,JURONG WEST AVE 1,132,40,20
424,JURONG WEST AVE 1,19,4,3
425,JURONG WEST AVE 1,190,69,31
426,JURONG WEST AVE 1,152,40,20
427,JURONG WEST AVE 1,118,23,15
428,JURONG WEST AVE 1,33,9,7
429,JURONG WEST AVE 1,54,20,6
430,JURONG WEST AVE 1,152,45,33
431,JURONG WEST AVE 1,143,40,26
436,JURONG WEST AVE 1,132,41,18
437,JURONG WEST AVE 1,146,31,29
438,JURONG WEST AVE 1,63,25,5
439,JURONG WEST AVE 1,29,9,5
440,JURONG WEST AVE 1,167,57,22
441,JURONG WEST AVE 1,114,28,19
442,JURONG WEST AVE 1,48,15,7
443,JURONG WEST AVE 1,112,33,13
444,JURONG WEST AVE 1,139,35,19
484,JURONG WEST AVE 1,242,83,38
485,JURONG WEST AVE 1,161,52,21
486,JURONG WEST AVE 1,136,31,18
487,JURONG WEST AVE 1,156,51,18
488,JURONG WEST AVE 1,107,34,21
489,JURONG WEST AVE 1,165,58,30
490,JURONG WEST AVE 1,142,41,21
491,JURONG WEST AVE 1,181,54,22
502,JURONG WEST AVE 1,19,8,7
503,JURONG WEST AVE 1,17,4,13
537,JURONG WEST AVE 1,106,41,8
538,JURONG WEST AVE 1,82,30,10
539,JURONG WEST AVE 1,106,29,18
540,JURONG WEST AVE 1,155,43,18
541,JURONG WEST AVE 1,102,31,19
542,JURONG WEST AVE 1,68,18,8
273A,JURONG WEST AVE 3,60,24,35
273B,JURONG WEST AVE 3,74,39,35
273C,JURONG WEST AVE 3,82,42,38
273D,JURONG WEST AVE 3,100,70,27
274A,JURONG WEST AVE 3,50,20,28
274D,JURONG WEST AVE 3,67,37,29
276B,JURONG WEST AVE 3,78,33,42
719,JURONG WEST AVE 5,40,12,9
720,JURONG WEST AVE 5,121,46,14
721,JURONG WEST AVE 5,144,46,24
722,JURONG WEST AVE 5,98,37,13
723,JURONG WEST AVE 5,87,30,18
725,JURONG WEST AVE 5,137,47,17
726,JURONG WEST AVE 5,105,40,20
727,JURONG WEST AVE 5,127,41,23
728,JURONG WEST AVE 5,129,52,16
729,JURONG WEST AVE 5,101,30,17
679A,JURONG WEST CTRL 1,37,24,11
679B,JURONG WEST CTRL 1,28,16,11
679C,JURONG WEST CTRL 1,105,72,31
680A,JURONG WEST CTRL 1,38,15,23
680B,JURONG WEST CTRL 1,35,23,12
680C,JURONG WEST CTRL 1,84,72,12
681A,JURONG WEST CTRL 1,32,16,15
681B,JURONG WEST CTRL 1,44,34,10
681C,JURONG WEST CTRL 1,99,77,22
682A,JURONG WEST CTRL 1,39,18,21
682B,JURONG WEST CTRL 1,42,25,17
682C,JURONG WEST CTRL 1,102,66,35
683A,JURONG WEST CTRL 1,76,42,31
683B,JURONG WEST CTRL 1,59,33,26
685C,JURONG WEST CTRL 1,73,50,22
686A,JURONG WEST CTRL 1,74,43,31
686B,JURONG WEST CTRL 1,66,41,25
686C,JURONG WEST CTRL 1,83,51,31
687,JURONG WEST CTRL 1,105,72,32
688,JURONG WEST CTRL 1,104,75,24
689,JURONG WEST CTRL 1,107,78,28
690,JURONG WEST CTRL 1,85,57,26
691,JURONG WEST CTRL 1,126,89,37
692,JURONG WEST CTRL 1,121,82,19
693,JURONG WEST CTRL 1,127,71,30
694,JURONG WEST CTRL 1,113,68,26
695,JURONG WEST CTRL 1,113,59,31
696,JURONG WEST CTRL 1,84,50,17
697A,JURONG WEST CTRL 3,25,0,25
697B,JURONG WEST CTRL 3,24,0,24
697C,JURONG WEST CTRL 3,14,0,14
698A,JURONG WEST CTRL 3,26,0,26
698B,JURONG WEST CTRL 3,19,0,19
698C,JURONG WEST CTRL 3,17,0,17
271A,JURONG WEST ST 24,81,49,32
271B,JURONG WEST ST 24,79,56,21
271C,JURONG WEST ST 24,72,52,20
271D,JURONG WEST ST 24,67,45,21
272A,JURONG WEST ST 24,57,38,19
272B,JURONG WEST ST 24,91,57,31
272C,JURONG WEST ST 24,61,36,24
272D,JURONG WEST ST 24,64,32,31
274B,JURONG WEST ST 25,53,18,35
274C,JURONG WEST ST 25,55,20,34
275A,JURONG WEST ST 25,82,42,38
275B,JURONG WEST ST 25,71,34,35
275C,JURONG WEST ST 25,86,49,34
275D,JURONG WEST ST 25,66,38,27
276A,JURONG WEST ST 25,91,57,33
276C,JURONG WEST ST 25,67,34,32
276D,JURONG WEST ST 25,75,38,35
456,JURONG WEST ST 41,197,71,28
457,JURONG WEST ST 41,160,52,20
458,JURONG WEST ST 41,108,38,24
459,JURONG WEST ST 41,182,56,19
460,JURONG WEST ST 41,127,40,14
461,JURONG WEST ST 41,119,34,23
462,JURONG WEST ST 41,167,58,22
463,JURONG WEST ST 41,200,56,37
464,JURONG WEST ST 41,180,45,26
465,JURONG WEST ST 41,107,24,18
466,JURONG WEST ST 41,146,46,19
467,JURONG WEST ST 41,81,21,20
468,JURONG WEST ST 41,107,21,16
469,JURONG WEST ST 41,163,40,34
470,JURONG WEST ST 41,115,32,19
471,JURONG WEST ST 41,136,38,21
472,JURONG WEST ST 41,125,21,28
473,JURONG WEST ST 41,83,29,11
474,JURONG WEST ST 41,171,48,25
475,JURONG WEST ST 41,181,60,23
476,JURONG WEST ST 41,180,62,29
477,JURONG WEST ST 41,177,60,34
478,JURONG WEST ST 41,150,39,28
479,JURONG WEST ST 41,21,9,3
480,JURONG WEST ST 41,287,96,45
481,JURONG WEST ST 41,326,114,50
482,JURONG WEST ST 41,14,4,3
483,JURONG WEST ST 41,159,57,25
492,JURONG WEST ST 41,178,75,29
494,JURONG WEST ST 41,49,22,8
495,JURONG WEST ST 41,51,21,5
498,JURONG WEST ST 41,98,30,21
401,JURONG WEST ST 42,111,32,15
402,JURONG WEST ST 42,82,16,18
403,JURONG WEST ST 42,141,43,20
404,JURONG WEST ST 42,113,25,21
405,JURONG WEST ST 42,139,39,30
406,JURONG WEST ST 42,131,40,12
407,JURONG WEST ST 42,154,37,25
408,JURONG WEST ST 42,151,42,37
409,JURONG WEST ST 42,151,39,22
410,JURONG WEST ST 42,115,26,27
411,JURONG WEST ST 42,131,43,25
412,JURONG WEST ST 42,158,46,28
413,JURONG WEST ST 42,183,60,26
414,JURONG WEST ST 42,119,38,14
415,JURONG WEST ST 42,112,36,12
416,JURONG WEST ST 42,99,23,18
417,JURONG WEST ST 42,196,71,25
418,JURONG WEST ST 42,45,14,5
419,JURONG WEST ST 42,132,46,18
420,JURONG WEST ST 42,164,47,23
421,JURONG WEST ST 42,153,47,28
422,JURONG WEST ST 42,143,55,19
432,JURONG WEST ST 42,121,29,25
433,JURONG WEST ST 42,156,48,24
434,JURONG WEST ST 42,62,22,9
435,JURONG WEST ST 42,49,12,6
445,JURONG WEST ST 42,46,17,9
446,JURONG WEST ST 42,46,13,10
447,JURONG WEST ST 42,157,41,21
448,JURONG WEST ST 42,142,40,28
449,JURONG WEST ST 42,152,47,29
450,JURONG WEST ST 42,166,43,21
451,JURONG WEST ST 42,45,12,7
452,JURONG WEST ST 42,119,27,19
453,JURONG WEST ST 42,86,17,10
454,JURONG WEST ST 42,94,30,13
455,JURONG WEST ST 42,107,32,14
543,JURONG WEST ST 42,166,51,25
544,JURONG WEST ST 42,31,12,7
545,JURONG WEST ST 42,153,34,29
546,JURONG WEST ST 42,125,39,23
547,JURONG WEST ST 42,133,33,24
548,JURONG WEST ST 42,175,44,36
549,JURONG WEST ST 42,157,53,25
550,JURONG WEST ST 42,155,42,22
551,JURONG WEST ST 42,107,24,15
552,JURONG WEST ST 42,134,33,21
553,JURONG WEST ST 42,102,28,9
554,JURONG WEST ST 42,110,41,18
555,JURONG WEST ST 42,113,33,22
556,JURONG WEST ST 42,157,34,37
557,JURONG WEST ST 42,105,34,14
558,JURONG WEST ST 42,177,43,33
559,JURONG WEST ST 42,166,43,28
560A,JURONG WEST ST 42,38,0,38
561A,JURONG WEST ST 42,52,0,52
561B,JURONG WEST ST 42,47,0,47
501,JURONG WEST ST 51,52,26,4
504,JURONG WEST ST 51,29,12,16
506,JURONG WEST ST 52,25,8,5
507,JURONG WEST ST 52,19,6,3
508,JURONG WEST ST 52,36,15,7
510,JURONG WEST ST 52,173,62,23
511,JURONG WEST ST 52,297,105,47
513,JURONG WEST ST 52,194,62,36
514,JURONG WEST ST 52,245,77,37
515,JURONG WEST ST 52,268,92,42
516,JURONG WEST ST 52,320,112,41
517,JURONG WEST ST 52,43,17,5
517A,JURONG WEST ST 52,60,43,16
517C,JURONG WEST ST 52,56,38,17
517D,JURONG WEST ST 52,58,38,20
517E,JURONG WEST ST 52,68,53,14
518,JURONG WEST ST 52,324,100,64
519,JURONG WEST ST 52,32,10,5
520,JURONG WEST ST 52,232,75,34
521,JURONG WEST ST 52,211,80,36
522,JURONG WEST ST 52,99,34,14
523,JURONG WEST ST 52,98,33,16
524,JURONG WEST ST 52,193,61,33
525,JURONG WEST ST 52,66,33,33
526,JURONG WEST ST 52,4,1,3
527,JURONG WEST ST 52,276,93,39
528,JURONG WEST ST 52,258,76,47
529,JURONG WEST ST 52,109,29,29
530,JURONG WEST ST 52,71,23,47
531,JURONG WEST ST 52,199,74,36
532,JURONG WEST ST 52,104,35,17
533,JURONG WEST ST 52,105,28,11
534,JURONG WEST ST 52,181,51,30
535,JURONG WEST ST 52,204,70,37
536,JURONG WEST ST 52,249,84,43
622,JURONG WEST ST 61,90,60,30
623,JURONG WEST ST 61,115,79,34
624,JURONG WEST ST 61,96,60,35
625,JURONG WEST ST 61,93,56,33
637,JURONG WEST ST 61,69,45,22
639,JURONG WEST ST 61,93,64,28
640,JURONG WEST ST 61,91,68,19
641,JURONG WEST ST 61,101,70,25
642,JURONG WEST ST 61,92,65,27
643,JURONG WEST ST 61,159,124,35
644,JURONG WEST ST 61,102,70,32
645,JURONG WEST ST 61,113,73,38
646,JURONG WEST ST 61,93,71,22
647,JURONG WEST ST 61,95,74,21
648A,JURONG WEST ST 61,57,34,23
648B,JURONG WEST ST 61,53,31,21
648C,JURONG WEST ST 61,61,34,24
648D,JURONG WEST ST 61,67,32,35
649A,JURONG WEST ST 61,78,55,23
649B,JURONG WEST ST 61,71,44,27
650A,JURONG WEST ST 61,124,88,36
650B,JURONG WEST ST 61,99,61,36
650C,JURONG WEST ST 61,77,55,21
651A,JURONG WEST ST 61,51,39,12
651B,JURONG WEST ST 61,76,52,23
652A,JURONG WEST ST 61,55,35,19
652B,JURONG WEST ST 61,81,48,31
652C,JURONG WEST ST 61,80,42,35
653A,JURONG WEST ST 61,106,53,49
653B,JURONG WEST ST 61,74,46,28
653C,JURONG WEST ST 61,90,54,35
654A,JURONG WEST ST 61,62,35,23
654B,JURONG WEST ST 61,72,31,40
654C,JURONG WEST ST 61,68,37,27
655A,JURONG WEST ST 61,125,79,45
655B,JURONG WEST ST 61,136,95,38
656A,JURONG WEST ST 61,75,43,31
656B,JURONG WEST ST 61,56,31,25
656C,JURONG WEST ST 61,63,31,32
656D,JURONG WEST ST 61,50,26,24
601,JURONG WEST ST 62,63,35,26
602,JURONG WEST ST 62,51,34,17
603,JURONG WEST ST 62,37,26,10
604,JURONG WEST ST 62,37,21,16
605,JURONG WEST ST 62,47,27,19
613,JURONG WEST ST 62,59,29,29
660A,JURONG WEST ST 64,111,74,37
660B,JURONG WEST ST 64,53,33,20
660C,JURONG WEST ST 64,53,35,17
660D,JURONG WEST ST 64,103,66,36
661A,JURONG WEST ST 64,50,33,15
661B,JURONG WEST ST 64,64,44,20
661C,JURONG WEST ST 64,71,41,29
661D,JURONG WEST ST 64,43,21,21
662A,JURONG WEST ST 64,42,24,16
662B,JURONG WEST ST 64,70,44,26
662C,JURONG WEST ST 64,58,32,24
662D,JURONG WEST ST 64,34,18,16
664A,JURONG WEST ST 64,139,102,37
664B,JURONG WEST ST 64,92,66,26
664C,JURONG WEST ST 64,101,65,33
664D,JURONG WEST ST 64,101,70,31
665A,JURONG WEST ST 64,46,24,22
665B,JURONG WEST ST 64,36,16,20
668A,JURONG WEST ST 64,105,76,28
668B,JURONG WEST ST 64,92,64,26
668C,JURONG WEST ST 64,121,85,34
668D,JURONG WEST ST 64,105,68,34
669A,JURONG WEST ST 64,46,27,18
669B,JURONG WEST ST 64,50,26,24
669C,JURONG WEST ST 64,57,27,29
669D,JURONG WEST ST 64,63,41,21
675A,JURONG WEST ST 64,55,18,37
675B,JURONG WEST ST 64,55,15,39
676A,JURONG WEST ST 64,48,16,32
676B,JURONG WEST ST 64,68,20,47
677A,JURONG WEST ST 64,54,18,34
677B,JURONG WEST ST 64,19,5,14
677C,JURONG WEST ST 64,44,13,30
678A,JURONG WEST ST 64,57,17,39
678B,JURONG WEST ST 64,20,7,12
678C,JURONG WEST ST 64,59,24,34
678D,JURONG WEST ST 64,49,16,32
683C,JURONG WEST ST 64,68,40,27
684A,JURONG WEST ST 64,92,60,31
684B,JURONG WEST ST 64,88,55,33
684C,JURONG WEST ST 64,99,67,32
685A,JURONG WEST ST 64,73,51,22
685B,JURONG WEST ST 64,75,44,30
606,JURONG WEST ST 65,35,20,14
607,JURONG WEST ST 65,42,27,12
608,JURONG WEST ST 65,52,28,22
609,JURONG WEST ST 65,49,25,21
610,JURONG WEST ST 65,69,47,20
611,JURONG WEST ST 65,46,31,15
612,JURONG WEST ST 65,40,30,10
617,JURONG WEST ST 65,118,85,32
618,JURONG WEST ST 65,55,37,17
619,JURONG WEST ST 65,72,48,23
620,JURONG WEST ST 65,61,37,24
621,JURONG WEST ST 65,115,80,32
626,JURONG WEST ST 65,43,15,27
627,JURONG WEST ST 65,52,20,32
628,JURONG WEST ST 65,51,23,27
629,JURONG WEST ST 65,40,21,18
630,JURONG WEST ST 65,56,25,31
631,JURONG WEST ST 65,58,34,23
632,JURONG WEST ST 65,93,57,31
633,JURONG WEST ST 65,110,76,34
634,JURONG WEST ST 65,42,24,18
635,JURONG WEST ST 65,128,80,43
636,JURONG WEST ST 65,99,67,30
657A,JURONG WEST ST 65,132,88,43
657B,JURONG WEST ST 65,182,122,57
658A,JURONG WEST ST 65,62,42,20
658B,JURONG WEST ST 65,63,34,28
658C,JURONG WEST ST 65,66,40,25
658D,JURONG WEST ST 65,66,41,24
659A,JURONG WEST ST 65,52,30,22
659B,JURONG WEST ST 65,73,48,25
659C,JURONG WEST ST 65,85,57,27
659D,JURONG WEST ST 65,71,49,22
663A,JURONG WEST ST 65,189,131,54
663B,JURONG WEST ST 65,104,69,35
663C,JURONG WEST ST 65,95,63,32
663D,JURONG WEST ST 65,109,72,37
666A,JURONG WEST ST 65,50,31,18
666B,JURONG WEST ST 65,39,19,20
667A,JURONG WEST ST 65,105,67,37
667B,JURONG WEST ST 65,115,85,30
667C,JURONG WEST ST 65,91,63,26
667D,JURONG WEST ST 65,66,41,23
670A,JURONG WEST ST 65,81,56,21
671A,JURONG WEST ST 65,55,29,24
671B,JURONG WEST ST 65,59,25,32
671C,JURONG WEST ST 65,48,23,23
672A,JURONG WEST ST 65,80,53,26
673A,JURONG WEST ST 65,99,64,35
673B,JURONG WEST ST 65,75,49,26
673C,JURONG WEST ST 65,89,49,38
674A,JURONG WEST ST 65,81,54,27
674B,JURONG WEST ST 65,91,53,35
701,JURONG WEST ST 71,60,18,12
702,JURONG WEST ST 71,52,13,9
703,JURONG WEST ST 71,86,31,23
704,JURONG WEST ST 71,44,14,9
705,JURONG WEST ST 71,97,43,16
706,JURONG WEST ST 71,94,36,15
707,JURONG WEST ST 71,71,21,19
708,JURONG WEST ST 71,54,20,11
709,JURONG WEST ST 71,59,14,14
710,JURONG WEST ST 71,84,31,15
711,JURONG WEST ST 71,98,38,20
712,JURONG WEST ST 71,84,26,13
713,JURONG WEST ST 71,96,31,18
714,JURONG WEST ST 71,103,33,22
715,JURONG WEST ST 71,82,33,11
716,JURONG WEST ST 71,125,42,18
717,JURONG WEST ST 71,104,39,22
718,JURONG WEST ST 71,131,46,31
724,JURONG WEST ST 72,80,38,13
730,JURONG WEST ST 72,73,32,7
731,JURONG WEST ST 72,62,15,16
732,JURONG WEST ST 73,109,43,24
733,JURONG WEST ST 73,82,27,12
734,JURONG WEST ST 73,83,29,16
739,JURONG WEST ST 73,110,42,24
743,JURONG WEST ST 73,99,37,20
744,JURONG WEST ST 73,108,38,24
745,JURONG WEST ST 73,122,39,20
746,JURONG WEST ST 73,94,31,13
747,JURONG WEST ST 73,67,28,13
748,JURONG WEST ST 73,105,36,18
749,JURONG WEST ST 73,116,40,14
750,JURONG WEST ST 73,88,34,19
751,JURONG WEST ST 73,103,35,29
752,JURONG WEST ST 74,73,26,17
753,JURONG WEST ST 74,52,19,12
754,JURONG WEST ST 74,59,25,8
755,JURONG WEST ST 74,79,32,15
756,JURONG WEST ST 74,116,51,20
757,JURONG WEST ST 74,92,44,12
758,JURONG WEST ST 74,67,30,12
759,JURONG WEST ST 74,79,35,15
760,JURONG WEST ST 74,39,14,8
761,JURONG WEST ST 74,60,27,9
764,JURONG WEST ST 74,68,27,17
765,JURONG WEST ST 74,77,39,12
766,JURONG WEST ST 74,95,39,19
735,JURONG WEST ST 75,127,51,26
736,JURONG WEST ST 75,79,35,10
737,JURONG WEST ST 75,71,30,16
738,JURONG WEST ST 75,89,37,14
810,JURONG WEST ST 81,116,43,28
811,JURONG WEST ST 81,83,26,19
812,JURONG WEST ST 81,145,47,29
813,JURONG WEST ST 81,164,68,29
814,JURONG WEST ST 81,181,62,25
815,JURONG WEST ST 81,130,44,24
816,JURONG WEST ST 81,108,48,20
817,JURONG WEST ST 81,110,34,27
818,JURONG WEST ST 81,33,11,10
819,JURONG WEST ST 81,46,20,8
820,JURONG WEST ST 81,40,10,11
821,JURONG WEST ST 81,139,45,20
822,JURONG WEST ST 81,59,26,12
823,JURONG WEST ST 81,131,51,20
824,JURONG WEST ST 81,155,53,27
825,JURONG WEST ST 81,114,36,21
826,JURONG WEST ST 81,121,33,24
827,JURONG WEST ST 81,40,16,3
828,JURONG WEST ST 81,42,15,9
828A,JURONG WEST ST 81,8,2,5
829,JURONG WEST ST 81,40,8,11
830,JURONG WEST ST 81,61,19,10
830A,JURONG WEST ST 81,65,19,13
831,JURONG WEST ST 81,73,25,14
832,JURONG WEST ST 81,89,23,17
833,JURONG WEST ST 81,79,26,22
834,JURONG WEST ST 81,68,28,12
835,JURONG WEST ST 81,111,37,17
836,JURONG WEST ST 81,115,37,21
837,JURONG WEST ST 81,89,32,17
838,JURONG WEST ST 81,119,35,22
839,JURONG WEST ST 81,101,42,13
840,JURONG WEST ST 81,67,21,14
841,JURONG WEST ST 81,70,23,16
842,JURONG WEST ST 81,51,12,8
843,JURONG WEST ST 81,64,24,10
844,JURONG WEST ST 81,48,19,6
845,JURONG WEST ST 81,76,28,12
846,JURONG WEST ST 81,48,13,10
847,JURONG WEST ST 81,68,28,16
848,JURONG WEST ST 81,52,17,11
849,JURONG WEST ST 81,57,20,12
850,JURONG WEST ST 81,114,50,20
851,JURONG WEST ST 81,110,53,17
852,JURONG WEST ST 81,126,61,32
853,JURONG WEST ST 81,86,34,18
854,JURONG WEST ST 81,119,54,28
855,JURONG WEST ST 81,65,29,12
856,JURONG WEST ST 81,94,38,14
857,JURONG WEST ST 81,49,23,7
858,JURONG WEST ST 81,77,26,17
859,JURONG WEST ST 81,80,40,15
860,JURONG WEST ST 81,59,29,9
861,JURONG WEST ST 81,63,19,9
862,JURONG WEST ST 81,72,25,12
863,JURONG WEST ST 81,37,13,9
864,JURONG WEST ST 81,142,72,23
865,JURONG WEST ST 81,68,30,14
866,JURONG WEST ST 81,73,37,14
902,JURONG WEST ST 91,131,49,17
903,JURONG WEST ST 91,130,35,24
904,JURONG WEST ST 91,168,69,23
905,JURONG WEST ST 91,38,11,7
906,JURONG WEST ST 91,139,33,25
907,JURONG WEST ST 91,102,27,26
908,JURONG WEST ST 91,151,58,28
909,JURONG WEST ST 91,153,49,28
910,JURONG WEST ST 91,140,38,27
911,JURONG WEST ST 91,94,33,14
912,JURONG WEST ST 91,39,11,8
913,JURONG WEST ST 91,86,25,17
914,JURONG WEST ST 91,98,53,42
915,JURONG WEST ST 91,96,60,36
916,JURONG WEST ST 91,76,44,32
917,JURONG WEST ST 91,184,58,38
918,JURONG WEST ST 91,34,11,6
919,JURONG WEST ST 91,102,28,14
933,JURONG WEST ST 91,92,29,14
934,JURONG WEST ST 91,137,40,21
935,JURONG WEST ST 91,11,0,5
936,JURONG WEST ST 91,201,85,31
937,JURONG WEST ST 91,10,3,1
938,JURONG WEST ST 91,101,27,17
939,JURONG WEST ST 91,201,81,32
940,JURONG WEST ST 91,141,42,31
941,JURONG WEST ST 91,113,31,27
942,JURONG WEST ST 91,96,28,20
943,JURONG WEST ST 91,91,23,19
944,JURONG WEST ST 91,126,35,18
945,JURONG WEST ST 91,119,42,15
946,JURONG WEST ST 91,98,27,21
947,JURONG WEST ST 91,81,24,15
948,JURONG WEST ST 91,96,27,18
949,JURONG WEST ST 91,68,21,13
950,JURONG WEST ST 91,100,37,21
952,JURONG WEST ST 91,76,21,12
953,JURONG WEST ST 91,85,33,14
920,JURONG WEST ST 92,118,29,28
921,JURONG WEST ST 92,70,13,14
922,JURONG WEST ST 92,118,43,19
923,JURONG WEST ST 92,90,36,21
924,JURONG WEST ST 92,21,6,3
925,JURONG WEST ST 92,193,72,42
926,JURONG WEST ST 92,151,64,26
928,JURONG WEST ST 92,158,62,22
929,JURONG WEST ST 92,215,77,43
930,JURONG WEST ST 92,33,12,3
931,JURONG WEST ST 92,79,25,11
932,JURONG WEST ST 92,146,48,20
961,JURONG WEST ST 92,51,15,5
965,JURONG WEST ST 93,52,22,5
966,JURONG WEST ST 93,42,12,6
974,JURONG WEST ST 93,19,7,5
975,JURONG WEST ST 93,62,19,12
976,JURONG WEST ST 93,112,36,26
977,JURONG WEST ST 93,152,43,33
978,JURONG WEST ST 93,57,19,10
979,JURONG WEST ST 93,113,40,11
980,JURONG WEST ST 93,92,32,18
986A,JURONG WEST ST 93,29,8,19
986B,JURONG WEST ST 93,19,6,10
986C,JURONG WEST ST 93,17,5,11
987A,JURONG WEST ST 93,50,9,35
987B,JURONG WEST ST 93,58,22,34
987C,JURONG WEST ST 93,61,22,36
987D,JURONG WEST ST 93,63,29,34
988A,JURONG WEST ST 93,48,16,32
988B,JURONG WEST ST 93,20,8,12
988C,JURONG WEST ST 93,43,14,29
989A,JURONG WEST ST 93,53,15,37
989B,JURONG WEST ST 93,42,20,21
989C,JURONG WEST ST 93,46,11,34
989D,JURONG WEST ST 93,53,15,38
990A,JURONG WEST ST 93,36,15,19
990B,JURONG WEST ST 93,26,4,21
990C,JURONG WEST ST 93,27,10,16
63,KALLANG BAHRU,267,98,47
64,KALLANG BAHRU,330,126,62
65,KALLANG BAHRU,338,113,71
66,KALLANG BAHRU,64,38,14
67,KALLANG BAHRU,33,19,7
333,KANG CHING RD,67,34,18
334,KANG CHING RD,37,16,9
335,KANG CHING RD,65,35,17
338B,KANG CHING RD,32,3,29
339A,KANG CHING RD,41,6,33
339B,KANG CHING RD,42,6,36
339C,KANG CHING RD,39,7,32
339D,KANG CHING RD,45,7,38
345,KANG CHING RD,139,66,30
346,KANG CHING RD,94,47,20
347,KANG CHING RD,96,43,24
348,KANG CHING RD,142,77,33
352,KANG CHING RD,110,59,19
353,KANG CHING RD,94,48,19
354,KANG CHING RD,86,43,14
355,KANG CHING RD,72,28,14
801A,KEAT HONG CL,39,0,39
801B,KEAT HONG CL,33,0,33
801C,KEAT HONG CL,39,0,39
801D,KEAT HONG CL,28,0,28
802A,KEAT HONG CL,44,0,44
802B,KEAT HONG CL,35,0,35
802C,KEAT HONG CL,32,0,32
803A,KEAT HONG CL,47,0,47
803B,KEAT HONG CL,54,0,54
803C,KEAT HONG CL,34,0,34
803D,KEAT HONG CL,37,0,37
804A,KEAT HONG CL,43,0,43
804B,KEAT HONG CL,37,0,37
805A,KEAT HONG CL,28,0,28
805B,KEAT HONG CL,31,0,31
805C,KEAT HONG CL,49,0,49
805D,KEAT HONG CL,52,0,52
816A,KEAT HONG LINK,27,0,27
816B,KEAT HONG LINK,49,0,49
817A,KEAT HONG LINK,48,0,48
817B,KEAT HONG LINK,75,0,75
817C,KEAT HONG LINK,59,0,59
28,KELANTAN RD,123,40,28
29,KELANTAN RD,106,37,25
30,KELANTAN RD,109,36,29
51,KENT RD,97,31,17
52,KENT RD,93,32,14
53,KENT RD,23,4,3
54,KENT RD,92,27,18
12,KG ARANG RD,120,43,31
14,KG ARANG RD,122,39,21
18,KG BAHRU HILL,14,3,0
19,KG BAHRU HILL,8,2,0
22,KG BAHRU HILL,7,3,0
23,KG BAHRU HILL,12,3,0
24,KG BAHRU HILL,9,2,0
1,KG KAYU RD,97,39,23
34,KIM CHENG ST,29,12,14
41,KIM CHENG ST,27,12,8
42,KIM CHENG ST,23,10,6
45,KIM CHENG ST,14,8,6
194,KIM KEAT AVE,245,85,52
195,KIM KEAT AVE,660,229,128
253,KIM KEAT AVE,24,9,3
254,KIM KEAT AVE,91,18,24
255,KIM KEAT AVE,40,9,5
256,KIM KEAT AVE,119,34,23
257,KIM KEAT AVE,72,18,15
258,KIM KEAT AVE,67,22,14
259,KIM KEAT AVE,93,28,25
241,KIM KEAT LINK,49,18,10
242,KIM KEAT LINK,40,11,7
243,KIM KEAT LINK,20,5,3
244,KIM KEAT LINK,80,35,13
245,KIM KEAT LINK,18,4,5
246,KIM KEAT LINK,83,27,11
247,KIM KEAT LINK,96,35,20
248,KIM KEAT LINK,112,23,26
249,KIM KEAT LINK,65,21,14
250,KIM KEAT LINK,83,21,22
251,KIM KEAT LINK,49,12,11
252,KIM KEAT LINK,21,7,3
38,KIM PONG RD,27,13,8
49,KIM PONG RD,22,6,7
120,KIM TIAN PL,56,34,22
120A,KIM TIAN PL,52,33,19
121,KIM TIAN PL,74,47,26
121A,KIM TIAN PL,64,31,33
7,KIM TIAN PL,98,36,19
8,KIM TIAN PL,88,24,17
119B,KIM TIAN RD,141,80,60
119C,KIM TIAN RD,137,76,61
119D,KIM TIAN RD,97,56,40
122,KIM TIAN RD,68,32,15
123,KIM TIAN RD,57,22,13
125,KIM TIAN RD,35,7,19
126A,KIM TIAN RD,47,1,46
126C,KIM TIAN RD,59,0,59
127A,KIM TIAN RD,72,2,70
127C,KIM TIAN RD,83,0,83
127D,KIM TIAN RD,83,3,78
128,KIM TIAN RD,91,30,19
129,KIM TIAN RD,116,33,26
130,KIM TIAN RD,96,33,21
131B,KIM TIAN RD,94,56,37
131C,KIM TIAN RD,82,53,29
6,KIM TIAN RD,26,10,6
804,KING GEORGE'S AVE,102,31,26
805,KING GEORGE'S AVE,23,12,11
806,KING GEORGE'S AVE,116,42,33
807,KING GEORGE'S AVE,77,17,18
671A,KLANG LANE,54,26,24
671B,KLANG LANE,61,34,27
672A,KLANG LANE,61,34,24
672B,KLANG LANE,65,28,37
334,KRETA AYER RD,65,28,11
43,LENGKOK BAHRU,34,12,7
44,LENGKOK BAHRU,16,3,7
45,LENGKOK BAHRU,16,5,2
46,LENGKOK BAHRU,68,23,12
47,LENGKOK BAHRU,64,24,13
48,LENGKOK BAHRU,137,39,29
51,LENGKOK BAHRU,144,51,32
52,LENGKOK BAHRU,114,35,17
53,LENGKOK BAHRU,94,34,13
54,LENGKOK BAHRU,31,10,7
63A,LENGKOK BAHRU,69,48,21
63B,LENGKOK BAHRU,101,63,37
101,LENGKONG TIGA,13,4,2
102,LENGKONG TIGA,77,20,17
103,LENGKONG TIGA,89,24,21
104,LENGKONG TIGA,90,31,16
105,LENGKONG TIGA,12,4,1
106,LENGKONG TIGA,58,14,13
107,LENGKONG TIGA,13,1,2
108,LENGKONG TIGA,76,21,22
109,LENGKONG TIGA,79,25,9
110,LENGKONG TIGA,55,15,13
111,LENGKONG TIGA,117,39,21
112,LENGKONG TIGA,85,32,19
113,LENGKONG TIGA,17,6,2
114,LENGKONG TIGA,86,31,15
115,LENGKONG TIGA,49,16,13
116,LENGKONG TIGA,78,22,21
3,LIM CHU KANG RD,31,0,0
4,LIM CHU KANG RD,33,0,0
19,LIM LIAK ST,15,3,5
21,LIM LIAK ST,19,9,7
23,LIM LIAK ST,19,10,4
25,LIM LIAK ST,19,7,7
27,LIM LIAK ST,17,9,3
29,LIM LIAK ST,23,7,6
33,LIM LIAK ST,14,6,5
35,LIM LIAK ST,21,9,6
37,LIM LIAK ST,22,10,8
174,LOMPANG RD,84,40,21
175,LOMPANG RD,126,59,27
176,LOMPANG RD,153,78,41
177,LOMPANG RD,123,80,41
178,LOMPANG RD,136,88,46
179,LOMPANG RD,75,46,28
180,LOMPANG RD,60,36,23
100,LOR 1 TOA PAYOH,216,73,47
107,LOR 1 TOA PAYOH,92,36,14
108,LOR 1 TOA PAYOH,145,52,21
109,LOR 1 TOA PAYOH,100,29,21
110,LOR 1 TOA PAYOH,115,39,33
111,LOR 1 TOA PAYOH,112,38,21
112,LOR 1 TOA PAYOH,151,52,31
113,LOR 1 TOA PAYOH,146,41,34
114,LOR 1 TOA PAYOH,150,52,37
115,LOR 1 TOA PAYOH,136,54,32
117,LOR 1 TOA PAYOH,111,26,25
118,LOR 1 TOA PAYOH,129,46,23
119,LOR 1 TOA PAYOH,128,46,18
123,LOR 1 TOA PAYOH,138,55,25
124,LOR 1 TOA PAYOH,161,58,34
125,LOR 1 TOA PAYOH,214,78,44
126,LOR 1 TOA PAYOH,211,77,34
128,LOR 1 TOA PAYOH,240,88,46
130A,LOR 1 TOA PAYOH,68,0,68
130B,LOR 1 TOA PAYOH,81,0,81
131A,LOR 1 TOA PAYOH,37,0,37
131B,LOR 1 TOA PAYOH,48,0,48
153A,LOR 1 TOA PAYOH,49,27,18
155,LOR 1 TOA PAYOH,95,62,31
156,LOR 1 TOA PAYOH,70,47,21
157,LOR 1 TOA PAYOH,393,128,77
158,LOR 1 TOA PAYOH,168,65,29
159,LOR 1 TOA PAYOH,200,69,34
160,LOR 1 TOA PAYOH,41,23,17
161,LOR 1 TOA PAYOH,55,33,21
163,LOR 1 TOA PAYOH,142,57,31
166,LOR 1 TOA PAYOH,59,0,0
167,LOR 1 TOA PAYOH,33,0,0
168,LOR 1 TOA PAYOH,136,43,28
169,LOR 1 TOA PAYOH,145,55,26
171,LOR 1 TOA PAYOH,131,56,25
172,LOR 1 TOA PAYOH,61,22,17
172A,LOR 1 TOA PAYOH,34,14,11
173,LOR 1 TOA PAYOH,291,119,51
174,LOR 1 TOA PAYOH,152,57,31
236,LOR 1 TOA PAYOH,81,24,24
237,LOR 1 TOA PAYOH,90,19,18
238,LOR 1 TOA PAYOH,110,35,26
239,LOR 1 TOA PAYOH,105,25,27
240,LOR 1 TOA PAYOH,53,13,10
98,LOR 1 TOA PAYOH,257,77,40
138A,LOR 1A TOA PAYOH,102,0,99
138B,LOR 1A TOA PAYOH,103,0,103
138C,LOR 1A TOA PAYOH,119,0,118
139A,LOR 1A TOA PAYOH,145,0,144
139B,LOR 1A TOA PAYOH,116,0,115
101A,LOR 2 TOA PAYOH,56,23,13
101B,LOR 2 TOA PAYOH,34,12,7
116,LOR 2 TOA PAYOH,381,111,74
120,LOR 2 TOA PAYOH,313,95,61
121,LOR 2 TOA PAYOH,57,26,31
122,LOR 2 TOA PAYOH,114,75,38
141,LOR 2 TOA PAYOH,118,77,40
142,LOR 2 TOA PAYOH,85,45,38
143,LOR 2 TOA PAYOH,128,79,48
144,LOR 2 TOA PAYOH,110,59,49
145,LOR 2 TOA PAYOH,113,46,65
146,LOR 2 TOA PAYOH,89,35,52
147,LOR 2 TOA PAYOH,92,40,45
152,LOR 2 TOA PAYOH,107,45,62
153,LOR 2 TOA PAYOH,91,64,27
154,LOR 2 TOA PAYOH,73,52,21
175,LOR 2 TOA PAYOH,78,30,15
83,LOR 2 TOA PAYOH,85,29,12
84,LOR 2 TOA PAYOH,64,27,12
84A,LOR 2 TOA PAYOH,61,25,16
84B,LOR 2 TOA PAYOH,76,33,16
86,LOR 2 TOA PAYOH,80,35,21
89,LOR 2 TOA PAYOH,83,0,0
99A,LOR 2 TOA PAYOH,51,15,7
99B,LOR 2 TOA PAYOH,43,19,5
99C,LOR 2 TOA PAYOH,53,21,9
111,LOR 3 GEYLANG,19,8,3
112,LOR 3 GEYLANG,35,10,8
113,LOR 3 GEYLANG,66,21,9
114,LOR 3 GEYLANG,39,13,8
91,LOR 3 TOA PAYOH,213,79,48
96,LOR 3 TOA PAYOH,241,77,38
97,LOR 3 TOA PAYOH,52,23,13
191,LOR 4 TOA PAYOH,101,35,24
193,LOR 4 TOA PAYOH,114,38,19
56,LOR 4 TOA PAYOH,77,48,29
58,LOR 4 TOA PAYOH,50,35,15
60,LOR 4 TOA PAYOH,100,73,26
62,LOR 4 TOA PAYOH,75,52,22
66,LOR 4 TOA PAYOH,157,48,36
69,LOR 4 TOA PAYOH,115,44,20
70,LOR 4 TOA PAYOH,33,11,6
71,LOR 4 TOA PAYOH,41,17,5
73,LOR 4 TOA PAYOH,196,69,29
80,LOR 4 TOA PAYOH,60,26,15
80A,LOR 4 TOA PAYOH,60,29,11
80B,LOR 4 TOA PAYOH,66,32,16
81,LOR 4 TOA PAYOH,67,31,19
81A,LOR 4 TOA PAYOH,50,21,13
81B,LOR 4 TOA PAYOH,71,36,18
82,LOR 4 TOA PAYOH,45,18,14
82A,LOR 4 TOA PAYOH,53,27,12
82B,LOR 4 TOA PAYOH,56,20,14
85,LOR 4 TOA PAYOH,11,5,3
85A,LOR 4 TOA PAYOH,181,68,36
85B,LOR 4 TOA PAYOH,168,62,31
85C,LOR 4 TOA PAYOH,169,67,34
92,LOR 4 TOA PAYOH,36,14,5
94,LOR 4 TOA PAYOH,63,26,13
95,LOR 4 TOA PAYOH,46,11,16
30,LOR 5 TOA PAYOH,90,3,0
34,LOR 5 TOA PAYOH,230,82,41
35,LOR 5 TOA PAYOH,122,49,32
36,LOR 5 TOA PAYOH,115,62,26
37,LOR 5 TOA PAYOH,115,61,26
38,LOR 5 TOA PAYOH,261,101,43
43,LOR 5 TOA PAYOH,67,24,18
44,LOR 5 TOA PAYOH,67,17,18
45,LOR 5 TOA PAYOH,67,21,15
46,LOR 5 TOA PAYOH,70,23,14
48,LOR 5 TOA PAYOH,55,16,11
49,LOR 5 TOA PAYOH,80,35,10
50,LOR 5 TOA PAYOH,109,38,22
53,LOR 5 TOA PAYOH,206,72,42
54,LOR 5 TOA PAYOH,52,30,21
55,LOR 5 TOA PAYOH,72,47,25
57,LOR 5 TOA PAYOH,171,63,28
59,LOR 5 TOA PAYOH,159,60,29
61,LOR 5 TOA PAYOH,111,45,23
72,LOR 5 TOA PAYOH,15,8,1
47,LOR 6 TOA PAYOH,106,39,22
51,LOR 6 TOA PAYOH,384,138,81
52,LOR 6 TOA PAYOH,56,26,30
1,LOR 7 TOA PAYOH,238,81,45
10,LOR 7 TOA PAYOH,67,50,14
10B,LOR 7 TOA PAYOH,75,47,26
12,LOR 7 TOA PAYOH,225,78,47
13,LOR 7 TOA PAYOH,239,76,52
14,LOR 7 TOA PAYOH,90,67,23
14A,LOR 7 TOA PAYOH,85,59,26
14B,LOR 7 TOA PAYOH,79,56,21
17,LOR 7 TOA PAYOH,348,116,70
18,LOR 7 TOA PAYOH,144,47,27
2,LOR 7 TOA PAYOH,243,86,35
20,LOR 7 TOA PAYOH,175,60,48
3,LOR 7 TOA PAYOH,183,77,30
4,LOR 7 TOA PAYOH,147,52,29
6,LOR 7 TOA PAYOH,92,63,29
7,LOR 7 TOA PAYOH,66,47,17
8,LOR 7 TOA PAYOH,162,55,34
9,LOR 7 TOA PAYOH,237,94,48
11,LOR 8 TOA PAYOH,114,75,32
213,LOR 8 TOA PAYOH,147,50,24
214,LOR 8 TOA PAYOH,168,49,27
215,LOR 8 TOA PAYOH,108,27,22
216,LOR 8 TOA PAYOH,110,27,20
217,LOR 8 TOA PAYOH,125,30,17
218,LOR 8 TOA PAYOH,127,30,18
219,LOR 8 TOA PAYOH,185,61,26
220,LOR 8 TOA PAYOH,120,41,23
221,LOR 8 TOA PAYOH,113,38,13
222,LOR 8 TOA PAYOH,262,87,57
223,LOR 8 TOA PAYOH,122,30,23
224,LOR 8 TOA PAYOH,107,27,17
225,LOR 8 TOA PAYOH,172,64,33
226,LOR 8 TOA PAYOH,136,41,36
227,LOR 8 TOA PAYOH,135,43,34
228,LOR 8 TOA PAYOH,140,41,26
229,LOR 8 TOA PAYOH,111,32,25
230,LOR 8 TOA PAYOH,106,30,19
231,LOR 8 TOA PAYOH,205,72,41
232,LOR 8 TOA PAYOH,211,76,40
233,LOR 8 TOA PAYOH,149,49,25
234,LOR 8 TOA PAYOH,105,40,23
235,LOR 8 TOA PAYOH,158,64,33
128,LOR AH SOO,132,30,31
129,LOR AH SOO,234,65,31
130,LOR AH SOO,88,35,12
131,LOR AH SOO,12,4,2
132,LOR AH SOO,134,39,27
133,LOR AH SOO,156,40,18
134,LOR AH SOO,80,28,12
135,LOR AH SOO,259,84,36
136,LOR AH SOO,7,1,2
137,LOR AH SOO,167,59,32
138,LOR AH SOO,126,39,25
139,LOR AH SOO,109,33,20
140,LOR AH SOO,95,21,17
141,LOR AH SOO,103,25,20
142,LOR AH SOO,156,41,26
143,LOR AH SOO,112,29,16
144,LOR AH SOO,129,32,24
145,LOR AH SOO,148,33,36
1,LOR LEW LIAN,220,86,43
2,LOR LEW LIAN,192,67,40
3,LOR LEW LIAN,111,38,21
4,LOR LEW LIAN,156,52,32
5,LOR LEW LIAN,152,52,32
6,LOR LEW LIAN,83,26,19
7,LOR LEW LIAN,90,30,14
8,LOR LEW LIAN,82,44,24
76,LOR LIMAU,242,92,61
77,LOR LIMAU,260,110,53
78,LOR LIMAU,77,0,77
32,LOWER DELTA RD,46,0,0
48,LOWER DELTA RD,73,46,26
81,MACPHERSON LANE,219,76,8
82,MACPHERSON LANE,114,45,5
83,MACPHERSON LANE,109,46,4
30,MARGARET DR,2,0,1
31,MARGARET DR,2,0,2
35,MARGARET DR,2,0,2
39A,MARGARET DR,1,0,1
40A,MARGARET DR,3,0,3
40B,MARGARET DR,3,0,3
41A,MARGARET DR,1,0,1
96,MARGARET DR,99,0,0
27,MARINE CRES,108,36,21
28,MARINE CRES,113,37,26
29,MARINE CRES,126,49,37
30,MARINE CRES,279,98,46
31,MARINE CRES,293,97,47
32,MARINE CRES,272,85,55
33,MARINE CRES,284,88,48
34,MARINE CRES,184,64,35
35,MARINE CRES,193,57,38
43,MARINE CRES,135,43,28
44,MARINE CRES,110,33,22
45,MARINE CRES,173,50,42
46,MARINE CRES,159,43,35
47,MARINE CRES,262,88,45
60,MARINE DR,132,47,16
61,MARINE DR,148,62,25
62,MARINE DR,165,44,30
63,MARINE DR,176,61,30
64,MARINE DR,211,70,28
65,MARINE DR,225,65,55
66,MARINE DR,279,95,58
67,MARINE DR,257,96,48
71,MARINE DR,111,35,16
72,MARINE DR,141,51,23
73,MARINE DR,105,44,18
74,MARINE DR,108,42,15
75,MARINE DR,98,28,18
76,MARINE DR,103,29,19
77,MARINE DR,99,36,15
78,MARINE DR,113,35,26
79,MARINE DR,127,47,22
80,MARINE PARADE CTRL,2,2,0
81,MARINE PARADE CTRL,1,0,1
1,MARINE TER,125,39,25
12,MARINE TER,135,45,31
13,MARINE TER,100,34,18
14,MARINE TER,117,42,26
15,MARINE TER,7,4,3
16,MARINE TER,8,2,6
17,MARINE TER,162,46,38
18,MARINE TER,164,60,27
19,MARINE TER,136,40,32
2,MARINE TER,113,32,20
20,MARINE TER,134,47,30
3,MARINE TER,140,45,22
4,MARINE TER,175,54,32
5,MARINE TER,193,71,21
54,MARINE TER,169,50,40
55,MARINE TER,165,62,21
57,MARINE TER,170,55,20
58,MARINE TER,145,52,27
59,MARINE TER,201,76,34
6,MARINE TER,207,62,44
7,MARINE TER,160,60,26
8,MARINE TER,173,56,35
212,MARSILING CRES,159,60,14
213,MARSILING CRES,165,48,16
217,MARSILING CRES,185,73,17
218,MARSILING CRES,149,66,11
1,MARSILING DR,307,136,51
10,MARSILING DR,111,38,23
11,MARSILING DR,118,46,18
2,MARSILING DR,440,178,66
201,MARSILING DR,152,50,32
202,MARSILING DR,334,131,50
203,MARSILING DR,201,86,27
204,MARSILING DR,486,196,64
205,MARSILING DR,242,75,51
206,MARSILING DR,335,132,52
22,MARSILING DR,338,137,44
23,MARSILING DR,350,138,55
24,MARSILING DR,344,144,50
25,MARSILING DR,156,55,26
26,MARSILING DR,138,52,25
27,MARSILING DR,142,54,24
28,MARSILING DR,156,47,31
29,MARSILING DR,116,29,21
30,MARSILING DR,285,109,40
31,MARSILING DR,205,71,23
32,MARSILING DR,185,71,28
33,MARSILING DR,141,43,27
34,MARSILING DR,156,49,21
35,MARSILING DR,143,48,28
36,MARSILING DR,144,39,29
37,MARSILING DR,137,39,23
5,MARSILING DR,128,47,33
5A,MARSILING DR,127,82,44
6,MARSILING DR,333,129,71
7,MARSILING DR,181,60,32
8,MARSILING DR,168,55,40
9,MARSILING DR,116,35,19
12,MARSILING LANE,305,122,55
12A,MARSILING LANE,80,0,78
12B,MARSILING LANE,61,0,59
12C,MARSILING LANE,54,0,53
13,MARSILING LANE,238,95,42
15,MARSILING LANE,341,150,59
16,MARSILING LANE,38,25,12
17,MARSILING LANE,288,114,59
18,MARSILING LANE,18,5,11
19,MARSILING LANE,38,18,18
214,MARSILING LANE,128,37,13
215,MARSILING LANE,109,28,11
216,MARSILING LANE,119,36,9
134,MARSILING RD,95,34,20
135,MARSILING RD,30,12,6
136,MARSILING RD,24,8,8
137,MARSILING RD,116,28,23
138,MARSILING RD,82,27,15
139,MARSILING RD,77,27,20
140,MARSILING RD,29,12,3
141,MARSILING RD,80,22,22
142,MARSILING RD,87,26,22
143,MARSILING RD,27,13,2
180A,MARSILING RD,34,0,34
180B,MARSILING RD,28,0,28
114,MARSILING RISE,9,3,2
115,MARSILING RISE,60,25,10
116,MARSILING RISE,16,3,6
117,MARSILING RISE,13,5,4
118,MARSILING RISE,71,24,17
119,MARSILING RISE,78,25,22
120,MARSILING RISE,161,42,32
121,MARSILING RISE,9,4,1
122,MARSILING RISE,14,5,4
123,MARSILING RISE,154,39,32
124,MARSILING RISE,69,26,12
125,MARSILING RISE,160,70,36
126,MARSILING RISE,6,3,2
127,MARSILING RISE,39,15,5
128,MARSILING RISE,103,34,27
129,MARSILING RISE,191,81,41
130,MARSILING RISE,156,61,40
131,MARSILING RISE,181,70,43
132,MARSILING RISE,12,3,9
133,MARSILING RISE,30,14,6
108,MCNAIR RD,142,42,31
108B,MCNAIR RD,98,50,48
108C,MCNAIR RD,94,52,41
109,MCNAIR RD,87,22,20
110,MCNAIR RD,112,25,28
111,MCNAIR RD,130,44,26
112,MCNAIR RD,77,33,16
113A,MCNAIR RD,73,0,73
113B,MCNAIR RD,75,0,75
113C,MCNAIR RD,35,0,35
113D,MCNAIR RD,30,0,30
119,MCNAIR RD,105,36,21
120,MCNAIR RD,125,38,25
121,MCNAIR RD,121,39,25
122,MCNAIR RD,87,21,18
123,MCNAIR RD,137,56,26
124,MCNAIR RD,94,33,17
143,MEI LING ST,57,26,14
145,MEI LING ST,38,15,10
146,MEI LING ST,70,27,13
147,MEI LING ST,26,6,10
148,MEI LING ST,100,36,23
149,MEI LING ST,73,37,11
150,MEI LING ST,115,50,18
152,MEI LING ST,79,30,15
153,MEI LING ST,82,24,16
154,MEI LING ST,165,63,44
157,MEI LING ST,175,64,35
158,MEI LING ST,124,44,25
160,MEI LING ST,322,119,68
161,MEI LING ST,324,103,60
162,MEI LING ST,125,51,26
36,MOH GUAN TER,18,10,7
43,MOH GUAN TER,22,9,7
44,MOH GUAN TER,32,9,8
47,MOH GUAN TER,28,11,5
48,MOH GUAN TER,26,9,8
50,MOH GUAN TER,28,10,11
504A,MONTREAL DR,38,16,21
504B,MONTREAL DR,77,47,29
504D,MONTREAL DR,96,63,31
588A,MONTREAL DR,53,34,18
588B,MONTREAL DR,58,34,24
588C,MONTREAL DR,66,38,24
589A,MONTREAL DR,72,50,22
589B,MONTREAL DR,87,50,35
589C,MONTREAL DR,61,39,21
589D,MONTREAL DR,58,35,21
590A,MONTREAL LINK,53,0,51
590B,MONTREAL LINK,38,0,38
590C,MONTREAL LINK,57,0,57
591A,MONTREAL LINK,37,0,37
592A,MONTREAL LINK,36,0,36
592B,MONTREAL LINK,42,0,41
592C,MONTREAL LINK,42,0,42
593A,MONTREAL LINK,59,0,57
593B,MONTREAL LINK,59,0,59
69,MOULMEIN RD,110,31,21
32,NEW MKT RD,117,39,23
208,NEW UPP CHANGI RD,39,22,8
210,NEW UPP CHANGI RD,46,22,7
211,NEW UPP CHANGI RD,44,14,3
24,NEW UPP CHANGI RD,164,52,24
25,NEW UPP CHANGI RD,2,0,1
26,NEW UPP CHANGI RD,4,2,1
27,NEW UPP CHANGI RD,315,110,59
28,NEW UPP CHANGI RD,292,102,58
29,NEW UPP CHANGI RD,278,100,47
30,NEW UPP CHANGI RD,266,93,52
51,NEW UPP CHANGI RD,238,87,39
52,NEW UPP CHANGI RD,150,44,26
53,NEW UPP CHANGI RD,146,43,24
54,NEW UPP CHANGI RD,100,30,24
55,NEW UPP CHANGI RD,124,40,18
56,NEW UPP CHANGI RD,5,5,0
57,NEW UPP CHANGI RD,309,122,52
59,NEW UPP CHANGI RD,13,10,2
60,NEW UPP CHANGI RD,113,26,15
61,NEW UPP CHANGI RD,124,36,29
62,NEW UPP CHANGI RD,120,36,17
63,NEW UPP CHANGI RD,129,40,21
64,NEW UPP CHANGI RD,119,35,24
65,NEW UPP CHANGI RD,99,31,16
51,NILE RD,46,0,0
54,NILE RD,58,0,0
405A,NORTHSHORE DR,16,0,16
405B,NORTHSHORE DR,19,0,19
406A,NORTHSHORE DR,13,0,13
406B,NORTHSHORE DR,14,0,14
406C,NORTHSHORE DR,25,0,25
408A,NORTHSHORE DR,17,0,17
408B,NORTHSHORE DR,16,0,16
408C,NORTHSHORE DR,13,0,13
409A,NORTHSHORE DR,14,0,14
409B,NORTHSHORE DR,12,0,12
409C,NORTHSHORE DR,11,0,11
409D,NORTHSHORE DR,11,0,11
413C,NORTHSHORE DR,9,0,9
415A,NORTHSHORE DR,3,0,3
415B,NORTHSHORE DR,9,0,9
415C,NORTHSHORE DR,6,0,6
415D,NORTHSHORE DR,6,0,6
419A,NORTHSHORE DR,1,0,1
419B,NORTHSHORE DR,6,0,6
419C,NORTHSHORE DR,6,0,6
420A,NORTHSHORE DR,6,0,6
420B,NORTHSHORE DR,2,0,2
420C,NORTHSHORE DR,4,0,3
421A,NORTHSHORE DR,11,0,10
421B,NORTHSHORE DR,9,0,9
421C,NORTHSHORE DR,9,0,9
422A,NORTHSHORE DR,18,0,18
422B,NORTHSHORE DR,11,0,10
12,NTH BRIDGE RD,78,18,17
467,NTH BRIDGE RD,136,45,24
468,NTH BRIDGE RD,134,43,30
95,OLD AIRPORT RD,116,38,34
99,OLD AIRPORT RD,130,49,31
16,OUTRAM HILL,9,0,0
21,OUTRAM PK,55,0,0
22,OUTRAM PK,65,0,0
44,OWEN RD,91,28,18
46,OWEN RD,76,25,6
401,PANDAN GDNS,126,47,13
402,PANDAN GDNS,98,33,16
403,PANDAN GDNS,159,50,22
404,PANDAN GDNS,140,32,24
405,PANDAN GDNS,94,18,12
406,PANDAN GDNS,147,45,22
407,PANDAN GDNS,142,49,24
408,PANDAN GDNS,97,31,10
409,PANDAN GDNS,108,33,16
410,PANDAN GDNS,231,80,46
411,PANDAN GDNS,222,79,33
412,PANDAN GDNS,185,73,28
413,PANDAN GDNS,139,33,27
414,PANDAN GDNS,92,35,17
415,PANDAN GDNS,10,6,3
416,PANDAN GDNS,19,8,11
530A,PASIR RIS DR 1,63,0,63
530B,PASIR RIS DR 1,29,0,29
530C,PASIR RIS DR 1,54,0,53
530D,PASIR RIS DR 1,31,0,31
531,PASIR RIS DR 1,81,27,21
532,PASIR RIS DR 1,49,20,8
533,PASIR RIS DR 1,41,16,6
534,PASIR RIS DR 1,86,28,11
535,PASIR RIS DR 1,56,17,10
536,PASIR RIS DR 1,37,13,7
634,PASIR RIS DR 1,127,53,19
635,PASIR RIS DR 1,96,41,17
636,PASIR RIS DR 1,89,33,16
637,PASIR RIS DR 1,119,46,23
638,PASIR RIS DR 1,76,24,13
639,PASIR RIS DR 1,139,57,35
640,PASIR RIS DR 1,150,56,34
641,PASIR RIS DR 1,89,34,13
642,PASIR RIS DR 10,42,16,7
643,PASIR RIS DR 10,61,26,12
644,PASIR RIS DR 10,45,12,14
645,PASIR RIS DR 10,78,28,23
646,PASIR RIS DR 10,67,24,20
647,PASIR RIS DR 10,53,13,14
648,PASIR RIS DR 10,57,18,12
649,PASIR RIS DR 10,56,22,13
650,PASIR RIS DR 10,44,14,11
651,PASIR RIS DR 10,48,14,8
700,PASIR RIS DR 10,50,19,9
701,PASIR RIS DR 10,56,21,13
702,PASIR RIS DR 10,32,14,10
703,PASIR RIS DR 10,49,25,3
704,PASIR RIS DR 10,41,16,3
705,PASIR RIS DR 10,29,12,9
706,PASIR RIS DR 10,49,18,12
707,PASIR RIS DR 10,54,23,11
708,PASIR RIS DR 10,85,32,15
709,PASIR RIS DR 10,72,25,18
736,PASIR RIS DR 10,93,42,13
737,PASIR RIS DR 10,98,50,17
738,PASIR RIS DR 10,91,38,23
739,PASIR RIS DR 10,96,46,16
626,PASIR RIS DR 3,144,50,40
627,PASIR RIS DR 3,95,35,24
628,PASIR RIS DR 3,78,31,18
629,PASIR RIS DR 3,105,38,21
630,PASIR RIS DR 3,101,35,22
631,PASIR RIS DR 3,123,43,26
632,PASIR RIS DR 3,86,30,18
633,PASIR RIS DR 3,137,49,33
231,PASIR RIS DR 4,120,43,25
232,PASIR RIS DR 4,97,31,18
233,PASIR RIS DR 4,119,36,23
234,PASIR RIS DR 4,152,57,34
440,PASIR RIS DR 4,74,27,16
456,PASIR RIS DR 4,83,24,16
457,PASIR RIS DR 4,86,25,16
458,PASIR RIS DR 4,147,62,20
459,PASIR RIS DR 4,96,32,18
460,PASIR RIS DR 4,88,25,18
461,PASIR RIS DR 4,124,40,21
478,PASIR RIS DR 4,114,36,19
479,PASIR RIS DR 4,111,35,29
480,PASIR RIS DR 4,82,28,16
481,PASIR RIS DR 4,100,30,21
482,PASIR RIS DR 4,175,53,41
483,PASIR RIS DR 4,136,42,25
484,PASIR RIS DR 4,118,42,26
485,PASIR RIS DR 4,21,5,3
486,PASIR RIS DR 4,143,39,33
487,PASIR RIS DR 4,131,49,22
405,PASIR RIS DR 6,125,46,27
406,PASIR RIS DR 6,91,30,15
407,PASIR RIS DR 6,71,14,11
408,PASIR RIS DR 6,98,29,22
409,PASIR RIS DR 6,108,28,16
410,PASIR RIS DR 6,20,8,3
411,PASIR RIS DR 6,111,35,18
412,PASIR RIS DR 6,106,26,18
413,PASIR RIS DR 6,37,9,12
414,PASIR RIS DR 6,89,23,16
415,PASIR RIS DR 6,85,25,13
416,PASIR RIS DR 6,145,40,28
417,PASIR RIS DR 6,181,55,31
418,PASIR RIS DR 6,132,46,24
419,PASIR RIS DR 6,105,27,12
420,PASIR RIS DR 6,17,5,4
421,PASIR RIS DR 6,111,32,20
422,PASIR RIS DR 6,106,31,28
423,PASIR RIS DR 6,105,31,13
424,PASIR RIS DR 6,27,12,3
425,PASIR RIS DR 6,119,43,19
426,PASIR RIS DR 6,186,58,25
427,PASIR RIS DR 6,137,38,24
428,PASIR RIS DR 6,137,36,25
429,PASIR RIS DR 6,108,35,20
442,PASIR RIS DR 6,49,18,4
446,PASIR RIS DR 6,127,32,18
447,PASIR RIS DR 6,23,10,6
448,PASIR RIS DR 6,69,19,21
449,PASIR RIS DR 6,10,2,3
450,PASIR RIS DR 6,89,21,16
451,PASIR RIS DR 6,85,23,16
452,PASIR RIS DR 6,81,21,15
453,PASIR RIS DR 6,87,26,11
454,PASIR RIS DR 6,69,19,14
455,PASIR RIS DR 6,17,6,1
467,PASIR RIS DR 6,88,27,13
468,PASIR RIS DR 6,81,29,9
469,PASIR RIS DR 6,116,37,21
470,PASIR RIS DR 6,97,33,21
471,PASIR RIS DR 6,23,9,4
472,PASIR RIS DR 6,151,52,29
473,PASIR RIS DR 6,162,54,22
474,PASIR RIS DR 6,108,33,15
475,PASIR RIS DR 6,137,47,24
476,PASIR RIS DR 6,120,43,22
477,PASIR RIS DR 6,161,62,22
109,PASIR RIS ST 11,118,39,24
110,PASIR RIS ST 11,137,46,23
111,PASIR RIS ST 11,31,9,9
112,PASIR RIS ST 11,161,42,26
113,PASIR RIS ST 11,156,46,28
114,PASIR RIS ST 11,154,63,23
115,PASIR RIS ST 11,146,38,26
116,PASIR RIS ST 11,31,10,5
117,PASIR RIS ST 11,131,43,17
118,PASIR RIS ST 11,138,46,18
119,PASIR RIS ST 11,136,32,27
120,PASIR RIS ST 11,25,6,5
121,PASIR RIS ST 11,170,47,29
122,PASIR RIS ST 11,156,49,23
123,PASIR RIS ST 11,16,2,4
124,PASIR RIS ST 11,167,64,22
125,PASIR RIS ST 11,138,41,26
126,PASIR RIS ST 11,174,66,21
127,PASIR RIS ST 11,142,47,18
128,PASIR RIS ST 11,116,28,21
129,PASIR RIS ST 11,148,39,27
130,PASIR RIS ST 11,45,16,11
131,PASIR RIS ST 11,43,20,7
132,PASIR RIS ST 11,29,11,6
133,PASIR RIS ST 11,36,14,6
134,PASIR RIS ST 11,67,24,15
135,PASIR RIS ST 11,59,22,12
136,PASIR RIS ST 11,55,14,11
137,PASIR RIS ST 11,39,16,7
138,PASIR RIS ST 11,61,25,13
139,PASIR RIS ST 11,106,39,21
140,PASIR RIS ST 11,93,28,21
141,PASIR RIS ST 11,52,18,9
142,PASIR RIS ST 11,171,75,31
143,PASIR RIS ST 11,120,44,31
144,PASIR RIS ST 11,73,23,13
145,PASIR RIS ST 11,69,27,12
146,PASIR RIS ST 11,87,32,17
180,PASIR RIS ST 11,94,29,19
181,PASIR RIS ST 11,93,30,20
182,PASIR RIS ST 11,53,20,9
183,PASIR RIS ST 11,40,11,10
184,PASIR RIS ST 11,67,23,15
185,PASIR RIS ST 11,94,30,22
186,PASIR RIS ST 11,86,25,11
187,PASIR RIS ST 11,65,18,15
101,PASIR RIS ST 12,207,54,41
102,PASIR RIS ST 12,150,42,28
103,PASIR RIS ST 12,131,32,28
104,PASIR RIS ST 12,176,59,27
105,PASIR RIS ST 12,136,33,20
106,PASIR RIS ST 12,123,31,13
107,PASIR RIS ST 12,117,32,14
108,PASIR RIS ST 12,83,16,24
188,PASIR RIS ST 12,115,48,21
189,PASIR RIS ST 12,62,18,14
190,PASIR RIS ST 12,123,46,24
191,PASIR RIS ST 12,75,23,17
192,PASIR RIS ST 12,109,37,21
193,PASIR RIS ST 12,65,15,15
194,PASIR RIS ST 12,75,31,14
195,PASIR RIS ST 12,56,17,10
196,PASIR RIS ST 12,71,24,12
197,PASIR RIS ST 12,81,29,9
198,PASIR RIS ST 12,96,28,18
199,PASIR RIS ST 12,90,31,22
147,PASIR RIS ST 13,97,27,17
148,PASIR RIS ST 13,84,32,19
149,PASIR RIS ST 13,86,40,15
150,PASIR RIS ST 13,95,34,11
151,PASIR RIS ST 13,60,23,15
152,PASIR RIS ST 13,34,11,6
153,PASIR RIS ST 13,39,12,9
154,PASIR RIS ST 13,28,13,5
155,PASIR RIS ST 13,58,20,10
156,PASIR RIS ST 13,32,14,5
157,PASIR RIS ST 13,42,17,10
158,PASIR RIS ST 13,43,9,8
159,PASIR RIS ST 13,35,15,4
160,PASIR RIS ST 13,47,11,12
161,PASIR RIS ST 13,24,10,2
203,PASIR RIS ST 21,69,13,16
204,PASIR RIS ST 21,67,20,6
205,PASIR RIS ST 21,74,23,11
206,PASIR RIS ST 21,67,17,12
207,PASIR RIS ST 21,67,16,11
208,PASIR RIS ST 21,92,25,21
209,PASIR RIS ST 21,58,17,10
210,PASIR RIS ST 21,95,31,14
211,PASIR RIS ST 21,87,24,9
212,PASIR RIS ST 21,134,46,24
213,PASIR RIS ST 21,105,41,21
214,PASIR RIS ST 21,94,37,15
215,PASIR RIS ST 21,106,42,17
216,PASIR RIS ST 21,122,50,21
217,PASIR RIS ST 21,75,25,16
218,PASIR RIS ST 21,54,20,8
219,PASIR RIS ST 21,61,19,14
220,PASIR RIS ST 21,90,29,21
221,PASIR RIS ST 21,82,27,9
222,PASIR RIS ST 21,45,19,6
223,PASIR RIS ST 21,60,27,8
224,PASIR RIS ST 21,77,31,11
225,PASIR RIS ST 21,74,22,9
226,PASIR RIS ST 21,129,45,20
227,PASIR RIS ST 21,127,36,25
228,PASIR RIS ST 21,117,35,19
229,PASIR RIS ST 21,152,53,24
230,PASIR RIS ST 21,153,59,24
235,PASIR RIS ST 21,69,24,14
236,PASIR RIS ST 21,76,17,14
237,PASIR RIS ST 21,67,23,18
238,PASIR RIS ST 21,73,15,18
239,PASIR RIS ST 21,67,18,11
240,PASIR RIS ST 21,84,26,20
241,PASIR RIS ST 21,53,19,11
242,PASIR RIS ST 21,52,15,9
243,PASIR RIS ST 21,58,16,13
244,PASIR RIS ST 21,69,21,14
245,PASIR RIS ST 21,61,21,11
246,PASIR RIS ST 21,64,19,13
247,PASIR RIS ST 21,64,17,16
248,PASIR RIS ST 21,56,17,14
249,PASIR RIS ST 21,48,14,4
250,PASIR RIS ST 21,54,18,12
251,PASIR RIS ST 21,61,17,12
252,PASIR RIS ST 21,76,18,18
253,PASIR RIS ST 21,74,27,12
254,PASIR RIS ST 21,77,27,11
255,PASIR RIS ST 21,68,24,11
256,PASIR RIS ST 21,83,26,12
257,PASIR RIS ST 21,53,20,11
266,PASIR RIS ST 21,46,15,7
267,PASIR RIS ST 21,36,9,8
268,PASIR RIS ST 21,49,18,8
269,PASIR RIS ST 21,55,16,13
270,PASIR RIS ST 21,58,23,10
271,PASIR RIS ST 21,54,16,14
272,PASIR RIS ST 21,88,34,14
273,PASIR RIS ST 21,96,24,21
274,PASIR RIS ST 21,81,31,15
275,PASIR RIS ST 21,52,16,11
463,PASIR RIS ST 41,64,20,16
464,PASIR RIS ST 41,61,17,11
465,PASIR RIS ST 41,43,12,9
466,PASIR RIS ST 41,95,29,26
524A,PASIR RIS ST 51,38,0,36
524B,PASIR RIS ST 51,39,0,36
524C,PASIR RIS ST 51,30,0,28
525A,PASIR RIS ST 51,45,0,44
525B,PASIR RIS ST 51,37,0,34
525C,PASIR RIS ST 51,47,0,43
526A,PASIR RIS ST 51,50,0,50
526B,PASIR RIS ST 51,26,0,24
526C,PASIR RIS ST 51,29,0,29
526D,PASIR RIS ST 51,61,0,59
527A,PASIR RIS ST 51,30,0,30
527B,PASIR RIS ST 51,38,0,34
527C,PASIR RIS ST 51,32,0,30
527D,PASIR RIS ST 51,36,0,33
528A,PASIR RIS ST 51,47,0,46
528B,PASIR RIS ST 51,38,0,35
528C,PASIR RIS ST 51,28,0,26
537,PASIR RIS ST 51,91,24,22
538,PASIR RIS ST 51,62,26,10
539,PASIR RIS ST 51,5,3,1
540,PASIR RIS ST 51,60,19,9
541,PASIR RIS ST 51,52,12,12
542,PASIR RIS ST 51,6,0,3
543,PASIR RIS ST 51,49,15,11
544,PASIR RIS ST 51,71,25,20
545,PASIR RIS ST 51,7,2,1
546,PASIR RIS ST 51,59,23,8
547,PASIR RIS ST 51,93,26,21
548,PASIR RIS ST 51,64,19,14
549,PASIR RIS ST 51,47,17,10
550,PASIR RIS ST 51,53,18,8
551,PASIR RIS ST 51,134,55,27
552,PASIR RIS ST 51,90,34,19
553,PASIR RIS ST 51,94,29,24
554,PASIR RIS ST 51,104,29,27
555,PASIR RIS ST 51,91,28,16
556,PASIR RIS ST 51,86,30,14
557,PASIR RIS ST 51,109,29,25
558,PASIR RIS ST 51,87,22,22
559,PASIR RIS ST 51,100,39,18
560,PASIR RIS ST 51,124,49,26
561,PASIR RIS ST 51,93,27,15
562,PASIR RIS ST 51,67,23,15
564,PASIR RIS ST 51,86,29,20
565,PASIR RIS ST 51,94,28,19
566,PASIR RIS ST 51,76,25,12
567,PASIR RIS ST 51,81,28,12
568,PASIR RIS ST 51,124,42,30
569,PASIR RIS ST 51,110,30,25
500,PASIR RIS ST 52,98,34,22
501,PASIR RIS ST 52,67,21,14
502,PASIR RIS ST 52,73,25,12
503,PASIR RIS ST 52,56,18,9
504,PASIR RIS ST 52,102,40,18
505,PASIR RIS ST 52,92,32,15
506,PASIR RIS ST 52,75,22,13
507,PASIR RIS ST 52,51,17,6
508,PASIR RIS ST 52,48,13,8
509,PASIR RIS ST 52,72,22,18
510,PASIR RIS ST 52,65,17,11
511,PASIR RIS ST 52,79,27,10
512,PASIR RIS ST 52,54,18,9
513,PASIR RIS ST 52,79,25,16
514,PASIR RIS ST 52,121,45,29
515,PASIR RIS ST 52,79,24,14
516,PASIR RIS ST 52,118,49,19
517,PASIR RIS ST 52,125,47,27
518,PASIR RIS ST 52,84,29,14
519,PASIR RIS ST 52,94,32,17
520,PASIR RIS ST 52,69,24,17
521,PASIR RIS ST 52,97,39,17
570,PASIR RIS ST 53,71,26,16
571,PASIR RIS ST 53,77,32,21
572,PASIR RIS ST 53,69,29,17
573,PASIR RIS ST 53,70,26,15
574,PASIR RIS ST 53,54,14,13
575,PASIR RIS ST 53,95,42,17
576,PASIR RIS ST 53,46,16,10
577,PASIR RIS ST 53,62,19,12
578,PASIR RIS ST 53,47,21,9
579,PASIR RIS ST 53,54,23,9
580,PASIR RIS ST 53,44,17,6
581,PASIR RIS ST 53,51,21,8
582,PASIR RIS ST 53,52,17,13
583,PASIR RIS ST 53,60,24,12
584,PASIR RIS ST 53,46,21,8
585,PASIR RIS ST 53,71,31,19
586,PASIR RIS ST 53,63,22,11
740,PASIR RIS ST 71,97,48,18
741,PASIR RIS ST 71,113,41,28
742,PASIR RIS ST 71,77,33,18
743,PASIR RIS ST 71,96,38,32
744,PASIR RIS ST 71,81,33,18
745,PASIR RIS ST 71,59,21,13
746,PASIR RIS ST 71,83,38,20
747,PASIR RIS ST 71,124,50,29
748,PASIR RIS ST 71,95,41,19
749,PASIR RIS ST 71,146,69,38
750,PASIR RIS ST 71,101,43,24
751,PASIR RIS ST 71,126,57,24
752,PASIR RIS ST 71,90,39,22
753,PASIR RIS ST 71,103,41,30
754,PASIR RIS ST 71,105,52,25
755,PASIR RIS ST 71,83,46,19
756,PASIR RIS ST 71,88,36,21
757,PASIR RIS ST 71,76,29,17
758,PASIR RIS ST 71,101,39,21
759,PASIR RIS ST 71,106,44,31
760,PASIR RIS ST 71,109,52,28
761,PASIR RIS ST 71,72,21,19
762,PASIR RIS ST 71,104,42,27
763,PASIR RIS ST 71,92,43,19
764,PASIR RIS ST 71,81,42,18
765,PASIR RIS ST 71,76,26,21
766,PASIR RIS ST 71,84,33,19
767,PASIR RIS ST 71,88,35,19
768,PASIR RIS ST 71,97,45,23
769,PASIR RIS ST 71,96,47,15
770,PASIR RIS ST 71,92,37,24
771,PASIR RIS ST 71,79,34,18
772,PASIR RIS ST 71,97,44,15
773,PASIR RIS ST 71,94,35,30
774,PASIR RIS ST 71,90,42,19
775,PASIR RIS ST 71,74,32,19
776,PASIR RIS ST 71,97,47,25
777,PASIR RIS ST 71,86,43,11
778,PASIR RIS ST 71,57,32,10
779,PASIR RIS ST 71,62,25,11
780,PASIR RIS ST 71,75,35,13
781,PASIR RIS ST 71,73,37,15
782,PASIR RIS ST 71,65,38,11
710,PASIR RIS ST 72,83,30,27
711,PASIR RIS ST 72,79,34,18
712,PASIR RIS ST 72,57,22,12
713,PASIR RIS ST 72,72,30,13
714,PASIR RIS ST 72,69,23,15
715,PASIR RIS ST 72,64,37,7
716,PASIR RIS ST 72,56,20,12
717,PASIR RIS ST 72,65,22,16
718,PASIR RIS ST 72,36,9,11
719,PASIR RIS ST 72,61,26,12
720,PASIR RIS ST 72,49,22,8
721,PASIR RIS ST 72,61,25,13
722,PASIR RIS ST 72,41,13,10
723,PASIR RIS ST 72,44,22,9
724,PASIR RIS ST 72,64,24,16
725,PASIR RIS ST 72,90,36,19
120,PAYA LEBAR WAY,76,29,10
121,PAYA LEBAR WAY,344,112,71
122,PAYA LEBAR WAY,116,28,22
123,PAYA LEBAR WAY,79,29,20
124,PAYA LEBAR WAY,66,21,6
91,PAYA LEBAR WAY,155,55,34
93,PAYA LEBAR WAY,197,81,47
112,PENDING RD,42,12,10
113,PENDING RD,185,71,27
114,PENDING RD,37,16,9
115,PENDING RD,151,45,27
116,PENDING RD,165,57,30
117,PENDING RD,36,14,3
118,PENDING RD,177,63,32
119,PENDING RD,32,9,5
120,PENDING RD,79,25,12
121,PENDING RD,81,27,13
122,PENDING RD,48,23,6
123,PENDING RD,172,57,26
124,PENDING RD,68,19,13
125,PENDING RD,172,54,29
126,PENDING RD,142,39,20
127,PENDING RD,61,24,11
128,PENDING RD,157,57,25
129,PENDING RD,69,19,16
221,PENDING RD,156,48,24
222,PENDING RD,16,7,2
223,PENDING RD,155,56,26
224,PENDING RD,31,11,2
225,PENDING RD,97,24,19
226,PENDING RD,81,19,13
227,PENDING RD,119,45,26
228,PENDING RD,69,11,15
229,PENDING RD,157,56,25
230,PENDING RD,146,48,28
231,PENDING RD,31,11,5
232,PENDING RD,132,41,22
233,PENDING RD,53,8,6
134,PETIR RD,12,6,2
136,PETIR RD,52,16,10
137,PETIR RD,175,60,27
138,PETIR RD,57,19,10
139,PETIR RD,138,43,27
140,PETIR RD,74,23,15
141,PETIR RD,64,18,13
142,PETIR RD,167,59,25
143,PETIR RD,165,55,24
144,PETIR RD,33,10,7
145,PETIR RD,25,12,4
149,PETIR RD,134,42,30
150,PETIR RD,139,52,19
151,PETIR RD,61,11,7
167,PETIR RD,112,71,39
168,PETIR RD,66,45,20
201,PETIR RD,83,23,16
202,PETIR RD,97,27,15
203,PETIR RD,108,37,22
204,PETIR RD,110,26,26
205,PETIR RD,138,47,29
206,PETIR RD,151,58,28
207,PETIR RD,111,29,19
208,PETIR RD,106,36,21
209,PETIR RD,19,8,3
210,PETIR RD,53,7,13
211,PETIR RD,58,13,16
212,PETIR RD,15,7,2
213,PETIR RD,130,43,24
214,PETIR RD,142,52,23
215,PETIR RD,27,14,3
216,PETIR RD,166,67,32
217,PETIR RD,105,38,18
218,PETIR RD,105,33,19
219,PETIR RD,174,64,27
220,PETIR RD,161,52,25
1,PINE CL,101,63,34
10,PINE CL,110,30,29
11,PINE CL,108,59,45
12,PINE CL,96,30,25
3,PINE CL,93,59,32
5,PINE CL,50,28,22
7,PINE CL,62,28,33
9,PINE CL,50,23,27
53,PIPIT RD,172,36,33
54,PIPIT RD,193,51,47
55,PIPIT RD,83,51,14
56,PIPIT RD,35,17,6
92,PIPIT RD,42,26,11
92A,PIPIT RD,55,28,10
101,POTONG PASIR AVE 1,125,41,30
102,POTONG PASIR AVE 1,157,47,24
103,POTONG PASIR AVE 1,67,21,11
104,POTONG PASIR AVE 1,201,59,38
105,POTONG PASIR AVE 1,231,65,32
106,POTONG PASIR AVE 1,47,14,10
107,POTONG PASIR AVE 1,110,28,22
108,POTONG PASIR AVE 1,156,46,29
109,POTONG PASIR AVE 1,83,35,14
113,POTONG PASIR AVE 1,208,65,36
114,POTONG PASIR AVE 1,178,59,26
115,POTONG PASIR AVE 1,243,79,45
116,POTONG PASIR AVE 1,47,12,8
117,POTONG PASIR AVE 1,217,55,41
118,POTONG PASIR AVE 1,142,42,30
119,POTONG PASIR AVE 1,191,55,37
120,POTONG PASIR AVE 1,174,53,29
121,POTONG PASIR AVE 1,184,56,47
122,POTONG PASIR AVE 1,120,28,24
123,POTONG PASIR AVE 1,10,4,1
124,POTONG PASIR AVE 1,15,3,7
125,POTONG PASIR AVE 1,10,2,2
126,POTONG PASIR AVE 1,21,7,4
127,POTONG PASIR AVE 1,13,4,3
128,POTONG PASIR AVE 1,17,6,3
129,POTONG PASIR AVE 1,11,2,3
130,POTONG PASIR AVE 1,14,6,0
131,POTONG PASIR AVE 1,26,5,6
132,POTONG PASIR AVE 1,21,10,2
133,POTONG PASIR AVE 1,15,4,4
146,POTONG PASIR AVE 1,25,4,20
148,POTONG PASIR AVE 1,15,6,9
143,POTONG PASIR AVE 2,160,46,38
144,POTONG PASIR AVE 2,43,14,12
145,POTONG PASIR AVE 2,155,54,31
134,POTONG PASIR AVE 3,97,29,17
135,POTONG PASIR AVE 3,27,13,5
136,POTONG PASIR AVE 3,91,29,18
137,POTONG PASIR AVE 3,71,19,13
138,POTONG PASIR AVE 3,34,10,6
139,POTONG PASIR AVE 3,173,59,27
140,POTONG PASIR AVE 3,127,42,19
141,POTONG PASIR AVE 3,35,12,5
142,POTONG PASIR AVE 3,131,37,24
160A,PUNGGOL CTRL,52,31,19
160B,PUNGGOL CTRL,41,23,16
161A,PUNGGOL CTRL,64,33,30
161B,PUNGGOL CTRL,73,41,31
162A,PUNGGOL CTRL,73,36,36
162B,PUNGGOL CTRL,54,28,26
163A,PUNGGOL CTRL,57,33,24
163B,PUNGGOL CTRL,54,26,28
165A,PUNGGOL CTRL,56,25,30
165B,PUNGGOL CTRL,45,19,25
166A,PUNGGOL CTRL,39,18,21
166B,PUNGGOL CTRL,45,24,19
186,PUNGGOL CTRL,48,19,26
187,PUNGGOL CTRL,47,28,18
188,PUNGGOL CTRL,72,40,32
190,PUNGGOL CTRL,64,27,37
191,PUNGGOL CTRL,57,27,30
192,PUNGGOL CTRL,56,33,21
293,PUNGGOL CTRL,73,44,26
294,PUNGGOL CTRL,86,50,34
295,PUNGGOL CTRL,76,48,26
296,PUNGGOL CTRL,71,33,38
297,PUNGGOL CTRL,95,61,33
298,PUNGGOL CTRL,62,38,22
299,PUNGGOL CTRL,81,44,34
301A,PUNGGOL CTRL,49,17,32
301B,PUNGGOL CTRL,31,11,20
301C,PUNGGOL CTRL,28,9,18
303A,PUNGGOL CTRL,46,6,40
303B,PUNGGOL CTRL,36,12,23
303C,PUNGGOL CTRL,28,8,20
601A,PUNGGOL CTRL,49,2,45
601B,PUNGGOL CTRL,43,0,43
601C,PUNGGOL CTRL,53,5,46
601D,PUNGGOL CTRL,59,4,55
602A,PUNGGOL CTRL,44,3,40
602B,PUNGGOL CTRL,43,1,41
602C,PUNGGOL CTRL,50,2,47
622A,PUNGGOL CTRL,66,0,64
622B,PUNGGOL CTRL,64,0,64
622C,PUNGGOL CTRL,67,0,63
623A,PUNGGOL CTRL,66,0,64
623B,PUNGGOL CTRL,62,0,62
623C,PUNGGOL CTRL,59,0,59
624A,PUNGGOL CTRL,61,0,61
624B,PUNGGOL CTRL,43,0,42
624C,PUNGGOL CTRL,63,0,62
643,PUNGGOL CTRL,72,45,26
645,PUNGGOL CTRL,82,43,39
646,PUNGGOL CTRL,62,40,20
647,PUNGGOL CTRL,78,36,42
648,PUNGGOL CTRL,69,37,32
649,PUNGGOL CTRL,83,45,36
651,PUNGGOL CTRL,70,40,27
652,PUNGGOL CTRL,66,37,29
305D,PUNGGOL DR,54,0,54
306D,PUNGGOL DR,66,1,65
612A,PUNGGOL DR,59,0,59
612B,PUNGGOL DR,55,0,55
612C,PUNGGOL DR,46,0,46
612D,PUNGGOL DR,54,0,54
613A,PUNGGOL DR,43,0,43
613B,PUNGGOL DR,49,0,49
613C,PUNGGOL DR,61,0,61
613D,PUNGGOL DR,54,0,53
617A,PUNGGOL DR,35,0,34
617B,PUNGGOL DR,33,0,33
617C,PUNGGOL DR,34,0,34
617D,PUNGGOL DR,50,0,49
618A,PUNGGOL DR,46,0,46
618B,PUNGGOL DR,32,0,32
618C,PUNGGOL DR,26,0,26
618D,PUNGGOL DR,45,0,44
619A,PUNGGOL DR,46,0,46
619B,PUNGGOL DR,54,0,54
619C,PUNGGOL DR,56,0,56
619D,PUNGGOL DR,56,0,56
632A,PUNGGOL DR,33,11,21
632B,PUNGGOL DR,27,10,15
632C,PUNGGOL DR,21,9,11
633A,PUNGGOL DR,37,12,21
633B,PUNGGOL DR,28,7,19
635A,PUNGGOL DR,31,9,20
635B,PUNGGOL DR,30,10,19
635C,PUNGGOL DR,22,12,9
636A,PUNGGOL DR,31,14,14
636B,PUNGGOL DR,25,7,16
637A,PUNGGOL DR,65,31,31
637B,PUNGGOL DR,55,32,23
637C,PUNGGOL DR,69,44,24
637D,PUNGGOL DR,55,30,24
638A,PUNGGOL DR,73,38,33
638B,PUNGGOL DR,66,36,30
638C,PUNGGOL DR,50,26,23
641A,PUNGGOL DR,70,41,28
641B,PUNGGOL DR,56,30,24
641C,PUNGGOL DR,55,36,19
642A,PUNGGOL DR,57,38,19
642B,PUNGGOL DR,56,30,24
642C,PUNGGOL DR,65,46,19
642D,PUNGGOL DR,60,28,28
663A,PUNGGOL DR,96,0,95
663B,PUNGGOL DR,36,0,36
663C,PUNGGOL DR,46,0,46
664A,PUNGGOL DR,91,0,91
664B,PUNGGOL DR,44,0,44
665A,PUNGGOL DR,56,0,54
665B,PUNGGOL DR,28,0,27
665C,PUNGGOL DR,70,0,64
666A,PUNGGOL DR,38,0,36
666B,PUNGGOL DR,47,0,45
667A,PUNGGOL DR,45,0,43
667B,PUNGGOL DR,20,0,18
676A,PUNGGOL DR,28,0,28
676B,PUNGGOL DR,50,0,50
676C,PUNGGOL DR,25,0,25
676D,PUNGGOL DR,28,0,28
677A,PUNGGOL DR,20,0,20
677B,PUNGGOL DR,11,0,11
677C,PUNGGOL DR,30,0,30
677D,PUNGGOL DR,40,0,40
678A,PUNGGOL DR,51,0,51
678B,PUNGGOL DR,56,0,56
678C,PUNGGOL DR,34,0,34
679A,PUNGGOL DR,35,0,35
679B,PUNGGOL DR,20,0,20
679C,PUNGGOL DR,22,0,22
167A,PUNGGOL EAST,42,18,24
167B,PUNGGOL EAST,35,16,18
167C,PUNGGOL EAST,32,13,19
167D,PUNGGOL EAST,24,8,16
168A,PUNGGOL EAST,45,19,26
168B,PUNGGOL EAST,43,10,32
658A,PUNGGOL EAST,35,0,35
658B,PUNGGOL EAST,17,0,17
658C,PUNGGOL EAST,35,0,35
659A,PUNGGOL EAST,27,0,27
659B,PUNGGOL EAST,37,0,37
659C,PUNGGOL EAST,35,0,35
101A,PUNGGOL FIELD,55,24,30
101B,PUNGGOL FIELD,82,55,27
101C,PUNGGOL FIELD,52,31,20
101D,PUNGGOL FIELD,49,22,25
102A,PUNGGOL FIELD,40,28,12
102B,PUNGGOL FIELD,56,36,19
102C,PUNGGOL FIELD,66,35,31
102D,PUNGGOL FIELD,72,40,30
106A,PUNGGOL FIELD,76,42,33
106B,PUNGGOL FIELD,49,24,24
106C,PUNGGOL FIELD,43,27,16
106D,PUNGGOL FIELD,52,28,24
110A,PUNGGOL FIELD,75,43,30
110B,PUNGGOL FIELD,44,27,17
110C,PUNGGOL FIELD,59,38,18
110D,PUNGGOL FIELD,60,32,26
168C,PUNGGOL FIELD,28,0,28
168D,PUNGGOL FIELD,27,0,27
169A,PUNGGOL FIELD,23,0,22
169B,PUNGGOL FIELD,35,0,33
169C,PUNGGOL FIELD,36,0,34
170A,PUNGGOL FIELD,35,0,35
170B,PUNGGOL FIELD,19,0,19
170C,PUNGGOL FIELD,37,0,37
173A,PUNGGOL FIELD,131,71,57
173B,PUNGGOL FIELD,50,27,21
173C,PUNGGOL FIELD,60,36,21
173D,PUNGGOL FIELD,74,41,33
175A,PUNGGOL FIELD,83,42,38
175B,PUNGGOL FIELD,53,33,20
175C,PUNGGOL FIELD,42,25,15
175D,PUNGGOL FIELD,71,35,34
196A,PUNGGOL FIELD,51,32,17
196B,PUNGGOL FIELD,58,32,25
196C,PUNGGOL FIELD,64,38,25
196D,PUNGGOL FIELD,49,24,20
197A,PUNGGOL FIELD,43,23,20
197B,PUNGGOL FIELD,38,17,21
199A,PUNGGOL FIELD,34,23,10
199B,PUNGGOL FIELD,67,46,21
199C,PUNGGOL FIELD,54,31,22
199D,PUNGGOL FIELD,40,26,13
201A,PUNGGOL FIELD,34,20,14
201B,PUNGGOL FIELD,44,27,16
201C,PUNGGOL FIELD,39,16,20
201D,PUNGGOL FIELD,72,44,27
202A,PUNGGOL FIELD,69,35,34
202B,PUNGGOL FIELD,51,28,20
203A,PUNGGOL FIELD,60,27,31
203B,PUNGGOL FIELD,78,33,41
204A,PUNGGOL FIELD,66,36,26
204B,PUNGGOL FIELD,39,14,25
204C,PUNGGOL FIELD,50,25,21
204D,PUNGGOL FIELD,37,15,21
205A,PUNGGOL FIELD,55,28,27
228A,PUNGGOL FIELD,1,0,1
228B,PUNGGOL FIELD,4,0,4
258A,PUNGGOL FIELD,41,0,41
258B,PUNGGOL FIELD,27,0,27
258C,PUNGGOL FIELD,41,0,37
259A,PUNGGOL FIELD,53,0,53
259B,PUNGGOL FIELD,53,0,50
259C,PUNGGOL FIELD,66,0,63
267A,PUNGGOL FIELD,47,0,46
267B,PUNGGOL FIELD,56,0,55
267C,PUNGGOL FIELD,28,0,28
268A,PUNGGOL FIELD,28,0,28
268B,PUNGGOL FIELD,62,0,61
268C,PUNGGOL FIELD,63,0,63
268D,PUNGGOL FIELD,53,0,51
269A,PUNGGOL FIELD,64,0,64
269B,PUNGGOL FIELD,52,0,52
269C,PUNGGOL FIELD,66,0,66
270A,PUNGGOL FIELD,62,0,60
270B,PUNGGOL FIELD,72,0,72
270C,PUNGGOL FIELD,43,0,43
128A,PUNGGOL FIELD WALK,113,52,60
128B,PUNGGOL FIELD WALK,43,25,17
128C,PUNGGOL FIELD WALK,82,51,30
128D,PUNGGOL FIELD WALK,60,38,21
207A,PUNGGOL PL,37,0,36
207B,PUNGGOL PL,50,0,50
207C,PUNGGOL PL,36,0,36
207D,PUNGGOL PL,59,0,58
208A,PUNGGOL PL,39,0,38
208B,PUNGGOL PL,51,0,49
208C,PUNGGOL PL,37,0,37
209A,PUNGGOL PL,54,0,54
209B,PUNGGOL PL,59,0,56
209C,PUNGGOL PL,82,0,81
210A,PUNGGOL PL,37,0,37
210B,PUNGGOL PL,53,0,53
210C,PUNGGOL PL,75,0,73
273A,PUNGGOL PL,37,0,37
273B,PUNGGOL PL,52,0,52
273C,PUNGGOL PL,44,0,44
273D,PUNGGOL PL,38,0,38
274A,PUNGGOL PL,51,0,50
274B,PUNGGOL PL,50,0,50
274C,PUNGGOL PL,40,0,38
274D,PUNGGOL PL,51,0,50
288A,PUNGGOL PL,47,0,46
288B,PUNGGOL PL,47,0,46
288C,PUNGGOL PL,56,0,56
289A,PUNGGOL PL,63,0,61
289B,PUNGGOL PL,78,0,77
289C,PUNGGOL PL,51,0,51
289D,PUNGGOL PL,54,0,53
301D,PUNGGOL PL,26,6,20
302A,PUNGGOL PL,44,6,38
302B,PUNGGOL PL,32,10,22
302C,PUNGGOL PL,37,6,31
302D,PUNGGOL PL,32,4,27
303D,PUNGGOL PL,27,8,19
306A,PUNGGOL PL,52,3,49
306B,PUNGGOL PL,61,2,59
306C,PUNGGOL PL,56,3,53
195A,PUNGGOL RD,61,30,29
195B,PUNGGOL RD,43,17,25
195C,PUNGGOL RD,40,16,23
195D,PUNGGOL RD,65,23,37
195E,PUNGGOL RD,46,14,29
305A,PUNGGOL RD,45,1,44
305B,PUNGGOL RD,42,0,41
603A,PUNGGOL RD,51,4,47
603B,PUNGGOL RD,65,2,62
603C,PUNGGOL RD,41,1,40
604A,PUNGGOL RD,55,0,55
604B,PUNGGOL RD,42,1,41
604C,PUNGGOL RD,32,0,32
211A,PUNGGOL WALK,32,0,31
211B,PUNGGOL WALK,55,0,55
211C,PUNGGOL WALK,42,0,41
211D,PUNGGOL WALK,35,0,35
212A,PUNGGOL WALK,66,0,66
212B,PUNGGOL WALK,64,0,64
213A,PUNGGOL WALK,78,0,74
213B,PUNGGOL WALK,56,0,56
213C,PUNGGOL WALK,59,0,58
271A,PUNGGOL WALK,54,0,53
271B,PUNGGOL WALK,46,0,46
271C,PUNGGOL WALK,58,0,56
271D,PUNGGOL WALK,44,0,43
272A,PUNGGOL WALK,47,0,47
272B,PUNGGOL WALK,38,0,38
272C,PUNGGOL WALK,54,0,54
272D,PUNGGOL WALK,52,0,50
308A,PUNGGOL WALK,183,0,180
308B,PUNGGOL WALK,123,0,119
308C,PUNGGOL WALK,169,0,163
310A,PUNGGOL WALK,118,0,116
310B,PUNGGOL WALK,152,0,152
310C,PUNGGOL WALK,105,0,105
260A,PUNGGOL WAY,33,0,31
260B,PUNGGOL WAY,30,0,29
260C,PUNGGOL WAY,35,0,35
261A,PUNGGOL WAY,50,0,48
261B,PUNGGOL WAY,30,0,29
261C,PUNGGOL WAY,32,0,31
264A,PUNGGOL WAY,28,0,28
265A,PUNGGOL WAY,37,0,37
265B,PUNGGOL WAY,29,0,28
265C,PUNGGOL WAY,40,0,38
265D,PUNGGOL WAY,40,0,39
266A,PUNGGOL WAY,26,0,24
266B,PUNGGOL WAY,56,0,54
266C,PUNGGOL WAY,53,0,51
266D,PUNGGOL WAY,38,0,37
314A,PUNGGOL WAY,58,0,58
314B,PUNGGOL WAY,58,0,58
315A,PUNGGOL WAY,55,0,55
315B,PUNGGOL WAY,61,0,61
316A,PUNGGOL WAY,30,0,30
316B,PUNGGOL WAY,24,0,24
316C,PUNGGOL WAY,38,0,38
316D,PUNGGOL WAY,41,0,41
269A,QUEEN ST,26,7,6
269B,QUEEN ST,95,29,22
269C,QUEEN ST,15,7,2
271,QUEEN ST,169,57,38
19,QUEEN'S CL,53,29,10
20,QUEEN'S CL,57,30,12
21,QUEEN'S CL,103,44,30
22,QUEEN'S CL,65,32,11
23A,QUEEN'S CL,173,84,29
23B,QUEEN'S CL,118,41,18
1,QUEEN'S RD,86,27,24
2,QUEEN'S RD,75,19,21
3,QUEEN'S RD,174,54,47
4,QUEEN'S RD,222,84,54
168A,QUEENSWAY,258,83,44
681,RACE COURSE RD,89,24,18
682,RACE COURSE RD,39,10,6
684,RACE COURSE RD,143,51,31
685,RACE COURSE RD,141,47,33
1,REDHILL CL,35,15,0
10,REDHILL CL,43,23,0
11,REDHILL CL,43,22,0
12,REDHILL CL,27,11,0
13,REDHILL CL,29,12,0
14,REDHILL CL,33,15,0
15,REDHILL CL,23,13,0
16,REDHILL CL,44,20,0
17,REDHILL CL,32,11,0
18,REDHILL CL,25,11,0
19,REDHILL CL,41,15,0
2,REDHILL CL,42,22,0
20,REDHILL CL,33,18,0
21,REDHILL CL,27,9,0
22,REDHILL CL,35,17,0
3,REDHILL CL,51,22,0
5,REDHILL CL,32,16,0
6,REDHILL CL,43,22,0
68,REDHILL CL,82,54,28
69,REDHILL CL,84,50,34
7,REDHILL CL,39,16,0
70,REDHILL CL,71,47,24
8,REDHILL CL,30,17,0
86,REDHILL CL,152,57,38
87,REDHILL CL,118,47,24
88,REDHILL CL,45,21,8
9,REDHILL CL,27,16,0
81,REDHILL LANE,71,30,22
82,REDHILL LANE,53,19,15
83,REDHILL LANE,82,44,17
71,REDHILL RD,17,0,0
72,REDHILL RD,18,0,0
73A,REDHILL RD,73,28,41
74A,REDHILL RD,69,29,38
75A,REDHILL RD,81,29,46
75B,REDHILL RD,92,32,56
75C,REDHILL RD,83,20,57
76A,REDHILL RD,90,36,51
77A,REDHILL RD,89,33,55
142,RIVERVALE CRES,82,56,25
147,RIVERVALE CRES,47,31,16
148,RIVERVALE CRES,75,46,29
149,RIVERVALE CRES,77,48,28
150,RIVERVALE CRES,63,33,29
151,RIVERVALE CRES,46,21,23
152,RIVERVALE CRES,52,26,25
153,RIVERVALE CRES,48,16,30
154,RIVERVALE CRES,35,17,18
155,RIVERVALE CRES,56,21,35
156,RIVERVALE CRES,63,27,34
157A,RIVERVALE CRES,89,46,40
157B,RIVERVALE CRES,85,49,35
157C,RIVERVALE CRES,77,43,33
157D,RIVERVALE CRES,87,54,32
158A,RIVERVALE CRES,86,41,42
158B,RIVERVALE CRES,70,41,29
158C,RIVERVALE CRES,78,46,30
158D,RIVERVALE CRES,80,44,33
159A,RIVERVALE CRES,66,38,28
162A,RIVERVALE CRES,36,0,36
162B,RIVERVALE CRES,36,0,36
162C,RIVERVALE CRES,28,0,28
163A,RIVERVALE CRES,33,0,33
163B,RIVERVALE CRES,24,0,24
163C,RIVERVALE CRES,35,0,35
164A,RIVERVALE CRES,38,0,38
164B,RIVERVALE CRES,41,0,41
164C,RIVERVALE CRES,43,0,43
178A,RIVERVALE CRES,65,0,64
178B,RIVERVALE CRES,73,0,70
178C,RIVERVALE CRES,53,0,53
178D,RIVERVALE CRES,58,0,56
180A,RIVERVALE CRES,67,0,62
180B,RIVERVALE CRES,59,0,57
180C,RIVERVALE CRES,83,0,81
180D,RIVERVALE CRES,59,0,56
183A,RIVERVALE CRES,56,28,26
183B,RIVERVALE CRES,60,36,24
183C,RIVERVALE CRES,83,42,38
183D,RIVERVALE CRES,99,63,36
184A,RIVERVALE CRES,57,28,27
184B,RIVERVALE CRES,61,34,25
184C,RIVERVALE CRES,108,64,41
185A,RIVERVALE CRES,50,29,21
185B,RIVERVALE CRES,102,69,30
185C,RIVERVALE CRES,93,59,34
185D,RIVERVALE CRES,91,54,35
116A,RIVERVALE DR,82,52,29
116B,RIVERVALE DR,76,39,34
116C,RIVERVALE DR,58,39,19
117A,RIVERVALE DR,66,43,23
117B,RIVERVALE DR,59,41,16
117C,RIVERVALE DR,53,32,19
119A,RIVERVALE DR,47,25,22
119B,RIVERVALE DR,58,31,26
119C,RIVERVALE DR,38,22,13
119D,RIVERVALE DR,35,21,14
120A,RIVERVALE DR,39,27,12
120B,RIVERVALE DR,67,39,27
120C,RIVERVALE DR,36,30,6
121,RIVERVALE DR,88,48,39
121A,RIVERVALE DR,82,48,32
121B,RIVERVALE DR,54,32,22
122D,RIVERVALE DR,67,34,32
122E,RIVERVALE DR,80,49,31
123,RIVERVALE DR,53,37,16
123A,RIVERVALE DR,52,37,14
123B,RIVERVALE DR,51,31,18
123C,RIVERVALE DR,51,31,19
123D,RIVERVALE DR,42,25,16
123E,RIVERVALE DR,34,27,7
124,RIVERVALE DR,48,34,13
124A,RIVERVALE DR,51,35,16
124B,RIVERVALE DR,91,69,22
124C,RIVERVALE DR,82,57,23
143,RIVERVALE DR,72,42,30
144,RIVERVALE DR,75,53,22
145,RIVERVALE DR,88,59,27
146,RIVERVALE DR,72,50,21
186A,RIVERVALE DR,51,28,22
186B,RIVERVALE DR,48,28,20
186C,RIVERVALE DR,67,39,28
186D,RIVERVALE DR,49,32,17
187A,RIVERVALE DR,68,45,23
187B,RIVERVALE DR,59,34,23
188A,RIVERVALE DR,53,34,18
188B,RIVERVALE DR,94,53,38
188C,RIVERVALE DR,91,55,35
188D,RIVERVALE DR,55,29,21
189A,RIVERVALE DR,57,29,25
189B,RIVERVALE DR,52,23,29
189C,RIVERVALE DR,54,31,22
190A,RIVERVALE DR,55,34,21
190B,RIVERVALE DR,66,38,27
191A,RIVERVALE DR,43,32,11
191B,RIVERVALE DR,36,26,9
192A,RIVERVALE DR,45,24,21
192B,RIVERVALE DR,41,25,15
192C,RIVERVALE DR,61,44,16
193,RIVERVALE DR,116,74,41
194,RIVERVALE DR,115,61,52
195,RIVERVALE DR,106,65,41
196,RIVERVALE DR,94,59,35
197,RIVERVALE DR,77,44,31
125,RIVERVALE ST,81,48,29
126,RIVERVALE ST,51,36,13
127,RIVERVALE ST,74,49,23
128,RIVERVALE ST,84,56,27
129,RIVERVALE ST,58,41,17
130,RIVERVALE ST,79,58,20
131,RIVERVALE ST,104,68,35
132,RIVERVALE ST,85,58,27
133,RIVERVALE ST,48,30,18
134,RIVERVALE ST,49,32,16
135,RIVERVALE ST,50,31,18
136,RIVERVALE ST,55,32,22
137,RIVERVALE ST,56,36,20
138,RIVERVALE ST,45,24,20
139,RIVERVALE ST,45,32,13
140,RIVERVALE ST,127,90,37
141,RIVERVALE ST,84,56,27
101,RIVERVALE WALK,72,43,29
102,RIVERVALE WALK,111,61,48
103,RIVERVALE WALK,85,52,31
104,RIVERVALE WALK,71,50,20
105,RIVERVALE WALK,60,41,18
106,RIVERVALE WALK,75,55,20
107,RIVERVALE WALK,74,44,30
108,RIVERVALE WALK,62,41,21
109,RIVERVALE WALK,65,39,25
110,RIVERVALE WALK,71,51,19
111,RIVERVALE WALK,64,50,14
112,RIVERVALE WALK,72,47,25
113,RIVERVALE WALK,93,69,24
114,RIVERVALE WALK,60,39,19
115,RIVERVALE WALK,69,53,16
1,ROCHOR RD,52,20,0
2,ROCHOR RD,84,38,0
3,ROCHOR RD,68,25,0
4,ROCHOR RD,95,43,0
639,ROWELL RD,80,26,20
640,ROWELL RD,177,63,36
641,ROWELL RD,81,24,19
642,ROWELL RD,75,26,20
4,SAGO LANE,207,92,47
409,SAUJANA RD,67,17,11
410,SAUJANA RD,56,8,11
411,SAUJANA RD,30,7,10
412,SAUJANA RD,112,39,22
413,SAUJANA RD,64,16,12
414,SAUJANA RD,22,9,2
415,SAUJANA RD,76,29,7
416,SAUJANA RD,110,37,26
455,SEGAR RD,60,0,57
456,SEGAR RD,47,0,47
457,SEGAR RD,49,0,48
458,SEGAR RD,82,0,81
459,SEGAR RD,66,0,65
460,SEGAR RD,39,0,36
461,SEGAR RD,52,0,51
465,SEGAR RD,110,78,31
466,SEGAR RD,69,44,24
467,SEGAR RD,87,42,43
468,SEGAR RD,79,43,35
469,SEGAR RD,77,44,32
470,SEGAR RD,92,48,41
471,SEGAR RD,98,58,37
472,SEGAR RD,80,50,28
473,SEGAR RD,73,40,32
474,SEGAR RD,95,52,38
475,SEGAR RD,53,32,21
476,SEGAR RD,74,45,28
477,SEGAR RD,82,50,31
478,SEGAR RD,71,44,24
479,SEGAR RD,60,38,20
480,SEGAR RD,67,41,26
481,SEGAR RD,69,45,23
482,SEGAR RD,56,33,22
483,SEGAR RD,79,47,30
484,SEGAR RD,65,33,30
485,SEGAR RD,87,0,87
486,SEGAR RD,79,0,79
487,SEGAR RD,48,0,46
488,SEGAR RD,54,0,53
546A,SEGAR RD,53,0,53
546B,SEGAR RD,60,0,57
546C,SEGAR RD,53,0,49
547A,SEGAR RD,45,0,43
547B,SEGAR RD,43,0,42
547C,SEGAR RD,52,0,52
547D,SEGAR RD,49,0,47
548A,SEGAR RD,42,0,38
548B,SEGAR RD,58,0,55
549A,SEGAR RD,62,0,59
549B,SEGAR RD,57,0,53
550A,SEGAR RD,60,0,55
550B,SEGAR RD,58,0,55
10,SELEGIE RD,53,16,11
8,SELEGIE RD,140,59,25
9,SELEGIE RD,333,134,71
1,SELETAR WEST FARMWAY 6,15,0,0
2,SELETAR WEST FARMWAY 6,17,0,0
5,SELETAR WEST FARMWAY 6,24,0,0
6,SELETAR WEST FARMWAY 6,4,0,0
7,SELETAR WEST FARMWAY 6,11,0,0
319,SEMBAWANG CL,65,46,18
320,SEMBAWANG CL,72,53,19
321,SEMBAWANG CL,75,55,18
322,SEMBAWANG CL,105,70,33
323,SEMBAWANG CL,94,75,17
324,SEMBAWANG CL,95,73,20
329,SEMBAWANG CL,82,56,26
330,SEMBAWANG CL,128,83,44
331,SEMBAWANG CL,117,81,35
332,SEMBAWANG CL,80,53,27
333,SEMBAWANG CL,76,47,29
334,SEMBAWANG CL,144,102,41
335,SEMBAWANG CL,122,87,33
339A,SEMBAWANG CL,92,56,35
339B,SEMBAWANG CL,86,53,29
340A,SEMBAWANG CL,83,54,26
340B,SEMBAWANG CL,79,57,22
341,SEMBAWANG CL,33,20,13
341A,SEMBAWANG CL,89,52,37
341B,SEMBAWANG CL,85,53,31
325,SEMBAWANG CRES,64,41,19
326,SEMBAWANG CRES,63,48,14
327,SEMBAWANG CRES,99,72,26
328,SEMBAWANG CRES,73,50,22
336,SEMBAWANG CRES,101,72,28
337,SEMBAWANG CRES,87,61,26
338,SEMBAWANG CRES,99,63,33
362A,SEMBAWANG CRES,48,0,48
362B,SEMBAWANG CRES,40,0,40
362C,SEMBAWANG CRES,53,0,53
363A,SEMBAWANG CRES,27,0,27
363B,SEMBAWANG CRES,38,0,38
365A,SEMBAWANG CRES,31,0,31
365B,SEMBAWANG CRES,35,0,35
365C,SEMBAWANG CRES,45,0,45
366A,SEMBAWANG CRES,42,0,42
366B,SEMBAWANG CRES,29,0,29
312,SEMBAWANG DR,121,87,33
313,SEMBAWANG DR,101,74,27
314,SEMBAWANG DR,94,73,21
406,SEMBAWANG DR,117,76,39
407,SEMBAWANG DR,106,61,44
408,SEMBAWANG DR,59,28,31
409,SEMBAWANG DR,67,42,24
410,SEMBAWANG DR,63,41,22
411,SEMBAWANG DR,63,37,26
412,SEMBAWANG DR,64,42,22
413,SEMBAWANG DR,84,49,34
414,SEMBAWANG DR,43,24,17
415,SEMBAWANG DR,31,15,16
463A,SEMBAWANG DR,63,0,60
463B,SEMBAWANG DR,74,0,73
463C,SEMBAWANG DR,67,0,64
466A,SEMBAWANG DR,71,36,35
466B,SEMBAWANG DR,68,33,34
466C,SEMBAWANG DR,84,44,39
466D,SEMBAWANG DR,58,26,30
470,SEMBAWANG DR,106,70,36
471,SEMBAWANG DR,45,16,26
472,SEMBAWANG DR,35,18,14
473,SEMBAWANG DR,85,59,23
474,SEMBAWANG DR,76,57,18
475,SEMBAWANG DR,59,35,24
476,SEMBAWANG DR,66,47,19
477,SEMBAWANG DR,88,59,29
478,SEMBAWANG DR,71,45,24
479,SEMBAWANG DR,103,72,30
480,SEMBAWANG DR,76,53,22
481,SEMBAWANG DR,101,68,31
5,SEMBAWANG RD,24,0,0
315,SEMBAWANG VISTA,71,48,23
316,SEMBAWANG VISTA,98,71,25
317,SEMBAWANG VISTA,135,104,30
318,SEMBAWANG VISTA,96,72,24
355A,SEMBAWANG WAY,15,10,5
17,SENG POH RD,10,7,2
46,SENG POH RD,14,3,6
270A,SENGKANG CTRL,69,21,47
271A,SENGKANG CTRL,64,25,38
271B,SENGKANG CTRL,72,20,52
271C,SENGKANG CTRL,51,9,41
272A,SENGKANG CTRL,55,18,36
272B,SENGKANG CTRL,62,20,42
272C,SENGKANG CTRL,66,26,39
272D,SENGKANG CTRL,61,17,44
279A,SENGKANG EAST AVE,16,0,16
279B,SENGKANG EAST AVE,37,0,37
279C,SENGKANG EAST AVE,30,0,30
280A,SENGKANG EAST AVE,39,0,39
280B,SENGKANG EAST AVE,42,0,41
281A,SENGKANG EAST AVE,40,0,40
281B,SENGKANG EAST AVE,61,0,59
282A,SENGKANG EAST AVE,57,0,57
282B,SENGKANG EAST AVE,49,0,49
282C,SENGKANG EAST AVE,42,0,42
200A,SENGKANG EAST RD,94,55,37
200B,SENGKANG EAST RD,59,31,28
200D,SENGKANG EAST RD,76,47,28
202B,SENGKANG EAST RD,50,23,24
202C,SENGKANG EAST RD,72,33,38
121C,SENGKANG EAST WAY,72,41,28
121D,SENGKANG EAST WAY,85,53,30
122,SENGKANG EAST WAY,67,41,25
122A,SENGKANG EAST WAY,73,41,30
122B,SENGKANG EAST WAY,45,23,21
122C,SENGKANG EAST WAY,72,41,29
260A,SENGKANG EAST WAY,69,36,32
260B,SENGKANG EAST WAY,48,28,17
260C,SENGKANG EAST WAY,58,30,28
260D,SENGKANG EAST WAY,71,49,20
261A,SENGKANG EAST WAY,54,34,20
261B,SENGKANG EAST WAY,86,50,34
261C,SENGKANG EAST WAY,63,46,17
261D,SENGKANG EAST WAY,53,34,19
323A,SENGKANG EAST WAY,38,19,19
323B,SENGKANG EAST WAY,65,38,26
323C,SENGKANG EAST WAY,57,35,21
324A,SENGKANG EAST WAY,54,29,24
324B,SENGKANG EAST WAY,41,27,13
324C,SENGKANG EAST WAY,54,17,37
324D,SENGKANG EAST WAY,39,20,19
325A,SENGKANG EAST WAY,56,37,18
325B,SENGKANG EAST WAY,71,43,28
325C,SENGKANG EAST WAY,65,31,31
438A,SENGKANG WEST AVE,42,11,31
438B,SENGKANG WEST AVE,48,10,38
439A,SENGKANG WEST AVE,66,19,47
439B,SENGKANG WEST AVE,56,13,42
439C,SENGKANG WEST AVE,47,8,39
455A,SENGKANG WEST AVE,21,0,21
455B,SENGKANG WEST AVE,27,0,27
456A,SENGKANG WEST RD,29,0,29
456B,SENGKANG WEST RD,23,0,23
457A,SENGKANG WEST RD,28,0,28
457B,SENGKANG WEST RD,24,0,24
458A,SENGKANG WEST RD,26,0,26
458B,SENGKANG WEST RD,27,0,27
458C,SENGKANG WEST RD,16,0,16
432A,SENGKANG WEST WAY,70,0,70
432B,SENGKANG WEST WAY,48,0,48
433A,SENGKANG WEST WAY,50,0,48
433B,SENGKANG WEST WAY,75,0,75
448A,SENGKANG WEST WAY,64,0,64
448B,SENGKANG WEST WAY,50,0,49
450A,SENGKANG WEST WAY,60,0,60
450B,SENGKANG WEST WAY,35,0,35
450C,SENGKANG WEST WAY,41,0,41
451A,SENGKANG WEST WAY,47,0,47
451B,SENGKANG WEST WAY,60,0,59
452A,SENGKANG WEST WAY,66,0,63
452B,SENGKANG WEST WAY,47,0,47
469A,SENGKANG WEST WAY,31,0,27
469B,SENGKANG WEST WAY,56,0,54
469C,SENGKANG WEST WAY,51,0,50
650,SENJA LINK,63,34,27
651,SENJA LINK,66,39,27
652,SENJA LINK,70,39,29
653,SENJA LINK,58,36,21
601,SENJA RD,92,67,25
602,SENJA RD,96,69,25
603,SENJA RD,99,61,36
604,SENJA RD,96,56,37
605,SENJA RD,113,66,44
606,SENJA RD,95,51,42
607,SENJA RD,64,31,32
608,SENJA RD,54,36,18
610,SENJA RD,44,23,20
612,SENJA RD,82,49,33
614,SENJA RD,62,36,24
616,SENJA RD,88,49,38
618,SENJA RD,94,60,34
621,SENJA RD,94,61,32
622,SENJA RD,76,37,37
623,SENJA RD,93,57,35
624,SENJA RD,71,42,26
625,SENJA RD,163,89,73
626,SENJA RD,147,83,62
627,SENJA RD,187,110,77
629,SENJA RD,222,122,97
630,SENJA RD,162,95,64
631,SENJA RD,158,93,62
633A,SENJA RD,49,0,49
633B,SENJA RD,74,0,74
633C,SENJA RD,60,0,57
633D,SENJA RD,66,0,65
634A,SENJA RD,18,0,17
634B,SENJA RD,20,0,20
635A,SENJA RD,106,0,103
635B,SENJA RD,89,0,84
636A,SENJA RD,70,0,65
636B,SENJA RD,101,0,95
636C,SENJA RD,77,0,73
654,SENJA RD,67,39,28
655,SENJA RD,63,33,29
656,SENJA RD,33,20,13
401,SERANGOON AVE 1,112,38,30
402,SERANGOON AVE 1,74,21,16
403,SERANGOON AVE 1,83,28,12
404,SERANGOON AVE 1,68,23,16
405,SERANGOON AVE 1,74,23,17
406,SERANGOON AVE 1,14,4,0
407,SERANGOON AVE 1,91,27,25
408,SERANGOON AVE 1,80,29,18
425,SERANGOON AVE 1,90,24,29
426,SERANGOON AVE 1,85,26,20
232A,SERANGOON AVE 2,77,49,27
234A,SERANGOON AVE 2,67,39,27
236A,SERANGOON AVE 2,73,57,16
238,SERANGOON AVE 2,113,41,15
239,SERANGOON AVE 2,112,35,17
240,SERANGOON AVE 2,101,25,18
243,SERANGOON AVE 2,131,50,23
244,SERANGOON AVE 2,19,8,1
245,SERANGOON AVE 2,120,34,14
301,SERANGOON AVE 2,41,16,9
302,SERANGOON AVE 2,213,76,40
303,SERANGOON AVE 2,174,61,33
304,SERANGOON AVE 2,34,11,2
305,SERANGOON AVE 2,183,70,32
306,SERANGOON AVE 2,163,51,31
307,SERANGOON AVE 2,224,54,55
308,SERANGOON AVE 2,100,24,19
309,SERANGOON AVE 2,111,27,24
310,SERANGOON AVE 2,87,20,16
311,SERANGOON AVE 2,40,16,7
312,SERANGOON AVE 2,93,22,12
313,SERANGOON AVE 2,21,6,7
314,SERANGOON AVE 2,23,8,9
315,SERANGOON AVE 2,101,28,13
316,SERANGOON AVE 2,15,8,3
317,SERANGOON AVE 2,112,20,20
318,SERANGOON AVE 2,95,30,19
319,SERANGOON AVE 2,86,17,28
321,SERANGOON AVE 2,117,28,31
231,SERANGOON AVE 3,111,35,15
232,SERANGOON AVE 3,115,39,22
233,SERANGOON AVE 3,139,46,22
234,SERANGOON AVE 3,115,34,20
235,SERANGOON AVE 3,98,36,13
236,SERANGOON AVE 3,137,43,27
237,SERANGOON AVE 3,122,32,19
241,SERANGOON AVE 3,115,46,15
242,SERANGOON AVE 3,114,31,25
246,SERANGOON AVE 3,71,19,13
322,SERANGOON AVE 3,118,34,22
323,SERANGOON AVE 3,161,62,28
324,SERANGOON AVE 3,98,34,17
325,SERANGOON AVE 3,131,43,17
326,SERANGOON AVE 3,31,8,8
327,SERANGOON AVE 3,106,34,16
328,SERANGOON AVE 3,145,40,32
329,SERANGOON AVE 3,166,52,27
330,SERANGOON AVE 3,117,33,17
331,SERANGOON AVE 3,97,31,25
332,SERANGOON AVE 3,147,41,23
333,SERANGOON AVE 3,97,25,18
334,SERANGOON AVE 3,84,24,16
335,SERANGOON AVE 3,131,43,23
211,SERANGOON AVE 4,213,70,41
212,SERANGOON AVE 4,99,31,17
213,SERANGOON AVE 4,98,28,14
214,SERANGOON AVE 4,44,17,12
215,SERANGOON AVE 4,178,41,40
216,SERANGOON AVE 4,112,27,28
217,SERANGOON AVE 4,130,39,26
218,SERANGOON AVE 4,183,67,32
219,SERANGOON AVE 4,185,64,39
220,SERANGOON AVE 4,138,50,19
221,SERANGOON AVE 4,240,79,52
222,SERANGOON AVE 4,190,71,34
223,SERANGOON AVE 4,224,66,36
224,SERANGOON AVE 4,120,48,18
225,SERANGOON AVE 4,200,66,36
226,SERANGOON AVE 4,131,38,24
227,SERANGOON AVE 4,167,54,22
228,SERANGOON AVE 4,145,47,24
229,SERANGOON AVE 4,121,37,23
230,SERANGOON AVE 4,181,48,29
201,SERANGOON CTRL,167,58,24
202,SERANGOON CTRL,107,27,14
203,SERANGOON CTRL,167,57,21
204,SERANGOON CTRL,156,47,25
205,SERANGOON CTRL,120,35,22
206,SERANGOON CTRL,186,55,38
207,SERANGOON CTRL,173,71,23
208,SERANGOON CTRL,118,38,18
209,SERANGOON CTRL,136,48,26
210,SERANGOON CTRL,168,64,27
409,SERANGOON CTRL,85,26,19
410,SERANGOON CTRL,59,20,9
411,SERANGOON CTRL,81,25,14
412,SERANGOON CTRL,70,26,9
413,SERANGOON CTRL,72,24,10
414,SERANGOON CTRL,49,16,8
415,SERANGOON CTRL,48,14,11
416,SERANGOON CTRL,48,11,11
417,SERANGOON CTRL,66,26,9
418,SERANGOON CTRL,59,17,15
419,SERANGOON CTRL,99,37,22
420,SERANGOON CTRL,81,28,20
421,SERANGOON CTRL,93,29,16
422,SERANGOON CTRL,78,30,18
423,SERANGOON CTRL,67,21,16
424,SERANGOON CTRL,94,31,28
427,SERANGOON CTRL,79,23,20
253,SERANGOON CTRL DR,41,18,7
254,SERANGOON CTRL DR,54,23,6
255,SERANGOON CTRL DR,67,37,30
256,SERANGOON CTRL DR,74,50,23
257,SERANGOON CTRL DR,66,38,27
258,SERANGOON CTRL DR,74,46,27
261,SERANGOON CTRL DR,65,28,14
262,SERANGOON CTRL DR,43,17,12
263,SERANGOON CTRL DR,71,28,9
101,SERANGOON NTH AVE 1,164,60,33
102,SERANGOON NTH AVE 1,33,6,7
103,SERANGOON NTH AVE 1,172,56,27
104,SERANGOON NTH AVE 1,30,9,9
105,SERANGOON NTH AVE 1,202,80,28
106,SERANGOON NTH AVE 1,168,74,21
107,SERANGOON NTH AVE 1,193,76,28
108,SERANGOON NTH AVE 1,189,74,35
109,SERANGOON NTH AVE 1,174,44,22
110,SERANGOON NTH AVE 1,30,7,9
111,SERANGOON NTH AVE 1,186,59,36
112,SERANGOON NTH AVE 1,36,11,6
113,SERANGOON NTH AVE 1,75,25,14
114,SERANGOON NTH AVE 1,159,42,25
115,SERANGOON NTH AVE 1,91,28,16
116,SERANGOON NTH AVE 1,172,47,21
117,SERANGOON NTH AVE 1,118,21,22
118,SERANGOON NTH AVE 1,124,35,20
119,SERANGOON NTH AVE 1,33,9,4
120,SERANGOON NTH AVE 1,95,30,13
121,SERANGOON NTH AVE 1,110,37,17
122,SERANGOON NTH AVE 1,51,17,5
123,SERANGOON NTH AVE 1,181,45,46
124,SERANGOON NTH AVE 1,96,34,16
125,SERANGOON NTH AVE 1,158,37,29
126,SERANGOON NTH AVE 1,107,29,24
127,SERANGOON NTH AVE 1,96,32,15
142,SERANGOON NTH AVE 1,86,24,13
143,SERANGOON NTH AVE 1,144,42,27
144,SERANGOON NTH AVE 1,111,38,22
145,SERANGOON NTH AVE 1,63,22,16
146,SERANGOON NTH AVE 1,107,29,20
147,SERANGOON NTH AVE 1,217,83,42
148,SERANGOON NTH AVE 1,68,17,10
152,SERANGOON NTH AVE 1,79,22,25
153,SERANGOON NTH AVE 1,167,62,23
154,SERANGOON NTH AVE 1,144,49,29
135,SERANGOON NTH AVE 2,59,14,16
136,SERANGOON NTH AVE 2,53,18,6
137,SERANGOON NTH AVE 2,50,15,12
138,SERANGOON NTH AVE 2,31,6,3
139,SERANGOON NTH AVE 2,78,26,11
140,SERANGOON NTH AVE 2,110,33,18
141,SERANGOON NTH AVE 2,102,32,25
151,SERANGOON NTH AVE 2,107,42,14
543,SERANGOON NTH AVE 3,52,22,16
544,SERANGOON NTH AVE 3,73,37,20
545,SERANGOON NTH AVE 3,111,60,27
546,SERANGOON NTH AVE 3,120,70,32
547,SERANGOON NTH AVE 3,110,55,30
548,SERANGOON NTH AVE 3,148,70,44
549,SERANGOON NTH AVE 3,81,33,22
550,SERANGOON NTH AVE 3,77,36,19
551,SERANGOON NTH AVE 3,98,48,16
552,SERANGOON NTH AVE 3,89,47,17
553,SERANGOON NTH AVE 3,65,29,17
554,SERANGOON NTH AVE 3,56,26,11
500,SERANGOON NTH AVE 4,89,24,22
501,SERANGOON NTH AVE 4,75,25,13
502,SERANGOON NTH AVE 4,64,18,16
503,SERANGOON NTH AVE 4,8,3,1
504,SERANGOON NTH AVE 4,58,18,13
505,SERANGOON NTH AVE 4,73,25,15
506,SERANGOON NTH AVE 4,85,31,13
506A,SERANGOON NTH AVE 4,82,27,15
506B,SERANGOON NTH AVE 4,81,29,15
507,SERANGOON NTH AVE 4,88,46,23
508,SERANGOON NTH AVE 4,106,46,25
509,SERANGOON NTH AVE 4,82,45,20
510,SERANGOON NTH AVE 4,89,50,22
511,SERANGOON NTH AVE 4,84,34,23
512,SERANGOON NTH AVE 4,77,37,16
514,SERANGOON NTH AVE 4,59,21,10
515,SERANGOON NTH AVE 4,21,7,4
516,SERANGOON NTH AVE 4,73,25,13
517,SERANGOON NTH AVE 4,95,35,12
518,SERANGOON NTH AVE 4,116,42,19
519,SERANGOON NTH AVE 4,111,42,22
520,SERANGOON NTH AVE 4,102,31,27
521,SERANGOON NTH AVE 4,88,35,16
522,SERANGOON NTH AVE 4,81,28,13
523,SERANGOON NTH AVE 4,119,55,23
524,SERANGOON NTH AVE 4,97,30,16
525,SERANGOON NTH AVE 4,82,31,18
526,SERANGOON NTH AVE 4,99,31,23
527,SERANGOON NTH AVE 4,67,19,12
528,SERANGOON NTH AVE 4,41,9,11
529,SERANGOON NTH AVE 4,61,18,13
530,SERANGOON NTH AVE 4,66,26,13
531,SERANGOON NTH AVE 4,64,23,10
532,SERANGOON NTH AVE 4,82,23,23
533,SERANGOON NTH AVE 4,93,28,20
534,SERANGOON NTH AVE 4,101,33,19
535,SERANGOON NTH AVE 4,92,30,22
535A,SERANGOON NTH AVE 4,70,25,12
536,SERANGOON NTH AVE 4,65,17,13
537,SERANGOON NTH AVE 4,123,42,32
538,SERANGOON NTH AVE 4,87,26,23
539,SERANGOON NTH AVE 4,125,39,30
540,SERANGOON NTH AVE 4,137,54,25
541,SERANGOON NTH AVE 4,125,39,23
542,SERANGOON NTH AVE 4,147,40,36
11,SHORT ST,47,0,0
12,SHORT ST,42,0,0
13,SHORT ST,129,0,0
301,SHUNFU RD,108,18,24
302,SHUNFU RD,33,15,4
303,SHUNFU RD,107,29,17
304,SHUNFU RD,190,54,33
305,SHUNFU RD,116,32,12
306,SHUNFU RD,49,14,11
307,SHUNFU RD,137,45,24
308,SHUNFU RD,202,67,39
309,SHUNFU RD,189,58,29
310,SHUNFU RD,102,27,19
311,SHUNFU RD,37,16,8
312,SHUNFU RD,93,22,21
313,SHUNFU RD,209,72,43
147,SILAT AVE,7,2,2
148,SILAT AVE,101,33,26
149,SILAT AVE,97,28,20
150,SILAT AVE,13,6,4
167A,SIMEI LANE,42,0,42
167B,SIMEI LANE,23,0,23
167C,SIMEI LANE,22,0,22
167D,SIMEI LANE,17,0,17
168A,SIMEI LANE,25,0,25
168B,SIMEI LANE,27,0,27
168C,SIMEI LANE,27,0,27
168D,SIMEI LANE,40,0,39
155,SIMEI RD,137,48,19
156,SIMEI RD,103,35,21
157,SIMEI RD,87,22,13
158,SIMEI RD,43,9,9
159,SIMEI RD,41,11,9
160,SIMEI RD,115,39,17
161,SIMEI RD,48,15,9
162,SIMEI RD,119,44,17
163,SIMEI RD,98,32,17
164,SIMEI RD,109,43,16
165,SIMEI RD,156,47,30
101,SIMEI ST 1,165,61,27
102,SIMEI ST 1,136,43,24
105,SIMEI ST 1,44,9,11
106,SIMEI ST 1,140,45,28
107,SIMEI ST 1,190,64,28
108,SIMEI ST 1,114,42,16
109,SIMEI ST 1,156,46,25
110,SIMEI ST 1,22,8,4
111,SIMEI ST 1,28,9,5
112,SIMEI ST 1,203,64,33
113,SIMEI ST 1,120,39,19
114,SIMEI ST 1,185,52,29
116,SIMEI ST 1,219,81,34
117,SIMEI ST 1,159,44,30
119,SIMEI ST 1,119,33,19
120,SIMEI ST 1,111,24,22
122,SIMEI ST 1,198,63,27
123,SIMEI ST 1,259,74,45
124,SIMEI ST 1,200,61,33
126,SIMEI ST 1,193,52,37
127,SIMEI ST 1,154,50,26
128,SIMEI ST 1,22,5,3
129,SIMEI ST 1,30,6,8
130,SIMEI ST 1,153,47,22
131,SIMEI ST 1,94,36,17
132,SIMEI ST 1,87,24,21
133,SIMEI ST 1,121,29,17
134,SIMEI ST 1,185,55,30
135,SIMEI ST 1,167,61,25
136,SIMEI ST 1,163,58,23
137,SIMEI ST 1,144,37,22
138,SIMEI ST 1,126,39,25
139,SIMEI ST 1,90,26,15
148,SIMEI ST 1,158,55,27
149,SIMEI ST 1,134,47,28
150,SIMEI ST 1,194,63,35
151,SIMEI ST 1,121,32,17
153,SIMEI ST 1,129,38,25
154,SIMEI ST 1,151,54,22
253,SIMEI ST 1,80,37,21
254,SIMEI ST 1,109,53,23
255,SIMEI ST 1,63,29,10
256,SIMEI ST 1,91,42,16
141,SIMEI ST 2,163,49,30
142,SIMEI ST 2,125,45,18
144,SIMEI ST 2,13,3,3
145,SIMEI ST 2,109,35,20
146,SIMEI ST 2,139,40,27
147,SIMEI ST 2,44,13,7
221,SIMEI ST 4,18,7,3
222,SIMEI ST 4,96,24,16
223,SIMEI ST 4,91,28,18
224,SIMEI ST 4,117,33,20
225,SIMEI ST 4,115,41,17
226,SIMEI ST 4,86,25,9
227,SIMEI ST 4,104,33,13
228,SIMEI ST 4,102,31,22
229,SIMEI ST 4,94,18,22
230,SIMEI ST 4,128,42,18
231,SIMEI ST 4,107,45,17
232,SIMEI ST 4,126,47,25
233,SIMEI ST 4,137,41,23
234,SIMEI ST 4,97,27,20
235,SIMEI ST 4,28,7,8
242,SIMEI ST 5,56,29,11
243,SIMEI ST 5,86,43,14
244,SIMEI ST 5,98,39,15
245,SIMEI ST 5,83,37,19
246,SIMEI ST 5,86,41,19
247,SIMEI ST 5,59,24,12
842,SIMS AVE,83,22,16
844,SIMS AVE,33,12,3
846,SIMS AVE,99,24,24
848,SIMS AVE,24,10,4
40,SIMS DR,122,33,29
41,SIMS DR,289,110,54
42,SIMS DR,67,20,11
42A,SIMS DR,24,6,3
43,SIMS DR,45,14,9
43A,SIMS DR,34,11,6
44,SIMS DR,223,81,33
45,SIMS DR,190,74,35
50,SIMS DR,92,29,16
51,SIMS DR,104,19,20
54,SIMS DR,105,24,0
59,SIMS DR,125,25,0
62,SIMS DR,157,30,0
52,SIMS PL,165,61,27
53,SIMS PL,176,61,32
63,SIMS PL,41,0,41
401,SIN MING AVE,40,9,10
402,SIN MING AVE,107,29,22
403,SIN MING AVE,203,76,28
404,SIN MING AVE,37,11,6
405,SIN MING AVE,129,32,25
406,SIN MING AVE,269,91,47
407,SIN MING AVE,206,76,34
408,SIN MING AVE,119,29,21
441,SIN MING AVE,117,38,20
442,SIN MING AVE,99,34,22
443,SIN MING AVE,114,41,15
444,SIN MING AVE,96,34,15
445,SIN MING AVE,130,45,29
449,SIN MING AVE,95,28,23
450,SIN MING AVE,104,35,16
451,SIN MING AVE,83,31,18
452,SIN MING AVE,57,23,9
453,SIN MING AVE,68,23,20
454,SIN MING AVE,94,36,21
455,SIN MING AVE,114,36,24
22,SIN MING RD,339,130,63
23,SIN MING RD,149,52,26
24,SIN MING RD,168,63,35
25,SIN MING RD,124,43,31
335A,SMITH ST,98,41,26
335B,SMITH ST,98,51,15
103,SPOTTISWOODE PK RD,90,20,17
104,SPOTTISWOODE PK RD,93,24,11
106,SPOTTISWOODE PK RD,121,27,29
109,SPOTTISWOODE PK RD,86,20,16
110,SPOTTISWOODE PK RD,106,36,24
25A,ST. GEORGE'S LANE,62,0,62
26A,ST. GEORGE'S LANE,61,0,61
26B,ST. GEORGE'S LANE,73,0,73
4B,ST. GEORGE'S LANE,105,56,22
4C,ST. GEORGE'S LANE,64,30,19
5,ST. GEORGE'S LANE,136,40,35
6,ST. GEORGE'S LANE,139,51,21
7,ST. GEORGE'S LANE,233,91,44
8,ST. GEORGE'S LANE,148,51,26
1,ST. GEORGE'S RD,158,54,29
10,ST. GEORGE'S RD,13,5,3
11,ST. GEORGE'S RD,81,27,20
12,ST. GEORGE'S RD,9,3,0
13,ST. GEORGE'S RD,93,23,15
14,ST. GEORGE'S RD,125,43,31
15,ST. GEORGE'S RD,85,30,15
16,ST. GEORGE'S RD,26,7,7
17,ST. GEORGE'S RD,18,8,1
18,ST. GEORGE'S RD,86,28,24
19,ST. GEORGE'S RD,34,11,7
2,ST. GEORGE'S RD,181,69,39
20,ST. GEORGE'S RD,176,49,34
21,ST. GEORGE'S RD,120,40,19
22,ST. GEORGE'S RD,97,27,17
23,ST. GEORGE'S RD,54,22,13
3,ST. GEORGE'S RD,371,148,74
9,ST. GEORGE'S RD,68,16,15
163,STIRLING RD,124,54,20
164,STIRLING RD,133,48,28
165,STIRLING RD,136,57,27
166,STIRLING RD,131,42,36
167,STIRLING RD,161,62,32
168,STIRLING RD,196,82,38
169,STIRLING RD,263,94,52
170,STIRLING RD,231,86,48
171,STIRLING RD,159,64,34
172,STIRLING RD,55,0,0
173,STIRLING RD,44,0,0
181,STIRLING RD,74,52,21
182,STIRLING RD,52,42,10
183,STIRLING RD,36,24,12
184,STIRLING RD,80,51,28
41,STIRLING RD,14,7,0
42,STIRLING RD,15,4,4
43,STIRLING RD,11,6,2
44,STIRLING RD,12,6,0
46,STIRLING RD,9,3,2
47,STIRLING RD,8,2,1
50,STIRLING RD,16,9,5
52,STIRLING RD,8,3,3
53,STIRLING RD,7,4,1
55,STIRLING RD,17,6,4
56,STIRLING RD,21,11,2
57,STIRLING RD,11,5,1
58,STIRLING RD,10,5,1
48,STRATHMORE AVE,127,65,58
49,STRATHMORE AVE,74,22,49
50,STRATHMORE AVE,100,43,55
51,STRATHMORE AVE,106,39,60
52,STRATHMORE AVE,128,58,67
53,STRATHMORE AVE,28,0,28
55,STRATHMORE AVE,121,66,55
56,STRATHMORE AVE,96,44,49
58,STRATHMORE AVE,79,52,27
59,STRATHMORE AVE,95,57,38
60,STRATHMORE AVE,106,65,38
61A,STRATHMORE AVE,48,1,46
61B,STRATHMORE AVE,67,7,60
61C,STRATHMORE AVE,65,5,60
62A,STRATHMORE AVE,50,6,44
62B,STRATHMORE AVE,35,4,31
80,STRATHMORE AVE,43,18,8
81,STRATHMORE AVE,58,23,11
82,STRATHMORE AVE,73,37,14
83,STRATHMORE AVE,56,26,14
220A,SUMANG LANE,38,0,38
220B,SUMANG LANE,41,0,41
220C,SUMANG LANE,28,0,28
221A,SUMANG LANE,37,0,36
221B,SUMANG LANE,39,0,39
222A,SUMANG LANE,34,0,33
224A,SUMANG LANE,30,0,30
224B,SUMANG LANE,54,0,54
224C,SUMANG LANE,51,0,51
226A,SUMANG LANE,36,0,36
226B,SUMANG LANE,29,0,29
226C,SUMANG LANE,38,0,38
227A,SUMANG LANE,28,0,28
227B,SUMANG LANE,29,0,29
229A,SUMANG LANE,1,0,1
231A,SUMANG LANE,29,0,29
231B,SUMANG LANE,34,0,34
232A,SUMANG LANE,28,0,28
232B,SUMANG LANE,25,0,25
232C,SUMANG LANE,62,0,62
233A,SUMANG LANE,39,0,39
233B,SUMANG LANE,28,0,28
233C,SUMANG LANE,30,0,30
234A,SUMANG LANE,15,0,15
234B,SUMANG LANE,30,0,30
312A,SUMANG LINK,52,0,51
312B,SUMANG LINK,32,0,31
312C,SUMANG LINK,51,0,51
313A,SUMANG LINK,44,0,43
313B,SUMANG LINK,42,0,41
313C,SUMANG LINK,55,0,54
217A,SUMANG WALK,45,0,44
217B,SUMANG WALK,66,0,66
217C,SUMANG WALK,56,0,56
217D,SUMANG WALK,37,0,37
256A,SUMANG WALK,49,0,49
256B,SUMANG WALK,35,0,35
256C,SUMANG WALK,51,0,51
256D,SUMANG WALK,44,0,44
322A,SUMANG WALK,26,0,26
322B,SUMANG WALK,29,0,29
322C,SUMANG WALK,47,0,47
322D,SUMANG WALK,34,0,34
323A,SUMANG WALK,47,0,47
323B,SUMANG WALK,32,0,32
323C,SUMANG WALK,31,0,31
323D,SUMANG WALK,29,0,29
325A,SUMANG WALK,39,0,39
325B,SUMANG WALK,35,0,35
326C,SUMANG WALK,28,0,28
327A,SUMANG WALK,39,0,39
327B,SUMANG WALK,29,0,29
327C,SUMANG WALK,28,0,28
321,TAH CHING RD,68,34,11
322,TAH CHING RD,64,31,9
323,TAH CHING RD,76,36,11
324,TAH CHING RD,84,36,16
325,TAH CHING RD,64,37,15
326,TAH CHING RD,68,36,11
327,TAH CHING RD,44,16,10
328,TAH CHING RD,76,34,18
329,TAH CHING RD,77,40,14
330,TAH CHING RD,65,33,15
331,TAH CHING RD,53,21,15
332,TAH CHING RD,42,20,9
336,TAH CHING RD,45,24,6
337A,TAH CHING RD,48,11,37
337B,TAH CHING RD,29,3,26
337C,TAH CHING RD,38,12,26
337D,TAH CHING RD,46,12,34
338A,TAH CHING RD,29,9,20
12,TAMAN HO SWEE,81,23,23
14,TAMAN HO SWEE,86,34,18
16,TAMAN HO SWEE,90,36,19
18,TAMAN HO SWEE,73,30,11
31,TAMAN HO SWEE,144,4,0
33,TAMAN HO SWEE,466,26,0
890A,TAMPINES AVE 1,68,0,64
890B,TAMPINES AVE 1,69,0,68
890C,TAMPINES AVE 1,26,0,26
622A,TAMPINES AVE 12,1,0,1
622B,TAMPINES AVE 12,3,0,3
801,TAMPINES AVE 4,53,19,8
802,TAMPINES AVE 4,43,18,9
803,TAMPINES AVE 4,213,74,35
804,TAMPINES AVE 4,118,36,13
805,TAMPINES AVE 4,128,31,20
806,TAMPINES AVE 4,146,36,25
807,TAMPINES AVE 4,157,38,29
808,TAMPINES AVE 4,169,51,24
809,TAMPINES AVE 4,174,47,22
810,TAMPINES AVE 4,182,56,26
811,TAMPINES AVE 4,160,38,33
812,TAMPINES AVE 4,134,37,19
815,TAMPINES AVE 4,121,31,26
816,TAMPINES AVE 4,99,24,8
902,TAMPINES AVE 4,174,43,29
903,TAMPINES AVE 4,108,20,15
906,TAMPINES AVE 4,33,12,4
907,TAMPINES AVE 4,187,51,32
908,TAMPINES AVE 4,25,6,8
909,TAMPINES AVE 4,169,52,27
945,TAMPINES AVE 4,70,14,13
946,TAMPINES AVE 4,65,19,10
146,TAMPINES AVE 5,139,37,29
147,TAMPINES AVE 5,159,45,24
148,TAMPINES AVE 5,163,39,32
858,TAMPINES AVE 5,115,19,35
858A,TAMPINES AVE 5,29,10,4
858B,TAMPINES AVE 5,14,2,0
859,TAMPINES AVE 5,125,37,22
859A,TAMPINES AVE 5,124,40,18
860,TAMPINES AVE 5,131,41,32
860A,TAMPINES AVE 5,13,6,1
860B,TAMPINES AVE 5,22,8,3
861,TAMPINES AVE 5,115,32,23
861A,TAMPINES AVE 5,113,36,20
936,TAMPINES AVE 5,115,34,31
937,TAMPINES AVE 5,79,23,18
938,TAMPINES AVE 5,73,18,23
939,TAMPINES AVE 5,62,18,8
940,TAMPINES AVE 5,114,31,27
941,TAMPINES AVE 5,82,14,18
942,TAMPINES AVE 5,114,33,25
943,TAMPINES AVE 5,75,23,19
944,TAMPINES AVE 5,72,16,18
390,TAMPINES AVE 7,51,22,10
391,TAMPINES AVE 7,87,32,20
392,TAMPINES AVE 7,74,25,15
393,TAMPINES AVE 7,80,29,14
394,TAMPINES AVE 7,62,17,11
395,TAMPINES AVE 7,64,21,12
396,TAMPINES AVE 7,59,21,12
868A,TAMPINES AVE 8,45,0,43
868B,TAMPINES AVE 8,27,0,27
868C,TAMPINES AVE 8,19,0,19
869A,TAMPINES AVE 8,39,0,39
869B,TAMPINES AVE 8,45,0,45
876A,TAMPINES AVE 8,16,0,16
876C,TAMPINES AVE 8,25,0,24
878,TAMPINES AVE 8,177,62,25
878A,TAMPINES AVE 8,47,0,47
878B,TAMPINES AVE 8,31,0,31
879,TAMPINES AVE 8,141,42,29
879A,TAMPINES AVE 8,42,0,42
879B,TAMPINES AVE 8,50,0,50
880,TAMPINES AVE 8,82,26,14
880A,TAMPINES AVE 8,41,14,9
891,TAMPINES AVE 8,102,44,28
891A,TAMPINES AVE 8,70,34,16
892,TAMPINES AVE 8,65,30,18
892A,TAMPINES AVE 8,97,41,31
893,TAMPINES AVE 8,75,35,24
893A,TAMPINES AVE 8,70,25,18
485A,TAMPINES AVE 9,47,19,9
485B,TAMPINES AVE 9,143,44,24
486A,TAMPINES AVE 9,109,44,24
486B,TAMPINES AVE 9,108,38,21
486C,TAMPINES AVE 9,81,28,15
487A,TAMPINES AVE 9,70,24,11
488A,TAMPINES AVE 9,115,36,18
491A,TAMPINES AVE 9,66,26,14
491B,TAMPINES AVE 9,63,21,12
492B,TAMPINES AVE 9,77,24,8
493A,TAMPINES AVE 9,52,19,12
493B,TAMPINES AVE 9,66,24,17
494B,TAMPINES AVE 9,98,25,20
496D,TAMPINES AVE 9,107,33,20
496E,TAMPINES AVE 9,104,32,18
496F,TAMPINES AVE 9,38,17,2
496G,TAMPINES AVE 9,91,27,22
499A,TAMPINES AVE 9,38,0,37
499B,TAMPINES AVE 9,40,0,40
601A,TAMPINES AVE 9,35,0,35
601B,TAMPINES AVE 9,24,0,24
601C,TAMPINES AVE 9,32,0,32
601D,TAMPINES AVE 9,21,0,21
604A,TAMPINES AVE 9,39,0,39
604B,TAMPINES AVE 9,31,0,31
501,TAMPINES CTRL 1,42,10,6
502,TAMPINES CTRL 1,9,2,3
503,TAMPINES CTRL 1,111,36,22
505,TAMPINES CTRL 1,97,31,15
508,TAMPINES CTRL 1,43,15,11
509,TAMPINES CTRL 1,16,5,2
515A,TAMPINES CTRL 7,38,13,25
515B,TAMPINES CTRL 7,57,14,41
515C,TAMPINES CTRL 7,61,15,45
515D,TAMPINES CTRL 7,39,17,22
518A,TAMPINES CTRL 7,41,7,34
518B,TAMPINES CTRL 7,52,20,32
518C,TAMPINES CTRL 7,51,13,37
518D,TAMPINES CTRL 7,34,8,25
522A,TAMPINES CTRL 7,67,0,65
522B,TAMPINES CTRL 7,48,0,48
522C,TAMPINES CTRL 7,48,0,46
523A,TAMPINES CTRL 7,50,0,49
523B,TAMPINES CTRL 7,56,0,55
523C,TAMPINES CTRL 7,53,0,50
523D,TAMPINES CTRL 7,55,0,50
524A,TAMPINES CTRL 7,63,0,63
524B,TAMPINES CTRL 7,53,0,50
519A,TAMPINES CTRL 8,64,0,62
519B,TAMPINES CTRL 8,51,0,50
519C,TAMPINES CTRL 8,62,0,57
519D,TAMPINES CTRL 8,20,0,19
520A,TAMPINES CTRL 8,45,0,45
520B,TAMPINES CTRL 8,21,0,21
520C,TAMPINES CTRL 8,53,0,53
608A,TAMPINES NTH DR 1,35,0,35
608B,TAMPINES NTH DR 1,33,0,33
608C,TAMPINES NTH DR 1,30,0,29
609A,TAMPINES NTH DR 1,40,0,40
609B,TAMPINES NTH DR 1,30,0,30
609C,TAMPINES NTH DR 1,21,0,21
609D,TAMPINES NTH DR 1,7,0,7
610A,TAMPINES NTH DR 1,26,0,26
610B,TAMPINES NTH DR 1,29,0,29
610C,TAMPINES NTH DR 1,38,0,38
612A,TAMPINES NTH DR 1,38,0,38
612B,TAMPINES NTH DR 1,32,0,32
613A,TAMPINES NTH DR 1,33,0,33
613B,TAMPINES NTH DR 1,32,0,32
614A,TAMPINES NTH DR 1,31,0,31
614B,TAMPINES NTH DR 1,16,0,16
101,TAMPINES ST 11,166,56,27
102,TAMPINES ST 11,179,50,32
103,TAMPINES ST 11,166,59,28
104,TAMPINES ST 11,177,57,24
105,TAMPINES ST 11,146,45,31
106,TAMPINES ST 11,99,23,16
107,TAMPINES ST 11,158,42,26
108,TAMPINES ST 11,169,55,29
109,TAMPINES ST 11,269,77,47
110,TAMPINES ST 11,193,58,32
111,TAMPINES ST 11,244,80,30
112,TAMPINES ST 11,178,52,22
113,TAMPINES ST 11,148,42,24
114,TAMPINES ST 11,80,22,19
124,TAMPINES ST 11,161,31,36
125,TAMPINES ST 11,148,38,34
126,TAMPINES ST 11,128,38,27
127,TAMPINES ST 11,125,35,17
138,TAMPINES ST 11,117,40,14
139,TAMPINES ST 11,157,63,21
140,TAMPINES ST 12,165,51,24
141,TAMPINES ST 12,107,27,26
142,TAMPINES ST 12,95,21,17
143,TAMPINES ST 12,105,21,25
144,TAMPINES ST 12,214,60,30
145,TAMPINES ST 12,214,57,30
149,TAMPINES ST 12,194,65,27
150,TAMPINES ST 12,151,48,21
151,TAMPINES ST 12,209,50,42
156,TAMPINES ST 12,159,47,40
157,TAMPINES ST 12,192,65,42
158,TAMPINES ST 12,116,29,21
159,TAMPINES ST 12,150,49,17
160,TAMPINES ST 12,109,33,15
161,TAMPINES ST 12,209,65,34
162,TAMPINES ST 12,107,18,15
163,TAMPINES ST 12,162,52,19
164,TAMPINES ST 12,237,72,36
165,TAMPINES ST 12,108,24,18
166,TAMPINES ST 12,125,37,28
201A,TAMPINES ST 21,30,9,4
201B,TAMPINES ST 21,26,15,11
201D,TAMPINES ST 21,119,46,13
202,TAMPINES ST 21,189,59,27
203,TAMPINES ST 21,115,37,17
204,TAMPINES ST 21,49,18,29
205,TAMPINES ST 21,139,46,20
206,TAMPINES ST 21,143,44,19
207,TAMPINES ST 21,132,37,13
208,TAMPINES ST 21,106,33,17
209,TAMPINES ST 21,126,41,14
230G,TAMPINES ST 21,45,9,9
230H,TAMPINES ST 21,42,8,10
230J,TAMPINES ST 21,59,18,15
231,TAMPINES ST 21,60,23,10
232,TAMPINES ST 21,150,34,21
233,TAMPINES ST 21,133,24,30
234,TAMPINES ST 21,226,65,35
235,TAMPINES ST 21,137,63,21
236,TAMPINES ST 21,185,61,26
237,TAMPINES ST 21,226,73,36
238,TAMPINES ST 21,40,9,6
239,TAMPINES ST 21,60,20,7
240,TAMPINES ST 21,160,39,26
241,TAMPINES ST 21,140,37,23
242,TAMPINES ST 21,49,10,9
243,TAMPINES ST 21,190,55,28
244,TAMPINES ST 21,184,48,25
245,TAMPINES ST 21,192,52,37
246,TAMPINES ST 21,203,72,28
247,TAMPINES ST 21,154,35,28
248,TAMPINES ST 21,128,48,20
249,TAMPINES ST 21,191,64,26
250,TAMPINES ST 21,158,44,29
251,TAMPINES ST 21,264,66,40
252,TAMPINES ST 21,74,26,11
253,TAMPINES ST 21,209,54,28
254,TAMPINES ST 21,125,36,26
255,TAMPINES ST 21,53,8,12
256,TAMPINES ST 21,137,25,27
257,TAMPINES ST 21,147,37,28
258,TAMPINES ST 21,118,41,17
259,TAMPINES ST 21,227,68,28
260,TAMPINES ST 21,107,28,17
261,TAMPINES ST 21,191,50,35
262,TAMPINES ST 21,235,76,35
263,TAMPINES ST 21,243,61,32
264,TAMPINES ST 21,162,55,20
265,TAMPINES ST 21,217,50,42
266,TAMPINES ST 21,197,68,30
267,TAMPINES ST 21,452,123,76
268,TAMPINES ST 21,162,43,25
269,TAMPINES ST 21,312,95,51
270,TAMPINES ST 21,360,108,62
271,TAMPINES ST 21,314,86,50
272,TAMPINES ST 22,333,85,49
273,TAMPINES ST 22,181,58,27
274,TAMPINES ST 22,238,72,41
275,TAMPINES ST 22,261,68,48
276,TAMPINES ST 22,165,51,29
277,TAMPINES ST 22,251,72,48
278,TAMPINES ST 22,135,27,25
279,TAMPINES ST 22,159,30,38
280,TAMPINES ST 22,163,52,26
281,TAMPINES ST 22,140,44,17
282,TAMPINES ST 22,146,49,18
283,TAMPINES ST 22,357,116,53
284,TAMPINES ST 22,174,52,27
285,TAMPINES ST 22,264,76,36
286,TAMPINES ST 22,178,47,31
287,TAMPINES ST 22,230,65,46
288,TAMPINES ST 22,179,51,25
289,TAMPINES ST 22,199,52,36
290,TAMPINES ST 22,74,27,8
291,TAMPINES ST 22,212,65,35
292,TAMPINES ST 22,72,24,12
293,TAMPINES ST 22,197,59,23
294,TAMPINES ST 22,187,48,27
295,TAMPINES ST 22,170,52,28
296,TAMPINES ST 22,163,54,25
297,TAMPINES ST 22,172,59,34
298,TAMPINES ST 22,185,41,40
299A,TAMPINES ST 22,39,0,38
201E,TAMPINES ST 23,101,33,16
210,TAMPINES ST 23,138,33,19
211,TAMPINES ST 23,168,59,34
212,TAMPINES ST 23,201,59,25
213,TAMPINES ST 23,176,52,30
214,TAMPINES ST 23,173,50,27
215,TAMPINES ST 23,179,59,31
216,TAMPINES ST 23,154,34,30
217,TAMPINES ST 23,199,56,26
224,TAMPINES ST 23,59,18,8
225,TAMPINES ST 23,184,57,24
226,TAMPINES ST 23,184,53,27
227,TAMPINES ST 23,205,64,28
228,TAMPINES ST 23,69,19,12
229,TAMPINES ST 23,197,52,34
218,TAMPINES ST 24,201,64,29
219,TAMPINES ST 24,211,63,32
220,TAMPINES ST 24,46,15,5
221,TAMPINES ST 24,239,69,43
222,TAMPINES ST 24,165,51,15
223,TAMPINES ST 24,55,18,6
230,TAMPINES ST 24,160,33,18
230B,TAMPINES ST 24,78,29,15
230C,TAMPINES ST 24,86,31,20
230D,TAMPINES ST 24,57,21,7
230E,TAMPINES ST 24,46,15,7
230F,TAMPINES ST 24,47,14,11
301,TAMPINES ST 32,89,29,15
302,TAMPINES ST 32,65,20,8
303,TAMPINES ST 32,60,17,11
304,TAMPINES ST 32,60,22,10
305,TAMPINES ST 32,89,34,20
306,TAMPINES ST 32,67,18,16
307,TAMPINES ST 32,61,15,12
308,TAMPINES ST 32,61,14,15
309,TAMPINES ST 32,55,14,9
310,TAMPINES ST 32,64,28,10
324,TAMPINES ST 32,70,26,12
325,TAMPINES ST 32,49,17,10
326,TAMPINES ST 32,61,18,15
327,TAMPINES ST 32,77,30,18
328,TAMPINES ST 32,62,21,10
329,TAMPINES ST 32,58,20,11
330,TAMPINES ST 32,62,22,15
331,TAMPINES ST 32,79,34,13
332,TAMPINES ST 32,72,25,14
333,TAMPINES ST 32,83,36,13
334,TAMPINES ST 32,70,22,17
335,TAMPINES ST 32,75,32,13
336,TAMPINES ST 32,83,31,23
337,TAMPINES ST 32,64,23,9
381,TAMPINES ST 32,79,28,18
382,TAMPINES ST 32,45,14,8
383,TAMPINES ST 32,47,17,10
384,TAMPINES ST 32,75,28,14
385,TAMPINES ST 32,93,33,18
386,TAMPINES ST 32,46,18,9
387,TAMPINES ST 32,70,25,11
388,TAMPINES ST 32,80,27,17
389,TAMPINES ST 32,59,18,11
311,TAMPINES ST 33,51,8,13
312,TAMPINES ST 33,71,20,10
313,TAMPINES ST 33,67,23,12
314,TAMPINES ST 33,63,19,17
315,TAMPINES ST 33,67,16,11
316,TAMPINES ST 33,99,33,20
317,TAMPINES ST 33,96,34,25
318,TAMPINES ST 33,66,22,9
319,TAMPINES ST 33,77,29,21
320,TAMPINES ST 33,73,28,12
321,TAMPINES ST 33,95,33,23
322,TAMPINES ST 33,86,30,20
323,TAMPINES ST 33,84,32,19
338,TAMPINES ST 33,112,41,18
339,TAMPINES ST 33,97,37,19
340,TAMPINES ST 33,112,36,27
341,TAMPINES ST 33,91,36,19
342,TAMPINES ST 33,135,52,34
343,TAMPINES ST 33,96,31,18
345,TAMPINES ST 33,94,35,16
346,TAMPINES ST 33,89,37,20
347,TAMPINES ST 33,100,40,28
348,TAMPINES ST 33,98,46,13
349,TAMPINES ST 33,110,40,24
350,TAMPINES ST 33,108,45,23
351,TAMPINES ST 33,163,59,28
352,TAMPINES ST 33,83,34,18
353,TAMPINES ST 33,82,31,17
354,TAMPINES ST 33,87,37,16
355,TAMPINES ST 33,89,38,17
356,TAMPINES ST 33,98,45,20
357,TAMPINES ST 33,61,17,15
358,TAMPINES ST 33,82,33,15
359,TAMPINES ST 34,146,55,39
360,TAMPINES ST 34,84,31,13
361,TAMPINES ST 34,136,61,31
362,TAMPINES ST 34,84,39,15
363,TAMPINES ST 34,81,25,15
364,TAMPINES ST 34,123,57,26
365,TAMPINES ST 34,85,37,25
366,TAMPINES ST 34,130,50,30
367,TAMPINES ST 34,179,81,37
367A,TAMPINES ST 34,79,32,14
368,TAMPINES ST 34,142,58,41
369,TAMPINES ST 34,95,51,16
370,TAMPINES ST 34,103,49,25
371,TAMPINES ST 34,72,21,13
372,TAMPINES ST 34,46,15,10
373,TAMPINES ST 34,50,20,10
374,TAMPINES ST 34,54,20,10
401,TAMPINES ST 41,157,50,32
402,TAMPINES ST 41,29,12,3
403,TAMPINES ST 41,160,61,27
404,TAMPINES ST 41,77,33,7
405,TAMPINES ST 41,158,55,31
406,TAMPINES ST 41,270,75,55
407,TAMPINES ST 41,180,68,34
408,TAMPINES ST 41,226,76,40
409,TAMPINES ST 41,90,24,17
410,TAMPINES ST 41,193,83,25
411,TAMPINES ST 41,163,50,32
412,TAMPINES ST 41,169,59,31
413,TAMPINES ST 41,46,24,7
414,TAMPINES ST 41,159,48,20
415,TAMPINES ST 41,30,8,6
416,TAMPINES ST 41,115,38,21
417,TAMPINES ST 41,212,78,28
418,TAMPINES ST 41,199,50,35
419,TAMPINES ST 41,241,75,44
420,TAMPINES ST 41,165,57,21
421,TAMPINES ST 41,167,53,21
422,TAMPINES ST 41,53,16,13
423,TAMPINES ST 41,136,39,24
424,TAMPINES ST 41,159,53,25
425,TAMPINES ST 41,105,22,13
426,TAMPINES ST 41,142,36,27
427,TAMPINES ST 41,135,29,32
428,TAMPINES ST 41,138,33,32
429,TAMPINES ST 41,155,36,25
430,TAMPINES ST 41,133,31,31
431,TAMPINES ST 41,144,35,31
432,TAMPINES ST 41,157,42,28
444,TAMPINES ST 42,186,59,23
445,TAMPINES ST 42,149,45,27
446,TAMPINES ST 42,177,58,30
447,TAMPINES ST 42,46,12,4
448,TAMPINES ST 42,173,58,20
449,TAMPINES ST 42,153,32,19
450,TAMPINES ST 42,185,65,23
450A,TAMPINES ST 42,104,44,17
450C,TAMPINES ST 42,103,44,18
450D,TAMPINES ST 42,76,35,17
450E,TAMPINES ST 42,70,24,17
450F,TAMPINES ST 42,69,36,7
450G,TAMPINES ST 42,78,37,16
451,TAMPINES ST 42,121,36,21
452,TAMPINES ST 42,39,11,8
453,TAMPINES ST 42,111,26,19
454,TAMPINES ST 42,72,17,14
455,TAMPINES ST 42,143,47,24
456,TAMPINES ST 42,158,36,26
457,TAMPINES ST 42,43,16,5
458,TAMPINES ST 42,185,49,32
459,TAMPINES ST 42,164,53,20
460,TAMPINES ST 42,79,19,16
433,TAMPINES ST 43,133,47,24
434,TAMPINES ST 43,187,61,27
435,TAMPINES ST 43,45,17,2
436,TAMPINES ST 43,187,63,30
437,TAMPINES ST 43,177,57,28
438,TAMPINES ST 43,156,56,31
439,TAMPINES ST 43,50,19,8
440,TAMPINES ST 43,149,48,22
443,TAMPINES ST 43,119,30,18
474,TAMPINES ST 43,20,9,4
477,TAMPINES ST 43,39,12,9
482,TAMPINES ST 43,9,3,1
483,TAMPINES ST 43,11,4,2
484,TAMPINES ST 43,27,9,7
493C,TAMPINES ST 43,60,25,10
493D,TAMPINES ST 43,115,36,23
493E,TAMPINES ST 43,90,35,15
494C,TAMPINES ST 43,95,36,19
494D,TAMPINES ST 43,18,0,18
494E,TAMPINES ST 43,19,0,15
495A,TAMPINES ST 43,57,25,8
495B,TAMPINES ST 43,38,10,8
495C,TAMPINES ST 43,60,23,11
495D,TAMPINES ST 43,60,16,13
495E,TAMPINES ST 43,77,23,20
495F,TAMPINES ST 43,75,24,14
496B,TAMPINES ST 43,108,37,24
496C,TAMPINES ST 43,106,31,21
461,TAMPINES ST 44,121,35,19
462,TAMPINES ST 44,141,44,25
463,TAMPINES ST 44,150,43,23
464,TAMPINES ST 44,38,8,7
465,TAMPINES ST 44,143,44,20
467,TAMPINES ST 44,186,57,41
468,TAMPINES ST 44,32,10,3
469,TAMPINES ST 44,154,61,21
470,TAMPINES ST 44,126,33,21
472,TAMPINES ST 44,21,4,5
476,TAMPINES ST 44,47,22,9
479,TAMPINES ST 44,11,4,3
480,TAMPINES ST 44,13,1,4
481,TAMPINES ST 44,9,2,1
487B,TAMPINES ST 45,111,32,24
487C,TAMPINES ST 45,89,40,7
488B,TAMPINES ST 45,89,29,11
489A,TAMPINES ST 45,147,41,24
489B,TAMPINES ST 45,119,40,32
489C,TAMPINES ST 45,154,39,31
490A,TAMPINES ST 45,88,35,19
490B,TAMPINES ST 45,59,16,18
491C,TAMPINES ST 45,101,40,22
491D,TAMPINES ST 45,97,29,15
491E,TAMPINES ST 45,65,19,8
491F,TAMPINES ST 45,94,33,21
491G,TAMPINES ST 45,94,25,23
491H,TAMPINES ST 45,91,25,17
492C,TAMPINES ST 45,89,30,14
492D,TAMPINES ST 45,71,25,14
492G,TAMPINES ST 45,37,0,37
494G,TAMPINES ST 45,36,0,36
494H,TAMPINES ST 45,49,0,49
494J,TAMPINES ST 45,34,0,34
497A,TAMPINES ST 45,47,17,9
497B,TAMPINES ST 45,115,40,25
497C,TAMPINES ST 45,119,56,24
497D,TAMPINES ST 45,60,19,16
497F,TAMPINES ST 45,58,17,13
497G,TAMPINES ST 45,102,49,15
497H,TAMPINES ST 45,127,56,28
497J,TAMPINES ST 45,70,33,18
498A,TAMPINES ST 45,87,34,15
498B,TAMPINES ST 45,72,30,22
498D,TAMPINES ST 45,86,34,19
498E,TAMPINES ST 45,75,37,14
498F,TAMPINES ST 45,87,36,17
498G,TAMPINES ST 45,88,37,25
498H,TAMPINES ST 45,82,32,18
498J,TAMPINES ST 45,81,38,21
498L,TAMPINES ST 45,61,32,8
498M,TAMPINES ST 45,81,39,20
605A,TAMPINES ST 61,38,0,38
605B,TAMPINES ST 61,29,0,29
605C,TAMPINES ST 61,42,0,42
605D,TAMPINES ST 61,20,0,20
606A,TAMPINES ST 61,39,0,39
606B,TAMPINES ST 61,46,0,46
606C,TAMPINES ST 61,26,0,26
606D,TAMPINES ST 61,29,0,29
618A,TAMPINES ST 61,14,0,14
618B,TAMPINES ST 61,20,0,20
619A,TAMPINES ST 61,24,0,24
619B,TAMPINES ST 61,9,0,9
620A,TAMPINES ST 61,21,0,21
620B,TAMPINES ST 61,7,0,7
621A,TAMPINES ST 61,17,0,16
621B,TAMPINES ST 61,7,0,7
626A,TAMPINES ST 61,2,0,2
627A,TAMPINES ST 61,4,0,3
627B,TAMPINES ST 61,7,0,7
701,TAMPINES ST 71,79,38,15
702,TAMPINES ST 71,80,43,17
703,TAMPINES ST 71,84,41,21
704,TAMPINES ST 71,84,39,19
705,TAMPINES ST 71,78,33,23
706,TAMPINES ST 71,97,36,26
707,TAMPINES ST 71,126,64,32
708,TAMPINES ST 71,122,62,26
709,TAMPINES ST 71,107,37,37
710,TAMPINES ST 71,99,45,27
711,TAMPINES ST 71,84,38,22
712,TAMPINES ST 71,78,29,22
713,TAMPINES ST 71,122,52,34
714,TAMPINES ST 71,128,54,34
715,TAMPINES ST 71,128,66,34
716,TAMPINES ST 71,95,42,28
721,TAMPINES ST 71,93,36,19
724,TAMPINES ST 71,162,67,39
725,TAMPINES ST 71,131,54,35
726,TAMPINES ST 71,125,57,36
727,TAMPINES ST 71,87,43,22
728,TAMPINES ST 71,105,41,24
729,TAMPINES ST 71,105,49,27
730,TAMPINES ST 71,117,57,32
731,TAMPINES ST 71,158,68,39
732,TAMPINES ST 71,145,73,30
733,TAMPINES ST 71,145,69,37
734,TAMPINES ST 71,108,53,20
717,TAMPINES ST 72,115,83,29
718,TAMPINES ST 72,96,61,23
719,TAMPINES ST 72,100,62,23
720,TAMPINES ST 72,112,66,26
722,TAMPINES ST 72,123,67,29
723,TAMPINES ST 72,105,54,29
735,TAMPINES ST 72,123,65,32
736,TAMPINES ST 72,86,36,22
737,TAMPINES ST 72,55,25,14
738,TAMPINES ST 72,59,27,12
739,TAMPINES ST 72,54,29,18
740,TAMPINES ST 72,47,21,13
741,TAMPINES ST 72,116,65,30
742,TAMPINES ST 72,119,69,27
813,TAMPINES ST 81,152,46,21
814,TAMPINES ST 81,178,42,35
817,TAMPINES ST 81,157,42,29
818,TAMPINES ST 81,182,52,31
819,TAMPINES ST 81,202,52,34
820,TAMPINES ST 81,87,35,14
821,TAMPINES ST 81,35,12,3
822,TAMPINES ST 81,37,15,4
824,TAMPINES ST 81,68,25,10
825,TAMPINES ST 81,54,17,9
826,TAMPINES ST 81,70,27,13
827,TAMPINES ST 81,80,29,10
828,TAMPINES ST 81,85,34,13
829,TAMPINES ST 81,82,33,10
887,TAMPINES ST 81,102,32,18
887A,TAMPINES ST 81,26,9,6
888,TAMPINES ST 81,118,32,25
888A,TAMPINES ST 81,99,28,19
889,TAMPINES ST 81,156,37,36
889A,TAMPINES ST 81,113,31,22
894,TAMPINES ST 81,169,53,41
894A,TAMPINES ST 81,132,32,16
895,TAMPINES ST 81,124,29,27
895A,TAMPINES ST 81,88,17,18
896,TAMPINES ST 81,100,17,21
896A,TAMPINES ST 81,107,35,18
897,TAMPINES ST 81,100,40,14
897A,TAMPINES ST 81,148,39,24
898,TAMPINES ST 81,142,44,33
898A,TAMPINES ST 81,125,37,34
899,TAMPINES ST 81,119,30,18
899A,TAMPINES ST 81,159,57,29
830,TAMPINES ST 82,109,32,15
832,TAMPINES ST 82,105,34,15
834,TAMPINES ST 82,32,9,8
836,TAMPINES ST 82,149,38,23
838,TAMPINES ST 82,141,40,18
840,TAMPINES ST 82,181,43,32
842,TAMPINES ST 82,185,44,26
842B,TAMPINES ST 82,158,53,39
842C,TAMPINES ST 82,76,25,17
842D,TAMPINES ST 82,77,31,12
842E,TAMPINES ST 82,67,22,13
842F,TAMPINES ST 82,52,22,7
842G,TAMPINES ST 82,138,41,26
842H,TAMPINES ST 82,133,50,32
844,TAMPINES ST 82,26,7,5
846,TAMPINES ST 82,170,61,25
848,TAMPINES ST 82,165,48,18
850,TAMPINES ST 82,53,18,11
852,TAMPINES ST 82,184,54,24
854,TAMPINES ST 82,184,56,23
856,TAMPINES ST 82,203,58,30
856B,TAMPINES ST 82,96,30,15
856C,TAMPINES ST 82,102,36,16
856D,TAMPINES ST 82,85,29,13
856E,TAMPINES ST 82,70,28,12
856F,TAMPINES ST 82,70,19,15
831,TAMPINES ST 83,100,33,16
833,TAMPINES ST 83,112,30,19
835,TAMPINES ST 83,35,13,6
837,TAMPINES ST 83,134,30,24
839,TAMPINES ST 83,138,38,19
841,TAMPINES ST 83,202,53,30
843,TAMPINES ST 83,222,63,40
845,TAMPINES ST 83,182,62,35
847,TAMPINES ST 83,161,45,24
849,TAMPINES ST 83,43,13,8
851,TAMPINES ST 83,166,59,25
853,TAMPINES ST 83,183,64,26
855,TAMPINES ST 83,171,42,30
857,TAMPINES ST 83,122,30,32
857A,TAMPINES ST 83,30,6,4
857B,TAMPINES ST 83,24,8,4
862,TAMPINES ST 83,106,30,19
862A,TAMPINES ST 83,113,39,15
863,TAMPINES ST 83,130,37,24
863A,TAMPINES ST 83,30,9,5
863B,TAMPINES ST 83,19,7,2
864,TAMPINES ST 83,143,42,27
864A,TAMPINES ST 83,140,39,35
865,TAMPINES ST 83,89,27,19
866,TAMPINES ST 83,123,40,20
867,TAMPINES ST 83,134,46,17
867A,TAMPINES ST 83,104,29,23
868,TAMPINES ST 83,171,51,32
869,TAMPINES ST 83,117,36,21
870,TAMPINES ST 83,142,48,24
884,TAMPINES ST 83,177,60,27
885,TAMPINES ST 83,156,53,21
886,TAMPINES ST 83,83,23,16
886A,TAMPINES ST 83,25,7,5
871,TAMPINES ST 84,157,43,36
871A,TAMPINES ST 84,114,38,18
872,TAMPINES ST 84,114,33,19
873,TAMPINES ST 84,136,40,24
874,TAMPINES ST 84,130,40,18
874A,TAMPINES ST 84,105,32,31
875,TAMPINES ST 84,129,46,22
876,TAMPINES ST 84,96,24,21
877,TAMPINES ST 84,144,59,15
881,TAMPINES ST 84,136,40,21
882,TAMPINES ST 84,86,29,15
883,TAMPINES ST 84,168,58,33
874B,TAMPINES ST 85,20,0,20
874C,TAMPINES ST 85,16,0,15
874D,TAMPINES ST 85,12,0,12
870A,TAMPINES ST 86,67,0,67
871B,TAMPINES ST 86,60,0,60
871C,TAMPINES ST 86,58,0,58
875B,TAMPINES ST 86,15,0,15
910,TAMPINES ST 91,145,42,25
911,TAMPINES ST 91,130,27,30
912,TAMPINES ST 91,141,29,28
913,TAMPINES ST 91,51,16,6
914,TAMPINES ST 91,202,57,29
915,TAMPINES ST 91,153,48,18
916,TAMPINES ST 91,205,65,28
921,TAMPINES ST 91,155,48,23
922,TAMPINES ST 91,147,40,21
924,TAMPINES ST 91,151,38,28
925,TAMPINES ST 91,161,49,20
926,TAMPINES ST 91,90,13,22
927,TAMPINES ST 91,34,9,5
928,TAMPINES ST 91,50,12,7
929,TAMPINES ST 91,165,54,30
930,TAMPINES ST 91,199,60,25
931,TAMPINES ST 91,39,12,8
932,TAMPINES ST 91,116,23,16
933,TAMPINES ST 91,131,37,19
934,TAMPINES ST 91,112,30,20
935,TAMPINES ST 91,132,29,24
24,TANGLIN HALT RD,131,54,0
25,TANGLIN HALT RD,160,71,0
26,TANGLIN HALT RD,126,59,0
27,TANGLIN HALT RD,133,58,0
28,TANGLIN HALT RD,133,51,0
29,TANGLIN HALT RD,128,59,0
30,TANGLIN HALT RD,119,58,0
31,TANGLIN HALT RD,143,54,0
32,TANGLIN HALT RD,138,57,0
33,TANGLIN HALT RD,154,66,0
34,TANGLIN HALT RD,159,80,0
35,TANGLIN HALT RD,159,90,0
36,TANGLIN HALT RD,166,71,0
37,TANGLIN HALT RD,144,67,0
38,TANGLIN HALT RD,146,66,0
40,TANGLIN HALT RD,145,58,0
41,TANGLIN HALT RD,138,57,0
42,TANGLIN HALT RD,161,63,0
43,TANGLIN HALT RD,148,72,0
44,TANGLIN HALT RD,111,47,0
45,TANGLIN HALT RD,147,53,0
51,TANGLIN HALT RD,10,1,0
52,TANGLIN HALT RD,83,3,0
53,TANGLIN HALT RD,79,4,0
54,TANGLIN HALT RD,96,12,0
89,TANGLIN HALT RD,185,68,114
90,TANGLIN HALT RD,150,49,94
91,TANGLIN HALT RD,187,67,117
113,TAO CHING RD,219,89,29
10,TEBAN GDNS RD,90,17,0
13,TEBAN GDNS RD,58,0,0
14,TEBAN GDNS RD,43,0,0
20,TEBAN GDNS RD,98,0,96
21,TEBAN GDNS RD,132,0,77
22,TEBAN GDNS RD,76,0,74
23,TEBAN GDNS RD,85,0,84
24,TEBAN GDNS RD,103,38,17
25,TEBAN GDNS RD,104,40,19
3,TEBAN GDNS RD,84,19,0
30,TEBAN GDNS RD,108,35,20
31,TEBAN GDNS RD,142,55,19
32,TEBAN GDNS RD,108,32,16
33,TEBAN GDNS RD,159,55,21
34,TEBAN GDNS RD,180,64,25
35,TEBAN GDNS RD,185,66,26
36,TEBAN GDNS RD,171,66,31
37,TEBAN GDNS RD,21,8,13
38,TEBAN GDNS RD,8,5,3
39,TEBAN GDNS RD,11,3,8
40,TEBAN GDNS RD,107,42,15
41,TEBAN GDNS RD,121,39,19
43,TEBAN GDNS RD,143,47,19
44,TEBAN GDNS RD,121,45,18
45,TEBAN GDNS RD,28,5,7
46,TEBAN GDNS RD,27,3,8
47,TEBAN GDNS RD,126,35,19
48,TEBAN GDNS RD,144,54,16
49,TEBAN GDNS RD,13,3,2
5,TEBAN GDNS RD,83,21,0
50,TEBAN GDNS RD,106,24,30
51,TEBAN GDNS RD,106,37,16
52,TEBAN GDNS RD,153,50,32
53,TEBAN GDNS RD,136,37,18
54,TEBAN GDNS RD,52,19,10
55,TEBAN GDNS RD,46,0,46
56,TEBAN GDNS RD,36,0,36
57,TEBAN GDNS RD,65,0,63
6,TEBAN GDNS RD,99,21,0
60,TEBAN GDNS RD,62,37,24
62,TEBAN GDNS RD,57,32,23
63,TEBAN GDNS RD,67,36,29
64,TEBAN GDNS RD,68,41,25
65,TEBAN GDNS RD,75,48,25
7,TEBAN GDNS RD,82,26,0
1,TECK WHYE AVE,161,61,28
10,TECK WHYE AVE,246,87,43
2,TECK WHYE AVE,235,78,36
3,TECK WHYE AVE,156,45,23
4,TECK WHYE AVE,138,44,24
5,TECK WHYE AVE,164,62,26
6,TECK WHYE AVE,148,40,28
7,TECK WHYE AVE,101,21,26
8,TECK WHYE AVE,113,32,20
166A,TECK WHYE CRES,44,0,44
166B,TECK WHYE CRES,41,0,41
101,TECK WHYE LANE,65,15,17
102,TECK WHYE LANE,77,14,16
103,TECK WHYE LANE,97,32,16
104,TECK WHYE LANE,63,19,8
105,TECK WHYE LANE,189,67,24
106,TECK WHYE LANE,150,52,26
107,TECK WHYE LANE,85,31,15
108,TECK WHYE LANE,111,23,32
109,TECK WHYE LANE,98,21,24
11,TECK WHYE LANE,106,27,26
110,TECK WHYE LANE,180,60,33
111,TECK WHYE LANE,141,50,26
112,TECK WHYE LANE,93,34,19
113,TECK WHYE LANE,119,34,21
114,TECK WHYE LANE,152,49,27
115,TECK WHYE LANE,147,47,29
116,TECK WHYE LANE,79,24,16
117,TECK WHYE LANE,67,21,14
118,TECK WHYE LANE,110,37,26
119,TECK WHYE LANE,80,30,13
12,TECK WHYE LANE,110,22,22
120,TECK WHYE LANE,97,21,28
121,TECK WHYE LANE,96,32,14
122,TECK WHYE LANE,75,20,10
123,TECK WHYE LANE,83,24,14
124,TECK WHYE LANE,89,27,11
13,TECK WHYE LANE,146,35,32
133,TECK WHYE LANE,46,9,8
134,TECK WHYE LANE,41,14,6
135,TECK WHYE LANE,12,4,1
136,TECK WHYE LANE,31,13,4
137,TECK WHYE LANE,61,20,8
14,TECK WHYE LANE,142,41,17
141,TECK WHYE LANE,65,18,18
142,TECK WHYE LANE,46,8,10
144,TECK WHYE LANE,31,6,3
15,TECK WHYE LANE,157,54,28
16,TECK WHYE LANE,233,84,35
17,TECK WHYE LANE,143,39,20
18,TECK WHYE LANE,47,12,7
19,TECK WHYE LANE,176,49,30
20,TECK WHYE LANE,129,37,23
25,TECK WHYE LANE,151,46,30
26,TECK WHYE LANE,270,100,49
1,TELOK BLANGAH CRES,151,51,38
10,TELOK BLANGAH CRES,83,32,15
12,TELOK BLANGAH CRES,189,74,37
13,TELOK BLANGAH CRES,212,85,44
14,TELOK BLANGAH CRES,51,28,21
14A,TELOK BLANGAH CRES,56,34,21
15,TELOK BLANGAH CRES,157,70,20
16,TELOK BLANGAH CRES,214,83,42
17,TELOK BLANGAH CRES,77,37,40
17A,TELOK BLANGAH CRES,95,55,39
18,TELOK BLANGAH CRES,153,66,30
20,TELOK BLANGAH CRES,188,71,38
21,TELOK BLANGAH CRES,147,52,27
22,TELOK BLANGAH CRES,160,57,29
23,TELOK BLANGAH CRES,106,37,18
24,TELOK BLANGAH CRES,120,48,28
25,TELOK BLANGAH CRES,97,37,17
26,TELOK BLANGAH CRES,114,35,27
5,TELOK BLANGAH CRES,158,54,35
6,TELOK BLANGAH CRES,155,55,33
7,TELOK BLANGAH CRES,640,260,90
8,TELOK BLANGAH CRES,79,36,20
44,TELOK BLANGAH DR,280,104,70
45,TELOK BLANGAH DR,226,132,62
46,TELOK BLANGAH DR,30,12,6
47,TELOK BLANGAH DR,91,32,22
48,TELOK BLANGAH DR,105,32,25
49,TELOK BLANGAH DR,99,31,17
50,TELOK BLANGAH DR,145,41,42
51,TELOK BLANGAH DR,157,46,21
52,TELOK BLANGAH DR,99,26,18
53,TELOK BLANGAH DR,73,27,11
54,TELOK BLANGAH DR,176,66,36
55,TELOK BLANGAH DR,172,63,35
64,TELOK BLANGAH DR,232,79,52
65,TELOK BLANGAH DR,145,46,34
66,TELOK BLANGAH DR,76,18,15
67,TELOK BLANGAH DR,116,39,22
75,TELOK BLANGAH DR,207,61,36
76,TELOK BLANGAH DR,76,45,28
77,TELOK BLANGAH DR,133,49,21
56,TELOK BLANGAH HTS,135,39,32
57,TELOK BLANGAH HTS,144,40,32
58,TELOK BLANGAH HTS,104,29,22
59,TELOK BLANGAH HTS,97,31,17
60,TELOK BLANGAH HTS,284,111,43
61,TELOK BLANGAH HTS,217,69,42
62,TELOK BLANGAH HTS,193,68,29
63,TELOK BLANGAH HTS,204,72,29
68,TELOK BLANGAH HTS,109,39,17
69,TELOK BLANGAH HTS,129,40,26
70A,TELOK BLANGAH HTS,61,0,61
70B,TELOK BLANGAH HTS,52,0,52
70C,TELOK BLANGAH HTS,57,0,57
72,TELOK BLANGAH HTS,91,25,17
73,TELOK BLANGAH HTS,85,28,17
74,TELOK BLANGAH HTS,83,28,13
84,TELOK BLANGAH HTS,44,24,11
85,TELOK BLANGAH HTS,74,43,31
86,TELOK BLANGAH HTS,75,39,36
87,TELOK BLANGAH HTS,78,41,34
88,TELOK BLANGAH HTS,91,45,44
28,TELOK BLANGAH RISE,160,64,22
30,TELOK BLANGAH RISE,117,47,18
31,TELOK BLANGAH RISE,108,40,17
32,TELOK BLANGAH RISE,122,45,27
35,TELOK BLANGAH RISE,29,16,7
37,TELOK BLANGAH RISE,92,29,18
38,TELOK BLANGAH RISE,43,32,4
39,TELOK BLANGAH RISE,100,27,19
40,TELOK BLANGAH RISE,157,53,26
42,TELOK BLANGAH RISE,179,49,44
43,TELOK BLANGAH RISE,139,40,31
80A,TELOK BLANGAH ST 31,80,0,80
80B,TELOK BLANGAH ST 31,25,0,25
80C,TELOK BLANGAH ST 31,75,0,73
90A,TELOK BLANGAH ST 31,81,0,81
90B,TELOK BLANGAH ST 31,35,0,34
91A,TELOK BLANGAH ST 31,68,0,68
92A,TELOK BLANGAH ST 31,13,0,13
92B,TELOK BLANGAH ST 31,55,0,55
93A,TELOK BLANGAH ST 31,54,0,54
93B,TELOK BLANGAH ST 31,75,0,75
27,TELOK BLANGAH WAY,150,56,24
33,TELOK BLANGAH WAY,168,55,36
34,TELOK BLANGAH WAY,132,46,22
683,TESSENSOHN RD,106,32,18
1,TG PAGAR PLAZA,154,56,41
2,TG PAGAR PLAZA,195,67,41
3,TG PAGAR PLAZA,186,76,38
4,TG PAGAR PLAZA,164,65,35
5,TG PAGAR PLAZA,161,58,34
7,TG PAGAR PLAZA,97,35,23
8,TG PAGAR PLAZA,104,38,23
1,TIONG BAHRU RD,11,0,0
142,TIONG BAHRU RD,26,0,0
17,TIONG BAHRU RD,30,15,9
18,TIONG BAHRU RD,16,4,5
20,TIONG BAHRU RD,15,4,8
22,TIONG BAHRU RD,25,10,9
24,TIONG BAHRU RD,17,5,9
26,TIONG BAHRU RD,16,6,3
28,TIONG BAHRU RD,11,4,5
3,TIONG BAHRU RD,6,0,0
5,TIONG BAHRU RD,5,0,0
7,TIONG BAHRU RD,7,0,0
9,TIONG BAHRU RD,5,0,0
177,TOA PAYOH CTRL,99,40,21
178,TOA PAYOH CTRL,53,22,10
179,TOA PAYOH CTRL,108,43,25
183,TOA PAYOH CTRL,86,26,17
184,TOA PAYOH CTRL,26,10,3
185,TOA PAYOH CTRL,25,9,2
186,TOA PAYOH CTRL,44,18,6
79,TOA PAYOH CTRL,183,0,0
79A,TOA PAYOH CTRL,140,39,99
79B,TOA PAYOH CTRL,102,29,72
79C,TOA PAYOH CTRL,67,24,41
79D,TOA PAYOH CTRL,76,24,50
79E,TOA PAYOH CTRL,129,31,97
23,TOA PAYOH EAST,178,60,34
25,TOA PAYOH EAST,256,97,43
26,TOA PAYOH EAST,273,96,46
261,TOA PAYOH EAST,40,0,40
262,TOA PAYOH EAST,38,0,38
263,TOA PAYOH EAST,52,0,52
264,TOA PAYOH EAST,37,0,37
27,TOA PAYOH EAST,247,75,35
199,TOA PAYOH NTH,239,98,42
200,TOA PAYOH NTH,206,67,33
201,TOA PAYOH NTH,168,48,29
202,TOA PAYOH NTH,168,41,42
203,TOA PAYOH NTH,227,83,35
204,TOA PAYOH NTH,181,64,35
205,TOA PAYOH NTH,341,116,63
206,TOA PAYOH NTH,183,67,32
207,TOA PAYOH NTH,252,83,40
208,TOA PAYOH NTH,77,21,15
209,TOA PAYOH NTH,84,29,23
265,TOH GUAN RD,129,84,45
266,TOH GUAN RD,78,59,18
267,TOH GUAN RD,144,101,43
268,TOH GUAN RD,95,70,23
269,TOH GUAN RD,111,83,25
270,TOH GUAN RD,86,58,27
271,TOH GUAN RD,87,61,26
272,TOH GUAN RD,83,56,25
273,TOH GUAN RD,65,55,10
274,TOH GUAN RD,68,49,18
275,TOH GUAN RD,88,62,24
276,TOH GUAN RD,95,73,21
277,TOH GUAN RD,84,64,20
278,TOH GUAN RD,95,68,26
279,TOH GUAN RD,92,62,29
280,TOH GUAN RD,107,76,20
281,TOH GUAN RD,86,55,29
282,TOH GUAN RD,88,66,22
283,TOH GUAN RD,93,79,14
284,TOH GUAN RD,93,69,24
285A,TOH GUAN RD,78,51,27
285B,TOH GUAN RD,87,63,22
285C,TOH GUAN RD,61,39,22
285D,TOH GUAN RD,80,55,25
286A,TOH GUAN RD,91,67,23
286B,TOH GUAN RD,85,63,22
286C,TOH GUAN RD,85,62,22
286D,TOH GUAN RD,101,73,27
1,TOH YI DR,99,36,16
10,TOH YI DR,40,8,10
11,TOH YI DR,116,35,32
12,TOH YI DR,74,19,18
13,TOH YI DR,137,36,38
14,TOH YI DR,128,43,27
15,TOH YI DR,29,11,11
16,TOH YI DR,89,26,25
17,TOH YI DR,147,47,33
18,TOH YI DR,31,15,3
19,TOH YI DR,21,7,6
2,TOH YI DR,99,31,30
3,TOH YI DR,90,25,20
4,TOH YI DR,147,46,33
5,TOH YI DR,115,34,32
6,TOH YI DR,107,27,25
7,TOH YI DR,81,26,18
8,TOH YI DR,41,7,10
9,TOH YI DR,86,26,16
101,TOWNER RD,52,21,12
102,TOWNER RD,34,14,6
103,TOWNER RD,75,24,17
104,TOWNER RD,93,25,26
105,TOWNER RD,234,67,43
106,TOWNER RD,86,27,18
107,TOWNER RD,274,91,50
301,UBI AVE 1,57,22,34
302,UBI AVE 1,54,18,35
304,UBI AVE 1,31,15,16
305,UBI AVE 1,15,5,10
311,UBI AVE 1,115,27,15
312,UBI AVE 1,30,12,6
313,UBI AVE 1,136,42,22
314,UBI AVE 1,197,55,30
315,UBI AVE 1,166,37,24
316,UBI AVE 1,198,78,33
317,UBI AVE 1,27,5,5
318,UBI AVE 1,134,38,27
319,UBI AVE 1,154,40,19
320,UBI AVE 1,162,38,21
321,UBI AVE 1,34,14,9
322,UBI AVE 1,105,24,20
323,UBI AVE 1,177,45,26
324,UBI AVE 1,146,33,20
325,UBI AVE 1,38,16,5
326,UBI AVE 1,125,24,31
327,UBI AVE 1,184,55,26
328,UBI AVE 1,28,12,7
329,UBI AVE 1,108,25,17
330,UBI AVE 1,138,33,28
331,UBI AVE 1,20,5,4
332,UBI AVE 1,11,1,2
333,UBI AVE 1,114,30,17
334,UBI AVE 1,113,22,18
335,UBI AVE 1,19,2,4
336,UBI AVE 1,187,52,28
337,UBI AVE 1,22,4,5
338,UBI AVE 1,174,49,27
339,UBI AVE 1,157,35,21
340,UBI AVE 1,21,7,2
341,UBI AVE 1,182,47,32
342,UBI AVE 1,28,8,7
343,UBI AVE 1,162,41,23
344,UBI AVE 1,152,52,20
345,UBI AVE 1,39,15,4
346,UBI AVE 1,136,44,25
347,UBI AVE 1,150,42,17
348,UBI AVE 1,179,42,31
349,UBI AVE 1,189,50,39
350,UBI AVE 1,28,13,5
351,UBI AVE 1,83,27,10
352,UBI AVE 1,130,31,27
1,UPP ALJUNIED LANE,2,0,0
2,UPP ALJUNIED LANE,111,44,18
3,UPP ALJUNIED LANE,91,30,18
4,UPP ALJUNIED LANE,125,49,23
5,UPP ALJUNIED LANE,119,56,17
7,UPP ALJUNIED LANE,46,0,46
10,UPP BOON KENG RD,53,0,0
11,UPP BOON KENG RD,316,121,60
12,UPP BOON KENG RD,146,52,32
13,UPP BOON KENG RD,77,51,24
14,UPP BOON KENG RD,67,45,22
14A,UPP BOON KENG RD,76,43,33
15,UPP BOON KENG RD,192,72,37
16,UPP BOON KENG RD,283,97,50
20,UPP BOON KENG RD,135,22,0
2A,UPP BOON KENG RD,74,30,43
2B,UPP BOON KENG RD,64,20,43
2C,UPP BOON KENG RD,68,38,29
2D,UPP BOON KENG RD,61,17,43
38,UPP BOON KENG RD,101,26,16
39,UPP BOON KENG RD,114,31,17
3A,UPP BOON KENG RD,59,17,40
3B,UPP BOON KENG RD,47,12,33
3C,UPP BOON KENG RD,43,16,25
3D,UPP BOON KENG RD,59,25,34
5A,UPP BOON KENG RD,56,10,46
6,UPP BOON KENG RD,77,0,0
8,UPP BOON KENG RD,56,0,0
8A,UPP BOON KENG RD,51,0,51
8B,UPP BOON KENG RD,50,0,50
8C,UPP BOON KENG RD,36,0,36
34,UPP CROSS ST,216,68,52
532,UPP CROSS ST,74,28,16
533,UPP CROSS ST,100,37,21
535,UPP CROSS ST,73,25,13
536,UPP CROSS ST,103,36,26
538,UPP CROSS ST,90,28,21
470A,UPP SERANGOON CRES,79,0,79
470B,UPP SERANGOON CRES,72,0,70
470C,UPP SERANGOON CRES,62,0,61
471A,UPP SERANGOON CRES,63,0,60
471B,UPP SERANGOON CRES,70,0,69
473A,UPP SERANGOON CRES,71,0,71
473B,UPP SERANGOON CRES,46,0,46
473C,UPP SERANGOON CRES,45,0,45
473D,UPP SERANGOON CRES,56,0,56
475A,UPP SERANGOON CRES,73,0,70
475B,UPP SERANGOON CRES,64,0,57
475C,UPP SERANGOON CRES,56,0,54
475D,UPP SERANGOON CRES,85,0,83
364A,UPP SERANGOON RD,17,0,17
364B,UPP SERANGOON RD,14,0,14
365A,UPP SERANGOON RD,59,0,59
365B,UPP SERANGOON RD,45,0,45
365C,UPP SERANGOON RD,49,0,49
365D,UPP SERANGOON RD,29,0,29
464,UPP SERANGOON RD,92,23,21
465,UPP SERANGOON RD,110,32,28
476A,UPP SERANGOON VIEW,63,0,62
476B,UPP SERANGOON VIEW,67,0,61
476C,UPP SERANGOON VIEW,57,0,52
477A,UPP SERANGOON VIEW,50,0,48
477B,UPP SERANGOON VIEW,66,0,63
477C,UPP SERANGOON VIEW,47,0,44
632,VEERASAMY RD,65,17,13
633,VEERASAMY RD,123,35,33
634,VEERASAMY RD,72,25,18
635,VEERASAMY RD,102,27,25
636,VEERASAMY RD,28,10,7
637,VEERASAMY RD,79,24,19
262,WATERLOO ST,50,19,9
263,WATERLOO ST,118,43,26
264,WATERLOO ST,128,43,31
501A,WELLINGTON CIRCLE,91,56,33
501B,WELLINGTON CIRCLE,76,48,25
501C,WELLINGTON CIRCLE,78,47,31
501D,WELLINGTON CIRCLE,44,19,24
502A,WELLINGTON CIRCLE,41,18,23
506A,WELLINGTON CIRCLE,60,31,26
507A,WELLINGTON CIRCLE,85,53,27
507B,WELLINGTON CIRCLE,66,40,26
507C,WELLINGTON CIRCLE,77,48,29
507D,WELLINGTON CIRCLE,48,27,20
508A,WELLINGTON CIRCLE,59,26,31
508B,WELLINGTON CIRCLE,60,28,30
508C,WELLINGTON CIRCLE,43,24,19
509A,WELLINGTON CIRCLE,60,33,25
509B,WELLINGTON CIRCLE,54,31,23
510A,WELLINGTON CIRCLE,68,37,31
510B,WELLINGTON CIRCLE,56,26,29
513,WELLINGTON CIRCLE,25,1,24
505,WEST COAST DR,1,0,1
506,WEST COAST DR,200,80,32
507,WEST COAST DR,156,54,37
508,WEST COAST DR,216,79,30
509,WEST COAST DR,236,83,38
510,WEST COAST DR,252,82,47
511,WEST COAST DR,184,58,31
512,WEST COAST DR,161,63,29
513,WEST COAST RD,253,119,2
514,WEST COAST RD,161,69,2
515,WEST COAST RD,186,82,2
516,WEST COAST RD,1,1,0
518,WEST COAST RD,221,92,3
519,WEST COAST RD,235,105,3
520,WEST COAST RD,192,72,5
701,WEST COAST RD,318,126,55
702,WEST COAST RD,269,78,54
703,WEST COAST RD,292,91,53
704,WEST COAST RD,377,137,67
100,WHAMPOA DR,109,39,18
101,WHAMPOA DR,123,36,21
104,WHAMPOA DR,65,36,28
74,WHAMPOA DR,239,87,51
75,WHAMPOA DR,307,114,65
82,WHAMPOA DR,225,83,47
83,WHAMPOA DR,85,26,16
84,WHAMPOA DR,103,34,19
85,WHAMPOA DR,134,50,23
86,WHAMPOA DR,212,81,41
93,WHAMPOA DR,127,36,31
94,WHAMPOA DR,82,26,14
95,WHAMPOA DR,84,30,19
96,WHAMPOA DR,87,33,18
97,WHAMPOA DR,216,87,36
98,WHAMPOA DR,330,110,68
99,WHAMPOA DR,116,39,25
109,WHAMPOA RD,52,35,11
110,WHAMPOA RD,65,40,20
111,WHAMPOA RD,52,39,9
112,WHAMPOA RD,91,34,23
113,WHAMPOA RD,61,20,17
114,WHAMPOA RD,60,22,19
115,WHAMPOA RD,90,43,23
49,WHAMPOA STH,112,33,31
34,WHAMPOA WEST,440,160,98
307,WOODLANDS AVE 1,97,37,20
308,WOODLANDS AVE 1,87,30,21
309,WOODLANDS AVE 1,25,10,5
330,WOODLANDS AVE 1,61,24,12
331,WOODLANDS AVE 1,105,39,21
332,WOODLANDS AVE 1,22,7,4
336,WOODLANDS AVE 1,180,63,26
337,WOODLANDS AVE 1,132,43,20
338,WOODLANDS AVE 1,42,16,8
339,WOODLANDS AVE 1,92,38,23
340,WOODLANDS AVE 1,97,38,17
341,WOODLANDS AVE 1,73,30,16
342,WOODLANDS AVE 1,80,28,20
343,WOODLANDS AVE 1,35,9,12
351,WOODLANDS AVE 1,131,64,29
352,WOODLANDS AVE 1,87,46,16
353,WOODLANDS AVE 1,90,44,22
354,WOODLANDS AVE 1,92,45,22
355,WOODLANDS AVE 1,95,47,18
368,WOODLANDS AVE 1,112,43,27
369,WOODLANDS AVE 1,94,42,19
370,WOODLANDS AVE 1,117,49,26
371,WOODLANDS AVE 1,101,44,16
570A,WOODLANDS AVE 1,35,0,34
570B,WOODLANDS AVE 1,33,0,32
570C,WOODLANDS AVE 1,51,0,51
571A,WOODLANDS AVE 1,29,0,28
571B,WOODLANDS AVE 1,42,0,42
571C,WOODLANDS AVE 1,45,0,45
572A,WOODLANDS AVE 1,31,0,30
572B,WOODLANDS AVE 1,52,0,52
347,WOODLANDS AVE 3,119,45,24
348,WOODLANDS AVE 3,112,35,20
349,WOODLANDS AVE 3,125,41,21
350,WOODLANDS AVE 3,137,49,19
610,WOODLANDS AVE 4,70,57,12
612,WOODLANDS AVE 4,110,73,36
613,WOODLANDS AVE 4,90,64,25
614,WOODLANDS AVE 4,91,59,29
615,WOODLANDS AVE 4,115,86,25
616,WOODLANDS AVE 4,93,68,25
617,WOODLANDS AVE 4,127,93,31
618,WOODLANDS AVE 4,127,89,38
750,WOODLANDS AVE 4,133,66,35
755,WOODLANDS AVE 4,125,79,29
756,WOODLANDS AVE 4,108,67,26
757,WOODLANDS AVE 4,130,78,33
844,WOODLANDS AVE 4,86,38,15
846,WOODLANDS AVE 4,84,25,19
356,WOODLANDS AVE 5,67,30,17
357,WOODLANDS AVE 5,86,37,21
358,WOODLANDS AVE 5,90,40,24
359,WOODLANDS AVE 5,61,26,13
360,WOODLANDS AVE 5,57,26,15
361,WOODLANDS AVE 5,68,26,15
362,WOODLANDS AVE 5,68,32,14
363,WOODLANDS AVE 5,108,44,28
364,WOODLANDS AVE 5,73,25,14
365,WOODLANDS AVE 5,96,38,13
366,WOODLANDS AVE 5,81,32,20
367,WOODLANDS AVE 5,100,57,19
626,WOODLANDS AVE 6,102,77,24
627,WOODLANDS AVE 6,171,123,47
677,WOODLANDS AVE 6,78,57,21
678,WOODLANDS AVE 6,66,54,11
679,WOODLANDS AVE 6,79,65,14
680,WOODLANDS AVE 6,91,67,22
693A,WOODLANDS AVE 6,52,0,52
693B,WOODLANDS AVE 6,37,0,37
693C,WOODLANDS AVE 6,30,0,30
718,WOODLANDS AVE 6,129,61,17
719,WOODLANDS AVE 6,155,66,30
720,WOODLANDS AVE 6,138,59,25
722,WOODLANDS AVE 6,139,77,28
723,WOODLANDS AVE 6,107,55,28
724,WOODLANDS AVE 6,107,51,32
725,WOODLANDS AVE 6,90,57,10
758,WOODLANDS AVE 6,148,101,31
759,WOODLANDS AVE 6,107,76,29
760,WOODLANDS AVE 6,115,84,25
761,WOODLANDS AVE 6,121,85,30
762,WOODLANDS AVE 6,122,86,29
763,WOODLANDS AVE 6,110,75,31
788,WOODLANDS AVE 6,89,44,27
789,WOODLANDS AVE 6,84,45,20
790,WOODLANDS AVE 6,125,66,26
791,WOODLANDS AVE 6,88,49,22
792,WOODLANDS AVE 6,108,65,15
793,WOODLANDS AVE 6,98,56,15
876,WOODLANDS AVE 9,100,46,17
877,WOODLANDS AVE 9,104,43,16
878,WOODLANDS AVE 9,109,41,16
721,WOODLANDS CIRCLE,110,65,18
726,WOODLANDS CIRCLE,119,62,22
727,WOODLANDS CIRCLE,100,48,30
728,WOODLANDS CIRCLE,169,88,42
729,WOODLANDS CIRCLE,137,73,32
730,WOODLANDS CIRCLE,121,55,26
731,WOODLANDS CIRCLE,123,65,23
732,WOODLANDS CIRCLE,109,53,20
733,WOODLANDS CIRCLE,89,43,16
734,WOODLANDS CIRCLE,107,53,24
735,WOODLANDS CIRCLE,111,42,31
736,WOODLANDS CIRCLE,120,63,31
737,WOODLANDS CIRCLE,148,70,37
738,WOODLANDS CIRCLE,127,63,33
739,WOODLANDS CIRCLE,169,93,38
740,WOODLANDS CIRCLE,119,57,30
741,WOODLANDS CIRCLE,111,58,26
742,WOODLANDS CIRCLE,115,48,31
743,WOODLANDS CIRCLE,139,73,30
744,WOODLANDS CIRCLE,110,63,22
745,WOODLANDS CIRCLE,98,47,23
746,WOODLANDS CIRCLE,106,56,23
747,WOODLANDS CIRCLE,122,71,20
748,WOODLANDS CIRCLE,120,75,21
749,WOODLANDS CIRCLE,107,62,27
751,WOODLANDS CIRCLE,119,75,28
752,WOODLANDS CIRCLE,137,81,30
753,WOODLANDS CIRCLE,127,75,35
754,WOODLANDS CIRCLE,121,77,27
764,WOODLANDS CIRCLE,69,40,27
764A,WOODLANDS CIRCLE,67,48,19
765,WOODLANDS CIRCLE,68,43,24
766,WOODLANDS CIRCLE,74,38,36
767,WOODLANDS CIRCLE,50,33,16
774,WOODLANDS CRES,130,99,30
775,WOODLANDS CRES,156,120,33
776,WOODLANDS CRES,131,93,35
777,WOODLANDS CRES,110,82,27
779,WOODLANDS CRES,84,60,23
780A,WOODLANDS CRES,68,0,67
780B,WOODLANDS CRES,65,0,64
780C,WOODLANDS CRES,67,0,66
780D,WOODLANDS CRES,45,0,44
780E,WOODLANDS CRES,66,0,64
780F,WOODLANDS CRES,57,0,53
782A,WOODLANDS CRES,53,0,50
782B,WOODLANDS CRES,39,0,38
782C,WOODLANDS CRES,47,0,46
782D,WOODLANDS CRES,73,0,72
782E,WOODLANDS CRES,50,0,48
787B,WOODLANDS CRES,137,74,36
787C,WOODLANDS CRES,183,102,47
787D,WOODLANDS CRES,179,113,35
787E,WOODLANDS CRES,116,61,34
788B,WOODLANDS CRES,77,50,25
788C,WOODLANDS CRES,94,66,24
788D,WOODLANDS CRES,84,52,29
788E,WOODLANDS CRES,54,35,19
1A,WOODLANDS CTR RD,154,66,0
2A,WOODLANDS CTR RD,60,21,0
501,WOODLANDS DR 14,56,37,18
502,WOODLANDS DR 14,48,35,13
502A,WOODLANDS DR 14,66,48,17
503,WOODLANDS DR 14,86,62,23
504,WOODLANDS DR 14,94,70,24
505,WOODLANDS DR 14,62,46,15
506,WOODLANDS DR 14,66,43,21
507,WOODLANDS DR 14,77,53,22
508,WOODLANDS DR 14,60,41,19
509,WOODLANDS DR 14,119,84,33
510,WOODLANDS DR 14,150,105,42
511,WOODLANDS DR 14,152,116,36
512,WOODLANDS DR 14,147,115,31
513,WOODLANDS DR 14,137,101,35
514,WOODLANDS DR 14,148,100,44
515,WOODLANDS DR 14,116,85,30
516,WOODLANDS DR 14,127,89,38
517,WOODLANDS DR 14,97,64,32
518,WOODLANDS DR 14,97,69,27
519,WOODLANDS DR 14,79,50,26
520,WOODLANDS DR 14,144,98,44
521,WOODLANDS DR 14,171,122,46
522,WOODLANDS DR 14,104,71,29
523,WOODLANDS DR 14,100,74,26
524,WOODLANDS DR 14,110,70,39
525,WOODLANDS DR 14,117,90,27
526,WOODLANDS DR 14,90,62,28
527,WOODLANDS DR 14,64,42,20
528,WOODLANDS DR 14,65,39,23
529,WOODLANDS DR 14,60,39,21
530,WOODLANDS DR 14,65,48,17
531,WOODLANDS DR 14,53,34,18
532,WOODLANDS DR 14,55,31,23
533,WOODLANDS DR 14,58,43,15
534,WOODLANDS DR 14,56,43,12
535,WOODLANDS DR 14,75,43,32
536,WOODLANDS DR 14,61,45,16
537,WOODLANDS DR 16,104,73,31
538,WOODLANDS DR 16,82,59,22
539,WOODLANDS DR 16,107,77,25
540,WOODLANDS DR 16,120,91,28
541,WOODLANDS DR 16,112,89,22
542,WOODLANDS DR 16,115,81,34
543,WOODLANDS DR 16,114,80,33
544,WOODLANDS DR 16,108,79,25
545,WOODLANDS DR 16,103,73,27
546,WOODLANDS DR 16,84,60,22
547,WOODLANDS DR 16,102,77,24
573A,WOODLANDS DR 16,43,0,43
573B,WOODLANDS DR 16,49,0,48
573C,WOODLANDS DR 16,63,0,63
574A,WOODLANDS DR 16,62,0,62
574B,WOODLANDS DR 16,70,0,70
575,WOODLANDS DR 16,153,102,47
576,WOODLANDS DR 16,108,71,37
577,WOODLANDS DR 16,115,82,32
578,WOODLANDS DR 16,68,43,23
579,WOODLANDS DR 16,98,68,29
580,WOODLANDS DR 16,72,40,29
581,WOODLANDS DR 16,47,27,20
582,WOODLANDS DR 16,71,41,29
583,WOODLANDS DR 16,55,33,20
584,WOODLANDS DR 16,66,39,26
585,WOODLANDS DR 16,92,54,35
586,WOODLANDS DR 16,94,56,35
587,WOODLANDS DR 16,114,60,51
588,WOODLANDS DR 16,86,57,29
589,WOODLANDS DR 16,105,57,46
701,WOODLANDS DR 40,145,54,31
702,WOODLANDS DR 40,113,56,25
703,WOODLANDS DR 40,119,56,25
704,WOODLANDS DR 40,128,55,28
705,WOODLANDS DR 40,113,49,23
706,WOODLANDS DR 40,112,48,25
707,WOODLANDS DR 40,121,63,20
601,WOODLANDS DR 42,128,62,30
602,WOODLANDS DR 42,167,77,38
603,WOODLANDS DR 42,135,67,29
604,WOODLANDS DR 42,155,90,24
605,WOODLANDS DR 42,132,66,26
549,WOODLANDS DR 44,123,86,33
550,WOODLANDS DR 44,130,100,29
551,WOODLANDS DR 44,113,80,32
552,WOODLANDS DR 44,121,87,30
553,WOODLANDS DR 44,113,85,25
886A,WOODLANDS DR 50,65,0,65
886B,WOODLANDS DR 50,54,0,53
886C,WOODLANDS DR 50,71,0,69
886D,WOODLANDS DR 50,17,0,17
887A,WOODLANDS DR 50,57,0,56
887B,WOODLANDS DR 50,54,0,54
887C,WOODLANDS DR 50,15,0,15
889A,WOODLANDS DR 50,50,0,50
889B,WOODLANDS DR 50,35,0,35
889C,WOODLANDS DR 50,35,0,35
889D,WOODLANDS DR 50,47,0,47
890A,WOODLANDS DR 50,45,0,45
890B,WOODLANDS DR 50,42,0,42
891A,WOODLANDS DR 50,82,41,16
891B,WOODLANDS DR 50,133,62,29
892A,WOODLANDS DR 50,148,69,34
892B,WOODLANDS DR 50,129,60,24
893A,WOODLANDS DR 50,72,34,18
893B,WOODLANDS DR 50,69,35,14
893C,WOODLANDS DR 50,73,32,18
893D,WOODLANDS DR 50,63,33,13
894A,WOODLANDS DR 50,106,56,15
894B,WOODLANDS DR 50,111,39,25
894C,WOODLANDS DR 50,90,39,21
894D,WOODLANDS DR 50,103,51,17
895A,WOODLANDS DR 50,125,59,34
895B,WOODLANDS DR 50,99,50,20
895C,WOODLANDS DR 50,148,65,31
896A,WOODLANDS DR 50,156,67,39
896B,WOODLANDS DR 50,102,39,26
896C,WOODLANDS DR 50,114,61,21
897A,WOODLANDS DR 50,125,56,36
897B,WOODLANDS DR 50,147,71,37
897C,WOODLANDS DR 50,141,69,32
898A,WOODLANDS DR 50,98,50,21
898B,WOODLANDS DR 50,144,78,34
899A,WOODLANDS DR 50,123,63,29
899B,WOODLANDS DR 50,128,56,37
899C,WOODLANDS DR 50,114,55,24
619,WOODLANDS DR 52,177,129,46
620,WOODLANDS DR 52,179,130,47
621,WOODLANDS DR 52,110,78,30
622,WOODLANDS DR 52,83,57,26
623,WOODLANDS DR 52,100,69,31
624A,WOODLANDS DR 52,77,54,21
624B,WOODLANDS DR 52,79,56,23
625A,WOODLANDS DR 52,86,68,17
625B,WOODLANDS DR 52,74,52,22
554,WOODLANDS DR 53,214,151,59
555,WOODLANDS DR 53,95,64,29
556,WOODLANDS DR 53,133,95,37
557,WOODLANDS DR 53,84,62,22
769,WOODLANDS DR 60,144,105,39
770,WOODLANDS DR 60,94,60,32
771,WOODLANDS DR 60,99,68,28
772,WOODLANDS DR 60,95,69,24
773,WOODLANDS DR 60,162,128,33
778,WOODLANDS DR 60,117,79,36
786B,WOODLANDS DR 60,163,92,37
786C,WOODLANDS DR 60,169,95,45
786D,WOODLANDS DR 60,197,114,51
786E,WOODLANDS DR 60,143,84,30
786F,WOODLANDS DR 60,64,28,20
681A,WOODLANDS DR 62,91,62,27
681B,WOODLANDS DR 62,83,49,34
681C,WOODLANDS DR 62,77,52,24
681D,WOODLANDS DR 62,80,50,29
682A,WOODLANDS DR 62,89,56,30
682B,WOODLANDS DR 62,70,47,21
683A,WOODLANDS DR 62,78,54,23
683B,WOODLANDS DR 62,56,43,13
683C,WOODLANDS DR 62,67,39,26
683D,WOODLANDS DR 62,88,57,30
684C,WOODLANDS DR 62,63,41,21
694A,WOODLANDS DR 62,46,0,46
694B,WOODLANDS DR 62,29,0,29
694C,WOODLANDS DR 62,45,0,45
694D,WOODLANDS DR 62,46,0,46
708,WOODLANDS DR 70,111,54,19
709,WOODLANDS DR 70,104,45,26
710,WOODLANDS DR 70,132,60,19
711,WOODLANDS DR 70,129,56,31
712,WOODLANDS DR 70,124,67,22
713,WOODLANDS DR 70,106,48,20
714,WOODLANDS DR 70,124,63,23
715,WOODLANDS DR 70,121,53,24
716,WOODLANDS DR 70,123,56,26
717,WOODLANDS DR 70,134,56,34
717A,WOODLANDS DR 70,25,0,25
717B,WOODLANDS DR 70,20,0,20
670,WOODLANDS DR 71,93,54,36
671,WOODLANDS DR 71,113,77,32
672,WOODLANDS DR 71,76,52,24
673,WOODLANDS DR 71,78,53,25
794,WOODLANDS DR 72,104,54,24
795,WOODLANDS DR 72,111,55,32
796,WOODLANDS DR 72,110,54,24
797,WOODLANDS DR 72,96,42,29
798,WOODLANDS DR 72,67,32,25
682C,WOODLANDS DR 73,89,65,22
682D,WOODLANDS DR 73,94,66,26
684A,WOODLANDS DR 73,113,77,36
684B,WOODLANDS DR 73,60,43,16
684D,WOODLANDS DR 73,92,51,39
685B,WOODLANDS DR 73,63,35,27
685C,WOODLANDS DR 73,79,46,32
686A,WOODLANDS DR 73,118,59,59
686B,WOODLANDS DR 73,126,66,58
686C,WOODLANDS DR 73,83,51,32
691A,WOODLANDS DR 73,36,0,36
691B,WOODLANDS DR 73,40,0,40
691C,WOODLANDS DR 73,22,0,22
691D,WOODLANDS DR 73,53,0,53
687A,WOODLANDS DR 75,113,65,46
687B,WOODLANDS DR 75,136,83,51
687C,WOODLANDS DR 75,131,79,49
688A,WOODLANDS DR 75,91,52,38
688B,WOODLANDS DR 75,68,36,30
688C,WOODLANDS DR 75,81,47,33
688D,WOODLANDS DR 75,74,40,34
688E,WOODLANDS DR 75,74,51,22
688F,WOODLANDS DR 75,104,61,40
689A,WOODLANDS DR 75,72,38,33
689B,WOODLANDS DR 75,107,64,41
689C,WOODLANDS DR 75,70,43,27
689D,WOODLANDS DR 75,98,69,28
689E,WOODLANDS DR 75,83,51,31
689F,WOODLANDS DR 75,76,42,33
690A,WOODLANDS DR 75,71,40,30
690B,WOODLANDS DR 75,91,63,27
690C,WOODLANDS DR 75,88,47,41
690D,WOODLANDS DR 75,83,53,30
690E,WOODLANDS DR 75,76,44,32
690F,WOODLANDS DR 75,83,54,26
606,WOODLANDS RING RD,88,66,22
607,WOODLANDS RING RD,108,75,31
608,WOODLANDS RING RD,54,43,11
609,WOODLANDS RING RD,91,69,20
611,WOODLANDS RING RD,97,65,30
628A,WOODLANDS RING RD,113,82,29
628B,WOODLANDS RING RD,159,127,30
629,WOODLANDS RING RD,107,82,24
630,WOODLANDS RING RD,126,89,36
631,WOODLANDS RING RD,80,59,20
632,WOODLANDS RING RD,108,77,26
633,WOODLANDS RING RD,103,75,28
634,WOODLANDS RING RD,78,57,21
635,WOODLANDS RING RD,74,44,25
636,WOODLANDS RING RD,91,57,33
637,WOODLANDS RING RD,56,32,23
638,WOODLANDS RING RD,100,67,33
639,WOODLANDS RING RD,90,64,25
640,WOODLANDS RING RD,90,69,21
643,WOODLANDS RING RD,92,70,22
644,WOODLANDS RING RD,122,86,35
645,WOODLANDS RING RD,74,60,13
646,WOODLANDS RING RD,57,36,20
647,WOODLANDS RING RD,76,47,29
648,WOODLANDS RING RD,34,16,16
649,WOODLANDS RING RD,108,86,22
650,WOODLANDS RING RD,81,47,34
651,WOODLANDS RING RD,81,61,20
652,WOODLANDS RING RD,83,60,22
653,WOODLANDS RING RD,81,59,21
654,WOODLANDS RING RD,35,27,8
655,WOODLANDS RING RD,111,80,31
656,WOODLANDS RING RD,95,71,23
657,WOODLANDS RING RD,117,91,26
658,WOODLANDS RING RD,96,65,27
659,WOODLANDS RING RD,118,78,32
660,WOODLANDS RING RD,98,67,22
661,WOODLANDS RING RD,101,61,26
662,WOODLANDS RING RD,104,68,28
663,WOODLANDS RING RD,97,65,16
664,WOODLANDS RING RD,105,76,24
665,WOODLANDS RING RD,103,72,31
666,WOODLANDS RING RD,109,77,31
667,WOODLANDS RING RD,88,59,28
668,WOODLANDS RING RD,93,71,21
669,WOODLANDS RING RD,137,106,31
783A,WOODLANDS RISE,39,0,39
783B,WOODLANDS RISE,28,0,28
783C,WOODLANDS RISE,39,0,39
783D,WOODLANDS RISE,25,0,25
784A,WOODLANDS RISE,17,0,17
784B,WOODLANDS RISE,35,0,35
784C,WOODLANDS RISE,41,0,41
785B,WOODLANDS RISE,32,0,32
785C,WOODLANDS RISE,36,0,36
785D,WOODLANDS RISE,35,0,35
167,WOODLANDS ST 11,27,10,4
168,WOODLANDS ST 11,169,47,33
169,WOODLANDS ST 11,69,24,15
170,WOODLANDS ST 11,72,23,13
171,WOODLANDS ST 11,155,58,24
101,WOODLANDS ST 13,238,83,42
102,WOODLANDS ST 13,184,65,27
103,WOODLANDS ST 13,53,22,6
104,WOODLANDS ST 13,143,48,28
105,WOODLANDS ST 13,152,42,31
106,WOODLANDS ST 13,30,8,6
107,WOODLANDS ST 13,13,5,1
108,WOODLANDS ST 13,168,66,33
109,WOODLANDS ST 13,21,5,5
110,WOODLANDS ST 13,141,43,36
111,WOODLANDS ST 13,66,15,18
112,WOODLANDS ST 13,9,2,4
113,WOODLANDS ST 13,166,59,23
145,WOODLANDS ST 13,169,55,35
146,WOODLANDS ST 13,197,80,32
148,WOODLANDS ST 13,175,59,30
149,WOODLANDS ST 13,208,78,40
150,WOODLANDS ST 13,22,5,16
151,WOODLANDS ST 13,166,60,25
152,WOODLANDS ST 13,188,69,25
154,WOODLANDS ST 13,105,40,20
155,WOODLANDS ST 13,204,71,27
156,WOODLANDS ST 13,25,11,12
157,WOODLANDS ST 13,197,66,41
158,WOODLANDS ST 13,172,70,26
159,WOODLANDS ST 13,152,53,22
160,WOODLANDS ST 13,202,67,35
161,WOODLANDS ST 13,149,60,19
162,WOODLANDS ST 13,148,44,20
163,WOODLANDS ST 13,10,6,4
164,WOODLANDS ST 13,16,10,6
165,WOODLANDS ST 13,128,25,22
166,WOODLANDS ST 13,38,15,22
172,WOODLANDS ST 13,132,44,28
173,WOODLANDS ST 13,149,53,23
174,WOODLANDS ST 13,81,15,17
175,WOODLANDS ST 13,57,20,12
176,WOODLANDS ST 13,27,9,3
177,WOODLANDS ST 13,124,28,21
178,WOODLANDS ST 13,130,33,29
179,WOODLANDS ST 13,33,10,10
182A,WOODLANDS ST 13,36,0,36
182B,WOODLANDS ST 13,38,0,38
183A,WOODLANDS ST 13,36,0,36
183B,WOODLANDS ST 13,29,0,29
183C,WOODLANDS ST 13,43,0,43
184A,WOODLANDS ST 13,38,0,38
185B,WOODLANDS ST 13,41,0,41
185C,WOODLANDS ST 13,27,0,27
301,WOODLANDS ST 31,54,23,8
302,WOODLANDS ST 31,69,19,16
302A,WOODLANDS ST 31,31,0,31
303,WOODLANDS ST 31,32,12,3
304,WOODLANDS ST 31,45,11,10
306,WOODLANDS ST 31,30,9,7
310,WOODLANDS ST 31,158,65,30
311,WOODLANDS ST 31,171,72,21
312,WOODLANDS ST 31,46,15,8
313,WOODLANDS ST 31,144,50,32
314,WOODLANDS ST 31,161,62,23
315,WOODLANDS ST 31,27,10,4
316,WOODLANDS ST 31,161,70,22
317,WOODLANDS ST 31,159,68,34
318,WOODLANDS ST 31,196,77,30
319,WOODLANDS ST 31,171,66,32
320,WOODLANDS ST 32,40,9,9
321,WOODLANDS ST 32,170,66,27
322,WOODLANDS ST 32,120,44,27
323,WOODLANDS ST 32,73,26,14
324,WOODLANDS ST 32,11,5,2
325,WOODLANDS ST 32,99,27,29
326,WOODLANDS ST 32,108,38,22
327,WOODLANDS ST 32,24,9,3
328,WOODLANDS ST 32,88,28,18
329,WOODLANDS ST 32,50,24,5
333,WOODLANDS ST 32,28,11,1
334,WOODLANDS ST 32,90,29,11
335,WOODLANDS ST 32,185,64,31
344,WOODLANDS ST 32,113,36,28
345,WOODLANDS ST 32,125,41,32
346,WOODLANDS ST 32,42,12,7
401,WOODLANDS ST 41,63,25,10
402,WOODLANDS ST 41,83,36,14
403,WOODLANDS ST 41,84,31,21
404,WOODLANDS ST 41,81,36,15
405,WOODLANDS ST 41,87,25,26
406,WOODLANDS ST 41,112,37,20
408,WOODLANDS ST 41,100,39,14
409,WOODLANDS ST 41,101,40,19
410,WOODLANDS ST 41,77,28,19
411,WOODLANDS ST 41,82,24,20
412,WOODLANDS ST 41,93,40,20
413,WOODLANDS ST 41,77,24,18
414,WOODLANDS ST 41,91,35,19
415,WOODLANDS ST 41,77,30,14
416,WOODLANDS ST 41,62,19,13
417,WOODLANDS ST 41,59,24,10
418,WOODLANDS ST 41,136,53,30
419,WOODLANDS ST 41,84,37,20
420,WOODLANDS ST 41,86,39,20
421,WOODLANDS ST 41,79,26,20
424,WOODLANDS ST 41,107,61,29
425,WOODLANDS ST 41,114,61,25
426,WOODLANDS ST 41,92,64,17
427,WOODLANDS ST 41,71,44,17
428,WOODLANDS ST 41,175,75,35
429,WOODLANDS ST 41,193,84,42
436,WOODLANDS ST 41,226,106,47
437,WOODLANDS ST 41,192,87,41
801,WOODLANDS ST 81,147,52,18
802,WOODLANDS ST 81,158,64,24
803,WOODLANDS ST 81,75,38,13
804,WOODLANDS ST 81,146,45,35
805,WOODLANDS ST 81,85,28,25
807,WOODLANDS ST 81,96,35,20
808,WOODLANDS ST 81,94,31,25
809,WOODLANDS ST 81,108,38,19
810,WOODLANDS ST 81,66,22,14
824,WOODLANDS ST 81,121,25,23
825,WOODLANDS ST 81,121,31,18
826,WOODLANDS ST 81,48,18,12
827,WOODLANDS ST 81,107,43,22
828,WOODLANDS ST 81,15,4,2
870,WOODLANDS ST 81,58,19,12
871,WOODLANDS ST 81,63,21,17
872,WOODLANDS ST 81,79,38,12
873,WOODLANDS ST 81,105,44,19
816,WOODLANDS ST 82,109,43,24
817,WOODLANDS ST 82,38,12,10
818,WOODLANDS ST 82,91,31,17
819,WOODLANDS ST 82,36,13,6
820,WOODLANDS ST 82,84,32,17
821,WOODLANDS ST 82,82,30,16
822,WOODLANDS ST 82,40,15,8
823,WOODLANDS ST 82,46,16,9
837,WOODLANDS ST 82,35,11,10
838,WOODLANDS ST 82,43,11,14
839,WOODLANDS ST 82,89,29,20
840,WOODLANDS ST 82,171,79,26
841,WOODLANDS ST 82,72,29,10
842,WOODLANDS ST 82,219,78,40
843,WOODLANDS ST 82,206,86,37
845,WOODLANDS ST 82,197,87,30
847,WOODLANDS ST 82,113,37,29
848,WOODLANDS ST 82,82,29,16
849,WOODLANDS ST 82,85,38,15
850,WOODLANDS ST 82,81,29,15
874,WOODLANDS ST 82,159,43,35
875,WOODLANDS ST 82,130,52,20
879,WOODLANDS ST 82,108,39,24
880,WOODLANDS ST 82,106,43,24
881,WOODLANDS ST 82,102,51,18
882,WOODLANDS ST 82,122,46,22
829,WOODLANDS ST 83,25,8,4
830,WOODLANDS ST 83,83,28,17
831,WOODLANDS ST 83,118,40,28
832,WOODLANDS ST 83,91,37,21
833,WOODLANDS ST 83,35,11,10
834,WOODLANDS ST 83,82,31,16
835,WOODLANDS ST 83,86,30,17
836,WOODLANDS ST 83,78,31,14
851,WOODLANDS ST 83,125,51,20
853,WOODLANDS ST 83,150,55,26
854,WOODLANDS ST 83,178,67,30
855,WOODLANDS ST 83,172,68,25
856,WOODLANDS ST 83,68,27,16
857,WOODLANDS ST 83,77,29,15
858,WOODLANDS ST 83,91,43,18
859,WOODLANDS ST 83,70,25,13
860,WOODLANDS ST 83,67,27,14
861,WOODLANDS ST 83,73,27,18
862,WOODLANDS ST 83,72,32,15
863,WOODLANDS ST 83,71,26,10
864,WOODLANDS ST 83,68,27,12
865,WOODLANDS ST 83,77,24,26
866,WOODLANDS ST 83,75,32,14
867,WOODLANDS ST 83,67,24,19
868,WOODLANDS ST 83,81,33,19
869,WOODLANDS ST 83,56,17,19
431A,YISHUN AVE 1,45,0,42
431B,YISHUN AVE 1,42,0,38
431C,YISHUN AVE 1,32,0,30
431D,YISHUN AVE 1,35,0,35
432A,YISHUN AVE 1,50,0,50
432B,YISHUN AVE 1,47,0,44
432C,YISHUN AVE 1,36,0,33
432D,YISHUN AVE 1,28,0,27
343,YISHUN AVE 11,170,49,27
344,YISHUN AVE 11,39,9,10
345,YISHUN AVE 11,193,72,33
346,YISHUN AVE 11,231,72,50
347A,YISHUN AVE 11,58,0,57
347B,YISHUN AVE 11,53,0,53
348A,YISHUN AVE 11,66,0,65
348B,YISHUN AVE 11,55,0,54
348C,YISHUN AVE 11,49,0,46
348D,YISHUN AVE 11,67,0,65
349,YISHUN AVE 11,204,62,41
350,YISHUN AVE 11,185,51,35
350A,YISHUN AVE 11,24,6,4
351,YISHUN AVE 11,97,21,18
415,YISHUN AVE 11,75,22,8
416,YISHUN AVE 11,70,24,13
419,YISHUN AVE 11,50,23,14
423,YISHUN AVE 11,184,62,29
424A,YISHUN AVE 11,57,0,56
424B,YISHUN AVE 11,56,0,56
424C,YISHUN AVE 11,51,0,50
424D,YISHUN AVE 11,40,0,39
425,YISHUN AVE 11,182,59,30
426A,YISHUN AVE 11,41,0,39
426B,YISHUN AVE 11,29,0,29
426C,YISHUN AVE 11,27,0,27
426D,YISHUN AVE 11,46,0,44
427,YISHUN AVE 11,194,66,29
428A,YISHUN AVE 11,40,0,38
428B,YISHUN AVE 11,58,0,55
429A,YISHUN AVE 11,68,0,66
429B,YISHUN AVE 11,41,0,39
430A,YISHUN AVE 11,57,0,55
430B,YISHUN AVE 11,46,0,45
438,YISHUN AVE 11,35,0,34
439,YISHUN AVE 11,206,70,39
440,YISHUN AVE 11,180,61,20
442,YISHUN AVE 11,54,0,54
443,YISHUN AVE 11,79,0,79
445,YISHUN AVE 11,63,0,62
446,YISHUN AVE 11,42,0,41
458,YISHUN AVE 11,74,0,73
459,YISHUN AVE 11,95,0,93
776,YISHUN AVE 2,180,51,31
777,YISHUN AVE 2,43,20,3
778,YISHUN AVE 2,175,57,23
779,YISHUN AVE 2,26,12,4
784,YISHUN AVE 2,231,82,29
785,YISHUN AVE 2,145,31,21
788,YISHUN AVE 2,121,29,24
789,YISHUN AVE 2,40,17,6
790,YISHUN AVE 2,164,46,19
791,YISHUN AVE 2,90,25,15
766,YISHUN AVE 3,173,59,24
767,YISHUN AVE 3,42,18,3
768,YISHUN AVE 3,143,44,17
769,YISHUN AVE 3,32,16,2
770,YISHUN AVE 3,213,58,36
771,YISHUN AVE 3,211,66,25
772,YISHUN AVE 3,182,59,26
773,YISHUN AVE 3,221,74,34
774,YISHUN AVE 3,364,131,70
506A,YISHUN AVE 4,28,0,28
506B,YISHUN AVE 4,31,0,31
506C,YISHUN AVE 4,28,0,28
507A,YISHUN AVE 4,25,0,25
508A,YISHUN AVE 4,46,0,46
508B,YISHUN AVE 4,41,0,41
509A,YISHUN AVE 4,34,0,34
509B,YISHUN AVE 4,27,0,27
509C,YISHUN AVE 4,26,0,26
650,YISHUN AVE 4,11,4,2
651,YISHUN AVE 4,127,47,25
652,YISHUN AVE 4,80,20,14
653,YISHUN AVE 4,169,49,27
654,YISHUN AVE 4,62,16,13
655,YISHUN AVE 4,198,58,30
656,YISHUN AVE 4,20,4,6
657,YISHUN AVE 4,171,57,33
658,YISHUN AVE 4,172,46,28
659,YISHUN AVE 4,14,5,1
660,YISHUN AVE 4,186,64,29
661,YISHUN AVE 4,70,25,15
662,YISHUN AVE 4,177,60,30
663,YISHUN AVE 4,116,33,19
663A,YISHUN AVE 4,17,5,4
664,YISHUN AVE 4,77,21,17
664A,YISHUN AVE 4,10,3,3
665,YISHUN AVE 4,82,31,16
666,YISHUN AVE 4,134,34,23
666A,YISHUN AVE 4,26,6,5
671A,YISHUN AVE 4,38,0,38
671B,YISHUN AVE 4,29,0,29
672A,YISHUN AVE 4,46,0,46
672B,YISHUN AVE 4,36,0,36
672C,YISHUN AVE 4,24,0,24
673A,YISHUN AVE 4,46,0,46
673B,YISHUN AVE 4,36,0,36
673C,YISHUN AVE 4,39,0,38
674A,YISHUN AVE 4,45,0,45
674B,YISHUN AVE 4,48,0,48
675A,YISHUN AVE 4,25,0,25
675B,YISHUN AVE 4,32,0,32
675C,YISHUN AVE 4,34,0,34
675D,YISHUN AVE 4,37,0,37
858,YISHUN AVE 4,118,36,19
859,YISHUN AVE 4,91,31,12
860,YISHUN AVE 4,115,25,23
861,YISHUN AVE 4,175,62,29
862,YISHUN AVE 4,186,70,29
863,YISHUN AVE 4,124,42,19
864,YISHUN AVE 4,125,33,22
101,YISHUN AVE 5,174,77,38
701,YISHUN AVE 5,281,117,47
702,YISHUN AVE 5,30,11,18
703,YISHUN AVE 5,275,93,50
704,YISHUN AVE 5,278,109,41
705,YISHUN AVE 5,25,15,10
706,YISHUN AVE 5,308,98,47
707,YISHUN AVE 5,191,73,30
708,YISHUN AVE 5,23,8,13
709,YISHUN AVE 5,258,113,38
710,YISHUN AVE 5,250,104,49
711,YISHUN AVE 5,17,6,11
712,YISHUN AVE 5,271,109,35
732,YISHUN AVE 5,38,13,5
733,YISHUN AVE 5,173,61,30
734,YISHUN AVE 5,248,78,43
739,YISHUN AVE 5,237,90,32
740,YISHUN AVE 5,235,82,42
741,YISHUN AVE 5,219,64,31
742,YISHUN AVE 5,232,87,38
743,YISHUN AVE 5,17,7,5
282,YISHUN AVE 6,46,22,6
283,YISHUN AVE 6,232,88,28
284,YISHUN AVE 6,197,82,28
285,YISHUN AVE 6,24,10,2
286,YISHUN AVE 6,209,65,40
287,YISHUN AVE 6,202,78,34
288,YISHUN AVE 6,235,73,42
289,YISHUN AVE 6,259,86,48
389,YISHUN AVE 6,209,77,35
390,YISHUN AVE 6,197,51,35
391,YISHUN AVE 6,100,25,23
392,YISHUN AVE 6,102,26,17
393,YISHUN AVE 6,174,60,37
394,YISHUN AVE 6,220,89,31
396,YISHUN AVE 6,45,13,9
397,YISHUN AVE 6,211,80,30
399,YISHUN AVE 6,218,84,30
401,YISHUN AVE 6,55,22,7
403,YISHUN AVE 6,169,52,31
404,YISHUN AVE 6,221,71,39
405,YISHUN AVE 6,99,29,19
406,YISHUN AVE 6,101,22,21
407,YISHUN AVE 6,200,62,35
408,YISHUN AVE 6,191,70,28
433,YISHUN AVE 6,181,56,39
435,YISHUN AVE 6,185,63,35
437,YISHUN AVE 6,182,57,36
462A,YISHUN AVE 6,39,0,39
462B,YISHUN AVE 6,42,0,42
462C,YISHUN AVE 6,35,0,35
462D,YISHUN AVE 6,35,0,35
170,YISHUN AVE 7,147,43,27
171,YISHUN AVE 7,157,56,28
172,YISHUN AVE 7,160,64,29
173,YISHUN AVE 7,182,55,29
174,YISHUN AVE 7,226,77,38
175,YISHUN AVE 7,132,33,19
245,YISHUN AVE 9,126,39,19
246,YISHUN AVE 9,164,64,26
247,YISHUN AVE 9,147,44,22
248,YISHUN AVE 9,34,12,8
249,YISHUN AVE 9,149,46,26
250,YISHUN AVE 9,166,52,28
315A,YISHUN AVE 9,59,0,57
315B,YISHUN AVE 9,39,0,38
315C,YISHUN AVE 9,42,0,42
316A,YISHUN AVE 9,48,0,48
316B,YISHUN AVE 9,44,0,42
316C,YISHUN AVE 9,53,0,51
317A,YISHUN AVE 9,47,0,43
317B,YISHUN AVE 9,23,0,22
317C,YISHUN AVE 9,23,0,23
318A,YISHUN AVE 9,33,0,33
318B,YISHUN AVE 9,38,0,35
318C,YISHUN AVE 9,51,0,50
302,YISHUN CTRL,129,41,27
303,YISHUN CTRL,180,66,31
304,YISHUN CTRL,151,45,19
305,YISHUN CTRL,122,25,27
306,YISHUN CTRL,141,39,26
320,YISHUN CTRL,225,78,36
321,YISHUN CTRL,206,63,36
322,YISHUN CTRL,102,33,15
323,YISHUN CTRL,116,32,24
324,YISHUN CTRL,68,16,12
325,YISHUN CTRL,161,35,38
926,YISHUN CTRL 1,30,14,2
927,YISHUN CTRL 1,37,13,5
928,YISHUN CTRL 1,34,11,5
930,YISHUN CTRL 1,40,11,11
931,YISHUN CTRL 1,23,8,3
932,YISHUN CTRL 1,52,18,13
935,YISHUN CTRL 1,84,38,10
103,YISHUN RING RD,53,34,18
106,YISHUN RING RD,68,44,16
107,YISHUN RING RD,479,168,87
108,YISHUN RING RD,113,47,54
109,YISHUN RING RD,62,16,10
110,YISHUN RING RD,290,114,47
111,YISHUN RING RD,245,97,44
112,YISHUN RING RD,186,73,25
113,YISHUN RING RD,171,62,30
114,YISHUN RING RD,392,145,77
115,YISHUN RING RD,180,77,28
115A,YISHUN RING RD,46,33,12
115B,YISHUN RING RD,69,48,18
115C,YISHUN RING RD,37,25,12
116,YISHUN RING RD,258,98,45
117,YISHUN RING RD,192,65,39
118,YISHUN RING RD,211,71,50
119,YISHUN RING RD,33,12,6
120,YISHUN RING RD,138,44,18
136,YISHUN RING RD,199,76,24
137,YISHUN RING RD,324,131,39
138,YISHUN RING RD,155,56,20
139,YISHUN RING RD,201,70,31
140,YISHUN RING RD,180,71,33
141,YISHUN RING RD,171,70,25
142,YISHUN RING RD,146,45,23
143,YISHUN RING RD,55,25,4
165,YISHUN RING RD,175,69,35
166,YISHUN RING RD,202,68,33
167,YISHUN RING RD,185,63,35
236,YISHUN RING RD,145,51,22
237,YISHUN RING RD,175,64,36
238,YISHUN RING RD,141,28,19
239,YISHUN RING RD,48,23,3
240,YISHUN RING RD,181,49,28
241,YISHUN RING RD,223,86,39
242,YISHUN RING RD,228,83,47
243,YISHUN RING RD,171,60,29
244,YISHUN RING RD,137,39,20
251,YISHUN RING RD,38,11,6
252,YISHUN RING RD,39,11,8
253,YISHUN RING RD,183,60,26
254,YISHUN RING RD,185,57,25
255,YISHUN RING RD,195,57,27
256,YISHUN RING RD,29,8,9
257,YISHUN RING RD,148,45,23
308,YISHUN RING RD,131,45,23
309,YISHUN RING RD,106,39,16
310,YISHUN RING RD,69,26,19
311,YISHUN RING RD,192,69,30
312,YISHUN RING RD,180,69,27
314,YISHUN RING RD,99,36,23
326,YISHUN RING RD,162,39,37
327,YISHUN RING RD,167,45,30
328,YISHUN RING RD,103,23,18
329,YISHUN RING RD,169,50,32
330,YISHUN RING RD,105,45,17
331,YISHUN RING RD,151,45,25
332,YISHUN RING RD,141,45,27
342A,YISHUN RING RD,52,0,51
342B,YISHUN RING RD,78,0,74
342C,YISHUN RING RD,45,0,45
352,YISHUN RING RD,109,30,20
353,YISHUN RING RD,186,59,27
354,YISHUN RING RD,194,50,32
355,YISHUN RING RD,84,15,19
355A,YISHUN RING RD,27,8,5
356,YISHUN RING RD,110,20,23
357,YISHUN RING RD,115,36,25
358,YISHUN RING RD,30,4,10
359,YISHUN RING RD,109,26,31
360,YISHUN RING RD,114,28,26
361,YISHUN RING RD,36,10,9
362,YISHUN RING RD,175,68,26
363,YISHUN RING RD,195,72,37
364,YISHUN RING RD,38,9,9
365,YISHUN RING RD,232,95,39
366,YISHUN RING RD,121,39,21
367,YISHUN RING RD,192,57,44
386,YISHUN RING RD,126,31,21
387,YISHUN RING RD,92,22,19
388,YISHUN RING RD,195,63,32
395,YISHUN RING RD,159,47,33
398,YISHUN RING RD,96,27,11
402,YISHUN RING RD,201,69,31
409,YISHUN RING RD,196,62,31
410,YISHUN RING RD,124,31,21
411,YISHUN RING RD,97,42,16
412,YISHUN RING RD,74,19,19
413,YISHUN RING RD,71,22,17
448,YISHUN RING RD,60,0,59
449,YISHUN RING RD,56,0,55
450,YISHUN RING RD,53,0,53
451,YISHUN RING RD,77,0,77
452,YISHUN RING RD,82,0,79
615,YISHUN RING RD,152,54,17
616,YISHUN RING RD,22,7,5
617,YISHUN RING RD,187,57,33
618,YISHUN RING RD,83,37,18
619,YISHUN RING RD,122,32,21
620,YISHUN RING RD,131,31,20
621,YISHUN RING RD,182,53,31
622,YISHUN RING RD,137,39,23
624,YISHUN RING RD,158,38,19
676A,YISHUN RING RD,20,0,20
676B,YISHUN RING RD,26,0,26
676C,YISHUN RING RD,32,0,32
677A,YISHUN RING RD,32,0,32
677B,YISHUN RING RD,24,0,24
677C,YISHUN RING RD,27,0,27
775,YISHUN RING RD,204,55,31
780,YISHUN RING RD,29,12,3
781,YISHUN RING RD,151,55,21
782,YISHUN RING RD,71,25,11
783,YISHUN RING RD,222,72,29
786,YISHUN RING RD,112,32,16
787,YISHUN RING RD,119,31,18
792,YISHUN RING RD,84,29,15
793,YISHUN RING RD,22,9,5
794,YISHUN RING RD,125,37,20
795,YISHUN RING RD,134,36,20
795A,YISHUN RING RD,13,4,2
796,YISHUN RING RD,127,41,25
796A,YISHUN RING RD,18,8,3
797,YISHUN RING RD,47,22,2
798,YISHUN RING RD,122,39,13
799,YISHUN RING RD,111,32,20
800,YISHUN RING RD,133,45,17
801,YISHUN RING RD,41,15,7
802,YISHUN RING RD,164,55,24
803,YISHUN RING RD,166,59,19
804,YISHUN RING RD,172,46,20
805,YISHUN RING RD,184,53,18
806,YISHUN RING RD,169,55,24
807,YISHUN RING RD,57,26,13
808,YISHUN RING RD,159,52,16
809,YISHUN RING RD,115,32,12
810,YISHUN RING RD,111,21,14
811,YISHUN RING RD,37,17,5
812,YISHUN RING RD,116,29,14
813A,YISHUN RING RD,25,0,25
813B,YISHUN RING RD,21,0,21
846,YISHUN RING RD,44,18,8
849,YISHUN RING RD,21,5,15
853,YISHUN RING RD,149,52,17
854,YISHUN RING RD,83,25,14
855,YISHUN RING RD,119,34,21
121,YISHUN ST 11,195,77,28
122,YISHUN ST 11,182,51,40
123,YISHUN ST 11,240,94,41
124,YISHUN ST 11,256,95,47
125,YISHUN ST 11,183,60,35
126,YISHUN ST 11,208,74,40
127,YISHUN ST 11,168,60,34
128,YISHUN ST 11,191,58,29
129,YISHUN ST 11,93,35,22
130,YISHUN ST 11,191,64,28
131,YISHUN ST 11,198,62,37
132,YISHUN ST 11,183,59,28
133,YISHUN ST 11,82,24,14
134,YISHUN ST 11,159,58,32
135,YISHUN ST 11,89,31,13
144,YISHUN ST 11,74,30,11
145,YISHUN ST 11,132,47,19
146,YISHUN ST 11,150,50,27
147,YISHUN ST 11,179,62,36
148,YISHUN ST 11,284,90,48
149,YISHUN ST 11,112,35,22
150,YISHUN ST 11,167,64,23
151,YISHUN ST 11,123,33,26
152,YISHUN ST 11,36,9,7
153,YISHUN ST 11,178,62,22
154,YISHUN ST 11,127,28,15
155,YISHUN ST 11,138,38,20
156,YISHUN ST 11,49,22,7
157,YISHUN ST 11,183,73,24
158,YISHUN ST 11,52,19,7
159,YISHUN ST 11,146,32,22
160,YISHUN ST 11,164,60,28
161,YISHUN ST 11,190,43,39
296,YISHUN ST 20,114,79,33
297,YISHUN ST 20,56,29,25
298,YISHUN ST 20,63,39,22
299,YISHUN ST 20,67,45,22
201,YISHUN ST 21,154,47,32
202,YISHUN ST 21,153,54,21
203,YISHUN ST 21,154,49,25
204,YISHUN ST 21,182,55,26
205,YISHUN ST 21,177,58,23
206,YISHUN ST 21,66,17,13
207,YISHUN ST 21,59,25,10
208,YISHUN ST 21,167,52,27
209,YISHUN ST 21,130,31,17
210,YISHUN ST 21,234,65,46
211,YISHUN ST 21,157,55,22
212,YISHUN ST 21,120,31,17
213,YISHUN ST 21,126,36,13
214,YISHUN ST 21,193,69,30
215,YISHUN ST 21,193,60,27
216,YISHUN ST 21,199,65,36
217,YISHUN ST 21,184,62,38
218,YISHUN ST 21,183,66,24
219,YISHUN ST 21,194,67,32
220,YISHUN ST 21,175,56,32
221,YISHUN ST 21,138,25,28
222,YISHUN ST 21,156,59,22
223,YISHUN ST 21,158,62,29
224,YISHUN ST 21,145,42,29
225,YISHUN ST 21,148,56,26
226,YISHUN ST 21,38,17,6
227,YISHUN ST 21,147,54,17
228,YISHUN ST 21,168,60,34
229,YISHUN ST 21,123,32,17
230,YISHUN ST 21,46,22,7
231,YISHUN ST 21,125,36,18
232,YISHUN ST 21,164,44,19
233,YISHUN ST 21,33,11,12
234,YISHUN ST 21,151,50,24
235,YISHUN ST 21,127,43,21
258,YISHUN ST 22,19,10,3
259,YISHUN ST 22,129,40,23
260,YISHUN ST 22,173,50,26
261,YISHUN ST 22,28,11,7
262,YISHUN ST 22,178,55,27
263,YISHUN ST 22,170,62,37
264,YISHUN ST 22,168,62,32
265,YISHUN ST 22,242,79,41
266,YISHUN ST 22,201,65,39
267,YISHUN ST 22,39,17,6
268,YISHUN ST 22,66,32,13
269,YISHUN ST 22,199,73,48
270,YISHUN ST 22,162,53,28
271,YISHUN ST 22,46,14,9
272,YISHUN ST 22,180,60,27
273,YISHUN ST 22,201,67,25
274,YISHUN ST 22,230,77,42
275,YISHUN ST 22,186,57,32
276,YISHUN ST 22,207,56,39
277,YISHUN ST 22,128,37,21
278,YISHUN ST 22,201,55,29
279,YISHUN ST 22,197,55,33
280,YISHUN ST 22,158,61,22
281,YISHUN ST 22,28,9,1
291,YISHUN ST 22,52,17,9
292,YISHUN ST 22,42,17,8
293,YISHUN ST 22,66,21,15
333A,YISHUN ST 31,53,0,48
333B,YISHUN ST 31,19,0,19
333C,YISHUN ST 31,9,0,8
333D,YISHUN ST 31,22,0,21
334A,YISHUN ST 31,42,0,41
334B,YISHUN ST 31,46,0,45
334C,YISHUN ST 31,38,0,38
334D,YISHUN ST 31,37,0,34
335A,YISHUN ST 31,35,0,33
335B,YISHUN ST 31,40,0,37
335C,YISHUN ST 31,53,0,49
336A,YISHUN ST 31,49,0,49
336B,YISHUN ST 31,41,0,39
336C,YISHUN ST 31,48,0,48
453,YISHUN ST 41,67,0,66
454,YISHUN ST 41,59,0,59
455,YISHUN ST 41,69,0,69
456,YISHUN ST 41,49,0,47
457,YISHUN ST 41,37,0,36
479A,YISHUN ST 42,10,0,10
479B,YISHUN ST 42,16,0,16
479C,YISHUN ST 42,22,0,22
468A,YISHUN ST 43,56,0,56
469A,YISHUN ST 43,40,0,40
469B,YISHUN ST 43,27,0,27
478A,YISHUN ST 44,18,0,18
478B,YISHUN ST 44,18,0,18
478C,YISHUN ST 44,19,0,19
501A,YISHUN ST 51,23,0,23
501B,YISHUN ST 51,19,0,19
502A,YISHUN ST 51,38,0,38
502B,YISHUN ST 51,25,0,25
502C,YISHUN ST 51,31,0,31
502D,YISHUN ST 51,21,0,21
504A,YISHUN ST 51,43,0,41
504B,YISHUN ST 51,38,0,36
504C,YISHUN ST 51,53,0,50
504D,YISHUN ST 51,58,0,55
505A,YISHUN ST 51,42,0,38
505B,YISHUN ST 51,54,0,52
505C,YISHUN ST 51,45,0,41
505D,YISHUN ST 51,48,0,46
511A,YISHUN ST 51,56,0,56
511B,YISHUN ST 51,52,0,52
511C,YISHUN ST 51,21,0,21
512A,YISHUN ST 51,43,0,43
512B,YISHUN ST 51,41,0,41
512C,YISHUN ST 51,35,0,35
513A,YISHUN ST 51,26,0,26
513B,YISHUN ST 51,25,0,25
513C,YISHUN ST 51,27,0,27
513D,YISHUN ST 51,42,0,42
602,YISHUN ST 61,138,45,20
603,YISHUN ST 61,131,38,23
604,YISHUN ST 61,75,28,13
605,YISHUN ST 61,98,36,14
606,YISHUN ST 61,131,29,29
607,YISHUN ST 61,112,29,16
608,YISHUN ST 61,22,7,6
609,YISHUN ST 61,224,67,27
610,YISHUN ST 61,180,52,19
611,YISHUN ST 61,106,28,16
612,YISHUN ST 61,103,24,20
613,YISHUN ST 61,134,38,20
614,YISHUN ST 61,123,29,20
625,YISHUN ST 61,120,34,17
626,YISHUN ST 61,148,47,18
627,YISHUN ST 61,183,58,28
628,YISHUN ST 61,160,41,23
629,YISHUN ST 61,167,61,26
630,YISHUN ST 61,187,59,36
631,YISHUN ST 61,32,12,6
632,YISHUN ST 61,89,27,15
633,YISHUN ST 61,98,24,19
633A,YISHUN ST 61,14,4,3
634,YISHUN ST 61,195,54,40
635,YISHUN ST 61,168,41,26
636,YISHUN ST 61,120,39,18
636A,YISHUN ST 61,17,10,1
637,YISHUN ST 61,122,41,20
637A,YISHUN ST 61,14,4,4
638,YISHUN ST 61,172,54,29
639,YISHUN ST 61,190,64,25
640,YISHUN ST 61,79,31,15
640A,YISHUN ST 61,12,0,5
641,YISHUN ST 61,104,41,22
642,YISHUN ST 61,171,55,25
643,YISHUN ST 61,167,30,36
644,YISHUN ST 61,167,48,29
645,YISHUN ST 61,79,28,18
645A,YISHUN ST 61,13,7,0
646,YISHUN ST 61,190,50,36
647,YISHUN ST 61,132,39,25
713,YISHUN ST 71,156,57,21
714,YISHUN ST 71,148,69,31
715,YISHUN ST 71,156,45,24
716,YISHUN ST 71,156,48,34
717,YISHUN ST 71,177,63,23
718,YISHUN ST 71,171,71,31
719,YISHUN ST 71,182,59,29
720,YISHUN ST 71,182,51,35
721,YISHUN ST 71,169,54,24
722,YISHUN ST 71,236,73,43
723,YISHUN ST 71,136,31,21
724,YISHUN ST 71,140,27,21
725,YISHUN ST 71,228,85,33
726,YISHUN ST 71,219,62,34
727,YISHUN ST 71,175,51,22
728,YISHUN ST 71,167,66,22
729,YISHUN ST 71,139,44,24
730,YISHUN ST 71,151,38,26
731,YISHUN ST 72,61,19,14
735,YISHUN ST 72,175,52,25
736,YISHUN ST 72,248,91,39
737,YISHUN ST 72,109,33,19
738,YISHUN ST 72,152,49,24
744,YISHUN ST 72,40,17,5
745,YISHUN ST 72,202,55,34
746,YISHUN ST 72,179,65,20
747,YISHUN ST 72,37,16,4
748,YISHUN ST 72,33,10,6
749,YISHUN ST 72,105,21,22
750,YISHUN ST 72,114,34,15
751,YISHUN ST 72,129,35,22
752,YISHUN ST 72,151,41,28
753,YISHUN ST 72,41,11,6
754,YISHUN ST 72,177,46,22
755,YISHUN ST 72,217,68,28
756,YISHUN ST 72,218,73,36
757,YISHUN ST 72,152,37,25
758,YISHUN ST 72,142,41,17
759,YISHUN ST 72,206,58,32
760,YISHUN ST 72,218,73,35
761,YISHUN ST 72,56,19,8
762,YISHUN ST 72,182,52,33
763,YISHUN ST 72,66,22,10
764,YISHUN ST 72,182,52,24
765,YISHUN ST 72,154,40,23
816,YISHUN ST 81,115,28,14
817,YISHUN ST 81,24,7,5
819,YISHUN ST 81,15,3,3
820,YISHUN ST 81,139,39,31
821,YISHUN ST 81,104,36,18
822,YISHUN ST 81,9,2,3
823,YISHUN ST 81,11,4,2
824,YISHUN ST 81,80,20,21
825,YISHUN ST 81,202,68,36
826,YISHUN ST 81,88,21,13
827,YISHUN ST 81,28,8,7
828,YISHUN ST 81,100,27,26
829,YISHUN ST 81,205,71,24
830,YISHUN ST 81,160,48,21
832,YISHUN ST 81,93,32,14
833,YISHUN ST 81,151,53,22
834,YISHUN ST 81,83,21,15
835,YISHUN ST 81,36,8,6
836,YISHUN ST 81,73,19,15
837,YISHUN ST 81,28,9,4
838,YISHUN ST 81,104,30,16
839,YISHUN ST 81,178,57,24
840,YISHUN ST 81,169,48,26
841,YISHUN ST 81,100,35,14
844,YISHUN ST 81,88,27,13
848,YISHUN ST 81,24,9,4
850,YISHUN ST 81,140,38,19
851,YISHUN ST 81,120,42,24
852,YISHUN ST 81,177,56,37
865,YISHUN ST 81,174,55,35
866,YISHUN ST 81,130,39,19
867,YISHUN ST 81,217,60,37
868,YISHUN ST 81,237,76,37
870,YISHUN ST 81,51,13,11
871,YISHUN ST 81,106,32,18
872,YISHUN ST 81,111,35,14
873,YISHUN ST 81,145,47,20
874,YISHUN ST 81,100,29,18
875,YISHUN ST 81,162,48,26
876,YISHUN ST 81,60,19,13
877,YISHUN ST 81,117,24,27
878,YISHUN ST 81,15,5,4
879,YISHUN ST 81,202,65,36
880,YISHUN ST 81,88,32,10
121,YUAN CHING RD,96,38,57
122,YUAN CHING RD,79,36,41
138A,YUAN CHING RD,57,0,56
138B,YUAN CHING RD,55,0,55
138C,YUAN CHING RD,58,0,55
138D,YUAN CHING RD,59,0,58
357,YUNG AN RD,68,26,9
358,YUNG AN RD,42,14,9
359,YUNG AN RD,105,37,18
360,YUNG AN RD,84,37,14
361,YUNG AN RD,112,44,22
362,YUNG AN RD,34,8,10
363,YUNG AN RD,26,7,7
369,YUNG AN RD,43,15,14
151,YUNG HO RD,77,24,16
152,YUNG HO RD,88,40,15
153,YUNG HO RD,79,28,24
154,YUNG HO RD,74,21,19
10,YUNG KUANG RD,114,25,0
164A,YUNG KUANG RD,15,0,15
165A,YUNG KUANG RD,23,0,23
165B,YUNG KUANG RD,38,0,38
166A,YUNG KUANG RD,40,0,40
166B,YUNG KUANG RD,38,0,38
175A,YUNG KUANG RD,65,0,61
175B,YUNG KUANG RD,32,0,31
175C,YUNG KUANG RD,20,0,20
7,YUNG KUANG RD,128,29,0
8,YUNG KUANG RD,106,28,0
155,YUNG LOH RD,56,24,9
156,YUNG LOH RD,70,28,11
157,YUNG LOH RD,85,42,15
158,YUNG LOH RD,110,43,30
159,YUNG PING RD,68,27,18
160,YUNG PING RD,56,28,8
161,YUNG PING RD,77,41,20
162,YUNG PING RD,48,17,14
163,YUNG PING RD,76,35,21
5,YUNG PING RD,98,13,0
6,YUNG PING RD,112,23,0
177,YUNG SHENG RD,64,31,33
178,YUNG SHENG RD,41,24,16
179,YUNG SHENG RD,42,26,16
180,YUNG SHENG RD,89,46,43
181,YUNG SHENG RD,59,28,31
182,YUNG SHENG RD,32,17,15
183,YUNG SHENG RD,48,31,17
184,YUNG SHENG RD,72,38,33
87,ZION RD,116,39,28
88,ZION RD,85,17,0
89,ZION RD,47,9,0
90,ZION RD,55,15,0
91,ZION RD,59,12,0
