block,street_name,match_type,km_raffles_mean,km_raffles_nearest,km_cityhall_mean,km_cityhall_nearest
353A,ADMIRALTY DR,exact,18.8949,18.9005,17.8820,17.8825
353B,ADMIRALTY DR,exact,18.8507,18.8562,17.8375,17.8381
353C,ADMIRALTY DR,exact,18.8032,18.8087,17.7899,17.7905
354A,ADMIRALTY DR,exact,18.8487,18.8542,17.8363,17.8368
354B,ADMIRALTY DR,exact,18.8895,18.8950,17.8774,17.8778
354C,ADMIRALTY DR,exact,18.9255,18.9310,17.9142,17.9145
354D,ADMIRALTY DR,exact,18.9323,18.9377,17.9201,17.9205
356A,ADMIRALTY DR,exact,18.8254,18.8308,17.8174,17.8171
356B,ADMIRALTY DR,exact,18.7905,18.7959,17.7815,17.7813
356C,ADMIRALTY DR,exact,18.7837,18.7892,17.7739,17.7739
357,ADMIRALTY DR,exact,18.8997,18.9050,17.8922,17.8918
357A,ADMIRALTY DR,exact,18.8876,18.8930,17.8790,17.8788
357B,ADMIRALTY DR,exact,18.9022,18.9076,17.8928,17.8928
357C,ADMIRALTY DR,exact,18.8510,18.8564,17.8412,17.8412
359,ADMIRALTY DR,exact,18.8772,18.8825,17.8709,17.8704
359A,ADMIRALTY DR,exact,18.8797,18.8851,17.8742,17.8735
359B,ADMIRALTY DR,exact,18.8872,18.8926,17.8827,17.8818
359C,ADMIRALTY DR,exact,18.8410,18.8463,17.8375,17.8364
360A,ADMIRALTY DR,exact,18.8226,18.8280,17.8167,17.8161
360B,ADMIRALTY DR,exact,18.7866,18.7920,17.7822,17.7813
360C,ADMIRALTY DR,exact,18.7927,18.7980,17.7894,17.7883
467,ADMIRALTY DR,exact,19.1847,19.1900,18.1803,18.1794
467A,ADMIRALTY DR,exact,19.1732,19.1785,18.1698,18.1688
467B,ADMIRALTY DR,exact,19.0862,19.0914,18.0838,18.0826
468A,ADMIRALTY DR,exact,19.0156,19.0209,18.0134,18.0121
468B,ADMIRALTY DR,exact,18.9515,18.9568,17.9488,17.9476
468C,ADMIRALTY DR,exact,18.9657,18.9710,17.9612,17.9604
468D,ADMIRALTY DR,exact,19.0368,19.0421,18.0333,18.0323
469,ADMIRALTY DR,exact,18.7931,18.7984,17.7912,17.7899
469A,ADMIRALTY DR,exact,18.9527,18.9579,17.9509,17.9496
469B,ADMIRALTY DR,exact,18.7816,18.7869,17.7814,17.7798
401,ADMIRALTY LINK,exact,19.3747,19.3801,18.3666,18.3663
402,ADMIRALTY LINK,exact,19.3343,19.3397,18.3265,18.3262
403,ADMIRALTY LINK,exact,19.3291,19.3345,18.3205,18.3203
404,ADMIRALTY LINK,exact,19.2832,19.2887,18.2742,18.2741
405,ADMIRALTY LINK,exact,19.2615,19.2669,18.2532,18.2529
482,ADMIRALTY LINK,exact,19.5100,19.5153,18.5020,18.5017
483,ADMIRALTY LINK,exact,19.5722,19.5777,18.5639,18.5636
484,ADMIRALTY LINK,exact,19.6910,19.6964,18.6827,18.6825
485,ADMIRALTY LINK,exact,19.6083,19.6137,18.5992,18.5991
486,ADMIRALTY LINK,exact,19.5595,19.5650,18.5502,18.5501
487,ADMIRALTY LINK,exact,19.4983,19.5037,18.4890,18.4889
488,ADMIRALTY LINK,exact,19.4483,19.4537,18.4386,18.4386
489,ADMIRALTY LINK,exact,19.4263,19.4318,18.4160,18.4161
490,ADMIRALTY LINK,exact,19.4551,19.4606,18.4439,18.4442
491,ADMIRALTY LINK,exact,19.5336,19.5391,18.5211,18.5216
492,ADMIRALTY LINK,exact,19.5845,19.5900,18.5729,18.5733
493,ADMIRALTY LINK,exact,19.6014,19.6069,18.5906,18.5908
101,AH HOOD RD,exact,4.9192,4.9250,3.9035,3.9032
103,AH HOOD RD,exact,4.9756,4.9814,3.9564,3.9568
137,ALEXANDRA RD,none,,,,
138,ALEXANDRA RD,exact,3.6351,3.6301,3.6520,3.5980
115,ALJUNIED AVE 2,exact,5.7784,5.7881,4.9770,5.0260
119,ALJUNIED AVE 2,exact,5.5890,5.5987,4.7883,4.8375
101,ALJUNIED CRES,exact,5.4528,5.4625,4.6159,4.6636
102,ALJUNIED CRES,exact,5.3447,5.3544,4.5030,4.5505
104,ALJUNIED CRES,exact,5.3421,5.3518,4.5084,4.5563
105,ALJUNIED CRES,exact,5.2869,5.2966,4.4589,4.5071
106,ALJUNIED CRES,exact,5.2634,5.2731,4.4416,4.4900
107,ALJUNIED CRES,exact,5.3598,5.3695,4.5538,4.6028
108,ALJUNIED CRES,exact,5.4557,5.4654,4.6582,4.7075
109,ALJUNIED CRES,exact,5.4062,5.4159,4.5970,4.6459
110,ALJUNIED CRES,exact,5.4540,5.4637,4.6384,4.6870
111,ALJUNIED CRES,exact,5.4744,5.4841,4.6522,4.7006
112,ALJUNIED CRES,exact,5.5397,5.5494,4.7261,4.7747
95,ALJUNIED CRES,exact,5.7274,5.7371,4.9114,4.9599
96,ALJUNIED CRES,exact,5.6659,5.6757,4.8427,4.8909
97,ALJUNIED CRES,exact,5.6551,5.6649,4.8381,4.8865
98,ALJUNIED CRES,exact,5.6213,5.6310,4.8091,4.8577
99,ALJUNIED CRES,exact,5.5607,5.5705,4.7290,4.7769
125,ALJUNIED RD,exact,5.5435,5.5531,4.6683,4.7141
126,ALJUNIED RD,exact,5.5998,5.6095,4.7252,4.7711
111A,ALKAFF CRES,exact,6.1622,6.1712,5.1545,5.1891
111B,ALKAFF CRES,exact,6.2030,6.2120,5.1957,5.2303
112A,ALKAFF CRES,exact,6.2505,6.2596,5.2425,5.2770
112B,ALKAFF CRES,exact,6.2982,6.3072,5.2897,5.3240
113A,ALKAFF CRES,exact,6.2930,6.3020,5.2821,5.3162
114A,ALKAFF CRES,exact,6.2395,6.2485,5.2269,5.2608
114B,ALKAFF CRES,exact,6.1921,6.2011,5.1800,5.2139
115A,ALKAFF CRES,exact,6.3273,6.3363,5.3130,5.3465
115C,ALKAFF CRES,exact,6.4125,6.4215,5.3970,5.4304
118A,ALKAFF CRES,exact,6.3743,6.3834,5.3657,5.4001
334A,ANCHORVALE CRES,exact,13.4340,13.4427,12.3972,12.4261
334B,ANCHORVALE CRES,exact,13.4610,13.4698,12.4252,12.4543
334C,ANCHORVALE CRES,exact,13.3421,13.3508,12.3064,12.3356
335A,ANCHORVALE CRES,exact,13.4188,13.4275,12.3813,12.4101
335B,ANCHORVALE CRES,exact,13.4218,13.4305,12.3831,12.4116
335C,ANCHORVALE CRES,exact,13.3969,13.4056,12.3576,12.3861
336A,ANCHORVALE CRES,exact,13.3416,13.3503,12.3051,12.3341
336B,ANCHORVALE CRES,exact,13.3324,13.3412,12.2955,12.3244
336C,ANCHORVALE CRES,exact,13.3369,13.3456,12.2989,12.3275
336D,ANCHORVALE CRES,exact,13.3276,13.3363,12.2890,12.3175
338A,ANCHORVALE CRES,exact,13.5070,13.5157,12.4686,12.4971
338B,ANCHORVALE CRES,exact,13.5678,13.5765,12.5309,12.5598
338C,ANCHORVALE CRES,exact,13.6272,13.6359,12.5905,12.6195
338D,ANCHORVALE CRES,exact,13.5483,13.5570,12.5093,12.5378
301A,ANCHORVALE DR,exact,12.5391,12.5480,11.5147,11.5459
301B,ANCHORVALE DR,exact,12.5438,12.5527,11.5177,11.5486
301C,ANCHORVALE DR,exact,12.4612,12.4701,11.4357,11.4668
301D,ANCHORVALE DR,exact,12.4581,12.4670,11.4332,11.4644
319A,ANCHORVALE DR,exact,12.6419,12.6507,11.6123,11.6427
319B,ANCHORVALE DR,exact,12.7376,12.7464,11.7081,11.7385
319C,ANCHORVALE DR,exact,12.6909,12.6997,11.6622,11.6927
320A,ANCHORVALE DR,exact,12.6471,12.6560,11.6198,11.6505
320B,ANCHORVALE DR,exact,12.7354,12.7442,11.7068,11.7373
320C,ANCHORVALE DR,exact,12.7547,12.7635,11.7272,11.7579
320D,ANCHORVALE DR,exact,12.7432,12.7521,11.7172,11.7482
321A,ANCHORVALE DR,exact,12.6536,12.6625,11.6290,11.6602
321B,ANCHORVALE DR,exact,12.7203,12.7292,11.6958,11.7270
321C,ANCHORVALE DR,exact,12.6973,12.7062,11.6711,11.7021
322A,ANCHORVALE DR,exact,12.8219,12.8308,11.7966,11.8277
322B,ANCHORVALE DR,exact,12.7872,12.7961,11.7611,11.7920
322C,ANCHORVALE DR,exact,12.8520,12.8609,11.8258,11.8567
311A,ANCHORVALE LANE,exact,12.4668,12.4754,11.4245,11.4522
311B,ANCHORVALE LANE,exact,12.5059,12.5146,11.4639,11.4917
311C,ANCHORVALE LANE,exact,12.5435,12.5521,11.5015,11.5293
311D,ANCHORVALE LANE,exact,12.5825,12.5912,11.5409,11.5688
312A,ANCHORVALE LANE,exact,12.5844,12.5930,11.5436,11.5717
312B,ANCHORVALE LANE,exact,12.5958,12.6045,11.5557,11.5840
353A,ANCHORVALE LANE,exact,12.8196,12.8283,11.7785,11.8065
353B,ANCHORVALE LANE,exact,12.8851,12.8937,11.8441,11.8721
355A,ANCHORVALE LANE,exact,12.7139,12.7226,11.6724,11.7003
356A,ANCHORVALE LANE,exact,12.7540,12.7626,11.7116,11.7393
356B,ANCHORVALE LANE,exact,12.7943,12.8029,11.7511,11.7786
302A,ANCHORVALE LINK,exact,12.3670,12.3760,11.3428,11.3741
302B,ANCHORVALE LINK,exact,12.3781,12.3870,11.3523,11.3834
302C,ANCHORVALE LINK,exact,12.3792,12.3881,11.3520,11.3827
302D,ANCHORVALE LINK,exact,12.3755,12.3844,11.3471,11.3776
303A,ANCHORVALE LINK,exact,12.2995,12.3084,11.2746,11.3058
303B,ANCHORVALE LINK,exact,12.2991,12.3080,11.2717,11.3024
303C,ANCHORVALE LINK,exact,12.3317,12.3405,11.3050,11.3359
304A,ANCHORVALE LINK,exact,12.3127,12.3215,11.2827,11.3130
304B,ANCHORVALE LINK,exact,12.4030,12.4119,11.3730,11.4033
305A,ANCHORVALE LINK,exact,12.3380,12.3468,11.3058,11.3357
305B,ANCHORVALE LINK,exact,12.4371,12.4459,11.4053,11.4352
305C,ANCHORVALE LINK,exact,12.4054,12.4142,11.3720,11.4016
305D,ANCHORVALE LINK,exact,12.3729,12.3816,11.3383,11.3677
306A,ANCHORVALE LINK,exact,12.5570,12.5658,11.5254,11.5553
306B,ANCHORVALE LINK,exact,12.4878,12.4966,11.4556,11.4855
306C,ANCHORVALE LINK,exact,12.4921,12.5009,11.4586,11.4883
314A,ANCHORVALE LINK,exact,12.6428,12.6516,11.6108,11.6407
314B,ANCHORVALE LINK,exact,12.6409,12.6497,11.6081,11.6379
314C,ANCHORVALE LINK,exact,12.6890,12.6978,11.6562,11.6859
314D,ANCHORVALE LINK,exact,12.6953,12.7041,11.6631,11.6930
316A,ANCHORVALE LINK,exact,12.8219,12.8307,11.7890,11.8188
316B,ANCHORVALE LINK,exact,12.8290,12.8378,11.7949,11.8243
316C,ANCHORVALE LINK,exact,12.8458,12.8546,11.8105,11.8397
318A,ANCHORVALE LINK,exact,12.9542,12.9630,11.9212,11.9509
318B,ANCHORVALE LINK,exact,12.9355,12.9443,11.9008,11.9302
318C,ANCHORVALE LINK,exact,12.8864,12.8952,11.8523,11.8818
318D,ANCHORVALE LINK,exact,12.8846,12.8934,11.8517,11.8814
332A,ANCHORVALE LINK,exact,13.1735,13.1823,12.1423,12.1723
332B,ANCHORVALE LINK,exact,13.1630,13.1719,12.1327,12.1629
332C,ANCHORVALE LINK,exact,13.1711,13.1799,12.1419,12.1723
333A,ANCHORVALE LINK,exact,13.0967,13.1055,12.0654,12.0954
333B,ANCHORVALE LINK,exact,13.1065,13.1154,12.0765,12.1068
333C,ANCHORVALE LINK,exact,13.1027,13.1115,12.0736,12.1040
333D,ANCHORVALE LINK,exact,13.1008,13.1096,12.0729,12.1035
307A,ANCHORVALE RD,exact,12.4380,12.4468,11.4048,11.4344
307B,ANCHORVALE RD,exact,12.4318,12.4406,11.3972,11.4266
307C,ANCHORVALE RD,exact,12.4579,12.4667,11.4223,11.4516
307D,ANCHORVALE RD,exact,12.4777,12.4864,11.4405,11.4694
308A,ANCHORVALE RD,exact,12.4153,12.4240,11.3773,11.4060
308B,ANCHORVALE RD,exact,12.4413,12.4501,11.4046,11.4335
308C,ANCHORVALE RD,exact,12.3771,12.3858,11.3414,11.3706
309A,ANCHORVALE RD,exact,12.6142,12.6229,11.5754,11.6039
309B,ANCHORVALE RD,exact,12.5748,12.5835,11.5356,11.5641
309C,ANCHORVALE RD,exact,12.5373,12.5460,11.4981,11.5266
309D,ANCHORVALE RD,exact,12.4979,12.5066,11.4584,11.4868
310A,ANCHORVALE RD,exact,12.4921,12.5008,11.4516,11.4798
310B,ANCHORVALE RD,exact,12.4807,12.4894,11.4396,11.4676
313A,ANCHORVALE RD,exact,12.6496,12.6583,11.6136,11.6427
313B,ANCHORVALE RD,exact,12.6421,12.6508,11.6073,11.6367
313C,ANCHORVALE RD,exact,12.6931,12.7019,11.6580,11.6873
313D,ANCHORVALE RD,exact,12.7107,12.7194,11.6744,11.7035
315A,ANCHORVALE RD,exact,12.7408,12.7496,11.7077,11.7374
315B,ANCHORVALE RD,exact,12.7405,12.7493,11.7058,11.7352
315C,ANCHORVALE RD,exact,12.7483,12.7570,11.7129,11.7421
317A,ANCHORVALE RD,exact,12.9119,12.9206,11.8752,11.9042
317B,ANCHORVALE RD,exact,12.9257,12.9344,11.8902,11.9194
317C,ANCHORVALE RD,exact,12.8720,12.8808,11.8362,11.8653
317D,ANCHORVALE RD,exact,12.8624,12.8711,11.8259,11.8549
326A,ANCHORVALE RD,exact,13.0177,13.0264,11.9804,12.0092
326B,ANCHORVALE RD,exact,13.0602,13.0689,12.0227,12.0515
326C,ANCHORVALE RD,exact,13.1048,13.1135,12.0671,12.0958
326D,ANCHORVALE RD,exact,13.1496,13.1583,12.1117,12.1404
327A,ANCHORVALE RD,exact,13.0752,13.0840,12.0389,12.0679
327B,ANCHORVALE RD,exact,13.1171,13.1259,12.0806,12.1096
327C,ANCHORVALE RD,exact,13.1673,13.1760,12.1306,12.1596
351A,ANCHORVALE RD,exact,12.8884,12.8970,11.8488,11.8772
351B,ANCHORVALE RD,exact,12.8934,12.9021,11.8546,11.8832
351C,ANCHORVALE RD,exact,12.8563,12.8650,11.8177,11.8462
351D,ANCHORVALE RD,exact,12.8331,12.8418,11.7936,11.8219
329A,ANCHORVALE ST,exact,13.2133,13.2220,12.1785,12.2079
329B,ANCHORVALE ST,exact,13.1588,13.1676,12.1239,12.1532
330A,ANCHORVALE ST,exact,13.2641,13.2729,12.2293,12.2587
330B,ANCHORVALE ST,exact,13.2703,13.2791,12.2363,12.2658
331A,ANCHORVALE ST,exact,13.2147,13.2235,12.1816,12.2113
331B,ANCHORVALE ST,exact,13.1731,13.1819,12.1395,12.1691
331C,ANCHORVALE ST,exact,13.1504,13.1592,12.1162,12.1456
205,ANG MO KIO AVE 1,exact,9.2964,9.3027,8.2579,8.2634
207,ANG MO KIO AVE 1,exact,9.1805,9.1867,8.1445,8.1494
208,ANG MO KIO AVE 1,exact,9.1405,9.1467,8.1051,8.1098
215,ANG MO KIO AVE 1,exact,9.2771,9.2832,8.2446,8.2486
216,ANG MO KIO AVE 1,exact,9.2387,9.2448,8.2068,8.2107
218,ANG MO KIO AVE 1,exact,9.1166,9.1227,8.0843,8.0883
219,ANG MO KIO AVE 1,exact,9.2268,9.2328,8.1977,8.2010
220,ANG MO KIO AVE 1,exact,9.1854,9.1913,8.1570,8.1601
221,ANG MO KIO AVE 1,exact,9.2883,9.2942,8.2631,8.2655
222,ANG MO KIO AVE 1,exact,9.2505,9.2564,8.2259,8.2282
223,ANG MO KIO AVE 1,exact,9.2747,9.2805,8.2546,8.2560
225,ANG MO KIO AVE 1,exact,9.4223,9.4281,8.4012,8.4028
226,ANG MO KIO AVE 1,exact,9.4544,9.4602,8.4321,8.4340
226B,ANG MO KIO AVE 1,exact,9.3915,9.3974,8.3654,8.3681
226E,ANG MO KIO AVE 1,exact,9.2959,9.3018,8.2695,8.2722
226F,ANG MO KIO AVE 1,exact,9.3164,9.3223,8.2907,8.2933
303,ANG MO KIO AVE 1,exact,9.2485,9.2549,8.2055,8.2122
304,ANG MO KIO AVE 1,exact,9.2105,9.2169,8.1682,8.1747
305,ANG MO KIO AVE 1,exact,9.1800,9.1865,8.1352,8.1424
306,ANG MO KIO AVE 1,exact,9.1421,9.1486,8.0980,8.1051
307,ANG MO KIO AVE 1,none,,,,
307A,ANG MO KIO AVE 1,exact,9.1817,9.1880,8.1410,8.1471
307B,ANG MO KIO AVE 1,exact,9.1642,9.1705,8.1230,8.1292
307C,ANG MO KIO AVE 1,exact,9.1286,9.1350,8.0860,8.0926
308,ANG MO KIO AVE 1,none,,,,
308A,ANG MO KIO AVE 1,exact,9.1299,9.1362,8.0904,8.0962
308B,ANG MO KIO AVE 1,exact,9.1015,9.1078,8.0608,8.0668
309,ANG MO KIO AVE 1,none,,,,
310A,ANG MO KIO AVE 1,exact,9.0598,9.0660,8.0211,8.0267
310B,ANG MO KIO AVE 1,exact,9.0357,9.0420,7.9959,8.0017
310C,ANG MO KIO AVE 1,exact,9.0261,9.0325,7.9847,7.9910
316,ANG MO KIO AVE 1,none,,,,
319,ANG MO KIO AVE 1,exact,9.0617,9.0683,8.0138,8.0220
320,ANG MO KIO AVE 1,exact,9.1118,9.1185,8.0616,8.0706
321,ANG MO KIO AVE 1,exact,9.0590,9.0657,8.0089,8.0178
330,ANG MO KIO AVE 1,exact,8.7543,8.7612,7.6992,7.7101
331,ANG MO KIO AVE 1,exact,8.7188,8.7257,7.6642,7.6749
332,ANG MO KIO AVE 1,exact,8.6697,8.6767,7.6131,7.6247
333,ANG MO KIO AVE 1,exact,8.6331,8.6401,7.5769,7.5883
334,ANG MO KIO AVE 1,exact,8.8973,8.9043,7.8423,7.8532
335,ANG MO KIO AVE 1,exact,8.8411,8.8479,7.7865,7.7972
336,ANG MO KIO AVE 1,exact,8.8815,8.8885,7.8250,7.8366
337,ANG MO KIO AVE 1,exact,8.8391,8.8461,7.7830,7.7944
338,ANG MO KIO AVE 1,exact,8.9210,8.9278,7.8697,7.8791
339,ANG MO KIO AVE 1,exact,9.0506,9.0573,7.9989,8.0084
340,ANG MO KIO AVE 1,exact,8.9813,8.9880,7.9290,7.9387
401,ANG MO KIO AVE 10,exact,8.6083,8.6155,7.5474,7.5617
402,ANG MO KIO AVE 10,exact,8.6588,8.6661,7.5981,7.6123
403,ANG MO KIO AVE 10,exact,8.6323,8.6396,7.5722,7.5859
404,ANG MO KIO AVE 10,exact,8.6781,8.6853,7.6180,7.6317
405,ANG MO KIO AVE 10,exact,8.6634,8.6706,7.6043,7.6173
406,ANG MO KIO AVE 10,exact,8.7110,8.7181,7.6517,7.6648
407,ANG MO KIO AVE 10,exact,8.7070,8.7142,7.6463,7.6605
408,ANG MO KIO AVE 10,exact,8.7234,8.7306,7.6633,7.6770
411,ANG MO KIO AVE 10,exact,8.8717,8.8789,7.8111,7.8252
412,ANG MO KIO AVE 10,exact,8.9228,8.9301,7.8622,7.8763
413,ANG MO KIO AVE 10,exact,8.8794,8.8865,7.8204,7.8333
414,ANG MO KIO AVE 10,exact,8.9223,8.9294,7.8631,7.8761
415,ANG MO KIO AVE 10,exact,8.9824,8.9895,7.9235,7.9364
416,ANG MO KIO AVE 10,exact,8.9981,9.0054,7.9377,7.9517
417,ANG MO KIO AVE 10,exact,9.0450,9.0523,7.9845,7.9985
418,ANG MO KIO AVE 10,exact,9.0385,9.0456,7.9791,7.9923
419,ANG MO KIO AVE 10,exact,9.0834,9.0906,8.0240,8.0372
421,ANG MO KIO AVE 10,exact,9.0841,9.0912,8.0261,8.0384
431,ANG MO KIO AVE 10,exact,9.3994,9.4065,8.3414,8.3538
432,ANG MO KIO AVE 10,exact,9.4109,9.4180,8.3522,8.3650
433,ANG MO KIO AVE 10,exact,9.3875,9.3947,8.3280,8.3413
434,ANG MO KIO AVE 10,exact,9.3640,9.3711,8.3054,8.3181
435,ANG MO KIO AVE 10,exact,9.3456,9.3527,8.2861,8.2994
436,ANG MO KIO AVE 10,exact,9.3047,9.3118,8.2454,8.2585
437,ANG MO KIO AVE 10,exact,9.2866,9.2937,8.2283,8.2408
438,ANG MO KIO AVE 10,exact,9.2630,9.2702,8.2039,8.2169
439,ANG MO KIO AVE 10,exact,9.1863,9.1934,8.1277,8.1404
440,ANG MO KIO AVE 10,exact,9.2041,9.2113,8.1446,8.1579
441,ANG MO KIO AVE 10,exact,9.1616,9.1688,8.1022,8.1154
442,ANG MO KIO AVE 10,exact,9.1223,9.1295,8.0618,8.0758
443,ANG MO KIO AVE 10,exact,9.1664,9.1736,8.1058,8.1199
444,ANG MO KIO AVE 10,exact,9.2293,9.2366,8.1686,8.1828
445,ANG MO KIO AVE 10,exact,9.2723,9.2795,8.2114,8.2257
446,ANG MO KIO AVE 10,exact,9.3570,9.3643,8.2965,8.3105
447,ANG MO KIO AVE 10,exact,9.3291,9.3364,8.2681,8.2826
448,ANG MO KIO AVE 10,exact,9.3277,9.3351,8.2664,8.2812
449,ANG MO KIO AVE 10,exact,9.3718,9.3791,8.3107,8.3252
450,ANG MO KIO AVE 10,exact,9.4379,9.4452,8.3773,8.3914
451,ANG MO KIO AVE 10,exact,9.4726,9.4798,8.4119,8.4261
452,ANG MO KIO AVE 10,exact,9.4881,9.4954,8.4269,8.4415
453,ANG MO KIO AVE 10,exact,9.4517,9.4590,8.3907,8.4051
454,ANG MO KIO AVE 10,none,,,,
455,ANG MO KIO AVE 10,none,,,,
456,ANG MO KIO AVE 10,exact,9.3149,9.3224,8.2524,8.2688
457,ANG MO KIO AVE 10,exact,9.1556,9.1632,8.0931,8.1097
458,ANG MO KIO AVE 10,exact,9.2592,9.2668,8.1965,8.2136
459,ANG MO KIO AVE 10,exact,9.3065,9.3141,8.2439,8.2608
460,ANG MO KIO AVE 10,exact,9.2285,9.2361,8.1659,8.1827
461,ANG MO KIO AVE 10,exact,9.3446,9.3520,8.2827,8.2982
462,ANG MO KIO AVE 10,exact,9.2864,9.2938,8.2241,8.2401
463,ANG MO KIO AVE 10,exact,9.2809,9.2883,8.2189,8.2345
464,ANG MO KIO AVE 10,exact,9.2522,9.2596,8.1905,8.2057
465,ANG MO KIO AVE 10,exact,9.1958,9.2032,8.1339,8.1493
466,ANG MO KIO AVE 10,exact,9.1524,9.1598,8.0906,8.1059
467,ANG MO KIO AVE 10,exact,9.1030,9.1103,8.0413,8.0564
468,ANG MO KIO AVE 10,exact,9.0423,9.0496,7.9809,7.9957
470,ANG MO KIO AVE 10,exact,8.9587,8.9661,7.8970,7.9122
471,ANG MO KIO AVE 10,exact,8.8886,8.8960,7.8269,7.8421
472,ANG MO KIO AVE 10,exact,8.8647,8.8722,7.8023,7.8186
473,ANG MO KIO AVE 10,exact,8.8440,8.8514,7.7822,7.7975
474,ANG MO KIO AVE 10,exact,8.8210,8.8285,7.7586,7.7748
475,ANG MO KIO AVE 10,exact,8.7982,8.8055,7.7366,7.7516
476,ANG MO KIO AVE 10,exact,8.7788,8.7863,7.7165,7.7326
529,ANG MO KIO AVE 10,exact,9.8665,9.8738,8.8061,8.8201
530,ANG MO KIO AVE 10,exact,9.9088,9.9161,8.8486,8.8624
531,ANG MO KIO AVE 10,exact,9.9711,9.9783,8.9117,8.9249
532,ANG MO KIO AVE 10,exact,10.0254,10.0326,8.9658,8.9792
534,ANG MO KIO AVE 10,exact,10.0517,10.0588,8.9925,9.0055
536,ANG MO KIO AVE 10,exact,10.0976,10.1047,9.0385,9.0515
539,ANG MO KIO AVE 10,exact,10.1982,10.2054,9.1390,9.1521
540,ANG MO KIO AVE 10,exact,10.1942,10.2015,9.1339,9.1478
541,ANG MO KIO AVE 10,exact,10.0428,10.0500,8.9822,8.9963
542,ANG MO KIO AVE 10,exact,10.1347,10.1420,9.0741,9.0882
543,ANG MO KIO AVE 10,exact,10.0882,10.0955,9.0273,9.0417
544,ANG MO KIO AVE 10,exact,10.0517,10.0590,8.9906,9.0052
545,ANG MO KIO AVE 10,exact,9.9640,9.9713,8.9029,8.9175
546,ANG MO KIO AVE 10,exact,10.0211,10.0285,8.9596,8.9746
547,ANG MO KIO AVE 10,exact,10.0921,10.0995,9.0300,9.0457
548,ANG MO KIO AVE 10,exact,9.9394,9.9468,8.8779,8.8929
549,ANG MO KIO AVE 10,exact,9.9699,9.9773,8.9082,8.9234
550,ANG MO KIO AVE 10,exact,10.0253,10.0328,8.9632,8.9789
551,ANG MO KIO AVE 10,exact,10.0649,10.0724,9.0026,9.0186
552,ANG MO KIO AVE 10,exact,9.8658,9.8731,8.8044,8.8192
553,ANG MO KIO AVE 10,exact,9.9061,9.9135,8.8445,8.8596
554,ANG MO KIO AVE 10,exact,9.9346,9.9420,8.8726,8.8881
555,ANG MO KIO AVE 10,exact,9.7487,9.7561,8.6871,8.7022
556,ANG MO KIO AVE 10,exact,9.8459,9.8533,8.7840,8.7995
557,ANG MO KIO AVE 10,exact,9.8017,9.8091,8.7397,8.7553
558,ANG MO KIO AVE 10,exact,9.7715,9.7790,8.7090,8.7255
559,ANG MO KIO AVE 10,exact,9.7331,9.7405,8.6710,8.6867
560,ANG MO KIO AVE 10,exact,9.7250,9.7325,8.6625,8.6790
561,ANG MO KIO AVE 10,exact,9.6864,9.6939,8.6244,8.6400
575,ANG MO KIO AVE 10,exact,9.7632,9.7704,8.7023,8.7166
576,ANG MO KIO AVE 10,exact,9.7591,9.7663,8.6992,8.7128
577,ANG MO KIO AVE 10,exact,9.8069,9.8142,8.7461,8.7604
578,ANG MO KIO AVE 10,exact,9.8028,9.8100,8.7427,8.7564
248,ANG MO KIO AVE 2,none,,,,
259,ANG MO KIO AVE 2,exact,9.6927,9.6979,8.6969,8.6942
101,ANG MO KIO AVE 3,exact,9.7160,9.7219,8.6887,8.6917
102,ANG MO KIO AVE 3,exact,9.7597,9.7656,8.7324,8.7353
103,ANG MO KIO AVE 3,exact,9.8016,9.8076,8.7745,8.7774
119,ANG MO KIO AVE 3,exact,9.5763,9.5827,8.5341,8.5406
120,ANG MO KIO AVE 3,exact,9.6309,9.6373,8.5888,8.5953
121,ANG MO KIO AVE 3,exact,9.6032,9.6095,8.5641,8.5697
122,ANG MO KIO AVE 3,exact,9.6577,9.6640,8.6187,8.6244
126,ANG MO KIO AVE 3,exact,9.8173,9.8236,8.7772,8.7832
127,ANG MO KIO AVE 3,exact,9.7705,9.7768,8.7307,8.7366
128,ANG MO KIO AVE 3,exact,9.7276,9.7339,8.6881,8.6939
129,ANG MO KIO AVE 3,exact,9.6403,9.6465,8.6052,8.6099
130,ANG MO KIO AVE 3,exact,9.6981,9.7042,8.6633,8.6679
131,ANG MO KIO AVE 3,exact,9.7673,9.7734,8.7325,8.7371
132,ANG MO KIO AVE 3,exact,9.8152,9.8214,8.7804,8.7850
133,ANG MO KIO AVE 3,exact,9.7712,9.7774,8.7340,8.7392
134,ANG MO KIO AVE 3,exact,9.8767,9.8829,8.8403,8.8453
201,ANG MO KIO AVE 3,exact,9.4984,9.5047,8.4567,8.4630
202,ANG MO KIO AVE 3,exact,9.4541,9.4605,8.4126,8.4189
204,ANG MO KIO AVE 3,exact,9.3402,9.3465,8.3006,8.3064
209,ANG MO KIO AVE 3,exact,9.5243,9.5305,8.4859,8.4914
210,ANG MO KIO AVE 3,exact,9.4793,9.4856,8.4413,8.4467
211,ANG MO KIO AVE 3,exact,9.5680,9.5741,8.5343,8.5386
212,ANG MO KIO AVE 3,exact,9.5251,9.5313,8.4917,8.4960
213,ANG MO KIO AVE 3,exact,9.4157,9.4217,8.3838,8.3877
214,ANG MO KIO AVE 3,exact,9.3757,9.3818,8.3445,8.3482
229,ANG MO KIO AVE 3,exact,9.6055,9.6113,8.5831,8.5850
230,ANG MO KIO AVE 3,exact,9.5868,9.5926,8.5657,8.5674
231,ANG MO KIO AVE 3,exact,9.5612,9.5670,8.5416,8.5430
232,ANG MO KIO AVE 3,exact,9.5436,9.5493,8.5253,8.5265
233,ANG MO KIO AVE 3,exact,9.4648,9.4705,8.4488,8.4495
234,ANG MO KIO AVE 3,exact,9.4267,9.4323,8.4113,8.4119
235,ANG MO KIO AVE 3,exact,9.3902,9.3958,8.3757,8.3761
247,ANG MO KIO AVE 3,none,,,,
301,ANG MO KIO AVE 3,exact,9.3291,9.3356,8.2843,8.2915
302,ANG MO KIO AVE 3,exact,9.2942,9.3006,8.2500,8.2571
311,ANG MO KIO AVE 3,exact,9.2268,9.2335,8.1757,8.1850
312,ANG MO KIO AVE 3,exact,9.1779,9.1846,8.1268,8.1361
313,ANG MO KIO AVE 3,exact,9.2243,9.2311,8.1706,8.1809
314,ANG MO KIO AVE 3,exact,9.1774,9.1842,8.1238,8.1340
322,ANG MO KIO AVE 3,exact,9.4220,9.4287,8.3729,8.3815
323,ANG MO KIO AVE 3,exact,9.3722,9.3788,8.3232,8.3317
324,ANG MO KIO AVE 3,exact,9.4240,9.4305,8.3767,8.3847
325,ANG MO KIO AVE 3,exact,9.3757,9.3823,8.3285,8.3365
326,ANG MO KIO AVE 3,exact,9.2781,9.2847,8.2287,8.2374
327,ANG MO KIO AVE 3,exact,9.2811,9.2876,8.2338,8.2418
328,ANG MO KIO AVE 3,exact,9.2281,9.2347,8.1789,8.1875
329,ANG MO KIO AVE 3,exact,9.2314,9.2379,8.1844,8.1923
343,ANG MO KIO AVE 3,exact,9.4184,9.4251,8.3664,8.3760
344,ANG MO KIO AVE 3,exact,9.3738,9.3806,8.3217,8.3314
345,ANG MO KIO AVE 3,exact,9.3183,9.3251,8.2655,8.2755
346,ANG MO KIO AVE 3,exact,9.2748,9.2816,8.2220,8.2320
347,ANG MO KIO AVE 3,exact,9.3051,9.3118,8.2544,8.2635
348,ANG MO KIO AVE 3,exact,9.1812,9.1879,8.1320,8.1406
422,ANG MO KIO AVE 3,exact,9.3735,9.3804,8.3170,8.3285
423,ANG MO KIO AVE 3,exact,9.4548,9.4617,8.3987,8.4100
424,ANG MO KIO AVE 3,exact,9.4410,9.4479,8.3861,8.3969
425,ANG MO KIO AVE 3,exact,9.4982,9.5051,8.4420,8.4534
426,ANG MO KIO AVE 3,exact,9.5403,9.5474,8.4819,8.4945
427,ANG MO KIO AVE 3,exact,9.5256,9.5328,8.4659,8.4793
428,ANG MO KIO AVE 3,exact,9.4836,9.4908,8.4240,8.4373
429,ANG MO KIO AVE 3,exact,9.4971,9.5042,8.4386,8.4512
430,ANG MO KIO AVE 3,exact,9.4849,9.4920,8.4272,8.4394
562,ANG MO KIO AVE 3,exact,9.6530,9.6605,8.5905,8.6069
563,ANG MO KIO AVE 3,exact,9.6095,9.6169,8.5473,8.5631
564,ANG MO KIO AVE 3,exact,9.6199,9.6275,8.5573,8.5741
565,ANG MO KIO AVE 3,exact,9.5759,9.5834,8.5136,8.5296
570,ANG MO KIO AVE 3,exact,9.5809,9.5882,8.5199,8.5344
571,ANG MO KIO AVE 3,exact,9.6096,9.6168,8.5495,8.5632
572,ANG MO KIO AVE 3,exact,9.6378,9.6450,8.5768,8.5912
573,ANG MO KIO AVE 3,exact,9.6656,9.6728,8.6056,8.6192
584,ANG MO KIO AVE 3,exact,9.6778,9.6849,8.6192,8.6319
585,ANG MO KIO AVE 3,exact,9.6627,9.6698,8.6056,8.6175
586,ANG MO KIO AVE 3,exact,9.6321,9.6392,8.5736,8.5863
587,ANG MO KIO AVE 3,exact,9.6174,9.6244,8.5601,8.5721
105,ANG MO KIO AVE 4,exact,9.9719,9.9777,8.9497,8.9516
106,ANG MO KIO AVE 4,exact,9.9322,9.9380,8.9106,8.9124
107,ANG MO KIO AVE 4,exact,9.8736,9.8794,8.8527,8.8544
108,ANG MO KIO AVE 4,exact,9.8137,9.8195,8.7903,8.7924
109,ANG MO KIO AVE 4,exact,9.7269,9.7327,8.7057,8.7074
110,ANG MO KIO AVE 4,exact,9.7714,9.7772,8.7510,8.7526
111,ANG MO KIO AVE 4,exact,9.8166,9.8224,8.7964,8.7979
112,ANG MO KIO AVE 4,exact,9.8920,9.8977,8.8770,8.8775
113,ANG MO KIO AVE 4,exact,9.9436,9.9493,8.9275,8.9283
114,ANG MO KIO AVE 4,exact,10.0259,10.0315,9.0083,9.0093
116,ANG MO KIO AVE 4,exact,10.1055,10.1112,9.0866,9.0879
117,ANG MO KIO AVE 4,exact,10.1621,10.1677,9.1459,9.1466
118,ANG MO KIO AVE 4,exact,10.1185,10.1242,9.1031,9.1037
155,ANG MO KIO AVE 4,exact,10.3266,10.3326,9.2950,9.2989
156,ANG MO KIO AVE 4,exact,10.2860,10.2921,9.2550,9.2588
157,ANG MO KIO AVE 4,exact,10.2729,10.2789,9.2436,9.2470
158,ANG MO KIO AVE 4,exact,10.2209,10.2269,9.1930,9.1961
159,ANG MO KIO AVE 4,exact,10.2105,10.2165,9.1799,9.1836
163,ANG MO KIO AVE 4,exact,10.0981,10.1040,9.0733,9.0758
170,ANG MO KIO AVE 4,exact,10.1778,10.1835,9.1586,9.1599
171,ANG MO KIO AVE 4,exact,10.2720,10.2776,9.2548,9.2558
172,ANG MO KIO AVE 4,exact,10.2533,10.2590,9.2335,9.2350
173,ANG MO KIO AVE 4,exact,10.3252,10.3309,9.3058,9.3072
174,ANG MO KIO AVE 4,exact,10.2776,10.2834,9.2538,9.2561
175,ANG MO KIO AVE 4,exact,10.3546,10.3605,9.3321,9.3341
176,ANG MO KIO AVE 4,exact,10.3854,10.3912,9.3660,9.3674
177,ANG MO KIO AVE 4,exact,10.3509,10.3568,9.3251,9.3278
178,ANG MO KIO AVE 4,exact,10.4078,10.4136,9.3853,9.3873
252,ANG MO KIO AVE 4,none,,,,
254,ANG MO KIO AVE 4,exact,9.7964,9.8019,8.7863,8.7859
255,ANG MO KIO AVE 4,exact,9.8469,9.8524,8.8366,8.8363
256,ANG MO KIO AVE 4,exact,9.8155,9.8211,8.8002,8.8008
258,ANG MO KIO AVE 4,exact,9.7279,9.7336,8.7111,8.7119
607,ANG MO KIO AVE 4,exact,10.8504,10.8564,9.8206,9.8241
609,ANG MO KIO AVE 4,exact,10.7281,10.7340,9.7010,9.7039
610,ANG MO KIO AVE 4,exact,10.7273,10.7333,9.6969,9.7005
612,ANG MO KIO AVE 4,exact,10.6816,10.6876,9.6530,9.6563
613,ANG MO KIO AVE 4,exact,10.6219,10.6279,9.5915,9.5951
614,ANG MO KIO AVE 4,exact,10.5692,10.5752,9.5392,9.5428
615,ANG MO KIO AVE 4,exact,10.5147,10.5207,9.4851,9.4886
616,ANG MO KIO AVE 4,exact,10.5203,10.5263,9.4918,9.4950
617,ANG MO KIO AVE 4,exact,10.5368,10.5427,9.5104,9.5132
618,ANG MO KIO AVE 4,exact,10.5787,10.5846,9.5509,9.5540
619,ANG MO KIO AVE 4,exact,10.6458,10.6518,9.6172,9.6205
624,ANG MO KIO AVE 4,exact,10.9550,10.9611,9.9216,9.9259
629,ANG MO KIO AVE 4,exact,10.7889,10.7950,9.7549,9.7594
630,ANG MO KIO AVE 4,exact,10.8291,10.8353,9.7932,9.7982
631,ANG MO KIO AVE 4,exact,10.7243,10.7305,9.6896,9.6943
632,ANG MO KIO AVE 4,exact,10.7569,10.7631,9.7203,9.7254
644,ANG MO KIO AVE 4,exact,10.6768,10.6830,9.6417,9.6465
150,ANG MO KIO AVE 5,exact,10.4052,10.4114,9.3679,9.3732
151,ANG MO KIO AVE 5,exact,10.4045,10.4106,9.3695,9.3742
152,ANG MO KIO AVE 5,exact,10.4148,10.4208,9.3826,9.3867
153,ANG MO KIO AVE 5,exact,10.3550,10.3612,9.3178,9.3231
154,ANG MO KIO AVE 5,exact,10.3539,10.3601,9.3190,9.3237
179,ANG MO KIO AVE 5,exact,10.5002,10.5060,9.4799,9.4815
180,ANG MO KIO AVE 5,exact,10.4395,10.4454,9.4126,9.4155
181,ANG MO KIO AVE 5,exact,10.4720,10.4778,9.4488,9.4509
182,ANG MO KIO AVE 5,exact,10.5435,10.5492,9.5221,9.5239
501,ANG MO KIO AVE 5,exact,10.2651,10.2719,9.2132,9.2228
502,ANG MO KIO AVE 5,exact,10.2336,10.2404,9.1799,9.1902
503,ANG MO KIO AVE 5,exact,10.2067,10.2135,9.1547,9.1644
520,ANG MO KIO AVE 5,exact,9.9744,9.9813,8.9190,8.9300
521,ANG MO KIO AVE 5,exact,9.9928,9.9997,8.9367,8.9481
522,ANG MO KIO AVE 5,exact,9.9424,9.9493,8.8858,8.8974
523,ANG MO KIO AVE 5,exact,9.9242,9.9312,8.8664,8.8786
524,ANG MO KIO AVE 5,exact,9.9730,9.9801,8.9150,8.9274
533,ANG MO KIO AVE 5,exact,10.0609,10.0679,9.0029,9.0153
535,ANG MO KIO AVE 5,exact,10.1069,10.1140,9.0489,9.0613
537,ANG MO KIO AVE 5,exact,10.1756,10.1826,9.1176,9.1300
538,ANG MO KIO AVE 5,exact,10.2199,10.2270,9.1616,9.1742
601,ANG MO KIO AVE 5,exact,10.9738,10.9795,9.9546,9.9560
602,ANG MO KIO AVE 5,exact,10.9330,10.9387,9.9133,9.9148
603,ANG MO KIO AVE 5,exact,10.8703,10.8760,9.8496,9.8513
604,ANG MO KIO AVE 5,exact,10.8297,10.8354,9.8085,9.8103
605,ANG MO KIO AVE 5,exact,10.7994,10.8052,9.7767,9.7788
606,ANG MO KIO AVE 5,exact,10.7574,10.7632,9.7342,9.7363
608,ANG MO KIO AVE 5,exact,10.6750,10.6809,9.6521,9.6542
611,ANG MO KIO AVE 5,exact,10.6349,10.6408,9.6106,9.6130
642,ANG MO KIO AVE 5,exact,10.5493,10.5554,9.5158,9.5201
643,ANG MO KIO AVE 5,exact,10.5000,10.5061,9.4664,9.4708
648,ANG MO KIO AVE 5,exact,10.5466,10.5529,9.5048,9.5112
649,ANG MO KIO AVE 5,exact,10.4932,10.4996,9.4514,9.4579
124,ANG MO KIO AVE 6,exact,9.7230,9.7294,8.6803,8.6869
633,ANG MO KIO AVE 6,exact,10.8895,10.8958,9.8505,9.8562
634,ANG MO KIO AVE 6,exact,10.9211,10.9275,9.8797,9.8861
635,ANG MO KIO AVE 6,exact,10.8398,10.8461,9.8006,9.8064
636,ANG MO KIO AVE 6,exact,10.8732,10.8796,9.8318,9.8381
637,ANG MO KIO AVE 6,exact,10.7952,10.8015,9.7562,9.7619
638,ANG MO KIO AVE 6,exact,10.7958,10.8022,9.7540,9.7604
639,ANG MO KIO AVE 6,exact,10.7465,10.7528,9.7073,9.7131
640,ANG MO KIO AVE 6,exact,10.7466,10.7530,9.7047,9.7112
646,ANG MO KIO AVE 6,exact,10.6744,10.6807,9.6322,9.6388
700A,ANG MO KIO AVE 6,exact,9.6109,9.6174,8.5652,8.5727
700B,ANG MO KIO AVE 6,exact,9.5487,9.5552,8.5032,8.5107
700C,ANG MO KIO AVE 6,exact,9.5493,9.5559,8.5028,8.5106
713,ANG MO KIO AVE 6,exact,9.7730,9.7796,8.7261,8.7340
714,ANG MO KIO AVE 6,exact,9.7347,9.7412,8.6885,8.6962
716,ANG MO KIO AVE 6,exact,9.7795,9.7860,8.7341,8.7415
720,ANG MO KIO AVE 6,exact,9.8083,9.8149,8.7604,8.7686
725,ANG MO KIO AVE 6,exact,9.9187,9.9253,8.8708,8.8790
727,ANG MO KIO AVE 6,exact,9.9088,9.9153,8.8628,8.8704
728,ANG MO KIO AVE 6,exact,9.9085,9.9150,8.8633,8.8707
729,ANG MO KIO AVE 6,exact,10.0441,10.0506,8.9981,9.0057
504,ANG MO KIO AVE 8,exact,10.1360,10.1428,9.0840,9.0937
505,ANG MO KIO AVE 8,exact,10.1370,10.1438,9.0828,9.0933
506,ANG MO KIO AVE 8,exact,10.0888,10.0955,9.0368,9.0465
507,ANG MO KIO AVE 8,exact,10.0894,10.0963,9.0354,9.0459
508,ANG MO KIO AVE 8,exact,10.0207,10.0274,8.9686,8.9783
509,ANG MO KIO AVE 8,exact,10.0416,10.0484,8.9876,8.9981
510,ANG MO KIO AVE 8,exact,9.9773,9.9840,8.9251,8.9348
511,ANG MO KIO AVE 8,exact,9.9934,10.0003,8.9395,8.9499
512,ANG MO KIO AVE 8,exact,9.8897,9.8964,8.8374,8.8472
513,ANG MO KIO AVE 8,exact,9.9010,9.9078,8.8470,8.8574
702,ANG MO KIO AVE 8,exact,9.5794,9.5860,8.5305,8.5390
704,ANG MO KIO AVE 8,exact,9.6522,9.6588,8.6039,8.6122
705,ANG MO KIO AVE 8,exact,9.6541,9.6607,8.6052,8.6137
709,ANG MO KIO AVE 8,exact,9.7311,9.7378,8.6818,8.6905
710,ANG MO KIO AVE 8,exact,9.7186,9.7253,8.6683,8.6773
721,ANG MO KIO AVE 8,exact,9.8647,9.8714,8.8149,8.8238
722,ANG MO KIO AVE 8,exact,9.8547,9.8613,8.8056,8.8142
620,ANG MO KIO AVE 9,exact,11.0581,11.0641,10.0255,10.0297
621,ANG MO KIO AVE 9,exact,11.1089,11.1150,10.0732,10.0781
622,ANG MO KIO AVE 9,exact,11.0139,11.0200,9.9810,9.9852
623,ANG MO KIO AVE 9,exact,11.0649,11.0711,10.0289,10.0339
625,ANG MO KIO AVE 9,exact,11.0107,11.0169,9.9740,9.9791
627,ANG MO KIO AVE 9,exact,10.9688,10.9750,9.9317,9.9370
104A,ANG MO KIO ST 11,exact,9.8986,9.9045,8.8727,8.8754
104B,ANG MO KIO ST 11,exact,9.8694,9.8753,8.8448,8.8472
253,ANG MO KIO ST 21,exact,9.7159,9.7214,8.7065,8.7060
253A,ANG MO KIO ST 21,exact,9.7770,9.7825,8.7686,8.7680
260A,ANG MO KIO ST 21,exact,9.7087,9.7141,8.7015,8.7006
260B,ANG MO KIO ST 21,exact,9.6663,9.6717,8.6602,8.6591
227A,ANG MO KIO ST 23,exact,9.4844,9.4904,8.4560,8.4592
228A,ANG MO KIO ST 23,exact,9.4714,9.4773,8.4454,8.4481
228B,ANG MO KIO ST 23,exact,9.5124,9.5183,8.4869,8.4894
309A,ANG MO KIO ST 31,exact,9.0685,9.0749,8.0258,8.0324
315A,ANG MO KIO ST 31,exact,8.9671,8.9737,7.9205,7.9283
315B,ANG MO KIO ST 31,exact,8.9423,8.9489,7.8943,7.9025
316A,ANG MO KIO ST 31,exact,9.0276,9.0342,7.9809,7.9887
317,ANG MO KIO ST 31,exact,9.1224,9.1289,8.0752,8.0832
350,ANG MO KIO ST 32,exact,8.8979,8.9048,7.8446,7.8547
351,ANG MO KIO ST 32,exact,8.9654,8.9722,7.9115,7.9219
352,ANG MO KIO ST 32,exact,8.9760,8.9829,7.9211,7.9319
353,ANG MO KIO ST 32,exact,8.9361,8.9431,7.8801,7.8914
354,ANG MO KIO ST 32,exact,8.9152,8.9222,7.8585,7.8701
455A,ANG MO KIO ST 44,exact,9.4171,9.4246,8.3552,8.3707
455B,ANG MO KIO ST 44,exact,9.4429,9.4504,8.3805,8.3967
455C,ANG MO KIO ST 44,exact,9.4640,9.4714,8.4018,8.4176
590A,ANG MO KIO ST 51,exact,9.7353,9.7425,8.6764,8.6893
590B,ANG MO KIO ST 51,exact,9.7292,9.7363,8.6713,8.6836
591A,ANG MO KIO ST 51,exact,9.6997,9.7066,8.6431,8.6547
588A,ANG MO KIO ST 52,exact,9.8278,9.8349,8.7701,8.7823
588B,ANG MO KIO ST 52,exact,9.8173,9.8244,8.7592,8.7716
588C,ANG MO KIO ST 52,exact,9.8026,9.8097,8.7439,8.7566
588D,ANG MO KIO ST 52,exact,9.7946,9.8017,8.7356,8.7486
596A,ANG MO KIO ST 52,exact,9.8661,9.8730,8.8109,8.8219
596B,ANG MO KIO ST 52,exact,9.8243,9.8311,8.7697,8.7804
596C,ANG MO KIO ST 52,exact,9.8120,9.8188,8.7581,8.7685
596D,ANG MO KIO ST 52,exact,9.8039,9.8108,8.7486,8.7596
650,ANG MO KIO ST 61,exact,10.4953,10.5016,9.4560,9.4617
232,BAIN ST,exact,1.4778,1.4857,0.4179,0.4449
233,BAIN ST,exact,1.4818,1.4899,0.4311,0.4644
19,BALAM RD,exact,6.6459,6.6555,5.7595,5.8043
20,BALAM RD,exact,6.6000,6.6096,5.7184,5.7635
21,BALAM RD,exact,6.5968,6.6065,5.7084,5.7531
22,BALAM RD,exact,6.5604,6.5701,5.6858,5.7313
23,BALAM RD,exact,6.5476,6.5573,5.6572,5.7018
24,BALAM RD,exact,6.5435,6.5531,5.6664,5.7118
27,BALAM RD,exact,6.4731,6.4828,5.5852,5.6300
28,BALAM RD,exact,6.5066,6.5162,5.6198,5.6646
29,BALAM RD,exact,6.4954,6.5050,5.6158,5.6611
30,BALAM RD,exact,6.4744,6.4841,5.5985,5.6439
31,BALAM RD,exact,6.3576,6.3672,5.4664,5.5111
32,BALAM RD,exact,6.4374,6.4471,5.5616,5.6071
33,BALAM RD,exact,6.4197,6.4294,5.5349,5.5799
246,BANGKIT RD,exact,13.9088,13.9100,13.1764,13.1495
248,BANGKIT RD,exact,13.8359,13.8371,13.0984,13.0719
249,BANGKIT RD,exact,13.8206,13.8217,13.0857,13.0590
250,BANGKIT RD,exact,13.8151,13.8162,13.0834,13.0565
251,BANGKIT RD,exact,13.7512,13.7524,13.0187,12.9918
252,BANGKIT RD,exact,13.7292,13.7304,12.9987,12.9717
253,BANGKIT RD,exact,13.6445,13.6457,12.9118,12.8849
254,BANGKIT RD,exact,13.7123,13.7134,12.9842,12.9571
255,BANGKIT RD,exact,13.7679,13.7689,13.0438,13.0164
257,BANGKIT RD,exact,13.6640,13.6650,12.9438,12.9161
270,BANGKIT RD,exact,13.4208,13.4218,12.7044,12.6765
271,BANGKIT RD,exact,13.4899,13.4909,12.7716,12.7438
272,BANGKIT RD,exact,13.4954,13.4965,12.7730,12.7455
273,BANGKIT RD,exact,13.4329,13.4340,12.7060,12.6788
274,BANGKIT RD,exact,13.4341,13.4352,12.7117,12.6842
275,BANGKIT RD,exact,13.4064,13.4074,12.6854,12.6578
276,BANGKIT RD,exact,13.2921,13.2931,12.5693,12.5418
277,BANGKIT RD,exact,13.3270,13.3280,12.6084,12.5807
1,BEACH RD,exact,2.6531,2.6626,1.7734,1.8217
15,BEACH RD,exact,1.4216,1.4304,0.4475,0.4965
17,BEACH RD,exact,2.6012,2.6107,1.7003,1.7475
2,BEACH RD,exact,2.7142,2.7237,1.8375,1.8858
3,BEACH RD,exact,2.7448,2.7544,1.8710,1.9194
6,BEACH RD,exact,2.6794,2.6890,1.7921,1.8399
219A,BEDOK CTRL,exact,10.2090,10.2182,9.6695,9.7235
219B,BEDOK CTRL,exact,10.2425,10.2517,9.7032,9.7572
219C,BEDOK CTRL,exact,10.2101,10.2193,9.6759,9.7300
219D,BEDOK CTRL,exact,10.2375,10.2467,9.7044,9.7585
220A,BEDOK CTRL,exact,10.3595,10.3687,9.8220,9.8760
220B,BEDOK CTRL,exact,10.3234,10.3327,9.7869,9.8409
220C,BEDOK CTRL,exact,10.2772,10.2864,9.7381,9.7921
221A,BEDOK CTRL,exact,10.3520,10.3612,9.8197,9.8738
221B,BEDOK CTRL,exact,10.3146,10.3238,9.7831,9.8372
221C,BEDOK CTRL,exact,10.2883,10.2975,9.7557,9.8098
423,BEDOK NTH AVE 1,exact,9.7927,9.8021,9.2028,9.2563
424,BEDOK NTH AVE 1,exact,9.8097,9.8191,9.2154,9.2687
519,BEDOK NTH AVE 1,exact,10.0055,10.0149,9.3921,9.4451
520,BEDOK NTH AVE 1,exact,9.9886,9.9981,9.3792,9.4323
521,BEDOK NTH AVE 1,exact,9.8744,9.8838,9.2615,9.3146
522,BEDOK NTH AVE 1,exact,9.8910,9.9004,9.2741,9.3272
547A,BEDOK NTH AVE 1,exact,9.7647,9.7741,9.1499,9.2030
547B,BEDOK NTH AVE 1,exact,9.6920,9.7014,9.0755,9.1285
548,BEDOK NTH AVE 1,exact,9.9173,9.9267,9.2942,9.3471
549,BEDOK NTH AVE 1,exact,9.9340,9.9434,9.3071,9.3599
550,BEDOK NTH AVE 1,exact,9.9781,9.9877,9.3421,9.3948
551,BEDOK NTH AVE 1,exact,9.9916,10.0011,9.3612,9.4140
552,BEDOK NTH AVE 1,exact,10.0360,10.0455,9.4122,9.4651
553,BEDOK NTH AVE 1,exact,10.0189,10.0284,9.3990,9.4520
408,BEDOK NTH AVE 2,exact,10.3346,10.3439,9.7640,9.8177
409,BEDOK NTH AVE 2,exact,10.3201,10.3295,9.7537,9.8074
410,BEDOK NTH AVE 2,exact,10.2012,10.2105,9.6318,9.6855
411,BEDOK NTH AVE 2,exact,10.2166,10.2260,9.6431,9.6968
412,BEDOK NTH AVE 2,exact,10.2053,10.2146,9.6200,9.6734
413,BEDOK NTH AVE 2,exact,10.2611,10.2705,9.6669,9.7203
414,BEDOK NTH AVE 2,exact,10.1359,10.1453,9.5386,9.5920
415,BEDOK NTH AVE 2,exact,10.1453,10.1547,9.5530,9.6064
416,BEDOK NTH AVE 2,exact,10.1173,10.1266,9.5381,9.5916
417,BEDOK NTH AVE 2,exact,10.0527,10.0620,9.4800,9.5337
418,BEDOK NTH AVE 2,exact,10.0634,10.0728,9.4798,9.5333
512,BEDOK NTH AVE 2,exact,10.2579,10.2674,9.6287,9.6815
513,BEDOK NTH AVE 2,exact,10.2411,10.2506,9.6157,9.6686
514,BEDOK NTH AVE 2,exact,10.1654,10.1749,9.5444,9.5973
515,BEDOK NTH AVE 2,exact,10.2431,10.2526,9.6303,9.6833
516,BEDOK NTH AVE 2,exact,10.2043,10.2137,9.5987,9.6519
517,BEDOK NTH AVE 2,exact,10.1264,10.1358,9.5166,9.5697
518,BEDOK NTH AVE 2,exact,10.0705,10.0799,9.4551,9.5082
131,BEDOK NTH AVE 3,exact,10.5475,10.5567,10.0035,10.0575
133,BEDOK NTH AVE 3,exact,10.5663,10.5756,10.0166,10.0705
136,BEDOK NTH AVE 3,exact,10.5464,10.5557,9.9892,10.0431
137,BEDOK NTH AVE 3,exact,10.6101,10.6194,10.0482,10.1020
139,BEDOK NTH AVE 3,exact,10.6297,10.6390,10.0623,10.1160
401,BEDOK NTH AVE 3,exact,10.5412,10.5506,9.9525,10.0059
402,BEDOK NTH AVE 3,exact,10.5255,10.5349,9.9408,9.9943
403,BEDOK NTH AVE 3,exact,10.4995,10.5089,9.9221,9.9756
404,BEDOK NTH AVE 3,exact,10.4846,10.4939,9.9112,9.9648
405,BEDOK NTH AVE 3,exact,10.4656,10.4749,9.8987,9.9524
406,BEDOK NTH AVE 3,exact,10.4764,10.4857,9.9154,9.9692
407,BEDOK NTH AVE 3,exact,10.4120,10.4213,9.8456,9.8993
505,BEDOK NTH AVE 3,exact,10.5629,10.5723,9.9659,10.0192
506,BEDOK NTH AVE 3,exact,10.6172,10.6267,10.0193,10.0725
507,BEDOK NTH AVE 3,exact,10.5581,10.5675,9.9481,10.0012
508,BEDOK NTH AVE 3,exact,10.5748,10.5843,9.9610,10.0140
100,BEDOK NTH AVE 4,exact,11.2514,11.2607,10.6582,10.7116
101,BEDOK NTH AVE 4,exact,11.1521,11.1615,10.5533,10.6066
102,BEDOK NTH AVE 4,exact,11.0749,11.0843,10.4788,10.5320
103,BEDOK NTH AVE 4,exact,11.0593,11.0687,10.4669,10.5203
104,BEDOK NTH AVE 4,exact,10.9586,10.9680,10.3637,10.4170
105,BEDOK NTH AVE 4,exact,10.9744,10.9838,10.3757,10.4289
106,BEDOK NTH AVE 4,exact,11.0705,11.0799,10.4683,10.5215
92,BEDOK NTH AVE 4,exact,11.3672,11.3765,10.7986,10.8522
93,BEDOK NTH AVE 4,exact,11.3920,11.4013,10.8198,10.8734
94B,BEDOK NTH AVE 4,exact,11.5982,11.6075,11.0244,11.0780
94C,BEDOK NTH AVE 4,exact,11.5593,11.5686,10.9866,11.0402
94D,BEDOK NTH AVE 4,exact,11.4301,11.4395,10.8521,10.9056
94E,BEDOK NTH AVE 4,exact,11.3750,11.3844,10.7979,10.8515
95,BEDOK NTH AVE 4,exact,11.5173,11.5267,10.9404,10.9939
96,BEDOK NTH AVE 4,exact,11.3173,11.3267,10.7383,10.7918
97,BEDOK NTH AVE 4,exact,11.2650,11.2743,10.6868,10.7403
98,BEDOK NTH AVE 4,exact,11.3227,11.3320,10.7339,10.7872
99,BEDOK NTH AVE 4,exact,11.2701,11.2794,10.6821,10.7355
222A,BEDOK NTH DR,exact,9.6509,9.6602,9.0900,9.1438
107,BEDOK NTH RD,exact,10.8751,10.8845,10.2870,10.3404
108,BEDOK NTH RD,exact,10.8911,10.9005,10.2991,10.3524
109,BEDOK NTH RD,exact,10.7288,10.7382,10.1370,10.1903
110,BEDOK NTH RD,exact,10.7451,10.7545,10.1494,10.2027
111,BEDOK NTH RD,exact,10.7463,10.7556,10.1617,10.2151
112,BEDOK NTH RD,exact,10.7318,10.7411,10.1509,10.2044
115,BEDOK NTH RD,exact,10.8813,10.8907,10.3029,10.3564
116,BEDOK NTH RD,exact,10.9754,10.9847,10.4055,10.4591
117,BEDOK NTH RD,exact,10.9986,11.0079,10.4334,10.4871
119,BEDOK NTH RD,exact,10.9955,11.0048,10.4352,10.4890
121,BEDOK NTH RD,exact,10.9775,10.9868,10.4223,10.4761
124,BEDOK NTH RD,exact,10.9800,10.9892,10.4289,10.4828
125,BEDOK NTH RD,exact,10.9664,10.9756,10.4192,10.4731
180,BEDOK NTH RD,exact,11.0369,11.0460,10.5150,10.5692
181,BEDOK NTH RD,exact,11.0736,11.0828,10.5534,10.6076
182,BEDOK NTH RD,exact,11.1387,11.1478,10.6190,10.6731
183,BEDOK NTH RD,exact,11.1198,11.1290,10.6040,10.6582
185,BEDOK NTH RD,exact,11.0075,11.0167,10.4897,10.5438
421,BEDOK NTH RD,exact,9.9440,9.9534,9.3582,9.4117
422,BEDOK NTH RD,exact,9.9602,9.9696,9.3702,9.4236
425,BEDOK NTH RD,exact,10.0151,10.0245,9.4197,9.4731
426,BEDOK NTH RD,exact,10.0317,10.0411,9.4321,9.4854
427,BEDOK NTH RD,exact,9.8728,9.8822,9.2734,9.3267
428,BEDOK NTH RD,exact,9.8893,9.8988,9.2857,9.3390
429B,BEDOK NTH RD,exact,10.3959,10.4053,9.8095,9.8629
430A,BEDOK NTH RD,exact,10.4114,10.4207,9.8310,9.8846
431A,BEDOK NTH RD,exact,10.3660,10.3754,9.7908,9.8444
705,BEDOK NTH RD,exact,9.5438,9.5534,8.8352,8.8864
706,BEDOK NTH RD,exact,9.5163,9.5259,8.8112,8.8625
707,BEDOK NTH RD,exact,9.4900,9.4996,8.7923,8.8438
708,BEDOK NTH RD,exact,9.4631,9.4728,8.7690,8.8206
74,BEDOK NTH RD,exact,11.2084,11.2176,10.6846,10.7387
75,BEDOK NTH RD,exact,11.2204,11.2295,10.6928,10.7469
76,BEDOK NTH RD,exact,11.2314,11.2406,10.7002,10.7543
77,BEDOK NTH RD,exact,11.2439,11.2531,10.7091,10.7631
78,BEDOK NTH RD,exact,11.0590,11.0682,10.5322,10.5863
79,BEDOK NTH RD,exact,11.0716,11.0808,10.5408,10.5948
80,BEDOK NTH RD,exact,11.0956,11.1048,10.5573,10.6113
81,BEDOK NTH RD,exact,11.1091,11.1183,10.5668,10.6208
82,BEDOK NTH RD,exact,11.1285,11.1377,10.5804,10.6343
83,BEDOK NTH RD,none,,,,
201,BEDOK NTH ST 1,exact,9.7537,9.7631,9.1846,9.2383
202,BEDOK NTH ST 1,exact,9.7071,9.7164,9.1409,9.1947
203,BEDOK NTH ST 1,exact,9.8293,9.8386,9.2679,9.3216
204,BEDOK NTH ST 1,exact,9.9402,9.9495,9.3766,9.4303
205,BEDOK NTH ST 1,exact,9.9969,10.0062,9.4410,9.4949
213,BEDOK NTH ST 1,exact,10.1989,10.2081,9.6470,9.7009
214,BEDOK NTH ST 1,exact,10.1601,10.1693,9.6120,9.6659
217,BEDOK NTH ST 1,exact,10.3502,10.3595,9.7994,9.8533
218,BEDOK NTH ST 1,exact,10.4165,10.4258,9.8612,9.9150
419,BEDOK NTH ST 1,exact,9.7919,9.8013,9.2141,9.2677
420,BEDOK NTH ST 1,exact,9.9060,9.9154,9.3245,9.3780
113,BEDOK NTH ST 2,exact,10.6500,10.6594,10.0731,10.1266
114,BEDOK NTH ST 2,exact,10.7293,10.7386,10.1542,10.2078
118,BEDOK NTH ST 2,exact,10.8877,10.8970,10.3202,10.3739
120,BEDOK NTH ST 2,exact,10.8721,10.8814,10.3090,10.3627
122,BEDOK NTH ST 2,exact,10.8229,10.8321,10.2722,10.3261
123,BEDOK NTH ST 2,exact,10.8092,10.8185,10.2518,10.3056
126,BEDOK NTH ST 2,exact,10.9118,10.9211,10.3696,10.4236
127,BEDOK NTH ST 2,exact,10.8056,10.8148,10.2612,10.3151
128,BEDOK NTH ST 2,exact,10.8991,10.9083,10.3610,10.4150
129,BEDOK NTH ST 2,exact,10.7930,10.8022,10.2526,10.3066
130,BEDOK NTH ST 2,exact,10.6537,10.6629,10.1120,10.1659
132,BEDOK NTH ST 2,exact,10.6723,10.6815,10.1248,10.1787
134,BEDOK NTH ST 2,exact,10.6889,10.6982,10.1359,10.1898
135,BEDOK NTH ST 2,exact,10.7029,10.7122,10.1460,10.1998
138,BEDOK NTH ST 2,exact,10.7540,10.7633,10.1854,10.2391
140,BEDOK NTH ST 2,exact,10.6564,10.6657,10.0852,10.1388
501,BEDOK NTH ST 3,exact,10.3448,10.3543,9.7395,9.7927
502,BEDOK NTH ST 3,exact,10.3296,10.3390,9.7280,9.7812
503,BEDOK NTH ST 3,exact,10.4599,10.4693,9.8619,9.9151
504,BEDOK NTH ST 3,exact,10.4750,10.4845,9.8733,9.9265
509,BEDOK NTH ST 3,exact,10.4430,10.4524,9.8252,9.8782
510,BEDOK NTH ST 3,exact,10.3615,10.3710,9.7516,9.8047
523,BEDOK NTH ST 3,exact,10.4514,10.4609,9.8210,9.8737
524,BEDOK NTH ST 3,exact,10.4830,10.4925,9.8488,9.9015
525,BEDOK NTH ST 3,exact,10.3574,10.3669,9.7193,9.7720
526,BEDOK NTH ST 3,exact,10.3046,10.3141,9.6682,9.7208
527,BEDOK NTH ST 3,exact,10.1957,10.2052,9.5570,9.6097
528,BEDOK NTH ST 3,exact,10.2268,10.2364,9.5785,9.6310
529,BEDOK NTH ST 3,exact,10.0680,10.0775,9.4184,9.4709
530,BEDOK NTH ST 3,exact,10.0778,10.0874,9.4352,9.4878
531,BEDOK NTH ST 3,exact,9.9617,9.9712,9.3196,9.3722
532,BEDOK NTH ST 3,exact,9.9568,9.9663,9.3020,9.3544
533,BEDOK NTH ST 3,exact,9.8112,9.8208,9.1555,9.2079
534,BEDOK NTH ST 3,exact,9.8319,9.8414,9.1838,9.2363
535,BEDOK NTH ST 3,exact,9.6863,9.6958,9.0340,9.0864
536,BEDOK NTH ST 3,exact,9.7147,9.7243,9.0539,9.1062
537,BEDOK NTH ST 3,exact,9.7007,9.7102,9.0604,9.1131
539,BEDOK NTH ST 3,exact,9.7725,9.7820,9.1417,9.1945
540,BEDOK NTH ST 3,exact,9.4627,9.4722,8.8168,8.8693
541,BEDOK NTH ST 3,exact,9.5548,9.5644,8.9117,8.9643
542,BEDOK NTH ST 3,exact,9.5037,9.5132,8.8659,8.9186
543,BEDOK NTH ST 3,exact,9.5190,9.5285,8.8860,8.9388
545,BEDOK NTH ST 3,exact,9.5855,9.5950,8.9597,9.0126
546,BEDOK NTH ST 3,exact,9.7699,9.7794,9.1449,9.1978
547,BEDOK NTH ST 3,exact,9.7255,9.7350,9.1039,9.1569
554,BEDOK NTH ST 3,exact,10.1194,10.1289,9.4916,9.5444
186A,BEDOK NTH ST 4,exact,11.1383,11.1475,10.5866,10.6405
186B,BEDOK NTH ST 4,exact,11.1970,11.2063,10.6465,10.7003
187A,BEDOK NTH ST 4,exact,11.1779,11.1872,10.6179,10.6717
187B,BEDOK NTH ST 4,exact,11.1405,11.1498,10.5841,10.6378
188A,BEDOK NTH ST 4,exact,11.3317,11.3410,10.7700,10.8237
188B,BEDOK NTH ST 4,exact,11.3584,11.3677,10.7943,10.8480
188C,BEDOK NTH ST 4,exact,11.2832,11.2925,10.7178,10.7715
188D,BEDOK NTH ST 4,exact,11.2483,11.2576,10.6827,10.7363
84,BEDOK NTH ST 4,exact,11.1280,11.1373,10.5564,10.6100
86,BEDOK NTH ST 4,exact,11.1475,11.1568,10.5688,10.6223
87,BEDOK NTH ST 4,exact,11.1064,11.1157,10.5263,10.5798
88,BEDOK NTH ST 4,exact,11.1915,11.2009,10.6085,10.6619
89,BEDOK NTH ST 4,exact,11.0453,11.0546,10.4644,10.5179
90,BEDOK NTH ST 4,exact,11.2687,11.2780,10.6991,10.7527
91,BEDOK NTH ST 4,exact,11.2822,11.2915,10.7090,10.7626
747A,BEDOK RESERVOIR CRES,exact,9.7455,9.7552,9.0495,9.1010
747B,BEDOK RESERVOIR CRES,exact,9.7771,9.7867,9.0828,9.1343
747C,BEDOK RESERVOIR CRES,exact,9.8177,9.8273,9.1243,9.1758
748A,BEDOK RESERVOIR CRES,exact,9.7049,9.7146,9.0091,9.0606
748B,BEDOK RESERVOIR CRES,exact,9.7186,9.7283,9.0251,9.0767
748C,BEDOK RESERVOIR CRES,exact,9.7321,9.7417,9.0409,9.0926
101,BEDOK RESERVOIR RD,exact,8.1902,8.1999,7.4974,7.5491
102,BEDOK RESERVOIR RD,exact,8.1339,8.1436,7.4363,7.4879
103,BEDOK RESERVOIR RD,exact,8.1631,8.1727,7.4636,7.5152
104,BEDOK RESERVOIR RD,exact,8.2431,8.2528,7.5428,7.5943
105,BEDOK RESERVOIR RD,exact,8.1652,8.1749,7.4605,7.5120
106,BEDOK RESERVOIR RD,exact,8.2133,8.2230,7.5071,7.5585
107,BEDOK RESERVOIR RD,exact,8.2248,8.2344,7.5141,7.5654
108,BEDOK RESERVOIR RD,exact,8.2644,8.2740,7.5515,7.6028
109,BEDOK RESERVOIR RD,exact,8.2677,8.2773,7.5636,7.6151
110,BEDOK RESERVOIR RD,exact,8.3393,8.3490,7.6333,7.6847
111,BEDOK RESERVOIR RD,exact,8.2965,8.3062,7.5921,7.6435
112,BEDOK RESERVOIR RD,exact,8.3235,8.3331,7.6226,7.6742
113,BEDOK RESERVOIR RD,exact,8.3677,8.3774,7.6663,7.7178
114,BEDOK RESERVOIR RD,exact,8.3264,8.3361,7.6136,7.6648
115,BEDOK RESERVOIR RD,exact,8.2393,8.2490,7.5183,7.5693
116,BEDOK RESERVOIR RD,exact,8.2567,8.2664,7.5319,7.5828
117,BEDOK RESERVOIR RD,exact,8.2874,8.2971,7.5596,7.6105
118,BEDOK RESERVOIR RD,exact,8.3046,8.3143,7.5825,7.6335
119,BEDOK RESERVOIR RD,exact,8.3297,8.3394,7.6100,7.6610
120,BEDOK RESERVOIR RD,exact,8.3566,8.3663,7.6414,7.6925
121,BEDOK RESERVOIR RD,exact,8.3917,8.4014,7.6733,7.7243
122,BEDOK RESERVOIR RD,exact,8.4934,8.5031,7.7732,7.8242
123,BEDOK RESERVOIR RD,exact,8.4978,8.5075,7.7732,7.8241
124,BEDOK RESERVOIR RD,exact,8.4994,8.5091,7.7707,7.8215
125,BEDOK RESERVOIR RD,exact,8.5015,8.5112,7.7684,7.8190
126,BEDOK RESERVOIR RD,exact,8.5718,8.5814,7.8469,7.8978
127,BEDOK RESERVOIR RD,exact,8.6016,8.6113,7.8775,7.9284
128,BEDOK RESERVOIR RD,exact,8.6518,8.6615,7.9246,7.9754
129,BEDOK RESERVOIR RD,exact,8.7761,8.7858,8.0489,8.0997
130,BEDOK RESERVOIR RD,exact,8.7435,8.7532,8.0217,8.0726
131,BEDOK RESERVOIR RD,exact,8.6675,8.6772,7.9444,7.9953
132,BEDOK RESERVOIR RD,exact,8.6533,8.6630,7.9336,7.9846
133,BEDOK RESERVOIR RD,exact,8.6187,8.6284,7.9024,7.9536
134,BEDOK RESERVOIR RD,exact,8.7478,8.7575,8.0337,8.0849
135,BEDOK RESERVOIR RD,exact,8.7388,8.7485,8.0206,8.0716
136,BEDOK RESERVOIR RD,exact,8.8572,8.8668,8.1416,8.1927
137,BEDOK RESERVOIR RD,exact,8.8569,8.8666,8.1370,8.1880
138,BEDOK RESERVOIR RD,exact,8.8756,8.8853,8.1517,8.2026
139,BEDOK RESERVOIR RD,exact,8.9511,8.9607,8.2282,8.2791
140,BEDOK RESERVOIR RD,exact,8.9362,8.9458,8.2088,8.2596
141,BEDOK RESERVOIR RD,exact,8.9722,8.9819,8.2420,8.2927
142,BEDOK RESERVOIR RD,exact,8.9793,8.9890,8.2453,8.2959
143,BEDOK RESERVOIR RD,exact,8.8893,8.8990,8.1574,8.2081
144,BEDOK RESERVOIR RD,exact,8.8613,8.8710,8.1289,8.1795
145,BEDOK RESERVOIR RD,exact,8.7866,8.7963,8.0565,8.1072
146,BEDOK RESERVOIR RD,exact,8.7980,8.8077,8.0646,8.1153
147,BEDOK RESERVOIR RD,exact,8.7986,8.8083,8.0615,8.1120
148,BEDOK RESERVOIR RD,exact,8.8423,8.8520,8.1024,8.1528
149,BEDOK RESERVOIR RD,exact,8.9472,8.9569,8.2093,8.2597
150,BEDOK RESERVOIR RD,exact,8.9659,8.9756,8.2243,8.2746
151,BEDOK RESERVOIR RD,exact,8.8291,8.8388,8.0850,8.1354
601,BEDOK RESERVOIR RD,exact,8.4481,8.4577,7.7510,7.8026
602,BEDOK RESERVOIR RD,exact,8.3964,8.4060,7.7057,7.7574
603,BEDOK RESERVOIR RD,exact,8.5183,8.5279,7.8271,7.8788
604,BEDOK RESERVOIR RD,exact,8.6352,8.6448,7.9413,7.9929
605,BEDOK RESERVOIR RD,exact,8.6267,8.6363,7.9398,7.9916
606,BEDOK RESERVOIR RD,exact,8.7186,8.7283,8.0247,8.0764
607,BEDOK RESERVOIR RD,exact,8.6299,8.6396,7.9317,7.9832
608,BEDOK RESERVOIR RD,exact,8.7075,8.7172,8.0045,8.0559
609,BEDOK RESERVOIR RD,exact,8.6346,8.6443,7.9265,7.9778
610,BEDOK RESERVOIR RD,exact,8.5536,8.5633,7.8533,7.9048
611,BEDOK RESERVOIR RD,exact,8.8262,8.8358,8.1423,8.1941
612,BEDOK RESERVOIR RD,exact,8.9377,8.9473,8.2527,8.3045
613,BEDOK RESERVOIR RD,exact,9.0506,9.0602,8.3699,8.4218
613A,BEDOK RESERVOIR RD,exact,9.1600,9.1696,8.4776,8.5295
613B,BEDOK RESERVOIR RD,exact,9.2165,9.2262,8.5350,8.5869
614,BEDOK RESERVOIR RD,exact,9.0634,9.0731,8.3769,8.4287
615,BEDOK RESERVOIR RD,exact,8.9710,8.9806,8.2804,8.3321
616,BEDOK RESERVOIR RD,exact,8.8829,8.8926,8.1911,8.2427
617,BEDOK RESERVOIR RD,exact,9.0868,9.0965,8.3926,8.4442
618,BEDOK RESERVOIR RD,exact,9.1263,9.1359,8.4360,8.4877
619,BEDOK RESERVOIR RD,exact,9.2147,9.2243,8.5246,8.5763
620,BEDOK RESERVOIR RD,exact,9.2743,9.2840,8.5770,8.6285
621,BEDOK RESERVOIR RD,exact,9.2128,9.2225,8.5090,8.5603
622,BEDOK RESERVOIR RD,exact,9.1840,9.1937,8.4842,8.5357
623,BEDOK RESERVOIR RD,exact,9.1485,9.1581,8.4515,8.5030
624,BEDOK RESERVOIR RD,exact,9.1563,9.1660,8.4517,8.5030
625,BEDOK RESERVOIR RD,exact,9.1096,9.1192,8.4062,8.4576
626,BEDOK RESERVOIR RD,exact,9.0984,9.1080,8.3889,8.4402
627,BEDOK RESERVOIR RD,exact,9.0632,9.0728,8.3566,8.4079
628,BEDOK RESERVOIR RD,exact,9.0763,9.0860,8.3586,8.4096
629,BEDOK RESERVOIR RD,exact,8.9978,9.0074,8.2811,8.3322
631,BEDOK RESERVOIR RD,exact,8.9370,8.9466,8.2349,8.2864
632,BEDOK RESERVOIR RD,exact,8.8051,8.8148,8.1061,8.1576
633,BEDOK RESERVOIR RD,exact,7.9200,7.9297,7.1778,7.2283
634,BEDOK RESERVOIR RD,exact,7.8726,7.8823,7.1298,7.1803
635,BEDOK RESERVOIR RD,exact,7.9127,7.9224,7.1656,7.2159
636,BEDOK RESERVOIR RD,exact,7.8992,7.9089,7.1454,7.1956
637,BEDOK RESERVOIR RD,exact,7.8627,7.8724,7.1056,7.1556
638,BEDOK RESERVOIR RD,exact,7.9323,7.9420,7.1755,7.2255
639,BEDOK RESERVOIR RD,exact,7.9643,7.9740,7.2069,7.2570
640,BEDOK RESERVOIR RD,exact,8.0239,8.0337,7.2652,7.3152
641,BEDOK RESERVOIR RD,exact,8.0215,8.0312,7.2676,7.3178
642,BEDOK RESERVOIR RD,exact,8.0158,8.0255,7.2684,7.3188
643,BEDOK RESERVOIR RD,exact,8.0114,8.0211,7.2690,7.3195
644,BEDOK RESERVOIR RD,exact,7.9759,7.9856,7.2338,7.2843
701,BEDOK RESERVOIR RD,exact,9.6054,9.6150,8.8885,8.9395
702,BEDOK RESERVOIR RD,exact,9.5789,9.5885,8.8653,8.9163
703,BEDOK RESERVOIR RD,exact,9.6586,9.6682,8.9509,9.0021
704,BEDOK RESERVOIR RD,exact,9.6308,9.6404,8.9311,8.9825
709,BEDOK RESERVOIR RD,exact,9.7595,9.7691,9.0789,9.1307
710,BEDOK RESERVOIR RD,exact,9.9022,9.9118,9.2281,9.2801
711,BEDOK RESERVOIR RD,exact,9.9164,9.9260,9.2385,9.2904
712,BEDOK RESERVOIR RD,exact,9.8172,9.8268,9.1342,9.1860
713,BEDOK RESERVOIR RD,exact,9.8222,9.8319,9.1348,9.1864
714,BEDOK RESERVOIR RD,exact,9.9495,9.9591,9.2612,9.3128
715,BEDOK RESERVOIR RD,exact,9.9645,9.9741,9.2724,9.3239
716,BEDOK RESERVOIR RD,exact,10.1539,10.1635,9.4681,9.5198
717,BEDOK RESERVOIR RD,exact,10.1778,10.1874,9.4966,9.5484
718,BEDOK RESERVOIR RD,exact,10.1449,10.1545,9.4724,9.5244
719,BEDOK RESERVOIR RD,exact,10.0485,10.0581,9.3729,9.4249
720,BEDOK RESERVOIR RD,exact,10.0241,10.0337,9.3524,9.4044
721,BEDOK RESERVOIR RD,exact,10.1552,10.1648,9.4872,9.5393
722,BEDOK RESERVOIR RD,exact,10.3692,10.3788,9.7090,9.7612
723,BEDOK RESERVOIR RD,exact,10.4582,10.4677,9.7991,9.8514
724,BEDOK RESERVOIR RD,exact,10.4220,10.4315,9.7589,9.8110
725,BEDOK RESERVOIR RD,exact,10.5046,10.5142,9.8404,9.8926
740,BEDOK RESERVOIR RD,exact,9.9761,9.9857,9.2777,9.3291
742,BEDOK RESERVOIR RD,exact,9.9144,9.9240,9.2116,9.2629
744,BEDOK RESERVOIR RD,exact,9.8615,9.8711,9.1581,9.2094
761,BEDOK RESERVOIR VIEW,exact,10.8823,10.8918,10.2531,10.3059
762,BEDOK RESERVOIR VIEW,exact,10.9112,10.9207,10.2831,10.3358
763,BEDOK RESERVOIR VIEW,exact,10.9498,10.9592,10.3250,10.3778
764,BEDOK RESERVOIR VIEW,exact,10.9918,11.0012,10.3711,10.4240
765,BEDOK RESERVOIR VIEW,exact,11.0526,11.0621,10.4339,10.4868
766,BEDOK RESERVOIR VIEW,exact,11.0818,11.0912,10.4639,10.5169
767,BEDOK RESERVOIR VIEW,exact,11.1208,11.1303,10.5064,10.5594
768,BEDOK RESERVOIR VIEW,exact,11.1617,11.1712,10.5511,10.6041
769,BEDOK RESERVOIR VIEW,exact,11.2245,11.2339,10.6154,10.6685
770,BEDOK RESERVOIR VIEW,exact,11.2852,11.2946,10.6773,10.7304
771,BEDOK RESERVOIR VIEW,exact,11.3243,11.3337,10.7181,10.7713
772,BEDOK RESERVOIR VIEW,exact,11.2623,11.2718,10.6479,10.7009
773,BEDOK RESERVOIR VIEW,exact,11.2123,11.2218,10.5972,10.6502
774,BEDOK RESERVOIR VIEW,exact,11.1568,11.1662,10.5363,10.5892
1,BEDOK STH AVE 1,exact,10.0389,10.0480,9.5442,9.5986
2,BEDOK STH AVE 1,exact,10.0170,10.0261,9.5162,9.5705
22,BEDOK STH AVE 1,exact,10.0443,10.0535,9.5267,9.5809
23,BEDOK STH AVE 1,exact,10.0580,10.0672,9.5355,9.5896
3,BEDOK STH AVE 1,exact,10.0337,10.0428,9.5264,9.5807
4,BEDOK STH AVE 1,exact,10.0835,10.0926,9.5714,9.6257
10B,BEDOK STH AVE 2,exact,10.3572,10.3663,9.8574,9.9117
10C,BEDOK STH AVE 2,exact,10.3493,10.3584,9.8522,9.9065
10D,BEDOK STH AVE 2,exact,10.3450,10.3540,9.8514,9.9057
10E,BEDOK STH AVE 2,exact,10.4107,10.4197,9.9212,9.9756
10F,BEDOK STH AVE 2,exact,10.4338,10.4428,9.9384,9.9928
14,BEDOK STH AVE 2,exact,10.3121,10.3211,9.8219,9.8763
31,BEDOK STH AVE 2,exact,10.5882,10.5972,10.0896,10.1440
32,BEDOK STH AVE 2,exact,10.5349,10.5440,10.0388,10.0931
33,BEDOK STH AVE 2,exact,10.6773,10.6864,10.1840,10.2384
34,BEDOK STH AVE 2,exact,10.5639,10.5729,10.0751,10.1295
35,BEDOK STH AVE 2,exact,10.7199,10.7289,10.2336,10.2880
36,BEDOK STH AVE 2,exact,10.5538,10.5628,10.0693,10.1238
37,BEDOK STH AVE 2,exact,10.7093,10.7183,10.2273,10.2817
5,BEDOK STH AVE 2,exact,10.1695,10.1786,9.6643,9.7186
6,BEDOK STH AVE 2,exact,10.2304,10.2395,9.7273,9.7816
7,BEDOK STH AVE 2,exact,10.3051,10.3143,9.7981,9.8524
8,BEDOK STH AVE 2,exact,10.3660,10.3751,9.8611,9.9154
9,BEDOK STH AVE 2,exact,10.4697,10.4788,9.9646,10.0188
155,BEDOK STH AVE 3,exact,11.2153,11.2241,10.7850,10.8397
156,BEDOK STH AVE 3,exact,11.1417,11.1505,10.7124,10.7671
157,BEDOK STH AVE 3,exact,11.1834,11.1923,10.7506,10.8052
158,BEDOK STH AVE 3,exact,11.1179,11.1268,10.6832,10.7378
159,BEDOK STH AVE 3,exact,11.1860,11.1948,10.7500,10.8046
160,BEDOK STH AVE 3,exact,11.1506,11.1594,10.7112,10.7659
161,BEDOK STH AVE 3,exact,11.2192,11.2281,10.7797,10.8343
166,BEDOK STH AVE 3,exact,11.1810,11.1899,10.7344,10.7890
167,BEDOK STH AVE 3,exact,11.1409,11.1498,10.6973,10.7519
168,BEDOK STH AVE 3,exact,11.1159,11.1248,10.6673,10.7219
169,BEDOK STH AVE 3,exact,11.1844,11.1933,10.7342,10.7888
46,BEDOK STH AVE 3,exact,10.9990,11.0080,10.5314,10.5859
66,BEDOK STH AVE 3,exact,10.9821,10.9909,10.5459,10.6005
67,BEDOK STH AVE 3,exact,11.0222,11.0310,10.5821,10.6367
68,BEDOK STH AVE 3,exact,10.9394,10.9482,10.4991,10.5537
69,BEDOK STH AVE 3,exact,10.9911,11.0000,10.5460,10.6006
72,BEDOK STH AVE 3,exact,11.0360,11.0449,10.5815,10.6361
15,BEDOK STH RD,exact,10.2263,10.2354,9.7381,9.7925
152A,BEDOK STH RD,exact,11.3191,11.3279,10.9011,10.9558
152C,BEDOK STH RD,exact,11.3180,11.3268,10.8891,10.9438
153A,BEDOK STH RD,exact,11.3413,11.3501,10.9064,10.9610
153B,BEDOK STH RD,exact,11.2643,11.2731,10.8303,10.8850
153C,BEDOK STH RD,exact,11.2628,11.2716,10.8335,10.8882
154A,BEDOK STH RD,exact,11.2706,11.2794,10.8460,10.9007
154B,BEDOK STH RD,exact,11.2689,11.2777,10.8490,10.9037
162,BEDOK STH RD,exact,11.2553,11.2641,10.8147,10.8693
163,BEDOK STH RD,exact,11.3170,11.3259,10.8777,10.9323
164,BEDOK STH RD,exact,11.3265,11.3353,10.8834,10.9380
165,BEDOK STH RD,exact,11.2844,11.2932,10.8381,10.8927
170,BEDOK STH RD,exact,11.3031,11.3120,10.8531,10.9077
171,BEDOK STH RD,exact,11.2397,11.2486,10.7859,10.8405
172,BEDOK STH RD,exact,11.1540,11.1629,10.7000,10.7545
18,BEDOK STH RD,exact,10.1314,10.1405,9.6429,9.6973
19,BEDOK STH RD,exact,10.0458,10.0548,9.5642,9.6186
20,BEDOK STH RD,exact,9.9979,10.0069,9.5122,9.5666
21,BEDOK STH RD,exact,9.9502,9.9593,9.4604,9.5148
38,BEDOK STH RD,exact,10.5748,10.5838,10.1001,10.1546
39,BEDOK STH RD,exact,10.6750,10.6840,10.1974,10.2519
40,BEDOK STH RD,exact,10.6653,10.6743,10.1919,10.2464
41,BEDOK STH RD,exact,10.7698,10.7788,10.2993,10.3538
42,BEDOK STH RD,exact,10.7799,10.7889,10.3050,10.3595
43,BEDOK STH RD,exact,10.8719,10.8809,10.3995,10.4540
44,BEDOK STH RD,exact,10.8621,10.8711,10.3940,10.4485
70,BEDOK STH RD,exact,10.9320,10.9409,10.4784,10.5330
71,BEDOK STH RD,exact,10.9415,10.9504,10.4835,10.5380
10A,BENDEMEER RD,exact,3.6228,3.6314,2.5830,2.6130
10B,BENDEMEER RD,exact,3.6689,3.6774,2.6265,2.6558
10C,BENDEMEER RD,exact,3.7180,3.7266,2.6772,2.7069
23,BENDEMEER RD,exact,3.9871,3.9958,2.9575,2.9895
24,BENDEMEER RD,exact,4.0679,4.0766,3.0324,3.0630
26,BENDEMEER RD,exact,4.0548,4.0636,3.0246,3.0564
28,BENDEMEER RD,exact,4.1070,4.1158,3.0780,3.1100
30,BENDEMEER RD,exact,4.2003,4.2091,3.1759,3.2087
38A,BENDEMEER RD,exact,4.3954,4.4045,3.3931,3.4291
38B,BENDEMEER RD,exact,4.4378,4.4468,3.4321,3.4677
38C,BENDEMEER RD,exact,4.4978,4.5068,3.4897,3.5248
38D,BENDEMEER RD,exact,4.5501,4.5591,3.5398,3.5747
39A,BENDEMEER RD,exact,4.3832,4.3923,3.3752,3.4105
43,BENDEMEER RD,exact,4.4591,4.4680,3.4430,3.4770
44,BENDEMEER RD,exact,4.6086,4.6176,3.5949,3.6291
45,BENDEMEER RD,exact,4.6018,4.6108,3.5838,3.6174
46,BENDEMEER RD,exact,4.6520,4.6609,3.6316,3.6648
47,BENDEMEER RD,exact,4.7340,4.7430,3.7179,3.7517
48,BENDEMEER RD,exact,4.7098,4.7188,3.6909,3.7243
24,BEO CRES,exact,2.6077,2.6024,2.7164,2.6617
36,BEO CRES,exact,2.7421,2.7367,2.8606,2.8059
38,BEO CRES,exact,2.7356,2.7302,2.8434,2.7887
40,BEO CRES,exact,2.7230,2.7178,2.8093,2.7546
101A,BIDADARI PK DR,exact,6.2982,6.3071,5.2737,5.3056
102A,BIDADARI PK DR,exact,6.3657,6.3746,5.3421,5.3742
102B,BIDADARI PK DR,exact,6.2658,6.2747,5.2470,5.2799
103A,BIDADARI PK DR,exact,6.1977,6.2066,5.1797,5.2127
103B,BIDADARI PK DR,exact,6.1280,6.1370,5.1091,5.1420
104A,BIDADARI PK DR,exact,6.1362,6.1451,5.1145,5.1469
105A,BIDADARI PK DR,exact,5.9796,5.9885,4.9581,4.9906
105B,BIDADARI PK DR,exact,5.9266,5.9355,4.9066,4.9394
106A,BIDADARI PK DR,exact,6.0265,6.0354,5.0093,5.0425
106B,BIDADARI PK DR,exact,5.9712,5.9802,4.9547,4.9881
107A,BIDADARI PK DR,exact,6.1398,6.1488,5.1277,5.1616
107B,BIDADARI PK DR,exact,6.0859,6.0949,5.0732,5.1070
110A,BIDADARI PK DR,exact,6.0396,6.0487,5.0356,5.0707
110B,BIDADARI PK DR,exact,6.1044,6.1135,5.0995,5.1344
145,BISHAN ST 11,exact,6.8106,6.8179,5.7502,5.7642
146,BISHAN ST 11,exact,6.7211,6.7283,5.6608,5.6746
147,BISHAN ST 11,exact,6.7035,6.7109,5.6422,5.6570
148,BISHAN ST 11,exact,6.7409,6.7482,5.6799,5.6943
149,BISHAN ST 11,exact,6.7514,6.7588,5.6897,5.7049
150,BISHAN ST 11,exact,6.7764,6.7838,5.7150,5.7299
150A,BISHAN ST 11,exact,6.7839,6.7913,5.7220,5.7375
151,BISHAN ST 11,exact,6.8394,6.8468,5.7777,5.7929
152,BISHAN ST 11,exact,6.8982,6.9055,5.8375,5.8517
501,BISHAN ST 11,exact,7.2005,7.2072,6.1506,6.1593
502,BISHAN ST 11,exact,7.2219,7.2285,6.1740,6.1821
503,BISHAN ST 11,exact,7.2739,7.2804,6.2268,6.2346
506,BISHAN ST 11,exact,7.2840,7.2907,6.2338,6.2427
101,BISHAN ST 12,exact,6.8084,6.8150,5.7611,5.7690
102,BISHAN ST 12,exact,6.8423,6.8489,5.7963,5.8037
103,BISHAN ST 12,exact,6.8815,6.8881,5.8343,5.8421
104,BISHAN ST 12,exact,6.9011,6.9077,5.8548,5.8624
105,BISHAN ST 12,exact,6.9300,6.9365,5.8859,5.8927
106,BISHAN ST 12,exact,6.9496,6.9561,5.9038,5.9111
107,BISHAN ST 12,exact,6.9843,6.9908,5.9382,5.9456
108,BISHAN ST 12,exact,7.0207,7.0272,5.9763,5.9833
109,BISHAN ST 12,exact,7.0208,7.0274,5.9744,5.9820
110,BISHAN ST 12,exact,7.0936,7.1002,6.0469,6.0546
111,BISHAN ST 12,exact,7.0556,7.0621,6.0089,6.0165
112,BISHAN ST 12,exact,7.0221,7.0288,5.9725,5.9811
113,BISHAN ST 12,exact,7.0699,7.0766,6.0210,6.0294
114,BISHAN ST 12,exact,7.1049,7.1116,6.0557,6.0642
115,BISHAN ST 12,exact,7.1465,7.1531,6.0976,6.1060
116,BISHAN ST 12,exact,7.1311,7.1378,6.0806,6.0896
117,BISHAN ST 12,exact,7.0420,7.0487,5.9898,5.9994
118,BISHAN ST 12,exact,6.9961,7.0029,5.9442,5.9537
119,BISHAN ST 12,exact,7.0778,7.0846,6.0242,6.0344
120,BISHAN ST 12,exact,7.0665,7.0733,6.0122,6.0226
121,BISHAN ST 12,exact,7.0591,7.0660,6.0044,6.0150
122,BISHAN ST 12,exact,7.0188,7.0256,5.9651,5.9753
123,BISHAN ST 12,exact,6.9820,6.9888,5.9287,5.9387
124,BISHAN ST 12,exact,6.9800,6.9869,5.9248,5.9357
125,BISHAN ST 12,exact,7.0515,7.0584,5.9957,6.0068
126,BISHAN ST 12,exact,6.9580,6.9650,5.9011,5.9128
127,BISHAN ST 12,exact,6.9355,6.9425,5.8795,5.8907
128,BISHAN ST 12,exact,6.9377,6.9445,5.8844,5.8944
129,BISHAN ST 12,exact,6.8937,6.9006,5.8406,5.8506
130,BISHAN ST 12,exact,6.9170,6.9239,5.8625,5.8730
131,BISHAN ST 12,exact,6.8801,6.8869,5.8256,5.8361
132,BISHAN ST 12,exact,6.8896,6.8966,5.8338,5.8449
133,BISHAN ST 12,exact,6.8679,6.8749,5.8118,5.8231
134,BISHAN ST 12,exact,6.8619,6.8690,5.8051,5.8168
135,BISHAN ST 12,exact,6.7672,6.7741,5.7120,5.7228
136,BISHAN ST 12,exact,6.7197,6.7266,5.6635,5.6748
137,BISHAN ST 12,exact,6.7544,6.7614,5.6981,5.7095
138,BISHAN ST 12,exact,6.7901,6.7971,5.7330,5.7448
139,BISHAN ST 12,exact,6.8448,6.8519,5.7868,5.7991
140,BISHAN ST 12,exact,6.7962,6.8033,5.7374,5.7502
141,BISHAN ST 12,exact,6.8364,6.8436,5.7773,5.7903
142,BISHAN ST 12,exact,6.8753,6.8825,5.8161,5.8292
143,BISHAN ST 12,exact,6.8823,6.8894,5.8239,5.8364
144,BISHAN ST 12,exact,6.9238,6.9309,5.8647,5.8776
153,BISHAN ST 13,exact,6.9485,6.9559,5.8873,5.9020
154,BISHAN ST 13,exact,7.0081,7.0154,5.9469,5.9615
155,BISHAN ST 13,exact,6.9702,6.9776,5.9083,5.9237
156,BISHAN ST 13,exact,6.8758,6.8833,5.8134,5.8297
157,BISHAN ST 13,exact,6.9581,6.9656,5.8957,5.9120
158,BISHAN ST 13,exact,7.0068,7.0143,5.9447,5.9605
159,BISHAN ST 13,exact,7.0343,7.0417,5.9725,5.9878
160,BISHAN ST 13,exact,7.0516,7.0590,5.9894,6.0053
161,BISHAN ST 13,exact,7.1257,7.1332,6.0635,6.0794
162,BISHAN ST 13,exact,7.1205,7.1279,6.0586,6.0741
163,BISHAN ST 13,exact,7.1724,7.1798,6.1103,6.1260
164,BISHAN ST 13,exact,7.2197,7.2271,6.1578,6.1733
165,BISHAN ST 13,exact,7.3020,7.3094,6.2400,6.2556
166,BISHAN ST 13,exact,7.2578,7.2651,6.1966,6.2112
167,BISHAN ST 13,exact,7.1635,7.1708,6.1021,6.1169
168,BISHAN ST 13,exact,7.0803,7.0875,6.0201,6.0338
169,BISHAN ST 13,exact,7.0282,7.0354,5.9681,5.9818
170,BISHAN ST 13,exact,6.9780,6.9851,5.9186,5.9317
171,BISHAN ST 13,exact,7.0193,7.0265,5.9597,5.9730
172,BISHAN ST 13,exact,7.0959,7.1031,6.0366,6.0497
173,BISHAN ST 13,exact,7.1288,7.1360,6.0685,6.0823
174,BISHAN ST 13,exact,7.1796,7.1868,6.1194,6.1332
175,BISHAN ST 13,exact,7.2608,7.2680,6.2013,6.2146
176,BISHAN ST 13,exact,7.1707,7.1779,6.1109,6.1243
177,BISHAN ST 13,exact,7.1363,7.1434,6.0770,6.0901
178,BISHAN ST 13,exact,7.1643,7.1714,6.1070,6.1189
179,BISHAN ST 13,exact,7.2172,7.2242,6.1608,6.1723
180,BISHAN ST 13,exact,7.2047,7.2118,6.1473,6.1593
181,BISHAN ST 13,exact,7.2778,7.2849,6.2196,6.2320
182,BISHAN ST 13,exact,7.3969,7.4040,6.3385,6.3510
183,BISHAN ST 13,exact,7.4237,7.4308,6.3662,6.3783
184,BISHAN ST 13,exact,7.3803,7.3874,6.3227,6.3348
185,BISHAN ST 13,exact,7.3463,7.3533,6.2888,6.3008
186,BISHAN ST 13,exact,7.3002,7.3073,6.2425,6.2546
187,BISHAN ST 13,exact,7.3219,7.3288,6.2661,6.2772
188,BISHAN ST 13,exact,7.3632,7.3702,6.3070,6.3184
189,BISHAN ST 13,exact,7.3967,7.4037,6.3403,6.3518
190,BISHAN ST 13,exact,7.4338,7.4409,6.3771,6.3887
191,BISHAN ST 13,exact,7.4320,7.4390,6.3766,6.3876
192,BISHAN ST 13,exact,7.2578,7.2647,6.2025,6.2134
193,BISHAN ST 13,exact,7.2236,7.2305,6.1690,6.1796
194,BISHAN ST 13,exact,7.1827,7.1896,6.1271,6.1382
195,BISHAN ST 13,exact,7.1900,7.1968,6.1355,6.1461
196,BISHAN ST 13,exact,7.1545,7.1613,6.1004,6.1108
197,BISHAN ST 13,exact,7.2721,7.2790,6.2181,6.2285
232,BISHAN ST 22,exact,8.3146,8.3210,7.2730,7.2793
233,BISHAN ST 22,exact,8.3505,8.3569,7.3086,7.3149
234,BISHAN ST 22,exact,8.3236,8.3301,7.2803,7.2870
235,BISHAN ST 22,exact,8.3332,8.3396,7.2889,7.2959
236,BISHAN ST 22,exact,8.3874,8.3940,7.3414,7.3490
237,BISHAN ST 22,exact,8.4326,8.4391,7.3861,7.3938
238,BISHAN ST 22,exact,8.4906,8.4969,7.4512,7.4569
239,BISHAN ST 22,exact,8.5633,8.5696,7.5233,7.5291
240,BISHAN ST 22,exact,8.6056,8.6120,7.5642,7.5705
241,BISHAN ST 22,exact,8.6014,8.6078,7.5592,7.5657
242,BISHAN ST 22,exact,8.6635,8.6699,7.6229,7.6289
243,BISHAN ST 22,exact,8.6373,8.6437,7.5975,7.6033
244,BISHAN ST 22,exact,8.5652,8.5714,7.5264,7.5319
245,BISHAN ST 22,exact,8.5614,8.5677,7.5239,7.5291
246,BISHAN ST 22,exact,8.6055,8.6117,7.5698,7.5746
247,BISHAN ST 22,exact,8.6532,8.6594,7.6181,7.6227
248,BISHAN ST 22,exact,8.6863,8.6925,7.6506,7.6554
249,BISHAN ST 22,exact,8.6635,8.6697,7.6263,7.6314
250,BISHAN ST 22,exact,8.7031,8.7094,7.6652,7.6705
251,BISHAN ST 22,exact,8.7334,8.7397,7.6947,7.7002
252,BISHAN ST 22,exact,8.7521,8.7583,7.7146,7.7198
253,BISHAN ST 22,exact,8.7819,8.7881,7.7465,7.7512
254,BISHAN ST 22,exact,8.7478,8.7540,7.7128,7.7174
255,BISHAN ST 22,exact,8.7226,8.7288,7.6886,7.6929
256,BISHAN ST 22,exact,8.6848,8.6909,7.6510,7.6553
257,BISHAN ST 22,exact,8.5026,8.5088,7.4682,7.4726
258,BISHAN ST 22,exact,8.5185,8.5246,7.4854,7.4895
259,BISHAN ST 22,exact,8.5412,8.5473,7.5096,7.5134
260,BISHAN ST 22,exact,8.5029,8.5090,7.4717,7.4754
261,BISHAN ST 22,exact,8.4193,8.4255,7.3844,7.3889
262,BISHAN ST 22,exact,8.4570,8.4631,7.4244,7.4284
263,BISHAN ST 22,exact,8.4188,8.4249,7.3865,7.3904
285,BISHAN ST 22,exact,8.3970,8.4033,7.3604,7.3654
292,BISHAN ST 22,exact,8.0663,8.0726,7.0248,7.0310
293,BISHAN ST 22,exact,8.0934,8.0998,7.0512,7.0576
201,BISHAN ST 23,exact,7.9508,7.9573,6.9057,6.9129
202,BISHAN ST 23,exact,7.9520,7.9585,6.9061,6.9136
203,BISHAN ST 23,exact,7.8886,7.8951,6.8422,6.8498
204,BISHAN ST 23,exact,7.9255,7.9320,6.8786,6.8864
205,BISHAN ST 23,exact,7.9733,7.9799,6.9261,6.9340
206,BISHAN ST 23,exact,8.0136,8.0202,6.9660,6.9740
207,BISHAN ST 23,exact,7.8962,7.9028,6.8478,6.8561
208,BISHAN ST 23,exact,7.9261,7.9328,6.8767,6.8854
209,BISHAN ST 23,exact,7.9952,8.0019,6.9458,6.9544
210,BISHAN ST 23,exact,8.0241,8.0308,6.9740,6.9829
211,BISHAN ST 23,exact,8.0605,8.0672,7.0100,7.0190
212,BISHAN ST 23,exact,8.0769,8.0836,7.0281,7.0366
213,BISHAN ST 23,exact,8.1780,8.1847,7.1294,7.1378
214,BISHAN ST 23,exact,8.2144,8.2210,7.1653,7.1738
215,BISHAN ST 23,exact,8.1650,8.1717,7.1148,7.1237
216,BISHAN ST 23,exact,8.0839,8.0906,7.0327,7.0420
217,BISHAN ST 23,exact,8.1246,8.1313,7.0731,7.0825
218,BISHAN ST 23,exact,8.1370,8.1438,7.0847,7.0944
219,BISHAN ST 23,exact,8.1973,8.2041,7.1456,7.1551
220,BISHAN ST 23,exact,8.2082,8.2149,7.1578,7.1668
221,BISHAN ST 23,exact,8.2483,8.2550,7.1977,7.2067
222,BISHAN ST 23,exact,8.2730,8.2796,7.2240,7.2325
223,BISHAN ST 23,exact,8.3179,8.3246,7.2688,7.2773
224,BISHAN ST 23,exact,8.3767,8.3833,7.3289,7.3370
225,BISHAN ST 23,exact,8.3355,8.3420,7.2880,7.2960
226,BISHAN ST 23,exact,8.3357,8.3423,7.2895,7.2971
227,BISHAN ST 23,exact,8.2829,8.2894,7.2367,7.2443
228,BISHAN ST 23,exact,8.2719,8.2784,7.2267,7.2340
229,BISHAN ST 23,exact,8.2402,8.2466,7.1974,7.2039
230,BISHAN ST 23,exact,8.2815,8.2879,7.2401,7.2463
231,BISHAN ST 23,exact,8.2059,8.2124,7.1636,7.1700
264,BISHAN ST 24,exact,8.3994,8.4055,7.3692,7.3726
265,BISHAN ST 24,exact,8.3606,8.3667,7.3304,7.3339
266,BISHAN ST 24,exact,8.3185,8.3245,7.2884,7.2918
267,BISHAN ST 24,exact,8.2762,8.2823,7.2437,7.2476
268,BISHAN ST 24,exact,8.2829,8.2889,7.2528,7.2563
269,BISHAN ST 24,exact,8.1956,8.2017,7.1640,7.1677
270,BISHAN ST 24,exact,8.2105,8.2165,7.1807,7.1840
271,BISHAN ST 24,exact,8.1703,8.1763,7.1401,7.1435
272,BISHAN ST 24,exact,8.1281,8.1342,7.0962,7.1000
273A,BISHAN ST 24,exact,8.1224,8.1286,7.0865,7.0913
273B,BISHAN ST 24,exact,8.0954,8.1016,7.0613,7.0656
275A,BISHAN ST 24,exact,8.1680,8.1742,7.1334,7.1379
278,BISHAN ST 24,exact,8.2441,8.2503,7.2091,7.2137
281,BISHAN ST 24,exact,8.2157,8.2220,7.1771,7.1826
286,BISHAN ST 24,exact,8.3521,8.3583,7.3155,7.3205
287,BISHAN ST 24,exact,8.2750,8.2812,7.2390,7.2438
288,BISHAN ST 24,exact,8.1714,8.1777,7.1312,7.1371
289,BISHAN ST 24,exact,8.1445,8.1508,7.1051,7.1108
290,BISHAN ST 24,exact,8.0868,8.0931,7.0478,7.0533
291,BISHAN ST 24,exact,8.0591,8.0654,7.0192,7.0250
22,BOON KENG RD,exact,3.9908,3.9994,2.9500,2.9795
4,BOON KENG RD,exact,3.6774,3.6858,2.6310,2.6592
5,BOON KENG RD,exact,3.7596,3.7681,2.7160,2.7449
6,BOON KENG RD,exact,3.8589,3.8675,2.8170,2.8464
7,BOON KENG RD,exact,3.8552,3.8639,2.8205,2.8515
8,BOON KENG RD,exact,3.8073,3.8159,2.7714,2.8021
9,BOON KENG RD,exact,3.7584,3.7670,2.7213,2.7518
183A,BOON LAY AVE,exact,17.3249,17.3216,17.0182,16.9727
183B,BOON LAY AVE,exact,17.3162,17.3129,17.0115,16.9659
183C,BOON LAY AVE,exact,17.3914,17.3881,17.0862,17.0406
183D,BOON LAY AVE,exact,17.4173,17.4140,17.1095,17.0640
185,BOON LAY AVE,exact,17.1183,17.1149,16.8225,16.7767
186,BOON LAY AVE,exact,17.0622,17.0588,16.7701,16.7241
187,BOON LAY AVE,exact,17.0657,17.0622,16.7785,16.7324
216,BOON LAY AVE,exact,17.1786,17.1754,16.8605,16.8153
216A,BOON LAY AVE,exact,17.1803,17.1771,16.8589,16.8139
216B,BOON LAY AVE,exact,17.1580,17.1548,16.8336,16.7886
217,BOON LAY AVE,exact,17.2363,17.2331,16.9211,16.8758
217A,BOON LAY AVE,exact,17.2212,17.2180,16.9036,16.8584
217B,BOON LAY AVE,exact,17.2666,17.2634,16.9504,16.9052
218A,BOON LAY AVE,exact,17.3073,17.3041,16.9904,16.9452
218B,BOON LAY AVE,exact,17.2892,17.2860,16.9692,16.9241
218C,BOON LAY AVE,exact,17.2497,17.2465,16.9259,16.8809
218D,BOON LAY AVE,exact,17.1948,17.1916,16.8684,16.8235
219,BOON LAY AVE,exact,17.2521,17.2488,16.9379,16.8926
220,BOON LAY AVE,none,,,,
167,BOON LAY DR,none,,,,
168,BOON LAY DR,none,,,,
169,BOON LAY DR,none,,,,
170,BOON LAY DR,none,,,,
171,BOON LAY DR,none,,,,
172,BOON LAY DR,none,,,,
174,BOON LAY DR,exact,17.2525,17.2491,16.9612,16.9153
175,BOON LAY DR,exact,17.2623,17.2589,16.9680,16.9222
176,BOON LAY DR,exact,17.2341,17.2307,16.9350,16.8893
180A,BOON LAY DR,exact,17.3898,17.3864,17.0920,17.0462
180B,BOON LAY DR,exact,17.3564,17.3530,17.0562,17.0105
180C,BOON LAY DR,exact,17.4191,17.4157,17.1161,17.0705
181A,BOON LAY DR,exact,17.4850,17.4817,17.1833,17.1376
181B,BOON LAY DR,exact,17.4665,17.4631,17.1621,17.1166
188,BOON LAY DR,exact,16.9810,16.9774,16.7009,16.6546
191,BOON LAY DR,exact,16.8592,16.8556,16.5764,16.5302
196A,BOON LAY DR,exact,16.6399,16.6364,16.3582,16.3120
196B,BOON LAY DR,exact,16.5980,16.5944,16.3161,16.2698
197A,BOON LAY DR,exact,16.7157,16.7123,16.4269,16.3808
197B,BOON LAY DR,exact,16.7204,16.7169,16.4341,16.3880
197C,BOON LAY DR,exact,16.6879,16.6844,16.4036,16.3574
197D,BOON LAY DR,exact,16.6782,16.6748,16.3922,16.3461
198,BOON LAY DR,exact,16.6663,16.6629,16.3739,16.3279
199,BOON LAY DR,exact,16.6199,16.6165,16.3317,16.2856
200,BOON LAY DR,exact,16.5667,16.5632,16.2825,16.2363
201,BOON LAY DR,exact,16.5059,16.5024,16.2181,16.1720
202,BOON LAY DR,exact,16.5615,16.5580,16.2712,16.2251
203,BOON LAY DR,exact,16.5200,16.5166,16.2260,16.1800
204,BOON LAY DR,exact,16.5884,16.5849,16.2942,16.2482
205,BOON LAY DR,exact,16.5467,16.5433,16.2479,16.2021
206,BOON LAY DR,exact,16.6197,16.6163,16.3221,16.2763
257,BOON LAY DR,exact,17.3490,17.3455,17.0631,17.0170
258,BOON LAY DR,exact,17.3476,17.3442,17.0591,17.0131
259,BOON LAY DR,exact,17.2964,17.2928,17.0114,16.9653
260,BOON LAY DR,exact,17.3393,17.3358,17.0585,17.0122
261,BOON LAY DR,exact,17.3754,17.3718,17.0918,17.0456
262,BOON LAY DR,exact,17.3919,17.3883,17.1138,17.0674
263,BOON LAY DR,exact,17.4359,17.4323,17.1584,17.1121
264,BOON LAY DR,exact,17.4993,17.4958,17.2152,17.1691
265,BOON LAY DR,exact,17.5115,17.5080,17.2306,17.1843
266,BOON LAY DR,exact,17.5594,17.5558,17.2765,17.2303
267,BOON LAY DR,exact,17.5099,17.5064,17.2234,17.1773
268A,BOON LAY DR,exact,17.5175,17.5141,17.2202,17.1745
268B,BOON LAY DR,exact,17.4555,17.4521,17.1602,17.1144
268C,BOON LAY DR,exact,17.4336,17.4302,17.1404,17.0945
207,BOON LAY PL,exact,16.8437,16.8403,16.5396,16.4940
208,BOON LAY PL,exact,16.7976,16.7943,16.4892,16.4437
209,BOON LAY PL,exact,16.6681,16.6648,16.3619,16.3164
210,BOON LAY PL,exact,16.9435,16.9402,16.6330,16.5876
211,BOON LAY PL,exact,16.8676,16.8644,16.5518,16.5066
212,BOON LAY PL,exact,17.0179,17.0147,16.6995,16.6544
213,BOON LAY PL,exact,17.0519,17.0487,16.7320,16.6868
214,BOON LAY PL,exact,17.0974,17.0942,16.7819,16.7367
215,BOON LAY PL,exact,17.0635,17.0602,16.7496,16.7043
221,BOON LAY PL,exact,16.9474,16.9440,16.6478,16.6021
10A,BOON TIONG RD,exact,2.4401,2.4342,2.6481,2.5935
10B,BOON TIONG RD,exact,2.4863,2.4804,2.6936,2.6391
2A,BOON TIONG RD,exact,2.0532,2.0475,2.2680,2.2137
2C,BOON TIONG RD,exact,2.0938,2.0883,2.2898,2.2354
4A,BOON TIONG RD,exact,2.1305,2.1248,2.3347,2.2802
4B,BOON TIONG RD,exact,2.1874,2.1817,2.3938,2.3393
6A,BOON TIONG RD,exact,2.2578,2.2521,2.4495,2.3950
6B,BOON TIONG RD,exact,2.3107,2.3049,2.5145,2.4600
8A,BOON TIONG RD,exact,2.3874,2.3816,2.5896,2.5351
8B,BOON TIONG RD,exact,2.3756,2.3700,2.5554,2.5007
9A,BOON TIONG RD,exact,2.5534,2.5475,2.7372,2.6825
9B,BOON TIONG RD,exact,2.5236,2.5178,2.7087,2.6541
446,BRIGHT HILL DR,exact,8.5160,8.5211,7.5306,7.5261
447,BRIGHT HILL DR,exact,8.5644,8.5694,7.5804,7.5757
448,BRIGHT HILL DR,exact,8.5984,8.6034,7.6168,7.6119
103,BT BATOK CTRL,exact,13.5478,13.5457,13.1200,13.0783
104,BT BATOK CTRL,exact,13.6665,13.6644,13.2364,13.1948
105,BT BATOK CTRL,exact,13.6512,13.6491,13.2245,13.1827
106,BT BATOK CTRL,exact,13.6276,13.6255,13.2032,13.1614
120,BT BATOK CTRL,exact,13.7475,13.7455,13.3013,13.2603
121,BT BATOK CTRL,exact,13.7541,13.7522,13.3028,13.2620
122,BT BATOK CTRL,exact,13.8780,13.8761,13.4283,13.3874
123,BT BATOK CTRL,exact,13.7891,13.7872,13.3414,13.3005
124,BT BATOK CTRL,exact,13.8017,13.7998,13.3568,13.3157
125,BT BATOK CTRL,exact,13.8279,13.8259,13.3808,13.3398
126,BT BATOK CTRL,exact,13.8921,13.8902,13.4441,13.4032
225,BT BATOK CTRL,exact,13.1359,13.1340,12.6871,12.6462
226,BT BATOK CTRL,exact,13.0979,13.0960,12.6449,12.6041
227,BT BATOK CTRL,exact,13.0444,13.0425,12.5924,12.5516
228,BT BATOK CTRL,exact,13.0359,13.0340,12.5808,12.5400
620,BT BATOK CTRL,exact,13.6013,13.5993,13.1616,13.1203
621,BT BATOK CTRL,exact,13.6386,13.6367,13.1956,13.1545
622,BT BATOK CTRL,exact,13.6536,13.6517,13.2066,13.1656
623,BT BATOK CTRL,exact,13.5791,13.5772,13.1277,13.0869
624,BT BATOK CTRL,exact,13.5978,13.5959,13.1423,13.1016
625,BT BATOK CTRL,exact,13.6858,13.6839,13.2339,13.1931
626,BT BATOK CTRL,exact,13.6660,13.6642,13.2100,13.1693
627,BT BATOK CTRL,exact,13.6435,13.6417,13.1853,13.1447
628,BT BATOK CTRL,exact,13.5751,13.5732,13.1174,13.0768
639,BT BATOK CTRL,exact,13.2354,13.2335,12.7836,12.7428
642,BT BATOK CTRL,exact,13.2508,13.2489,12.8023,12.7613
220,BT BATOK EAST AVE 3,exact,12.8771,12.8753,12.4267,12.3857
221,BT BATOK EAST AVE 3,exact,12.9731,12.9711,12.5269,12.4858
222,BT BATOK EAST AVE 3,exact,12.9638,12.9619,12.5135,12.4725
223,BT BATOK EAST AVE 3,exact,13.0333,13.0314,12.5845,12.5435
229,BT BATOK EAST AVE 3,exact,12.9303,12.9285,12.4740,12.4333
230,BT BATOK EAST AVE 3,exact,12.8667,12.8648,12.4131,12.3722
278,BT BATOK EAST AVE 3,exact,12.6190,12.6173,12.1519,12.1116
280,BT BATOK EAST AVE 3,exact,12.6766,12.6748,12.2139,12.1735
281,BT BATOK EAST AVE 3,exact,12.6113,12.6095,12.1475,12.1071
283,BT BATOK EAST AVE 3,exact,12.5838,12.5820,12.1245,12.0838
285,BT BATOK EAST AVE 3,exact,12.5091,12.5072,12.0540,12.0132
286,BT BATOK EAST AVE 3,exact,12.4888,12.4870,12.0268,11.9862
287,BT BATOK EAST AVE 3,exact,12.5051,12.5033,12.0398,11.9994
290C,BT BATOK EAST AVE 3,exact,12.4344,12.4324,11.9975,11.9560
290D,BT BATOK EAST AVE 3,exact,12.4360,12.4340,11.9958,11.9545
254,BT BATOK EAST AVE 4,exact,12.7086,12.7070,12.2258,12.1862
255,BT BATOK EAST AVE 4,exact,12.7023,12.7008,12.2157,12.1762
256,BT BATOK EAST AVE 4,exact,12.7559,12.7544,12.2647,12.2254
257,BT BATOK EAST AVE 4,exact,12.8122,12.8108,12.3207,12.2813
258,BT BATOK EAST AVE 4,exact,12.7392,12.7378,12.2428,12.2037
259,BT BATOK EAST AVE 4,exact,12.6321,12.6307,12.1344,12.0954
260,BT BATOK EAST AVE 4,exact,12.7021,12.7007,12.2075,12.1683
261,BT BATOK EAST AVE 4,exact,12.6964,12.6949,12.2055,12.1662
262,BT BATOK EAST AVE 4,exact,12.6554,12.6540,12.1614,12.1222
263,BT BATOK EAST AVE 4,exact,12.6553,12.6539,12.1648,12.1254
264,BT BATOK EAST AVE 4,exact,12.6351,12.6336,12.1475,12.1080
265,BT BATOK EAST AVE 4,exact,12.5673,12.5659,12.0751,12.0358
266,BT BATOK EAST AVE 4,exact,12.5110,12.5095,12.0227,11.9832
267,BT BATOK EAST AVE 4,exact,12.4869,12.4853,12.0031,11.9634
268,BT BATOK EAST AVE 4,exact,12.5797,12.5782,12.0960,12.0563
269,BT BATOK EAST AVE 4,exact,12.5235,12.5220,12.0422,12.0024
271,BT BATOK EAST AVE 4,exact,12.5369,12.5353,12.0624,12.0224
272,BT BATOK EAST AVE 4,exact,12.6700,12.6684,12.1958,12.1558
274,BT BATOK EAST AVE 4,exact,12.6080,12.6063,12.1394,12.0991
275,BT BATOK EAST AVE 4,exact,12.5875,12.5858,12.1159,12.0758
231,BT BATOK EAST AVE 5,exact,12.9953,12.9935,12.5340,12.4935
232,BT BATOK EAST AVE 5,exact,12.9721,12.9703,12.5071,12.4668
233,BT BATOK EAST AVE 5,exact,12.9231,12.9213,12.4610,12.4205
234,BT BATOK EAST AVE 5,exact,12.9154,12.9137,12.4497,12.4094
235,BT BATOK EAST AVE 5,exact,12.7939,12.7922,12.3290,12.2886
236,BT BATOK EAST AVE 5,exact,12.8784,12.8767,12.4089,12.3687
237,BT BATOK EAST AVE 5,exact,12.9484,12.9467,12.4807,12.4405
238,BT BATOK EAST AVE 5,exact,13.0219,13.0202,12.5544,12.5141
239,BT BATOK EAST AVE 5,exact,13.0143,13.0126,12.5423,12.5022
240,BT BATOK EAST AVE 5,exact,13.1145,13.1128,12.6449,12.6047
241,BT BATOK EAST AVE 5,exact,13.1067,13.1050,12.6326,12.5926
242,BT BATOK EAST AVE 5,exact,12.9570,12.9554,12.4749,12.4352
243,BT BATOK EAST AVE 5,exact,12.8534,12.8518,12.3798,12.3398
244,BT BATOK EAST AVE 5,exact,12.7520,12.7504,12.2778,12.2378
245,BT BATOK EAST AVE 5,exact,12.7731,12.7715,12.2952,12.2553
246,BT BATOK EAST AVE 5,exact,12.7471,12.7455,12.2679,12.2281
247,BT BATOK EAST AVE 5,exact,12.8230,12.8214,12.3447,12.3049
248,BT BATOK EAST AVE 5,exact,12.8784,12.8768,12.3995,12.3597
249,BT BATOK EAST AVE 5,exact,12.9049,12.9034,12.4237,12.3840
250,BT BATOK EAST AVE 5,exact,12.8864,12.8849,12.3998,12.3603
251,BT BATOK EAST AVE 5,exact,12.8294,12.8278,12.3424,12.3029
252,BT BATOK EAST AVE 5,exact,12.8342,12.8326,12.3509,12.3113
253,BT BATOK EAST AVE 5,exact,12.7763,12.7747,12.2939,12.2542
292A,BT BATOK EAST AVE 6,exact,12.7223,12.7203,12.2924,12.2507
292B,BT BATOK EAST AVE 6,exact,12.7861,12.7840,12.3586,12.3168
292C,BT BATOK EAST AVE 6,exact,12.8304,12.8283,12.4029,12.3611
140,BT BATOK ST 11,exact,14.0916,14.0895,13.6628,13.6212
141,BT BATOK ST 11,exact,14.1334,14.1312,13.7093,13.6675
142,BT BATOK ST 11,exact,14.1412,14.1390,13.7214,13.6795
143,BT BATOK ST 11,exact,14.0637,14.0615,13.6373,13.5956
145,BT BATOK ST 11,exact,14.0575,14.0554,13.6346,13.5928
150,BT BATOK ST 11,exact,13.9937,13.9914,13.5791,13.5369
152,BT BATOK ST 11,exact,13.9103,13.9080,13.4968,13.4546
154,BT BATOK ST 11,exact,13.9040,13.9017,13.4955,13.4531
157,BT BATOK ST 11,exact,13.9937,13.9914,13.5830,13.5407
160,BT BATOK ST 11,exact,14.1554,14.1531,13.7464,13.7041
161,BT BATOK ST 11,exact,14.1304,14.1281,13.7241,13.6817
162,BT BATOK ST 11,exact,14.1016,14.0992,13.7014,13.6587
163,BT BATOK ST 11,exact,14.0542,14.0519,13.6479,13.6054
164,BT BATOK ST 11,exact,14.0131,14.0108,13.6091,13.5666
201,BT BATOK ST 21,exact,13.4229,13.4207,13.0124,12.9701
202,BT BATOK ST 21,exact,13.4137,13.4115,12.9957,12.9536
203,BT BATOK ST 21,exact,13.4053,13.4031,12.9799,12.9380
204,BT BATOK ST 21,exact,13.3341,13.3320,12.9034,12.8617
205,BT BATOK ST 21,exact,13.2922,13.2901,12.8639,12.8222
206,BT BATOK ST 21,exact,13.3294,13.3273,12.9072,12.8652
207,BT BATOK ST 21,exact,13.3049,13.3027,12.8857,12.8436
208,BT BATOK ST 21,exact,13.3390,13.3368,12.9246,12.8824
209,BT BATOK ST 21,exact,13.3222,13.3199,12.9111,12.8688
210,BT BATOK ST 21,exact,13.2059,13.2037,12.7899,12.7477
211,BT BATOK ST 21,exact,13.1971,13.1950,12.7757,12.7337
212,BT BATOK ST 21,exact,13.0936,13.0916,12.6557,12.6143
213,BT BATOK ST 21,exact,13.0450,13.0429,12.6087,12.5672
214,BT BATOK ST 21,exact,13.0367,13.0347,12.5952,12.5540
215,BT BATOK ST 21,exact,12.9638,12.9618,12.5242,12.4829
216,BT BATOK ST 21,exact,12.9555,12.9535,12.5122,12.4710
217,BT BATOK ST 21,exact,12.8315,12.8295,12.3862,12.3450
218,BT BATOK ST 21,exact,12.9151,12.9132,12.4681,12.4270
219,BT BATOK ST 21,exact,12.8350,12.8331,12.3851,12.3441
224,BT BATOK ST 21,exact,13.0928,13.0908,12.6497,12.6085
293A,BT BATOK ST 21,exact,12.7904,12.7884,12.3513,12.3099
293B,BT BATOK ST 21,exact,12.8289,12.8269,12.3914,12.3500
293C,BT BATOK ST 21,exact,12.7248,12.7228,12.2884,12.2469
293D,BT BATOK ST 21,exact,12.6761,12.6740,12.2410,12.1994
296A,BT BATOK ST 22,exact,13.4667,13.4642,13.0749,13.0319
296B,BT BATOK ST 22,exact,13.3532,13.3508,12.9607,12.9177
296C,BT BATOK ST 22,exact,13.2763,13.2739,12.8807,12.8378
297,BT BATOK ST 22,exact,13.4255,13.4232,13.0230,12.9804
298,BT BATOK ST 22,exact,13.4356,13.4333,13.0359,12.9931
299,BT BATOK ST 22,exact,13.4086,13.4062,13.0131,12.9702
290A,BT BATOK ST 24,exact,12.4479,12.4458,12.0213,11.9794
290B,BT BATOK ST 24,exact,12.4626,12.4605,12.0327,11.9910
290E,BT BATOK ST 24,exact,12.3833,12.3813,11.9462,11.9047
290F,BT BATOK ST 24,exact,12.3602,12.3582,11.9258,11.8842
290G,BT BATOK ST 24,exact,12.4009,12.3988,11.9699,11.9282
291A,BT BATOK ST 24,exact,12.5236,12.5216,12.0954,12.0536
291B,BT BATOK ST 24,exact,12.5114,12.5092,12.0879,12.0459
291C,BT BATOK ST 24,exact,12.5686,12.5664,12.1494,12.1072
291D,BT BATOK ST 24,exact,12.5770,12.5749,12.1528,12.1108
291E,BT BATOK ST 24,exact,12.6302,12.6280,12.2091,12.1670
288A,BT BATOK ST 25,exact,12.1938,12.1920,11.7346,11.6940
288B,BT BATOK ST 25,exact,12.2525,12.2508,11.7864,11.7460
288C,BT BATOK ST 25,exact,12.3055,12.3038,11.8415,11.8010
288D,BT BATOK ST 25,exact,12.3543,12.3525,11.8955,11.8549
288E,BT BATOK ST 25,exact,12.3698,12.3680,11.9148,11.8740
288F,BT BATOK ST 25,exact,12.4033,12.4015,11.9528,11.9118
288G,BT BATOK ST 25,exact,12.2743,12.2725,11.8199,11.7791
289A,BT BATOK ST 25,exact,12.1569,12.1551,11.7022,11.6613
289B,BT BATOK ST 25,exact,12.1169,12.1150,11.6669,11.6258
289C,BT BATOK ST 25,exact,12.1560,12.1541,11.7107,11.6695
289D,BT BATOK ST 25,exact,12.2138,12.2118,11.7736,11.7322
289E,BT BATOK ST 25,exact,12.2379,12.2360,11.7906,11.7495
289F,BT BATOK ST 25,exact,12.3021,12.3002,11.8530,11.8120
289G,BT BATOK ST 25,exact,12.3513,12.3495,11.9005,11.8595
301,BT BATOK ST 31,exact,14.0071,14.0055,13.5189,13.4796
302,BT BATOK ST 31,exact,14.0613,14.0598,13.5724,13.5331
303,BT BATOK ST 31,exact,14.0585,14.0570,13.5729,13.5335
304,BT BATOK ST 31,exact,14.1271,14.1256,13.6380,13.5987
305,BT BATOK ST 31,exact,14.1536,14.1521,13.6621,13.6229
306,BT BATOK ST 31,exact,14.2187,14.2172,13.7262,13.6871
307,BT BATOK ST 31,exact,14.1570,14.1556,13.6628,13.6238
308,BT BATOK ST 31,exact,14.1831,14.1816,13.6865,13.6476
309,BT BATOK ST 31,exact,14.1056,14.1042,13.6079,13.5690
354,BT BATOK ST 31,exact,14.2265,14.2253,13.7058,13.6678
355,BT BATOK ST 31,exact,14.1827,14.1816,13.6562,13.6185
356,BT BATOK ST 31,exact,14.1633,14.1622,13.6344,13.5968
357,BT BATOK ST 31,exact,14.1438,14.1426,13.6165,13.5788
358,BT BATOK ST 31,exact,14.1382,14.1370,13.6129,13.5751
359,BT BATOK ST 31,exact,14.0913,14.0901,13.5643,13.5266
360,BT BATOK ST 31,exact,14.1258,14.1246,13.6031,13.5652
361,BT BATOK ST 31,exact,14.0751,14.0739,13.5531,13.5152
362,BT BATOK ST 31,exact,14.1753,14.1740,13.6564,13.6184
363,BT BATOK ST 31,exact,14.2263,14.2251,13.7090,13.6710
364,BT BATOK ST 31,exact,14.2141,14.2128,13.6994,13.6612
365,BT BATOK ST 31,exact,14.2880,14.2867,13.7750,13.7367
366,BT BATOK ST 31,exact,14.2300,14.2287,13.7189,13.6805
367,BT BATOK ST 31,exact,14.1590,14.1577,13.6448,13.6065
368,BT BATOK ST 31,exact,14.0531,14.0518,13.5333,13.4953
369,BT BATOK ST 31,exact,14.0162,14.0150,13.4979,13.4599
370,BT BATOK ST 31,exact,14.1681,14.1668,13.6578,13.6194
371,BT BATOK ST 31,exact,13.9981,13.9968,13.4862,13.4479
372,BT BATOK ST 31,exact,13.9126,13.9113,13.4021,13.3637
374,BT BATOK ST 31,exact,13.9097,13.9083,13.4055,13.3668
375,BT BATOK ST 31,exact,13.9864,13.9850,13.4827,13.4440
377,BT BATOK ST 31,exact,14.0449,14.0436,13.5337,13.4953
310,BT BATOK ST 32,exact,14.1897,14.1884,13.6834,13.6449
311,BT BATOK ST 32,exact,14.2625,14.2612,13.7556,13.7170
312,BT BATOK ST 32,exact,14.3391,14.3377,13.8376,13.7989
313,BT BATOK ST 32,exact,14.3235,14.3222,13.8179,13.7793
314,BT BATOK ST 32,exact,14.4009,14.3995,13.8982,13.8595
315,BT BATOK ST 32,exact,14.4229,14.4215,13.9233,13.8845
316,BT BATOK ST 32,exact,14.4300,14.4286,13.9263,13.8877
317,BT BATOK ST 32,exact,14.3622,14.3609,13.8548,13.8163
318,BT BATOK ST 32,exact,14.4143,14.4129,13.9065,13.8681
332,BT BATOK ST 32,exact,14.5223,14.5212,13.9940,13.9565
333,BT BATOK ST 32,exact,14.5863,14.5852,14.0573,14.0197
334,BT BATOK ST 32,exact,14.6139,14.6128,14.0821,14.0447
335,BT BATOK ST 32,exact,14.5855,14.5844,14.0531,14.0157
336,BT BATOK ST 32,exact,14.5878,14.5867,14.0520,14.0148
319,BT BATOK ST 33,exact,14.5124,14.5111,14.0051,13.9667
320,BT BATOK ST 33,exact,14.4631,14.4617,13.9552,13.9168
321,BT BATOK ST 33,exact,14.3981,14.3967,13.8861,13.8478
322,BT BATOK ST 33,exact,14.4229,14.4216,13.9089,13.8707
323,BT BATOK ST 33,exact,14.3479,14.3466,13.8362,13.7979
324,BT BATOK ST 33,exact,14.4648,14.4635,13.9483,13.9102
325,BT BATOK ST 33,exact,14.5121,14.5109,13.9939,13.9559
326,BT BATOK ST 33,exact,14.4454,14.4442,13.9243,13.8864
327,BT BATOK ST 33,exact,14.4913,14.4901,13.9700,13.9321
328,BT BATOK ST 33,exact,14.5183,14.5171,13.9979,13.9600
329,BT BATOK ST 33,exact,14.5480,14.5468,14.0267,13.9889
330,BT BATOK ST 33,exact,14.4760,14.4748,13.9488,13.9111
331,BT BATOK ST 33,exact,14.5609,14.5597,14.0358,13.9981
337,BT BATOK ST 34,exact,14.3986,14.3975,13.8668,13.8294
338,BT BATOK ST 34,exact,14.2677,14.2666,13.7288,13.6917
339,BT BATOK ST 34,exact,14.2557,14.2546,13.7195,13.6823
340,BT BATOK ST 34,exact,14.3623,14.3612,13.8319,13.7944
341,BT BATOK ST 34,exact,14.3730,14.3718,13.8462,13.8086
342,BT BATOK ST 34,exact,14.4092,14.4080,13.8863,13.8485
343,BT BATOK ST 34,exact,14.3438,14.3426,13.8194,13.7817
344,BT BATOK ST 34,exact,14.2949,14.2938,13.7665,13.7289
345,BT BATOK ST 34,exact,14.2283,14.2272,13.6940,13.6567
346,BT BATOK ST 34,exact,14.2270,14.2259,13.6962,13.6588
347,BT BATOK ST 34,exact,14.1580,14.1569,13.6256,13.5882
348,BT BATOK ST 34,exact,14.1991,14.1980,13.6701,13.6325
349,BT BATOK ST 34,exact,14.2876,14.2865,13.7633,13.7255
350,BT BATOK ST 34,exact,14.2810,14.2797,13.7624,13.7243
351,BT BATOK ST 34,exact,14.2838,14.2826,13.7613,13.7235
352,BT BATOK ST 34,exact,14.2645,14.2632,13.7436,13.7057
353,BT BATOK ST 34,exact,14.2449,14.2437,13.7217,13.6838
463A,BT BATOK ST 41,exact,14.5820,14.5802,14.1233,14.0829
463B,BT BATOK ST 41,exact,14.6159,14.6141,14.1523,14.1120
526,BT BATOK ST 51,exact,13.8226,13.8212,13.3218,13.2830
527,BT BATOK ST 51,exact,13.7777,13.7763,13.2757,13.2369
528,BT BATOK ST 51,exact,13.7903,13.7889,13.2930,13.2541
530,BT BATOK ST 51,exact,13.7595,13.7580,13.2652,13.2262
531,BT BATOK ST 51,exact,13.8281,13.8266,13.3361,13.2969
532,BT BATOK ST 51,exact,13.8890,13.8875,13.4002,13.3609
533,BT BATOK ST 51,exact,13.8569,13.8553,13.3701,13.3307
534,BT BATOK ST 51,exact,13.8032,13.8017,13.3136,13.2744
501,BT BATOK ST 52,exact,13.1034,13.1018,12.6232,12.5834
503,BT BATOK ST 52,exact,13.2187,13.2171,12.7446,12.7047
504,BT BATOK ST 52,exact,13.1350,13.1334,12.6516,12.6120
505,BT BATOK ST 52,exact,13.2515,13.2498,12.7742,12.7344
506,BT BATOK ST 52,exact,13.1822,13.1806,12.6983,12.6587
507,BT BATOK ST 52,exact,13.2425,13.2410,12.7619,12.7222
508,BT BATOK ST 52,exact,13.2235,13.2219,12.7385,12.6990
509,BT BATOK ST 52,exact,13.2442,13.2427,12.7604,12.7208
510,BT BATOK ST 52,exact,13.2002,13.1987,12.7121,12.6727
511,BT BATOK ST 52,exact,13.2914,13.2898,12.8081,12.7685
512,BT BATOK ST 52,exact,13.4646,13.4631,12.9774,12.9380
513,BT BATOK ST 52,exact,13.5109,13.5094,13.0252,12.9857
514,BT BATOK ST 52,exact,13.5132,13.5117,13.0236,12.9843
523,BT BATOK ST 52,exact,13.6845,13.6831,13.1817,13.1429
524,BT BATOK ST 52,exact,13.6881,13.6867,13.1803,13.1418
525,BT BATOK ST 52,exact,13.7204,13.7190,13.2154,13.1767
535,BT BATOK ST 52,exact,13.7440,13.7424,13.2606,13.2210
536,BT BATOK ST 52,exact,13.7100,13.7085,13.2197,13.1805
537,BT BATOK ST 52,exact,13.7099,13.7083,13.2235,13.1840
539,BT BATOK ST 52,exact,13.6867,13.6852,13.2026,13.1630
540,BT BATOK ST 52,exact,13.6255,13.6239,13.1418,13.1023
541,BT BATOK ST 52,exact,13.5748,13.5733,13.0926,13.0529
542,BT BATOK ST 52,exact,13.6095,13.6079,13.1298,13.0901
419,BT BATOK WEST AVE 2,exact,14.5776,14.5763,14.0684,14.0300
420,BT BATOK WEST AVE 2,exact,14.6556,14.6543,14.1445,14.1062
421,BT BATOK WEST AVE 2,exact,14.7269,14.7256,14.2194,14.1810
422,BT BATOK WEST AVE 2,exact,14.6312,14.6299,14.1223,14.0839
423,BT BATOK WEST AVE 2,exact,14.7031,14.7017,14.1978,14.1592
424,BT BATOK WEST AVE 2,exact,14.6304,14.6290,14.1244,14.0859
425,BT BATOK WEST AVE 2,exact,14.6567,14.6553,14.1521,14.1136
426,BT BATOK WEST AVE 2,exact,14.6761,14.6747,14.1738,14.1351
407,BT BATOK WEST AVE 4,exact,14.8062,14.8051,14.2816,14.2439
408,BT BATOK WEST AVE 4,exact,14.8769,14.8757,14.3558,14.3180
409,BT BATOK WEST AVE 4,exact,14.7815,14.7803,14.2590,14.2212
410,BT BATOK WEST AVE 4,exact,14.8524,14.8512,14.3334,14.2955
411,BT BATOK WEST AVE 4,exact,14.7385,14.7373,14.2173,14.1794
413,BT BATOK WEST AVE 4,exact,14.6503,14.6490,14.1298,14.0919
414,BT BATOK WEST AVE 4,exact,14.7058,14.7046,14.1879,14.1499
415,BT BATOK WEST AVE 4,exact,14.6291,14.6278,14.1103,14.0723
416,BT BATOK WEST AVE 4,exact,14.6818,14.6806,14.1659,14.1278
417,BT BATOK WEST AVE 4,exact,14.6100,14.6088,14.0938,14.0557
383,BT BATOK WEST AVE 5,exact,14.0722,14.0711,13.5350,13.4978
384,BT BATOK WEST AVE 5,exact,14.1164,14.1154,13.5757,13.5387
385,BT BATOK WEST AVE 5,exact,14.1567,14.1557,13.6129,13.5760
386,BT BATOK WEST AVE 5,exact,14.1553,14.1543,13.6071,13.5704
387,BT BATOK WEST AVE 5,exact,14.2293,14.2284,13.6762,13.6398
388,BT BATOK WEST AVE 5,exact,14.2532,14.2523,13.7016,13.6650
389,BT BATOK WEST AVE 5,exact,14.2898,14.2890,13.7354,13.6990
390,BT BATOK WEST AVE 5,exact,14.2654,14.2646,13.7097,13.6734
391,BT BATOK WEST AVE 5,exact,14.2756,14.2748,13.7158,13.6796
392,BT BATOK WEST AVE 5,exact,14.2258,14.2250,13.6632,13.6271
393,BT BATOK WEST AVE 5,exact,14.2886,14.2878,13.7234,13.6875
394,BT BATOK WEST AVE 5,exact,14.3196,14.3188,13.7567,13.7207
395,BT BATOK WEST AVE 5,exact,14.3463,14.3454,13.7857,13.7496
435B,BT BATOK WEST AVE 5,exact,14.9016,14.8998,14.4343,14.3943
435C,BT BATOK WEST AVE 5,exact,14.9294,14.9275,14.4678,14.4275
436A,BT BATOK WEST AVE 5,exact,14.9599,14.9582,14.4925,14.4524
437A,BT BATOK WEST AVE 5,exact,14.9706,14.9688,14.5119,14.4715
101,BT BATOK WEST AVE 6,exact,13.5651,13.5629,13.1525,13.1102
102,BT BATOK WEST AVE 6,exact,13.5561,13.5539,13.1359,13.0939
107,BT BATOK WEST AVE 6,exact,13.6585,13.6563,13.2393,13.1973
108,BT BATOK WEST AVE 6,exact,13.6474,13.6452,13.2312,13.1891
109,BT BATOK WEST AVE 6,exact,13.6537,13.6514,13.2418,13.1995
110,BT BATOK WEST AVE 6,exact,13.7203,13.7180,13.3061,13.2639
111,BT BATOK WEST AVE 6,exact,13.7513,13.7491,13.3303,13.2884
112,BT BATOK WEST AVE 6,exact,13.8299,13.8276,13.4143,13.3722
113,BT BATOK WEST AVE 6,exact,13.8542,13.8520,13.4334,13.3915
114,BT BATOK WEST AVE 6,exact,13.7739,13.7717,13.3498,13.3080
115,BT BATOK WEST AVE 6,exact,13.7428,13.7406,13.3141,13.2724
116,BT BATOK WEST AVE 6,exact,13.7865,13.7844,13.3555,13.3140
117,BT BATOK WEST AVE 6,exact,13.7350,13.7330,13.2987,13.2573
118,BT BATOK WEST AVE 6,exact,13.7980,13.7959,13.3639,13.3224
119,BT BATOK WEST AVE 6,exact,13.7940,13.7920,13.3559,13.3146
127,BT BATOK WEST AVE 6,exact,13.9482,13.9462,13.5033,13.4622
128,BT BATOK WEST AVE 6,exact,13.9819,13.9799,13.5400,13.4988
129,BT BATOK WEST AVE 6,exact,13.9268,13.9248,13.4849,13.4438
130,BT BATOK WEST AVE 6,exact,13.9209,13.9189,13.4822,13.4410
131,BT BATOK WEST AVE 6,exact,13.8635,13.8614,13.4254,13.3841
132,BT BATOK WEST AVE 6,exact,13.9183,13.9163,13.4833,13.4419
133,BT BATOK WEST AVE 6,exact,14.0372,14.0352,13.5985,13.5573
134,BT BATOK WEST AVE 6,exact,14.0789,14.0769,13.6420,13.6007
135,BT BATOK WEST AVE 6,exact,14.0320,14.0299,13.5962,13.5548
136,BT BATOK WEST AVE 6,exact,14.0052,14.0031,13.5716,13.5301
137,BT BATOK WEST AVE 6,exact,13.9737,13.9716,13.5423,13.5007
138,BT BATOK WEST AVE 6,exact,14.0147,14.0126,13.5857,13.5440
139,BT BATOK WEST AVE 6,exact,14.0819,14.0798,13.6496,13.6081
144,BT BATOK WEST AVE 6,exact,14.0132,14.0110,13.5878,13.5460
146,BT BATOK WEST AVE 6,exact,14.0059,14.0037,13.5836,13.5417
147,BT BATOK WEST AVE 6,exact,14.0462,14.0440,13.6265,13.5845
148,BT BATOK WEST AVE 6,exact,14.0047,14.0025,13.5860,13.5440
149,BT BATOK WEST AVE 6,exact,13.9589,13.9567,13.5383,13.4963
185,BT BATOK WEST AVE 6,exact,13.7770,13.7747,13.3695,13.3270
186,BT BATOK WEST AVE 6,exact,13.8289,13.8266,13.4282,13.3855
187,BT BATOK WEST AVE 6,exact,13.7744,13.7721,13.3721,13.3295
188,BT BATOK WEST AVE 6,exact,13.6286,13.6263,13.2226,13.1801
189,BT BATOK WEST AVE 6,exact,13.5686,13.5663,13.1648,13.1222
190,BT BATOK WEST AVE 6,exact,13.5738,13.5714,13.1740,13.1313
191,BT BATOK WEST AVE 6,exact,13.6480,13.6456,13.2500,13.2072
192,BT BATOK WEST AVE 6,exact,13.7060,13.7035,13.3096,13.2667
193,BT BATOK WEST AVE 6,exact,13.7644,13.7620,13.3664,13.3236
194A,BT BATOK WEST AVE 6,exact,13.5855,13.5830,13.1929,13.1499
194B,BT BATOK WEST AVE 6,exact,13.6734,13.6709,13.2800,13.2371
450A,BT BATOK WEST AVE 6,exact,14.1485,14.1465,13.7035,13.6624
450B,BT BATOK WEST AVE 6,exact,14.1355,14.1335,13.6939,13.6527
450C,BT BATOK WEST AVE 6,exact,14.1682,14.1661,13.7309,13.6896
450D,BT BATOK WEST AVE 6,exact,14.1947,14.1927,13.7528,13.7116
451A,BT BATOK WEST AVE 6,exact,14.3139,14.3119,13.8735,13.8323
451B,BT BATOK WEST AVE 6,exact,14.2349,14.2329,13.7964,13.7551
452A,BT BATOK WEST AVE 6,exact,14.3240,14.3220,13.8876,13.8463
453A,BT BATOK WEST AVE 6,exact,14.3316,14.3295,13.8989,13.8575
453B,BT BATOK WEST AVE 6,exact,14.2757,14.2736,13.8430,13.8015
402,BT BATOK WEST AVE 7,exact,14.9349,14.9336,14.4175,14.3795
403,BT BATOK WEST AVE 7,exact,14.9095,14.9083,14.3871,14.3493
404,BT BATOK WEST AVE 7,exact,14.9104,14.9093,14.3848,14.3471
405,BT BATOK WEST AVE 7,exact,14.9048,14.9036,14.3766,14.3391
406,BT BATOK WEST AVE 7,exact,14.8285,14.8274,14.3020,14.2644
165,BT BATOK WEST AVE 8,exact,14.0730,14.0706,13.6750,13.6322
166,BT BATOK WEST AVE 8,exact,13.9820,13.9796,13.5820,13.5393
167,BT BATOK WEST AVE 8,exact,14.0243,14.0218,13.6279,13.5851
168,BT BATOK WEST AVE 8,exact,14.1297,14.1273,13.7353,13.6924
169,BT BATOK WEST AVE 8,exact,14.1362,14.1337,13.7471,13.7040
170,BT BATOK WEST AVE 8,exact,14.2114,14.2089,13.8256,13.7825
171,BT BATOK WEST AVE 8,exact,14.1742,14.1716,13.7911,13.7478
172,BT BATOK WEST AVE 8,exact,14.1264,14.1239,13.7455,13.7021
173,BT BATOK WEST AVE 8,exact,14.1167,14.1142,13.7314,13.6882
174,BT BATOK WEST AVE 8,exact,14.0706,14.0681,13.6877,13.6444
175,BT BATOK WEST AVE 8,exact,14.0115,14.0089,13.6273,13.5841
176,BT BATOK WEST AVE 8,exact,14.0556,14.0531,13.6687,13.6256
177,BT BATOK WEST AVE 8,exact,14.0412,14.0387,13.6509,13.6079
178,BT BATOK WEST AVE 8,exact,13.9419,13.9394,13.5504,13.5074
179,BT BATOK WEST AVE 8,exact,13.9667,13.9642,13.5784,13.5354
180,BT BATOK WEST AVE 8,exact,13.8918,13.8893,13.5030,13.4599
181,BT BATOK WEST AVE 8,exact,13.8423,13.8399,13.4507,13.4077
182,BT BATOK WEST AVE 8,exact,13.7975,13.7951,13.4050,13.3620
183,BT BATOK WEST AVE 8,exact,13.8827,13.8802,13.4864,13.4435
184,BT BATOK WEST AVE 8,exact,13.8348,13.8324,13.4374,13.3947
438A,BT BATOK WEST AVE 8,exact,14.7780,14.7762,14.3173,14.2770
438B,BT BATOK WEST AVE 8,exact,14.8366,14.8348,14.3748,14.3345
438C,BT BATOK WEST AVE 8,exact,14.9278,14.9259,14.4709,14.4304
439A,BT BATOK WEST AVE 8,exact,14.7849,14.7830,14.3303,14.2897
439B,BT BATOK WEST AVE 8,exact,14.9007,14.8988,14.4474,14.4068
439C,BT BATOK WEST AVE 8,exact,14.9710,14.9691,14.5170,14.4764
440A,BT BATOK WEST AVE 8,exact,14.8340,14.8320,14.3954,14.3542
440B,BT BATOK WEST AVE 8,exact,14.8809,14.8788,14.4449,14.4036
440C,BT BATOK WEST AVE 8,exact,14.9144,14.9123,14.4798,14.4384
440D,BT BATOK WEST AVE 8,exact,14.9926,14.9905,14.5610,14.5195
441A,BT BATOK WEST AVE 8,exact,14.8651,14.8631,14.4201,14.3791
441B,BT BATOK WEST AVE 8,exact,14.9014,14.8994,14.4587,14.4177
441C,BT BATOK WEST AVE 8,exact,14.8608,14.8588,14.4203,14.3792
442A,BT BATOK WEST AVE 8,exact,14.9302,14.9283,14.4835,14.4426
442B,BT BATOK WEST AVE 8,exact,15.0047,15.0028,14.5564,14.5156
442C,BT BATOK WEST AVE 8,exact,15.0233,15.0214,14.5758,14.5349
443A,BT BATOK WEST AVE 8,exact,15.0070,15.0050,14.5639,14.5229
443B,BT BATOK WEST AVE 8,exact,14.9759,14.9738,14.5351,14.4940
443C,BT BATOK WEST AVE 8,exact,14.9432,14.9411,14.5058,14.4646
443D,BT BATOK WEST AVE 8,exact,15.0113,15.0092,14.5765,14.5351
445A,BT BATOK WEST AVE 8,exact,14.5414,14.5391,14.1287,14.0865
445B,BT BATOK WEST AVE 8,exact,14.5933,14.5910,14.1817,14.1395
446A,BT BATOK WEST AVE 8,exact,14.5121,14.5098,14.1035,14.0611
461A,BT BATOK WEST AVE 8,exact,14.7032,14.7012,14.2620,14.2209
461B,BT BATOK WEST AVE 8,exact,14.7010,14.6990,14.2572,14.2161
461C,BT BATOK WEST AVE 8,exact,14.6334,14.6314,14.1902,14.1492
461D,BT BATOK WEST AVE 8,exact,14.6393,14.6372,14.1996,14.1584
464A,BT BATOK WEST AVE 8,exact,14.6873,14.6855,14.2239,14.1836
464B,BT BATOK WEST AVE 8,exact,14.6939,14.6921,14.2251,14.1851
448A,BT BATOK WEST AVE 9,exact,14.5374,14.5353,14.1078,14.0662
448B,BT BATOK WEST AVE 9,exact,14.5157,14.5136,14.0827,14.0412
448C,BT BATOK WEST AVE 9,exact,14.4535,14.4514,14.0217,13.9802
449A,BT BATOK WEST AVE 9,exact,14.4060,14.4039,13.9756,13.9341
449B,BT BATOK WEST AVE 9,exact,14.4248,14.4226,13.9985,13.9568
460A,BT BATOK WEST AVE 9,exact,14.7261,14.7241,14.2917,14.2503
460B,BT BATOK WEST AVE 9,exact,14.7084,14.7063,14.2781,14.2366
460C,BT BATOK WEST AVE 9,exact,14.6686,14.6665,14.2401,14.1985
460D,BT BATOK WEST AVE 9,exact,14.6001,14.5980,14.1667,14.1253
467A,BT BATOK WEST AVE 9,exact,14.4397,14.4379,13.9732,13.9331
467B,BT BATOK WEST AVE 9,exact,14.4806,14.4788,14.0193,13.9790
467C,BT BATOK WEST AVE 9,exact,14.5238,14.5219,14.0663,14.0258
468A,BT BATOK WEST AVE 9,exact,14.5442,14.5424,14.0825,14.0421
468B,BT BATOK WEST AVE 9,exact,14.5261,14.5244,14.0602,14.0201
115,BT MERAH CTRL,exact,4.0991,4.0924,4.3321,4.2774
116,BT MERAH CTRL,exact,4.0500,4.0433,4.2904,4.2357
117,BT MERAH CTRL,exact,4.0024,3.9956,4.2513,4.1967
161,BT MERAH CTRL,exact,3.9363,3.9296,4.1801,4.1254
164,BT MERAH CTRL,exact,3.8529,3.8461,4.1138,4.0592
165,BT MERAH CTRL,exact,3.8606,3.8537,4.1312,4.0765
122,BT MERAH LANE 1,exact,5.2576,5.2512,5.4150,5.3604
124,BT MERAH LANE 1,exact,5.3282,5.3217,5.4986,5.4441
127,BT MERAH LANE 1,exact,5.3411,5.3345,5.5220,5.4674
110,BT MERAH VIEW,none,,,,
111,BT MERAH VIEW,none,,,,
113,BT MERAH VIEW,none,,,,
114,BT MERAH VIEW,none,,,,
116,BT MERAH VIEW,exact,3.3258,3.3193,3.5513,3.4966
119,BT MERAH VIEW,exact,3.4001,3.3932,3.6752,3.6206
120,BT MERAH VIEW,exact,3.2035,3.1965,3.5130,3.4586
124A,BT MERAH VIEW,exact,3.1858,3.1792,3.4244,3.3698
124B,BT MERAH VIEW,exact,3.1531,3.1467,3.3792,3.3245
125,BT MERAH VIEW,exact,3.0722,3.0657,3.3089,3.2543
126,BT MERAH VIEW,exact,3.0588,3.0521,3.3186,3.2641
128,BT MERAH VIEW,exact,3.1246,3.1175,3.4429,3.3886
129,BT MERAH VIEW,exact,3.0677,3.0609,3.3570,3.3026
130,BT MERAH VIEW,exact,3.0092,3.0026,3.2654,3.2109
234,BT PANJANG RING RD,exact,13.7673,13.7682,13.0539,13.0259
235,BT PANJANG RING RD,exact,13.7772,13.7781,13.0680,13.0397
236,BT PANJANG RING RD,exact,13.8502,13.8511,13.1375,13.1094
237,BT PANJANG RING RD,exact,13.8521,13.8530,13.1442,13.1158
238,BT PANJANG RING RD,exact,13.9552,13.9561,13.2418,13.2138
239,BT PANJANG RING RD,exact,13.9524,13.9534,13.2353,13.2075
240,BT PANJANG RING RD,exact,13.8769,13.8778,13.1628,13.1348
241,BT PANJANG RING RD,exact,13.8625,13.8635,13.1437,13.1160
242,BT PANJANG RING RD,exact,13.8956,13.8966,13.1754,13.1478
243,BT PANJANG RING RD,exact,13.9725,13.9735,13.2530,13.2254
244,BT PANJANG RING RD,exact,13.9694,13.9705,13.2457,13.2184
245,BT PANJANG RING RD,exact,13.9134,13.9145,13.1898,13.1624
259,BT PANJANG RING RD,exact,13.5317,13.5326,12.8173,12.7893
427,BT PANJANG RING RD,exact,14.5814,14.5826,13.8453,13.8187
428,BT PANJANG RING RD,exact,14.6139,14.6151,13.8766,13.8502
429,BT PANJANG RING RD,exact,14.6022,14.6034,13.8630,13.8367
430,BT PANJANG RING RD,exact,14.5551,14.5564,13.8146,13.7884
431,BT PANJANG RING RD,exact,14.4798,14.4810,13.7402,13.7139
432,BT PANJANG RING RD,exact,14.4747,14.4759,13.7327,13.7066
433,BT PANJANG RING RD,exact,14.4289,14.4302,13.6888,13.6625
434,BT PANJANG RING RD,exact,14.4541,14.4553,13.7183,13.6917
435,BT PANJANG RING RD,exact,14.5260,14.5272,13.7893,13.7628
447,BT PANJANG RING RD,exact,14.1798,14.1810,13.4479,13.4211
448,BT PANJANG RING RD,exact,14.1906,14.1918,13.4543,13.4278
449,BT PANJANG RING RD,exact,14.2120,14.2132,13.4724,13.4460
450,BT PANJANG RING RD,exact,14.2401,14.2414,13.4990,13.4727
533,BT PANJANG RING RD,exact,14.8894,14.8902,14.1865,14.1579
535,BT PANJANG RING RD,exact,14.8762,14.8769,14.1774,14.1486
537,BT PANJANG RING RD,exact,14.8327,14.8334,14.1378,14.1087
539,BT PANJANG RING RD,exact,14.7589,14.7596,14.0667,14.0375
541,BT PANJANG RING RD,exact,14.7011,14.7018,14.0100,13.9807
545,BT PANJANG RING RD,exact,14.6290,14.6296,13.9414,13.9119
609,BT PANJANG RING RD,exact,14.8437,14.8443,14.1575,14.1279
611,BT PANJANG RING RD,exact,14.9388,14.9395,14.2489,14.2196
613,BT PANJANG RING RD,exact,14.9661,14.9668,14.2733,14.2441
615,BT PANJANG RING RD,exact,15.0024,15.0031,14.3046,14.2757
617,BT PANJANG RING RD,exact,15.0164,15.0172,14.3148,14.2861
619,BT PANJANG RING RD,exact,15.0720,15.0727,14.3713,14.3426
620,BT PANJANG RING RD,exact,15.1130,15.1137,14.4153,14.3865
101,BT PURMEI RD,exact,3.1678,3.1587,3.8332,3.7844
102,BT PURMEI RD,exact,3.0473,3.0382,3.7168,3.6682
103,BT PURMEI RD,exact,3.1577,3.1486,3.8063,3.7571
104,BT PURMEI RD,exact,3.1304,3.1214,3.7735,3.7242
105,BT PURMEI RD,exact,3.2209,3.2120,3.8494,3.7996
106,BT PURMEI RD,exact,3.1045,3.0955,3.7335,3.6838
107,BT PURMEI RD,exact,3.2150,3.2061,3.8261,3.7760
108,BT PURMEI RD,exact,3.1180,3.1091,3.7341,3.6841
109,BT PURMEI RD,exact,3.0988,3.0899,3.7001,3.6498
110,BT PURMEI RD,exact,2.9229,2.9140,3.5520,3.5025
111,BT PURMEI RD,exact,2.8798,2.8710,3.4961,3.4463
112,BT PURMEI RD,exact,3.0109,3.0021,3.6051,3.5547
113,BT PURMEI RD,exact,2.8973,2.8885,3.4991,3.4490
114,BT PURMEI RD,exact,2.9957,2.9871,3.5749,3.5242
115,BT PURMEI RD,exact,2.8738,2.8651,3.4600,3.4095
978C,BUANGKOK CRES,exact,11.1319,11.1404,10.0858,10.1127
978D,BUANGKOK CRES,exact,11.1542,11.1628,10.1095,10.1367
979A,BUANGKOK CRES,exact,11.0817,11.0903,10.0365,10.0635
979B,BUANGKOK CRES,exact,11.0976,11.1061,10.0530,10.0803
979C,BUANGKOK CRES,exact,11.1186,11.1272,10.0753,10.1028
980A,BUANGKOK CRES,exact,11.1373,11.1459,10.0949,10.1227
980B,BUANGKOK CRES,exact,11.1765,11.1852,10.1355,10.1636
980C,BUANGKOK CRES,exact,11.2038,11.2125,10.1622,10.1902
980D,BUANGKOK CRES,exact,11.2519,11.2605,10.2099,10.2378
981A,BUANGKOK CRES,exact,11.2437,11.2523,10.2013,10.2291
981B,BUANGKOK CRES,exact,11.2205,11.2291,10.1767,10.2042
981C,BUANGKOK CRES,exact,11.2038,11.2124,10.1592,10.1864
981D,BUANGKOK CRES,exact,11.1967,11.2052,10.1515,10.1786
985A,BUANGKOK CRES,exact,11.2988,11.3074,10.2546,10.2820
985B,BUANGKOK CRES,exact,11.2905,11.2990,10.2459,10.2731
986A,BUANGKOK CRES,exact,11.3677,11.3762,10.3226,10.3497
986B,BUANGKOK CRES,exact,11.4157,11.4243,10.3711,10.3983
995A,BUANGKOK CRES,exact,11.9423,11.9509,10.8995,10.9272
995B,BUANGKOK CRES,exact,11.9380,11.9467,10.8961,10.9240
995C,BUANGKOK CRES,exact,11.9231,11.9317,10.8815,10.9095
996A,BUANGKOK CRES,exact,11.9097,11.9183,10.8655,10.8928
996B,BUANGKOK CRES,exact,11.8858,11.8945,10.8426,10.8702
996C,BUANGKOK CRES,exact,11.8624,11.8710,10.8201,10.8479
997A,BUANGKOK CRES,exact,11.7441,11.7527,10.6998,10.7271
997B,BUANGKOK CRES,exact,11.8423,11.8509,10.7979,10.8252
997C,BUANGKOK CRES,exact,11.8090,11.8176,10.7652,10.7926
998A,BUANGKOK CRES,exact,11.5757,11.5843,10.5303,10.5573
998B,BUANGKOK CRES,exact,11.6226,11.6311,10.5776,10.6047
999B,BUANGKOK CRES,exact,11.6718,11.6803,10.6267,10.6538
987A,BUANGKOK GREEN,exact,11.1075,11.1160,10.0608,10.0876
987B,BUANGKOK GREEN,exact,11.0514,11.0599,10.0048,10.0316
987C,BUANGKOK GREEN,exact,11.0298,11.0383,9.9823,10.0088
988A,BUANGKOK GREEN,exact,11.0294,11.0379,9.9810,10.0072
988B,BUANGKOK GREEN,exact,11.0793,11.0878,10.0309,10.0571
988C,BUANGKOK GREEN,exact,11.1185,11.1270,10.0696,10.0957
984A,BUANGKOK LINK,exact,11.4193,11.4279,10.3769,10.4047
984B,BUANGKOK LINK,exact,11.4119,11.4205,10.3683,10.3958
984C,BUANGKOK LINK,exact,11.4687,11.4774,10.4264,10.4543
984D,BUANGKOK LINK,exact,11.4525,11.4611,10.4094,10.4370
991A,BUANGKOK LINK,exact,11.6993,11.7079,10.6575,10.6854
991B,BUANGKOK LINK,exact,11.6735,11.6821,10.6324,10.6605
992A,BUANGKOK LINK,exact,11.6002,11.6089,10.5585,10.5864
992B,BUANGKOK LINK,exact,11.6302,11.6388,10.5876,10.6153
993A,BUANGKOK LINK,exact,11.7854,11.7941,10.7451,10.7733
993B,BUANGKOK LINK,exact,11.7963,11.8050,10.7549,10.7829
994A,BUANGKOK LINK,exact,11.8898,11.8985,10.8503,10.8787
994B,BUANGKOK LINK,exact,11.8962,11.9049,10.8560,10.8842
994C,BUANGKOK LINK,exact,11.8460,11.8547,10.8050,10.8331
5,BUANGKOK STH FARMWAY 1,none,,,,
661,BUFFALO RD,exact,2.5622,2.5688,1.5234,1.5270
662,BUFFALO RD,exact,2.5120,2.5185,1.4762,1.4788
663,BUFFALO RD,exact,2.4445,2.4512,1.3982,1.4042
664,BUFFALO RD,exact,2.4942,2.5010,1.4449,1.4522
27A,C'WEALTH AVE,none,,,,
39A,C'WEALTH AVE,none,,,,
7,C'WEALTH AVE,exact,6.7867,6.7829,6.5787,6.5293
7A,C'WEALTH AVE,exact,6.7869,6.7832,6.5727,6.5234
410,C'WEALTH AVE WEST,exact,9.5941,9.5899,9.4197,9.3701
411,C'WEALTH AVE WEST,exact,9.5868,9.5825,9.4194,9.3697
412,C'WEALTH AVE WEST,exact,9.4727,9.4685,9.3015,9.2518
413,C'WEALTH AVE WEST,exact,9.4429,9.4387,9.2649,9.2154
414,C'WEALTH AVE WEST,exact,9.3960,9.3918,9.2134,9.1640
415,C'WEALTH AVE WEST,exact,9.3787,9.3744,9.2034,9.1537
81,C'WEALTH CL,exact,6.0965,6.0927,5.9052,5.8553
82,C'WEALTH CL,exact,6.1128,6.1090,5.9134,5.8636
83,C'WEALTH CL,exact,6.1296,6.1259,5.9216,5.8720
84,C'WEALTH CL,exact,6.1861,6.1822,6.0026,5.9525
85,C'WEALTH CL,exact,6.2172,6.2134,6.0264,5.9765
86,C'WEALTH CL,exact,6.2280,6.2242,6.0314,5.9816
87,C'WEALTH CL,exact,6.2434,6.2396,6.0421,5.9924
88,C'WEALTH CL,exact,6.2661,6.2624,6.0614,6.0118
100,C'WEALTH CRES,exact,6.1801,6.1770,5.9123,5.8641
101,C'WEALTH CRES,exact,6.2398,6.2367,5.9688,5.9208
102,C'WEALTH CRES,exact,6.2503,6.2471,5.9846,5.9365
108,C'WEALTH CRES,exact,6.3926,6.3893,6.1416,6.0931
109,C'WEALTH CRES,exact,6.3942,6.3908,6.1493,6.1006
110,C'WEALTH CRES,exact,6.4025,6.3990,6.1670,6.1182
111,C'WEALTH CRES,exact,6.4022,6.3987,6.1757,6.1266
112,C'WEALTH CRES,exact,6.4427,6.4391,6.2132,6.1642
113,C'WEALTH CRES,exact,6.4717,6.4682,6.2412,6.1923
96,C'WEALTH CRES,exact,6.1173,6.1139,5.8771,5.8283
97,C'WEALTH CRES,exact,6.0853,6.0819,5.8437,5.7949
98,C'WEALTH CRES,exact,6.1207,6.1174,5.8675,5.8190
99,C'WEALTH CRES,exact,6.1801,6.1769,5.9179,5.8696
50,C'WEALTH DR,exact,6.3388,6.3344,6.2123,6.1611
51,C'WEALTH DR,exact,6.2982,6.2939,6.1620,6.1110
52,C'WEALTH DR,exact,6.3530,6.3487,6.2119,6.1610
53,C'WEALTH DR,exact,6.4282,6.4239,6.2872,6.2363
55,C'WEALTH DR,exact,6.2201,6.2152,6.1693,6.1169
56,C'WEALTH DR,exact,6.2316,6.2267,6.1719,6.1196
57,C'WEALTH DR,exact,6.2923,6.2874,6.2281,6.1759
58,C'WEALTH DR,exact,6.2383,6.2335,6.1740,6.1218
59,C'WEALTH DR,exact,6.2451,6.2402,6.1762,6.1241
60,C'WEALTH DR,exact,6.2520,6.2472,6.1787,6.1266
61,C'WEALTH DR,exact,6.3061,6.3013,6.2330,6.1809
62,C'WEALTH DR,exact,6.2589,6.2541,6.1811,6.1290
63,C'WEALTH DR,exact,6.2686,6.2638,6.1846,6.1327
64,C'WEALTH DR,exact,6.2680,6.2634,6.1745,6.1227
65,C'WEALTH DR,exact,6.3288,6.3242,6.2318,6.1801
66,C'WEALTH DR,exact,6.3317,6.3270,6.2441,6.1923
67,C'WEALTH DR,exact,6.3571,6.3524,6.2765,6.2245
68,C'WEALTH DR,exact,6.3820,6.3773,6.2986,6.2467
69,C'WEALTH DR,exact,6.3816,6.3769,6.2929,6.2411
70,C'WEALTH DR,exact,6.3872,6.3825,6.2952,6.2434
71,C'WEALTH DR,exact,6.3123,6.3077,6.2098,6.1582
72,C'WEALTH DR,exact,6.3200,6.3155,6.2144,6.1628
73,C'WEALTH DR,exact,6.3590,6.3545,6.2547,6.2031
74,C'WEALTH DR,exact,6.4026,6.3981,6.2902,6.2388
75,C'WEALTH DR,exact,6.5396,6.5352,6.4113,6.3602
76,C'WEALTH DR,none,,,,
77,C'WEALTH DR,none,,,,
78,C'WEALTH DR,none,,,,
79,C'WEALTH DR,none,,,,
80,C'WEALTH DR,none,,,,
89,C'WEALTH DR,exact,6.2723,6.2686,6.0580,6.0086
90,C'WEALTH DR,exact,6.2382,6.2346,6.0211,5.9717
91,C'WEALTH DR,exact,6.2486,6.2450,6.0229,5.9737
92,C'WEALTH DR,exact,6.1924,6.1889,5.9663,5.9172
93,C'WEALTH DR,exact,6.1900,6.1864,5.9737,5.9243
94,C'WEALTH DR,exact,6.1360,6.1325,5.9096,5.8604
95,C'WEALTH DR,exact,6.0946,6.0911,5.8699,5.8207
37,CAMBRIDGE RD,exact,3.6946,3.7011,2.6531,2.6584
38,CAMBRIDGE RD,exact,3.6673,3.6737,2.6296,2.6338
39,CAMBRIDGE RD,exact,3.6435,3.6498,2.6098,2.6130
40,CAMBRIDGE RD,exact,3.6077,3.6139,2.5764,2.5789
41,CAMBRIDGE RD,exact,3.5331,3.5397,2.4892,2.4952
42,CAMBRIDGE RD,exact,3.5963,3.6029,2.5522,2.5583
43,CAMBRIDGE RD,exact,3.5272,3.5337,2.4863,2.4914
116A,CANBERRA CRES,exact,18.1341,18.1401,17.1035,17.1074
117A,CANBERRA CRES,exact,18.0829,18.0889,17.0515,17.0556
117B,CANBERRA CRES,exact,18.0678,18.0738,17.0370,17.0410
118A,CANBERRA CRES,exact,18.0580,18.0640,17.0282,17.0320
118B,CANBERRA CRES,exact,18.1038,18.1097,17.0741,17.0779
119A,CANBERRA CRES,exact,18.1922,18.1982,17.1596,17.1640
119B,CANBERRA CRES,exact,18.2217,18.2277,17.1883,17.1929
120A,CANBERRA CRES,exact,18.1876,18.1937,17.1533,17.1581
120B,CANBERRA CRES,exact,18.1985,18.2046,17.1634,17.1684
120C,CANBERRA CRES,exact,18.2831,18.2892,17.2478,17.2528
120D,CANBERRA CRES,exact,18.2560,18.2621,17.2215,17.2263
130A,CANBERRA CRES,exact,18.0405,18.0465,17.0070,17.0116
130B,CANBERRA CRES,exact,17.9959,18.0020,16.9622,16.9669
131A,CANBERRA CRES,exact,17.9374,17.9434,16.9055,16.9097
131B,CANBERRA CRES,exact,17.9862,17.9922,16.9545,16.9587
131C,CANBERRA CRES,exact,17.9702,17.9762,16.9389,16.9430
132A,CANBERRA CRES,exact,17.9037,17.9098,16.8715,16.8758
503A,CANBERRA LINK,exact,18.8495,18.8551,17.8318,17.8332
503B,CANBERRA LINK,exact,18.8201,18.8258,17.8018,17.8033
503C,CANBERRA LINK,exact,18.8192,18.8249,17.7992,17.8011
504C,CANBERRA LINK,exact,18.7613,18.7670,17.7403,17.7423
300,CANBERRA RD,exact,18.3067,18.3123,17.2883,17.2898
302,CANBERRA RD,exact,18.2114,18.2170,17.1930,17.1945
303,CANBERRA RD,exact,18.1883,18.1939,17.1712,17.1725
304,CANBERRA RD,exact,18.2389,18.2445,17.2220,17.2232
305,CANBERRA RD,exact,18.2921,18.2977,17.2755,17.2767
306,CANBERRA RD,exact,18.2968,18.3024,17.2794,17.2807
307,CANBERRA RD,exact,18.3387,18.3443,17.3227,17.3238
308,CANBERRA RD,exact,18.3812,18.3868,17.3649,17.3660
309,CANBERRA RD,exact,18.4319,18.4375,17.4158,17.4169
310,CANBERRA RD,exact,18.4518,18.4574,17.4345,17.4358
311,CANBERRA RD,exact,18.3646,18.3703,17.3468,17.3482
350A,CANBERRA RD,exact,18.8646,18.8702,17.8488,17.8499
350B,CANBERRA RD,exact,18.8107,18.8162,17.7948,17.7959
350C,CANBERRA RD,exact,18.8060,18.8116,17.7909,17.7919
351A,CANBERRA RD,exact,18.8563,18.8618,17.8413,17.8422
351B,CANBERRA RD,exact,18.9128,18.9184,17.8981,17.8990
351C,CANBERRA RD,exact,18.9689,18.9744,17.9544,17.9552
351D,CANBERRA RD,exact,18.9641,18.9696,17.9501,17.9508
352A,CANBERRA RD,exact,18.8970,18.9025,17.8830,17.8837
352B,CANBERRA RD,exact,18.8547,18.8602,17.8405,17.8413
352C,CANBERRA RD,exact,18.8041,18.8097,17.7901,17.7909
416,CANBERRA RD,exact,19.0461,19.0516,18.0330,18.0336
417,CANBERRA RD,exact,19.0473,19.0529,18.0332,18.0339
418,CANBERRA RD,exact,19.0906,19.0962,18.0767,18.0774
419,CANBERRA RD,exact,19.0802,19.0857,18.0672,18.0677
420,CANBERRA RD,exact,19.1340,19.1395,18.1207,18.1213
421,CANBERRA RD,exact,19.1755,19.1810,18.1627,18.1632
422,CANBERRA RD,exact,19.2259,19.2314,18.2131,18.2137
423,CANBERRA RD,exact,19.2661,19.2716,18.2538,18.2543
424,CANBERRA RD,exact,19.2632,19.2688,18.2498,18.2504
425,CANBERRA RD,exact,19.3240,19.3295,18.3104,18.3111
101A,CANBERRA ST,exact,18.8294,18.8354,17.7967,17.8011
101B,CANBERRA ST,exact,18.8113,18.8174,17.7775,17.7822
102A,CANBERRA ST,exact,18.7458,18.7519,17.7106,17.7156
102B,CANBERRA ST,exact,18.7611,18.7672,17.7270,17.7318
103A,CANBERRA ST,exact,18.7501,18.7561,17.7174,17.7218
103B,CANBERRA ST,exact,18.6893,18.6954,17.6557,17.6603
104A,CANBERRA ST,exact,18.6524,18.6585,17.6173,17.6223
104B,CANBERRA ST,exact,18.6332,18.6393,17.5994,17.6041
104C,CANBERRA ST,exact,18.5877,18.5938,17.5534,17.5582
104D,CANBERRA ST,exact,18.5963,18.6024,17.5611,17.5661
107A,CANBERRA ST,exact,18.5940,18.6002,17.5579,17.5631
107B,CANBERRA ST,exact,18.5060,18.5122,17.4693,17.4746
107C,CANBERRA ST,exact,18.4345,18.4407,17.3974,17.4028
121A,CANBERRA ST,exact,18.3329,18.3391,17.2965,17.3017
121B,CANBERRA ST,exact,18.3582,18.3644,17.3210,17.3265
121C,CANBERRA ST,exact,18.3041,18.3103,17.2662,17.2718
121D,CANBERRA ST,exact,18.2657,18.2719,17.2288,17.2342
126A,CANBERRA ST,exact,18.0457,18.0519,17.0075,17.0132
126B,CANBERRA ST,exact,18.0928,18.0990,17.0543,17.0600
126C,CANBERRA ST,exact,18.1545,18.1607,17.1162,17.1219
126D,CANBERRA ST,exact,18.2045,18.2107,17.1664,17.1721
128A,CANBERRA ST,exact,18.1281,18.1342,17.0923,17.0974
128B,CANBERRA ST,exact,18.0569,18.0630,17.0202,17.0255
128C,CANBERRA ST,exact,18.0033,18.0095,16.9668,16.9721
129A,CANBERRA ST,exact,18.0859,18.0920,17.0513,17.0561
129B,CANBERRA ST,exact,18.0378,18.0439,17.0026,17.0076
129C,CANBERRA ST,exact,17.9612,17.9674,16.9259,16.9309
132B,CANBERRA VIEW,exact,17.8619,17.8680,16.8291,16.8336
132C,CANBERRA VIEW,exact,17.8224,17.8284,16.7908,16.7949
108A,CANBERRA WALK,exact,18.3792,18.3852,17.3460,17.3506
108B,CANBERRA WALK,exact,18.4188,18.4249,17.3847,17.3894
108C,CANBERRA WALK,exact,18.3272,18.3333,17.2934,17.2981
109D,CANBERRA WALK,exact,18.5447,18.5507,17.5140,17.5180
115A,CANBERRA WALK,exact,18.2842,18.2901,17.2546,17.2584
115B,CANBERRA WALK,exact,18.2458,18.2517,17.2159,17.2197
115C,CANBERRA WALK,exact,18.2138,18.2198,17.1833,17.1872
115D,CANBERRA WALK,exact,18.1676,18.1735,17.1386,17.1422
11,CANTONMENT CL,exact,1.6639,1.6542,2.5250,2.4855
12,CANTONMENT CL,exact,1.6258,1.6161,2.4957,2.4567
13,CANTONMENT CL,exact,1.5744,1.5647,2.4497,2.4111
16,CANTONMENT CL,exact,1.6495,1.6398,2.5362,2.4980
17,CANTONMENT CL,exact,1.6907,1.6810,2.5691,2.5304
18,CANTONMENT CL,exact,1.7225,1.7128,2.5892,2.5498
19,CANTONMENT CL,exact,1.7596,1.7499,2.6168,2.5769
8,CANTONMENT CL,exact,1.6331,1.6236,2.4428,2.4011
9,CANTONMENT CL,exact,1.6476,1.6380,2.4754,2.4345
1A,CANTONMENT RD,exact,1.3319,1.3226,2.1320,2.0909
1B,CANTONMENT RD,exact,1.2921,1.2827,2.1072,2.0668
1C,CANTONMENT RD,exact,1.2876,1.2781,2.1223,2.0828
1D,CANTONMENT RD,exact,1.3369,1.3273,2.1823,2.1430
1E,CANTONMENT RD,exact,1.3859,1.3763,2.2303,2.1909
1F,CANTONMENT RD,exact,1.4240,1.4144,2.2869,2.2481
1G,CANTONMENT RD,exact,1.4479,1.4382,2.3244,2.2863
130,CASHEW RD,exact,13.4234,13.4241,12.7330,12.7036
131,CASHEW RD,exact,13.5010,13.5017,12.8100,12.7805
132,CASHEW RD,exact,13.4891,13.4897,12.8004,12.7708
133,CASHEW RD,exact,13.5485,13.5491,12.8640,12.8342
133A,CASHEW RD,exact,13.5477,13.5483,12.8588,12.8293
135,CASHEW RD,exact,13.6048,13.6053,12.9261,12.8960
28,CASSIA CRES,exact,4.5413,4.5510,3.8739,3.9269
30,CASSIA CRES,exact,4.5590,4.5686,3.8802,3.9330
32,CASSIA CRES,exact,4.6061,4.6157,3.9344,3.9873
34,CASSIA CRES,exact,4.6714,4.6811,4.0023,4.0553
36,CASSIA CRES,exact,4.7364,4.7460,4.0709,4.1239
42,CASSIA CRES,exact,4.8932,4.9029,4.2320,4.2850
52,CASSIA CRES,exact,4.7915,4.8012,4.1107,4.1634
54,CASSIA CRES,exact,4.7175,4.7272,4.0435,4.0964
56,CASSIA CRES,exact,4.6051,4.6148,3.9113,3.9638
29,CHAI CHEE AVE,exact,9.3068,9.3162,8.7321,8.7857
29A,CHAI CHEE AVE,exact,9.2907,9.3000,8.7135,8.7671
32,CHAI CHEE AVE,exact,9.3120,9.3214,8.7507,8.8045
33,CHAI CHEE AVE,exact,9.4103,9.4196,8.8501,8.9039
34,CHAI CHEE AVE,exact,9.4733,9.4826,8.9141,8.9679
35,CHAI CHEE AVE,exact,9.4935,9.5028,8.9272,8.9810
36,CHAI CHEE AVE,exact,9.4417,9.4510,8.8664,8.9201
37,CHAI CHEE AVE,exact,9.5221,9.5314,8.9496,9.0032
40,CHAI CHEE AVE,exact,9.5820,9.5914,9.0051,9.0587
55,CHAI CHEE DR,exact,8.9157,8.9252,8.2926,8.3456
56,CHAI CHEE DR,exact,8.9848,8.9943,8.3723,8.4254
57,CHAI CHEE DR,exact,8.9836,8.9930,8.3765,8.4297
58,CHAI CHEE DR,exact,8.9305,8.9400,8.3205,8.3737
1,CHAI CHEE RD,exact,9.3302,9.3397,8.7162,8.7693
10,CHAI CHEE RD,exact,9.4886,9.4980,8.8917,8.9451
11,CHAI CHEE RD,exact,9.4756,9.4850,8.8826,8.9360
19,CHAI CHEE RD,exact,9.2401,9.2496,8.6304,8.6836
2,CHAI CHEE RD,exact,9.2685,9.2780,8.6658,8.7191
20,CHAI CHEE RD,exact,9.2483,9.2577,8.6513,8.7046
21,CHAI CHEE RD,exact,9.1762,9.1856,8.5816,8.6350
25,CHAI CHEE RD,exact,9.2320,9.2414,8.6661,8.7199
26,CHAI CHEE RD,exact,9.1557,9.1651,8.5918,8.6456
27,CHAI CHEE RD,exact,9.1883,9.1977,8.6155,8.6692
59,CHAI CHEE RD,exact,8.9176,8.9270,8.3204,8.3738
60,CHAI CHEE RD,exact,8.9927,9.0021,8.4043,8.4578
61,CHAI CHEE RD,exact,8.9770,8.9864,8.3802,8.4336
62,CHAI CHEE RD,exact,9.0435,9.0529,8.4464,8.4997
63,CHAI CHEE RD,exact,9.0997,9.1092,8.4973,8.5506
803,CHAI CHEE RD,exact,9.0979,9.1073,8.5207,8.5743
804,CHAI CHEE RD,exact,9.0505,9.0599,8.4692,8.5228
805,CHAI CHEE RD,exact,9.0168,9.0262,8.4327,8.4862
807A,CHAI CHEE RD,exact,9.3230,9.3324,8.7199,8.7731
807B,CHAI CHEE RD,exact,9.3551,9.3646,8.7483,8.8015
807C,CHAI CHEE RD,exact,9.3823,9.3917,8.7708,8.8239
808A,CHAI CHEE RD,exact,9.3742,9.3837,8.7764,8.8298
808B,CHAI CHEE RD,exact,9.4106,9.4200,8.8072,8.8605
808C,CHAI CHEE RD,exact,9.4355,9.4450,8.8282,8.8814
41,CHAI CHEE ST,exact,9.6194,9.6288,9.0283,9.0817
42,CHAI CHEE ST,exact,9.6242,9.6336,9.0257,9.0791
43,CHAI CHEE ST,exact,9.6309,9.6403,9.0283,9.0816
44,CHAI CHEE ST,exact,9.6706,9.6800,9.0620,9.1152
45,CHAI CHEE ST,exact,9.5382,9.5476,8.9270,8.9802
50,CHAI CHEE ST,exact,9.3813,9.3908,8.7534,8.8063
51,CHAI CHEE ST,exact,9.3249,9.3344,8.7001,8.7530
52,CHAI CHEE ST,exact,9.2077,9.2173,8.5776,8.6305
53,CHAI CHEE ST,exact,9.1030,9.1125,8.4698,8.5227
54,CHAI CHEE ST,exact,9.2697,9.2792,8.6332,8.6860
668,CHANDER RD,exact,2.6551,2.6620,1.6020,1.6111
1,CHANGI VILLAGE RD,exact,19.1256,19.1352,18.4071,18.4576
4,CHANGI VILLAGE RD,exact,19.1329,19.1425,18.4114,18.4618
5,CHANGI VILLAGE RD,exact,19.0621,19.0718,18.3399,18.3902
53,CHIN SWEE RD,exact,1.1891,1.1853,1.3692,1.3163
130,CHOA CHU KANG AVE 1,exact,15.6238,15.6237,14.9956,14.9629
131,CHOA CHU KANG AVE 1,exact,15.5869,15.5868,14.9549,14.9224
132,CHOA CHU KANG AVE 1,exact,15.5662,15.5661,14.9369,14.9043
201,CHOA CHU KANG AVE 1,exact,15.7496,15.7495,15.1206,15.0880
202,CHOA CHU KANG AVE 1,exact,15.7325,15.7324,15.1052,15.0725
203,CHOA CHU KANG AVE 1,exact,15.6953,15.6951,15.0703,15.0375
204,CHOA CHU KANG AVE 1,exact,15.6713,15.6711,15.0498,15.0168
807A,CHOA CHU KANG AVE 1,exact,15.6642,15.6635,15.0850,15.0499
807B,CHOA CHU KANG AVE 1,exact,15.6499,15.6493,15.0680,15.0330
807C,CHOA CHU KANG AVE 1,exact,15.6036,15.6030,15.0184,14.9836
808A,CHOA CHU KANG AVE 1,exact,15.5917,15.5911,15.0118,14.9767
808B,CHOA CHU KANG AVE 1,exact,15.5456,15.5450,14.9625,14.9275
808C,CHOA CHU KANG AVE 1,exact,15.4908,15.4902,14.9098,14.8747
808D,CHOA CHU KANG AVE 1,exact,15.5455,15.5448,14.9684,14.9332
809A,CHOA CHU KANG AVE 1,exact,15.6020,15.6014,15.0249,14.9897
809B,CHOA CHU KANG AVE 1,exact,15.5741,15.5734,14.9994,14.9641
818A,CHOA CHU KANG AVE 1,exact,15.4917,15.4913,14.8883,14.8543
818B,CHOA CHU KANG AVE 1,exact,15.4801,15.4797,14.8794,14.8453
818C,CHOA CHU KANG AVE 1,exact,15.4518,15.4514,14.8542,14.8200
248,CHOA CHU KANG AVE 2,exact,15.8054,15.8050,15.2060,15.1718
249,CHOA CHU KANG AVE 2,exact,15.8842,15.8838,15.2835,15.2494
250,CHOA CHU KANG AVE 2,exact,15.8743,15.8739,15.2757,15.2416
251,CHOA CHU KANG AVE 2,exact,15.8646,15.8641,15.2741,15.2395
252,CHOA CHU KANG AVE 2,exact,15.8085,15.8080,15.2174,15.1829
254,CHOA CHU KANG AVE 2,exact,15.9169,15.9163,15.3295,15.2948
271,CHOA CHU KANG AVE 2,exact,16.0650,16.0644,15.4807,15.4458
272,CHOA CHU KANG AVE 2,exact,16.0338,16.0332,15.4478,15.4130
273,CHOA CHU KANG AVE 2,exact,16.0597,16.0592,15.4706,15.4360
274,CHOA CHU KANG AVE 2,exact,16.0860,16.0855,15.4972,15.4625
275,CHOA CHU KANG AVE 2,exact,16.1324,16.1319,15.5466,15.5118
276,CHOA CHU KANG AVE 2,exact,15.9795,15.9790,15.3838,15.3495
277,CHOA CHU KANG AVE 2,exact,15.9790,15.9786,15.3808,15.3466
287,CHOA CHU KANG AVE 2,exact,16.1630,16.1624,15.5815,15.5465
294,CHOA CHU KANG AVE 2,exact,16.1886,16.1880,15.6110,15.5758
295,CHOA CHU KANG AVE 2,exact,16.1578,16.1571,15.5823,15.5470
296,CHOA CHU KANG AVE 2,exact,16.1171,16.1164,15.5462,15.5107
296A,CHOA CHU KANG AVE 2,exact,16.0860,16.0853,15.5156,15.4801
296B,CHOA CHU KANG AVE 2,exact,16.0169,16.0162,15.4458,15.4103
296C,CHOA CHU KANG AVE 2,exact,15.9312,15.9305,15.3582,15.3228
296D,CHOA CHU KANG AVE 2,exact,15.8688,15.8682,15.2926,15.2573
296E,CHOA CHU KANG AVE 2,exact,15.8919,15.8913,15.3143,15.2791
297,CHOA CHU KANG AVE 2,exact,15.9995,15.9988,15.4256,15.3902
297A,CHOA CHU KANG AVE 2,exact,15.9568,15.9561,15.3820,15.3467
297B,CHOA CHU KANG AVE 2,exact,15.9186,15.9179,15.3386,15.3035
297C,CHOA CHU KANG AVE 2,exact,15.9550,15.9544,15.3729,15.3379
297D,CHOA CHU KANG AVE 2,exact,15.9786,15.9780,15.3952,15.3602
278,CHOA CHU KANG AVE 3,exact,16.0898,16.0893,15.4951,15.4607
279,CHOA CHU KANG AVE 3,exact,16.1370,16.1365,15.5396,15.5053
280,CHOA CHU KANG AVE 3,exact,16.1881,16.1876,15.5920,15.5577
281,CHOA CHU KANG AVE 3,exact,16.1787,16.1782,15.5864,15.5519
282,CHOA CHU KANG AVE 3,exact,16.1225,16.1220,15.5281,15.4937
283,CHOA CHU KANG AVE 3,exact,16.1107,16.1102,15.5203,15.4857
284,CHOA CHU KANG AVE 3,exact,16.1726,16.1720,15.5850,15.5503
285,CHOA CHU KANG AVE 3,exact,16.2233,16.2228,15.6348,15.6001
286,CHOA CHU KANG AVE 3,exact,16.2154,16.2149,15.6308,15.5959
288,CHOA CHU KANG AVE 3,exact,16.2091,16.2085,15.6296,15.5945
289,CHOA CHU KANG AVE 3,exact,16.2613,16.2607,15.6808,15.6458
290,CHOA CHU KANG AVE 3,exact,16.2541,16.2534,15.6774,15.6422
291,CHOA CHU KANG AVE 3,exact,16.2957,16.2950,15.7222,15.6868
292,CHOA CHU KANG AVE 3,exact,16.2552,16.2545,15.6843,15.6488
293,CHOA CHU KANG AVE 3,exact,16.2186,16.2179,15.6459,15.6105
401,CHOA CHU KANG AVE 3,exact,16.3701,16.3695,15.7920,15.7569
402,CHOA CHU KANG AVE 3,exact,16.3619,16.3612,15.7874,15.7521
403,CHOA CHU KANG AVE 3,exact,16.4295,16.4288,15.8557,15.8204
404,CHOA CHU KANG AVE 3,exact,16.4753,16.4747,15.8985,15.8633
405,CHOA CHU KANG AVE 3,exact,16.4341,16.4335,15.8547,15.8196
406,CHOA CHU KANG AVE 3,exact,16.3819,16.3813,15.7988,15.7639
407,CHOA CHU KANG AVE 3,exact,16.3333,16.3327,15.7475,15.7127
408,CHOA CHU KANG AVE 3,exact,16.3268,16.3262,15.7448,15.7099
409,CHOA CHU KANG AVE 3,exact,16.2982,16.2978,15.7050,15.6706
410,CHOA CHU KANG AVE 3,exact,16.2910,16.2904,15.7015,15.6669
411,CHOA CHU KANG AVE 3,exact,16.3444,16.3439,15.7539,15.7194
412,CHOA CHU KANG AVE 3,exact,16.3069,16.3065,15.7085,15.6743
413,CHOA CHU KANG AVE 3,exact,16.2556,16.2552,15.6587,15.6245
469,CHOA CHU KANG AVE 3,exact,16.4367,16.4358,15.8769,15.8409
470,CHOA CHU KANG AVE 3,exact,16.4871,16.4862,15.9264,15.8905
471,CHOA CHU KANG AVE 3,exact,16.5149,16.5141,15.9522,15.9163
472,CHOA CHU KANG AVE 3,exact,16.5145,16.5137,15.9478,15.9121
473,CHOA CHU KANG AVE 3,exact,16.5039,16.5032,15.9325,15.8970
474,CHOA CHU KANG AVE 3,exact,16.3981,16.3973,15.8303,15.7947
305,CHOA CHU KANG AVE 4,exact,16.4518,16.4515,15.8398,15.8063
306,CHOA CHU KANG AVE 4,exact,16.5026,16.5024,15.8879,15.8546
307,CHOA CHU KANG AVE 4,exact,16.5378,16.5375,15.9225,15.8892
308,CHOA CHU KANG AVE 4,exact,16.5578,16.5576,15.9408,15.9076
414,CHOA CHU KANG AVE 4,exact,16.3445,16.3440,15.7449,15.7108
415,CHOA CHU KANG AVE 4,exact,16.3714,16.3710,15.7684,15.7345
416,CHOA CHU KANG AVE 4,exact,16.4457,16.4454,15.8414,15.8076
417,CHOA CHU KANG AVE 4,exact,16.4593,16.4588,15.8587,15.8246
418,CHOA CHU KANG AVE 4,exact,16.4339,16.4334,15.8369,15.8027
419,CHOA CHU KANG AVE 4,exact,16.3834,16.3830,15.7877,15.7534
420,CHOA CHU KANG AVE 4,exact,16.3651,16.3646,15.7723,15.7378
421,CHOA CHU KANG AVE 4,exact,16.4401,16.4396,15.8482,15.8138
422,CHOA CHU KANG AVE 4,exact,16.4580,16.4575,15.8631,15.8288
423,CHOA CHU KANG AVE 4,exact,16.4945,16.4940,15.9032,15.8687
424,CHOA CHU KANG AVE 4,exact,16.4548,16.4543,15.8661,15.8315
425,CHOA CHU KANG AVE 4,exact,16.5046,16.5040,15.9203,15.8855
426,CHOA CHU KANG AVE 4,exact,16.4756,16.4750,15.8955,15.8605
427,CHOA CHU KANG AVE 4,exact,16.4566,16.4560,15.8728,15.8379
428,CHOA CHU KANG AVE 4,exact,16.4634,16.4628,15.8770,15.8422
429,CHOA CHU KANG AVE 4,exact,16.5622,16.5617,15.9682,15.9339
430,CHOA CHU KANG AVE 4,exact,16.5706,16.5702,15.9676,15.9337
431,CHOA CHU KANG AVE 4,exact,16.5235,16.5231,15.9172,15.8835
432,CHOA CHU KANG AVE 4,exact,16.5641,16.5638,15.9549,15.9213
433,CHOA CHU KANG AVE 4,exact,16.5908,16.5905,15.9805,15.9470
434,CHOA CHU KANG AVE 4,exact,16.6103,16.6099,16.0048,15.9711
435,CHOA CHU KANG AVE 4,exact,16.6655,16.6651,16.0571,16.0235
436,CHOA CHU KANG AVE 4,exact,16.6790,16.6786,16.0758,16.0419
437,CHOA CHU KANG AVE 4,exact,16.6215,16.6211,16.0194,15.9854
438,CHOA CHU KANG AVE 4,exact,16.6981,16.6977,16.0982,16.0642
439,CHOA CHU KANG AVE 4,exact,16.6637,16.6632,16.0666,16.0324
440,CHOA CHU KANG AVE 4,exact,16.6784,16.6779,16.0842,16.0498
441,CHOA CHU KANG AVE 4,exact,16.6027,16.6022,16.0092,15.9748
442,CHOA CHU KANG AVE 4,exact,16.6314,16.6308,16.0552,16.0200
443,CHOA CHU KANG AVE 4,exact,16.6733,16.6726,16.0961,16.0610
444,CHOA CHU KANG AVE 4,exact,16.7043,16.7036,16.1259,16.0908
445,CHOA CHU KANG AVE 4,exact,16.7775,16.7768,16.2017,16.1665
446,CHOA CHU KANG AVE 4,exact,16.6864,16.6857,16.1144,16.0790
447,CHOA CHU KANG AVE 4,exact,16.6255,16.6248,16.0514,16.0161
448,CHOA CHU KANG AVE 4,exact,16.6126,16.6119,16.0412,16.0058
449,CHOA CHU KANG AVE 4,exact,16.6308,16.6300,16.0687,16.0328
450,CHOA CHU KANG AVE 4,exact,16.6719,16.6711,16.1086,16.0728
451,CHOA CHU KANG AVE 4,exact,16.7447,16.7439,16.1805,16.1448
452,CHOA CHU KANG AVE 4,exact,16.7904,16.7896,16.2262,16.1905
453,CHOA CHU KANG AVE 4,exact,16.8032,16.8024,16.2422,16.2063
454,CHOA CHU KANG AVE 4,exact,16.7183,16.7174,16.1618,16.1257
455,CHOA CHU KANG AVE 4,exact,16.7401,16.7393,16.1808,16.1448
456,CHOA CHU KANG AVE 4,exact,16.7091,16.7082,16.1516,16.1155
457,CHOA CHU KANG AVE 4,exact,16.5984,16.5975,16.0390,16.0030
458,CHOA CHU KANG AVE 4,exact,16.5765,16.5756,16.0205,15.9843
459,CHOA CHU KANG AVE 4,exact,16.6578,16.6569,16.1047,16.0684
460,CHOA CHU KANG AVE 4,exact,16.6424,16.6414,16.0914,16.0550
461,CHOA CHU KANG AVE 4,exact,16.7071,16.7062,16.1561,16.1197
462,CHOA CHU KANG AVE 4,exact,16.6021,16.6012,16.0519,16.0155
463,CHOA CHU KANG AVE 4,exact,16.5592,16.5582,16.0097,15.9732
464,CHOA CHU KANG AVE 4,exact,16.5058,16.5048,15.9561,15.9197
465,CHOA CHU KANG AVE 4,exact,16.4737,16.4728,15.9196,15.8833
476A,CHOA CHU KANG AVE 5,exact,16.2911,16.2902,15.7352,15.6990
476B,CHOA CHU KANG AVE 5,exact,16.3734,16.3726,15.8163,15.7802
476C,CHOA CHU KANG AVE 5,exact,16.3592,16.3583,15.7996,15.7635
476D,CHOA CHU KANG AVE 5,exact,16.3111,16.3103,15.7499,15.7139
483,CHOA CHU KANG AVE 5,exact,16.2666,16.2656,15.7150,15.6787
484,CHOA CHU KANG AVE 5,exact,16.3648,16.3639,15.8125,15.7761
484A,CHOA CHU KANG AVE 5,exact,16.4068,16.4058,15.8546,15.8182
484B,CHOA CHU KANG AVE 5,exact,16.4165,16.4155,15.8684,15.8319
484C,CHOA CHU KANG AVE 5,exact,16.3189,16.3179,15.7725,15.7359
484D,CHOA CHU KANG AVE 5,exact,16.2702,16.2692,15.7228,15.6863
485,CHOA CHU KANG AVE 5,exact,16.2088,16.2079,15.6616,15.6250
485A,CHOA CHU KANG AVE 5,exact,16.1286,16.1276,15.5809,15.5443
485B,CHOA CHU KANG AVE 5,exact,16.0680,16.0671,15.5203,15.4837
485C,CHOA CHU KANG AVE 5,exact,16.0889,16.0879,15.5379,15.5015
485D,CHOA CHU KANG AVE 5,exact,16.1173,16.1163,15.5643,15.5280
486,CHOA CHU KANG AVE 5,exact,16.1880,16.1871,15.6362,15.5998
487A,CHOA CHU KANG AVE 5,exact,16.1523,16.1514,15.5953,15.5592
487B,CHOA CHU KANG AVE 5,exact,16.2507,16.2499,15.6943,15.6581
487C,CHOA CHU KANG AVE 5,exact,16.1952,16.1943,15.6349,15.5989
488A,CHOA CHU KANG AVE 5,exact,16.2473,16.2465,15.6850,15.6491
488B,CHOA CHU KANG AVE 5,exact,16.2146,16.2138,15.6515,15.6156
488C,CHOA CHU KANG AVE 5,exact,16.1317,16.1309,15.5679,15.5320
488D,CHOA CHU KANG AVE 5,exact,16.0719,16.0711,15.5068,15.4710
489A,CHOA CHU KANG AVE 5,exact,16.0258,16.0250,15.4654,15.4294
489B,CHOA CHU KANG AVE 5,exact,16.1019,16.1010,15.5438,15.5077
489C,CHOA CHU KANG AVE 5,exact,16.1056,16.1047,15.5450,15.5090
489D,CHOA CHU KANG AVE 5,exact,16.0577,16.0569,15.4964,15.4604
490A,CHOA CHU KANG AVE 5,exact,15.9059,15.9051,15.3434,15.3074
490B,CHOA CHU KANG AVE 5,exact,15.9436,15.9428,15.3792,15.3434
490C,CHOA CHU KANG AVE 5,exact,15.9176,15.9168,15.3509,15.3152
490D,CHOA CHU KANG AVE 5,exact,15.9702,15.9694,15.4036,15.3679
810A,CHOA CHU KANG AVE 7,exact,15.4456,15.4449,14.8666,14.8314
810B,CHOA CHU KANG AVE 7,exact,15.4923,15.4916,14.9184,14.8830
811A,CHOA CHU KANG AVE 7,exact,15.4181,15.4174,14.8447,14.8093
811B,CHOA CHU KANG AVE 7,exact,15.4206,15.4199,14.8527,14.8170
812A,CHOA CHU KANG AVE 7,exact,15.3198,15.3191,14.7447,14.7093
812B,CHOA CHU KANG AVE 7,exact,15.3369,15.3362,14.7662,14.7306
812C,CHOA CHU KANG AVE 7,exact,15.3493,15.3485,14.7810,14.7453
815A,CHOA CHU KANG AVE 7,exact,15.5076,15.5071,14.9184,14.8837
815B,CHOA CHU KANG AVE 7,exact,15.5250,15.5245,14.9301,14.8957
815C,CHOA CHU KANG AVE 7,exact,15.4781,15.4777,14.8855,14.8510
656,CHOA CHU KANG CRES,exact,17.1453,17.1461,16.4400,16.4118
657,CHOA CHU KANG CRES,exact,17.2025,17.2033,16.4985,16.4701
658,CHOA CHU KANG CRES,exact,17.2731,17.2738,16.5703,16.5419
659,CHOA CHU KANG CRES,exact,17.3043,17.3050,16.5993,16.5710
660,CHOA CHU KANG CRES,exact,17.2517,17.2525,16.5456,16.5174
661,CHOA CHU KANG CRES,exact,17.1843,17.1851,16.4762,16.4481
662,CHOA CHU KANG CRES,exact,17.2225,17.2233,16.5113,16.4834
663,CHOA CHU KANG CRES,exact,17.2659,17.2667,16.5529,16.5251
664,CHOA CHU KANG CRES,exact,17.3175,17.3183,16.6047,16.5769
665,CHOA CHU KANG CRES,exact,17.3182,17.3190,16.6079,16.5799
666,CHOA CHU KANG CRES,exact,17.3669,17.3678,16.6557,16.6278
667,CHOA CHU KANG CRES,exact,17.4006,17.4015,16.6900,16.6621
668,CHOA CHU KANG CRES,exact,17.3387,17.3395,16.6316,16.6034
669,CHOA CHU KANG CRES,exact,17.5275,17.5283,16.8209,16.7928
670,CHOA CHU KANG CRES,exact,17.5696,17.5703,16.8648,16.8365
670A,CHOA CHU KANG CRES,exact,17.5584,17.5592,16.8554,16.8270
671,CHOA CHU KANG CRES,exact,17.5145,17.5152,16.8102,16.7819
671A,CHOA CHU KANG CRES,exact,17.4853,17.4861,16.7831,16.7546
672,CHOA CHU KANG CRES,exact,17.5192,17.5199,16.8182,16.7897
672A,CHOA CHU KANG CRES,exact,17.5072,17.5079,16.8077,16.7791
672B,CHOA CHU KANG CRES,exact,17.5388,17.5395,16.8404,16.8118
673,CHOA CHU KANG CRES,exact,17.4034,17.4041,16.7029,16.6744
673A,CHOA CHU KANG CRES,exact,17.4222,17.4229,16.7252,16.6964
674,CHOA CHU KANG CRES,exact,17.5062,17.5068,16.8093,16.7805
674A,CHOA CHU KANG CRES,exact,17.5471,17.5477,16.8516,16.8228
675,CHOA CHU KANG CRES,exact,17.5632,17.5638,16.8708,16.8418
676,CHOA CHU KANG CRES,exact,17.5958,17.5964,16.9007,16.8718
676A,CHOA CHU KANG CRES,exact,17.5662,17.5669,16.8689,16.8402
677,CHOA CHU KANG CRES,exact,17.6145,17.6151,16.9235,16.8944
678,CHOA CHU KANG CRES,exact,17.7346,17.7351,17.0481,17.0188
679,CHOA CHU KANG CRES,exact,17.7632,17.7639,17.0712,17.0422
680,CHOA CHU KANG CRES,exact,17.7918,17.7925,17.0957,17.0669
681,CHOA CHU KANG CRES,exact,17.7337,17.7343,17.0368,17.0081
682,CHOA CHU KANG CRES,exact,17.7115,17.7121,17.0176,16.9887
683A,CHOA CHU KANG CRES,exact,17.8084,17.8091,17.1092,17.0806
683B,CHOA CHU KANG CRES,exact,17.7449,17.7456,17.0431,17.0146
683C,CHOA CHU KANG CRES,exact,17.8172,17.8179,17.1120,17.0838
684A,CHOA CHU KANG CRES,exact,17.7278,17.7285,17.0232,16.9949
684B,CHOA CHU KANG CRES,exact,17.6846,17.6854,16.9786,16.9504
684C,CHOA CHU KANG CRES,exact,17.7355,17.7362,17.0271,16.9990
684D,CHOA CHU KANG CRES,exact,17.7818,17.7826,17.0748,17.0467
685A,CHOA CHU KANG CRES,exact,17.6437,17.6444,16.9365,16.9083
685B,CHOA CHU KANG CRES,exact,17.5942,17.5950,16.8856,16.8575
685C,CHOA CHU KANG CRES,exact,17.5459,17.5467,16.8358,16.8079
686A,CHOA CHU KANG CRES,exact,17.6809,17.6817,16.9709,16.9429
686B,CHOA CHU KANG CRES,exact,17.6574,17.6582,16.9440,16.9162
686C,CHOA CHU KANG CRES,exact,17.6232,17.6241,16.9078,16.8802
686D,CHOA CHU KANG CRES,exact,17.6218,17.6227,16.9109,16.8830
688C,CHOA CHU KANG CRES,exact,17.3533,17.3542,16.6354,16.6079
690A,CHOA CHU KANG CRES,exact,17.2792,17.2801,16.5606,16.5332
690B,CHOA CHU KANG CRES,exact,17.2902,17.2912,16.5690,16.5417
690C,CHOA CHU KANG CRES,exact,17.2404,17.2413,16.5207,16.4933
690D,CHOA CHU KANG CRES,exact,17.1857,17.1866,16.4671,16.4396
691A,CHOA CHU KANG CRES,exact,17.1466,17.1475,16.4338,16.4060
691B,CHOA CHU KANG CRES,exact,17.1788,17.1796,16.4639,16.4363
692A,CHOA CHU KANG CRES,exact,17.0809,17.0817,16.3722,16.3442
692B,CHOA CHU KANG CRES,exact,17.1129,17.1137,16.4021,16.3742
205,CHOA CHU KANG CTRL,exact,15.7355,15.7353,15.1161,15.0830
206,CHOA CHU KANG CTRL,exact,15.7334,15.7332,15.1162,15.0830
207,CHOA CHU KANG CTRL,exact,15.8200,15.8198,15.2033,15.1700
208,CHOA CHU KANG CTRL,exact,15.8067,15.8065,15.1865,15.1534
209,CHOA CHU KANG CTRL,exact,15.9250,15.9249,15.2992,15.2664
210,CHOA CHU KANG CTRL,exact,15.9081,15.9080,15.2840,15.2511
211,CHOA CHU KANG CTRL,exact,15.8646,15.8645,15.2434,15.2104
212,CHOA CHU KANG CTRL,exact,15.9513,15.9511,15.3298,15.2968
213,CHOA CHU KANG CTRL,exact,15.9395,15.9393,15.3200,15.2869
214,CHOA CHU KANG CTRL,exact,16.0243,16.0241,15.4041,15.3710
215,CHOA CHU KANG CTRL,exact,16.0020,16.0019,15.3796,15.3466
216,CHOA CHU KANG CTRL,exact,16.0204,16.0203,15.3963,15.3635
217,CHOA CHU KANG CTRL,exact,16.0790,16.0788,15.4566,15.4236
218,CHOA CHU KANG CTRL,exact,16.1011,16.1009,15.4841,15.4509
219,CHOA CHU KANG CTRL,exact,16.1151,16.1149,15.5015,15.4681
220,CHOA CHU KANG CTRL,exact,16.0536,16.0533,15.4418,15.4083
221,CHOA CHU KANG CTRL,exact,16.1187,16.1185,15.5077,15.4742
223,CHOA CHU KANG CTRL,exact,16.1054,16.1051,15.4999,15.4661
224,CHOA CHU KANG CTRL,exact,16.0416,16.0412,15.4388,15.4049
225,CHOA CHU KANG CTRL,exact,16.0467,16.0463,15.4416,15.4077
226,CHOA CHU KANG CTRL,exact,16.0188,16.0185,15.4118,15.3781
227,CHOA CHU KANG CTRL,exact,15.9655,15.9652,15.3556,15.3220
228,CHOA CHU KANG CTRL,exact,15.9045,15.9042,15.2936,15.2600
229,CHOA CHU KANG CTRL,exact,15.8928,15.8925,15.2838,15.2501
230,CHOA CHU KANG CTRL,exact,15.8869,15.8865,15.2798,15.2461
231,CHOA CHU KANG CTRL,exact,15.8706,15.8702,15.2653,15.2314
232,CHOA CHU KANG CTRL,exact,15.8281,15.8278,15.2163,15.1828
233,CHOA CHU KANG CTRL,exact,15.7909,15.7907,15.1797,15.1462
234,CHOA CHU KANG CTRL,exact,15.7148,15.7146,15.1006,15.0672
235,CHOA CHU KANG CTRL,exact,15.6310,15.6307,15.0163,14.9829
236,CHOA CHU KANG CTRL,exact,15.6793,15.6790,15.0666,15.0331
237,CHOA CHU KANG CTRL,exact,15.6451,15.6448,15.0338,15.0003
238,CHOA CHU KANG CTRL,exact,15.6286,15.6283,15.0191,14.9855
239,CHOA CHU KANG CTRL,exact,15.7055,15.7052,15.0973,15.0636
350,CHOA CHU KANG CTRL,exact,16.3463,16.3460,15.7357,15.7022
351,CHOA CHU KANG CTRL,exact,16.3764,16.3761,15.7675,15.7339
352,CHOA CHU KANG CTRL,exact,16.3204,16.3201,15.7141,15.6804
353,CHOA CHU KANG CTRL,exact,16.2476,16.2472,15.6437,15.6098
354,CHOA CHU KANG CTRL,exact,16.2723,16.2720,15.6654,15.6317
355,CHOA CHU KANG CTRL,exact,16.2909,16.2906,15.6809,15.6474
687A,CHOA CHU KANG DR,exact,17.5255,17.5264,16.8063,16.7789
687B,CHOA CHU KANG DR,exact,17.4803,17.4813,16.7596,16.7323
687C,CHOA CHU KANG DR,exact,17.3806,17.3816,16.6603,16.6329
687D,CHOA CHU KANG DR,exact,17.3539,17.3548,16.6321,16.6048
688A,CHOA CHU KANG DR,exact,17.4499,17.4509,16.7311,16.7036
688B,CHOA CHU KANG DR,exact,17.4214,17.4223,16.7052,16.6776
689A,CHOA CHU KANG DR,exact,17.3847,17.3856,16.6701,16.6424
689B,CHOA CHU KANG DR,exact,17.4350,17.4358,16.7219,16.6941
784,CHOA CHU KANG DR,exact,16.9229,16.9233,16.2502,16.2201
785,CHOA CHU KANG DR,exact,16.8761,16.8766,16.1999,16.1699
786,CHOA CHU KANG DR,exact,16.8717,16.8721,16.1934,16.1635
340,CHOA CHU KANG LOOP,exact,16.2250,16.2248,15.6037,15.5707
341,CHOA CHU KANG LOOP,exact,16.1926,16.1925,15.5675,15.5347
342,CHOA CHU KANG LOOP,exact,16.1384,16.1382,15.5140,15.4812
343,CHOA CHU KANG LOOP,exact,16.1579,16.1577,15.5389,15.5057
344,CHOA CHU KANG LOOP,exact,16.1942,16.1940,15.5782,15.5449
345,CHOA CHU KANG LOOP,exact,16.1843,16.1840,15.5717,15.5382
346,CHOA CHU KANG LOOP,exact,16.2346,16.2343,15.6180,15.5847
751,CHOA CHU KANG NTH 5,exact,16.6930,16.6934,16.0267,15.9961
752,CHOA CHU KANG NTH 5,exact,16.7145,16.7148,16.0509,16.0202
753,CHOA CHU KANG NTH 5,exact,16.7570,16.7573,16.0950,16.0642
754,CHOA CHU KANG NTH 5,exact,16.7799,16.7801,16.1194,16.0885
755,CHOA CHU KANG NTH 5,exact,16.8331,16.8333,16.1748,16.1438
756,CHOA CHU KANG NTH 5,exact,16.8665,16.8667,16.2089,16.1778
757,CHOA CHU KANG NTH 5,exact,16.8770,16.8773,16.2170,16.1862
758,CHOA CHU KANG NTH 5,exact,16.8860,16.8863,16.2239,16.1931
759,CHOA CHU KANG NTH 5,exact,16.8431,16.8434,16.1784,16.1477
760,CHOA CHU KANG NTH 5,exact,16.7869,16.7872,16.1208,16.0903
761,CHOA CHU KANG NTH 5,exact,16.7472,16.7475,16.0786,16.0482
762,CHOA CHU KANG NTH 5,exact,16.6315,16.6319,15.9625,15.9321
763,CHOA CHU KANG NTH 5,exact,16.6742,16.6746,16.0038,15.9735
764,CHOA CHU KANG NTH 5,exact,16.6573,16.6577,15.9832,15.9531
765,CHOA CHU KANG NTH 5,exact,16.5736,16.5740,15.8988,15.8687
766,CHOA CHU KANG NTH 5,exact,16.6485,16.6489,15.9706,15.9407
553,CHOA CHU KANG NTH 6,exact,17.3038,17.3041,16.6413,16.6105
554,CHOA CHU KANG NTH 6,exact,17.3624,17.3627,16.7001,16.6693
555,CHOA CHU KANG NTH 6,exact,17.3249,17.3252,16.6601,16.6295
556,CHOA CHU KANG NTH 6,exact,17.2751,17.2754,16.6119,16.5812
557,CHOA CHU KANG NTH 6,exact,17.2170,17.2173,16.5525,16.5219
558,CHOA CHU KANG NTH 6,exact,17.1814,17.1818,16.5156,16.4850
559,CHOA CHU KANG NTH 6,exact,17.2130,17.2133,16.5455,16.5150
560,CHOA CHU KANG NTH 6,exact,17.1843,17.1847,16.5161,16.4857
561,CHOA CHU KANG NTH 6,exact,17.2302,17.2305,16.5603,16.5300
631,CHOA CHU KANG NTH 6,exact,17.0149,17.0154,16.3318,16.3022
632,CHOA CHU KANG NTH 6,exact,16.9861,16.9866,16.3007,16.2713
633,CHOA CHU KANG NTH 6,exact,16.9356,16.9362,16.2476,16.2183
634,CHOA CHU KANG NTH 6,exact,16.8936,16.8941,16.2040,16.1748
635,CHOA CHU KANG NTH 6,exact,16.9660,16.9666,16.2741,16.2450
636,CHOA CHU KANG NTH 6,exact,17.0081,17.0087,16.3192,16.2900
637,CHOA CHU KANG NTH 6,exact,17.0757,17.0762,16.3895,16.3601
787,CHOA CHU KANG NTH 6,exact,16.9769,16.9773,16.2981,16.2682
788,CHOA CHU KANG NTH 6,exact,16.9342,16.9347,16.2534,16.2237
789,CHOA CHU KANG NTH 6,exact,16.8753,16.8758,16.1908,16.1613
790,CHOA CHU KANG NTH 6,exact,16.8374,16.8380,16.1504,16.1210
791,CHOA CHU KANG NTH 6,exact,16.7881,16.7887,16.1015,16.0721
792,CHOA CHU KANG NTH 6,exact,16.8126,16.8131,16.1305,16.1008
617,CHOA CHU KANG NTH 7,exact,17.4645,17.4651,16.7739,16.7448
618,CHOA CHU KANG NTH 7,exact,17.4063,17.4069,16.7137,16.6847
619,CHOA CHU KANG NTH 7,exact,17.3548,17.3555,16.6603,16.6314
501,CHOA CHU KANG ST 51,exact,16.8293,16.8293,16.1931,16.1609
502,CHOA CHU KANG ST 51,exact,16.7820,16.7820,16.1474,16.1151
503,CHOA CHU KANG ST 51,exact,16.8034,16.8032,16.1762,16.1435
504,CHOA CHU KANG ST 51,exact,16.8416,16.8415,16.2094,16.1770
505,CHOA CHU KANG ST 51,exact,16.8772,16.8771,16.2475,16.2149
506,CHOA CHU KANG ST 51,exact,16.8792,16.8791,16.2519,16.2193
507,CHOA CHU KANG ST 51,exact,16.9480,16.9479,16.3215,16.2888
508,CHOA CHU KANG ST 51,exact,16.8626,16.8625,16.2379,16.2051
509,CHOA CHU KANG ST 51,exact,16.8205,16.8203,16.1966,16.1637
510,CHOA CHU KANG ST 51,exact,16.8519,16.8517,16.2300,16.1970
511,CHOA CHU KANG ST 51,exact,16.9989,16.9987,16.3729,16.3402
512,CHOA CHU KANG ST 51,exact,17.0026,17.0024,16.3749,16.3423
513,CHOA CHU KANG ST 51,exact,16.9031,16.9030,16.2691,16.2368
514,CHOA CHU KANG ST 51,exact,16.8973,16.8973,16.2587,16.2267
515,CHOA CHU KANG ST 51,exact,16.8494,16.8494,16.2095,16.1775
516,CHOA CHU KANG ST 51,exact,16.9133,16.9133,16.2703,16.2385
517,CHOA CHU KANG ST 51,exact,16.9723,16.9723,16.3313,16.2994
518,CHOA CHU KANG ST 51,exact,16.9758,16.9758,16.3374,16.3053
523,CHOA CHU KANG ST 51,exact,17.1730,17.1729,16.5379,16.5056
524,CHOA CHU KANG ST 51,exact,17.1496,17.1496,16.5132,16.4811
525,CHOA CHU KANG ST 51,exact,17.1138,17.1138,16.4763,16.4442
526,CHOA CHU KANG ST 51,exact,17.0738,17.0738,16.4355,16.4034
527,CHOA CHU KANG ST 51,exact,17.1540,17.1540,16.5154,16.4833
528,CHOA CHU KANG ST 51,exact,17.1837,17.1837,16.5424,16.5105
529,CHOA CHU KANG ST 51,exact,17.1195,17.1195,16.4768,16.4450
530,CHOA CHU KANG ST 51,exact,17.1817,17.1818,16.5382,16.5064
531,CHOA CHU KANG ST 51,exact,17.2223,17.2223,16.5791,16.5473
535,CHOA CHU KANG ST 51,exact,16.9118,16.9119,16.2657,16.2340
540,CHOA CHU KANG ST 52,exact,17.0423,17.0424,16.3904,16.3590
541,CHOA CHU KANG ST 52,exact,16.9954,16.9955,16.3419,16.3106
542,CHOA CHU KANG ST 52,exact,17.0242,17.0245,16.3656,16.3346
543,CHOA CHU KANG ST 52,exact,17.0716,17.0718,16.4145,16.3835
544,CHOA CHU KANG ST 52,exact,17.1131,17.1133,16.4580,16.4269
545,CHOA CHU KANG ST 52,exact,17.1233,17.1234,16.4705,16.4393
546,CHOA CHU KANG ST 52,exact,17.0962,17.0964,16.4459,16.4145
547,CHOA CHU KANG ST 52,exact,17.1593,17.1594,16.5109,16.4794
548,CHOA CHU KANG ST 52,exact,17.2300,17.2301,16.5832,16.5517
549,CHOA CHU KANG ST 52,exact,17.1663,17.1665,16.5165,16.4851
550,CHOA CHU KANG ST 52,exact,17.2197,17.2198,16.5676,16.5363
551,CHOA CHU KANG ST 52,exact,17.2129,17.2131,16.5582,16.5271
552,CHOA CHU KANG ST 52,exact,17.2695,17.2697,16.6151,16.5839
562,CHOA CHU KANG ST 52,exact,17.1468,17.1472,16.4729,16.4428
563,CHOA CHU KANG ST 52,exact,17.1183,17.1187,16.4480,16.4177
564,CHOA CHU KANG ST 52,exact,17.1202,17.1205,16.4521,16.4216
565,CHOA CHU KANG ST 52,exact,17.0886,17.0890,16.4229,16.3923
566,CHOA CHU KANG ST 52,exact,17.0302,17.0305,16.3638,16.3332
567,CHOA CHU KANG ST 52,exact,17.0636,17.0639,16.3947,16.3643
568,CHOA CHU KANG ST 52,exact,17.0760,17.0764,16.4035,16.3734
569,CHOA CHU KANG ST 52,exact,17.1027,17.1031,16.4283,16.3982
570,CHOA CHU KANG ST 52,exact,17.0972,17.0974,16.4375,16.4066
571,CHOA CHU KANG ST 52,exact,17.0414,17.0417,16.3809,16.3501
572,CHOA CHU KANG ST 52,exact,16.9937,16.9940,16.3327,16.3018
573,CHOA CHU KANG ST 52,exact,17.0399,17.0402,16.3756,16.3449
574,CHOA CHU KANG ST 52,exact,17.0620,17.0623,16.3988,16.3681
701,CHOA CHU KANG ST 53,exact,16.7580,16.7582,16.1016,16.0705
702,CHOA CHU KANG ST 53,exact,16.8162,16.8164,16.1616,16.1304
703,CHOA CHU KANG ST 53,exact,16.7538,16.7540,16.0999,16.0687
704,CHOA CHU KANG ST 53,exact,16.7022,16.7024,16.0527,16.0212
705,CHOA CHU KANG ST 53,exact,16.6630,16.6632,16.0123,15.9809
706,CHOA CHU KANG ST 53,exact,16.6058,16.6059,15.9521,15.9208
707,CHOA CHU KANG ST 53,exact,16.6027,16.6029,15.9468,15.9157
708,CHOA CHU KANG ST 53,exact,16.7070,16.7073,16.0481,16.0171
767,CHOA CHU KANG ST 54,exact,16.6888,16.6893,16.0113,15.9813
768,CHOA CHU KANG ST 54,exact,16.6720,16.6724,15.9909,15.9612
769,CHOA CHU KANG ST 54,exact,16.6357,16.6362,15.9520,15.9224
770,CHOA CHU KANG ST 54,exact,16.7011,16.7016,16.0158,15.9863
771,CHOA CHU KANG ST 54,exact,16.7319,16.7323,16.0528,16.0230
601,CHOA CHU KANG ST 62,exact,17.2820,17.2824,16.6100,16.5798
602,CHOA CHU KANG ST 62,exact,17.3392,17.3395,16.6676,16.6374
603,CHOA CHU KANG ST 62,exact,17.4011,17.4014,16.7276,16.6975
604,CHOA CHU KANG ST 62,exact,17.4016,17.4020,16.7259,16.6959
605,CHOA CHU KANG ST 62,exact,17.4810,17.4814,16.8098,16.7795
606,CHOA CHU KANG ST 62,exact,17.4876,17.4880,16.8141,16.7840
607,CHOA CHU KANG ST 62,exact,17.5073,17.5078,16.8303,16.8004
608,CHOA CHU KANG ST 62,exact,17.4275,17.4280,16.7508,16.7209
609,CHOA CHU KANG ST 62,exact,17.4898,17.4903,16.8097,16.7800
610,CHOA CHU KANG ST 62,exact,17.5705,17.5709,16.8935,16.8636
611,CHOA CHU KANG ST 62,exact,17.5907,17.5911,16.9122,16.8824
612,CHOA CHU KANG ST 62,exact,17.5754,17.5759,16.8941,16.8645
613,CHOA CHU KANG ST 62,exact,17.6231,17.6236,16.9393,16.9098
614,CHOA CHU KANG ST 62,exact,17.6868,17.6873,17.0029,16.9734
615,CHOA CHU KANG ST 62,exact,17.6082,17.6088,16.9216,16.8923
616,CHOA CHU KANG ST 62,exact,17.5144,17.5148,16.8332,16.8035
620,CHOA CHU KANG ST 62,exact,17.3343,17.3349,16.6441,16.6149
621,CHOA CHU KANG ST 62,exact,17.2910,17.2916,16.6019,16.5727
625,CHOA CHU KANG ST 62,exact,17.3362,17.3367,16.6535,16.6239
626,CHOA CHU KANG ST 62,exact,17.3225,17.3230,16.6416,16.6119
627,CHOA CHU KANG ST 62,exact,17.2749,17.2754,16.5946,16.5649
638,CHOA CHU KANG ST 64,exact,17.0934,17.0940,16.4048,16.3755
639,CHOA CHU KANG ST 64,exact,17.0482,17.0488,16.3570,16.3279
640,CHOA CHU KANG ST 64,exact,17.0002,17.0009,16.3067,16.2777
641,CHOA CHU KANG ST 64,exact,17.0276,17.0283,16.3314,16.3026
642,CHOA CHU KANG ST 64,exact,17.0808,17.0814,16.3867,16.3578
643,CHOA CHU KANG ST 64,exact,17.1386,17.1392,16.4463,16.4172
17A,CIRCUIT RD,exact,6.5590,6.5687,5.6891,5.7349
17B,CIRCUIT RD,exact,6.6382,6.6479,5.7769,5.8231
18A,CIRCUIT RD,exact,6.5065,6.5162,5.6405,5.6865
18B,CIRCUIT RD,exact,6.5068,6.5165,5.6433,5.6894
18C,CIRCUIT RD,exact,6.5550,6.5647,5.6952,5.7415
18D,CIRCUIT RD,exact,6.5928,6.6025,5.7356,5.7820
34,CIRCUIT RD,exact,6.4385,6.4482,5.5692,5.6150
35,CIRCUIT RD,exact,6.3512,6.3608,5.4689,5.5140
36,CIRCUIT RD,exact,6.4020,6.4117,5.5286,5.5742
37,CIRCUIT RD,exact,6.2973,6.3070,5.4264,5.4722
38,CIRCUIT RD,exact,6.2502,6.2599,5.3774,5.4231
39,CIRCUIT RD,exact,6.1767,6.1863,5.3044,5.3502
40,CIRCUIT RD,exact,6.2384,6.2480,5.3694,5.4153
41,CIRCUIT RD,exact,6.1976,6.2073,5.3323,5.3784
42,CIRCUIT RD,exact,6.1685,6.1782,5.3063,5.3526
43,CIRCUIT RD,exact,6.0846,6.0943,5.2186,5.2647
44,CIRCUIT RD,exact,6.1395,6.1492,5.2773,5.3236
45,CIRCUIT RD,exact,6.1135,6.1232,5.2531,5.2995
46,CIRCUIT RD,exact,6.0913,6.1010,5.2326,5.2790
47,CIRCUIT RD,exact,6.0345,6.0441,5.1758,5.2223
48,CIRCUIT RD,exact,5.9993,6.0090,5.1433,5.1899
49,CIRCUIT RD,exact,5.9726,5.9823,5.1186,5.1653
50,CIRCUIT RD,exact,5.9486,5.9583,5.0963,5.1432
51,CIRCUIT RD,exact,5.9134,5.9232,5.0638,5.1108
52,CIRCUIT RD,exact,5.8835,5.8932,5.0362,5.0833
57,CIRCUIT RD,exact,6.0148,6.0245,5.1744,5.2217
58,CIRCUIT RD,exact,6.0229,6.0326,5.1777,5.2249
59,CIRCUIT RD,exact,6.0644,6.0741,5.2200,5.2671
60,CIRCUIT RD,exact,6.0741,6.0838,5.2249,5.2719
61,CIRCUIT RD,exact,6.1272,6.1369,5.2812,5.3283
62,CIRCUIT RD,exact,6.1729,6.1826,5.3233,5.3702
63,CIRCUIT RD,exact,6.1651,6.1748,5.3086,5.3551
64,CIRCUIT RD,exact,6.2402,6.2499,5.3846,5.4312
65,CIRCUIT RD,exact,6.2799,6.2896,5.4213,5.4678
66,CIRCUIT RD,exact,6.2394,6.2491,5.3921,5.4391
67,CIRCUIT RD,exact,6.1997,6.2094,5.3606,5.4080
68,CIRCUIT RD,exact,6.1788,6.1885,5.3445,5.3921
69,CIRCUIT RD,exact,6.0965,6.1062,5.2605,5.3081
70,CIRCUIT RD,exact,6.1533,6.1631,5.3211,5.3688
71,CIRCUIT RD,exact,6.1268,6.1365,5.2967,5.3445
72,CIRCUIT RD,exact,6.0923,6.1021,5.2652,5.3131
82A,CIRCUIT RD,exact,6.2078,6.2176,5.3998,5.4484
82B,CIRCUIT RD,exact,6.1347,6.1445,5.3289,5.3776
83A,CIRCUIT RD,exact,6.1178,6.1276,5.3180,5.3670
83B,CIRCUIT RD,exact,6.1626,6.1724,5.3653,5.4143
85,CIRCUIT RD,exact,5.7732,5.7829,4.9433,4.9912
87,CIRCUIT RD,exact,5.8108,5.8206,4.9739,5.0215
129,CLARENCE LANE,exact,4.2415,4.2366,4.2262,4.1727
130,CLARENCE LANE,exact,4.1882,4.1832,4.1808,4.1272
131,CLARENCE LANE,exact,4.1386,4.1336,4.1367,4.0831
132,CLARENCE LANE,exact,4.1713,4.1662,4.1769,4.1232
133,CLARENCE LANE,exact,4.2025,4.1974,4.2071,4.1535
401,CLEMENTI AVE 1,none,,,,
402,CLEMENTI AVE 1,none,,,,
403,CLEMENTI AVE 1,none,,,,
407,CLEMENTI AVE 1,none,,,,
409,CLEMENTI AVE 1,none,,,,
416,CLEMENTI AVE 1,exact,9.3796,9.3754,9.2130,9.1632
417,CLEMENTI AVE 1,exact,9.4237,9.4194,9.2598,9.2100
418,CLEMENTI AVE 1,exact,9.5169,9.5125,9.3565,9.3066
420,CLEMENTI AVE 1,exact,9.6055,9.6011,9.4494,9.3994
421,CLEMENTI AVE 1,exact,9.6555,9.6510,9.5130,9.4627
423,CLEMENTI AVE 1,exact,9.5014,9.4970,9.3499,9.2998
424,CLEMENTI AVE 1,exact,9.4426,9.4382,9.2883,9.2382
425,CLEMENTI AVE 1,exact,9.3796,9.3753,9.2224,9.1723
464B,CLEMENTI AVE 1,exact,9.7305,9.7261,9.5769,9.5268
328,CLEMENTI AVE 2,exact,9.9608,9.9567,9.7657,9.7166
329,CLEMENTI AVE 2,exact,9.9003,9.8961,9.7148,9.6655
330,CLEMENTI AVE 2,exact,9.8791,9.8750,9.6844,9.6353
331,CLEMENTI AVE 2,exact,9.8772,9.8731,9.6775,9.6285
332,CLEMENTI AVE 2,exact,9.9477,9.9437,9.7428,9.6939
333,CLEMENTI AVE 2,exact,9.9638,9.9598,9.7538,9.7051
334,CLEMENTI AVE 2,exact,9.8667,9.8627,9.6534,9.6047
335,CLEMENTI AVE 2,exact,9.9322,9.9284,9.6983,9.6502
336,CLEMENTI AVE 2,exact,9.8444,9.8407,9.6113,9.5631
337,CLEMENTI AVE 2,exact,9.8310,9.8272,9.6054,9.5570
338,CLEMENTI AVE 2,exact,9.7973,9.7935,9.5674,9.5192
349,CLEMENTI AVE 2,exact,9.6265,9.6227,9.3945,9.3463
350,CLEMENTI AVE 2,exact,9.7017,9.6979,9.4769,9.4285
351,CLEMENTI AVE 2,exact,9.6214,9.6176,9.3972,9.3488
352,CLEMENTI AVE 2,exact,9.5277,9.5238,9.3141,9.2654
354,CLEMENTI AVE 2,exact,9.5487,9.5447,9.3458,9.2969
355,CLEMENTI AVE 2,exact,9.7201,9.7162,9.5111,9.4623
356,CLEMENTI AVE 2,exact,9.6732,9.6692,9.4689,9.4200
357,CLEMENTI AVE 2,exact,9.7435,9.7395,9.5400,9.4911
358,CLEMENTI AVE 2,exact,9.7369,9.7328,9.5395,9.4904
359,CLEMENTI AVE 2,exact,9.6529,9.6488,9.4539,9.4048
362,CLEMENTI AVE 2,exact,9.6186,9.6145,9.4285,9.3792
363,CLEMENTI AVE 2,exact,9.7257,9.7216,9.5378,9.4885
364,CLEMENTI AVE 2,exact,9.7278,9.7236,9.5452,9.4958
365,CLEMENTI AVE 2,exact,9.5988,9.5947,9.4134,9.3641
366,CLEMENTI AVE 2,exact,9.4267,9.4226,9.2323,9.1832
367,CLEMENTI AVE 2,exact,9.4445,9.4405,9.2456,9.1965
426,CLEMENTI AVE 3,exact,10.1776,10.1732,10.0187,9.9688
427,CLEMENTI AVE 3,exact,10.2341,10.2297,10.0720,10.0222
428,CLEMENTI AVE 3,exact,10.3092,10.3048,10.1427,10.0930
429,CLEMENTI AVE 3,exact,10.3661,10.3618,10.1965,10.1469
430,CLEMENTI AVE 3,exact,10.4119,10.4077,10.2391,10.1895
431,CLEMENTI AVE 3,exact,10.4309,10.4266,10.2528,10.2034
432,CLEMENTI AVE 3,exact,10.4181,10.4139,10.2367,10.1874
433,CLEMENTI AVE 3,exact,10.5140,10.5098,10.3355,10.2861
434,CLEMENTI AVE 3,exact,10.5565,10.5523,10.3727,10.3234
435,CLEMENTI AVE 3,exact,10.4598,10.4556,10.2733,10.2240
440,CLEMENTI AVE 3,exact,10.3752,10.3713,10.1661,10.1174
440A,CLEMENTI AVE 3,exact,10.3406,10.3366,10.1331,10.0844
440B,CLEMENTI AVE 3,exact,10.4144,10.4104,10.2064,10.1577
440C,CLEMENTI AVE 3,exact,10.3914,10.3875,10.1780,10.1294
441A,CLEMENTI AVE 3,exact,10.2249,10.2208,10.0302,9.9812
441B,CLEMENTI AVE 3,exact,10.2895,10.2853,10.0976,10.0484
442,CLEMENTI AVE 3,exact,10.2350,10.2308,10.0469,9.9977
443,CLEMENTI AVE 3,exact,10.2915,10.2874,10.1041,10.0549
445,CLEMENTI AVE 3,exact,10.2721,10.2679,10.0944,10.0449
445A,CLEMENTI AVE 3,exact,10.2238,10.2195,10.0520,10.0024
445B,CLEMENTI AVE 3,exact,10.1716,10.1673,9.9993,9.9497
446,CLEMENTI AVE 3,exact,10.1341,10.1298,9.9626,9.9130
449,CLEMENTI AVE 3,exact,10.1859,10.1817,10.0025,9.9531
450,CLEMENTI AVE 3,exact,10.1131,10.1089,9.9284,9.8791
454,CLEMENTI AVE 3,exact,9.9671,9.9628,9.7936,9.7440
455,CLEMENTI AVE 3,exact,9.9361,9.9319,9.7636,9.7140
456,CLEMENTI AVE 3,exact,9.8965,9.8923,9.7252,9.6756
457,CLEMENTI AVE 3,exact,9.8641,9.8598,9.6934,9.6437
458,CLEMENTI AVE 3,exact,9.8965,9.8921,9.7296,9.6799
459,CLEMENTI AVE 3,exact,9.8663,9.8620,9.7008,9.6511
460,CLEMENTI AVE 3,exact,9.8748,9.8704,9.7125,9.6627
461,CLEMENTI AVE 3,exact,9.9296,9.9253,9.7696,9.7198
462,CLEMENTI AVE 3,exact,9.9818,9.9774,9.8233,9.7734
301,CLEMENTI AVE 4,exact,10.5248,10.5214,10.2496,10.2026
302,CLEMENTI AVE 4,exact,10.5053,10.5019,10.2346,10.1875
303,CLEMENTI AVE 4,exact,10.4967,10.4932,10.2306,10.1834
304,CLEMENTI AVE 4,exact,10.4742,10.4707,10.2122,10.1649
305,CLEMENTI AVE 4,exact,10.4078,10.4044,10.1293,10.0824
306,CLEMENTI AVE 4,exact,10.3910,10.3876,10.1195,10.0724
307,CLEMENTI AVE 4,exact,10.2677,10.2643,9.9916,9.9446
308,CLEMENTI AVE 4,exact,10.2711,10.2676,9.9995,9.9524
309,CLEMENTI AVE 4,exact,10.3194,10.3159,10.0514,10.0042
310,CLEMENTI AVE 4,exact,10.3348,10.3313,10.0754,10.0279
311,CLEMENTI AVE 4,exact,10.3810,10.3773,10.1344,10.0866
311A,CLEMENTI AVE 4,exact,10.3315,10.3279,10.0860,10.0382
311B,CLEMENTI AVE 4,exact,10.3294,10.3258,10.0798,10.0321
311C,CLEMENTI AVE 4,exact,10.3656,10.3621,10.1093,10.0618
312,CLEMENTI AVE 4,exact,10.4870,10.4833,10.2477,10.1998
312A,CLEMENTI AVE 4,exact,10.4385,10.4348,10.1972,10.1493
312B,CLEMENTI AVE 4,exact,10.4617,10.4580,10.2142,10.1664
312C,CLEMENTI AVE 4,exact,10.4995,10.4959,10.2552,10.2074
313,CLEMENTI AVE 4,none,,,,
314,CLEMENTI AVE 4,none,,,,
315,CLEMENTI AVE 4,exact,10.3119,10.3081,10.0735,10.0255
316,CLEMENTI AVE 4,exact,10.4040,10.4002,10.1689,10.1208
317,CLEMENTI AVE 4,exact,10.3869,10.3831,10.1565,10.1083
318,CLEMENTI AVE 4,exact,10.2945,10.2908,10.0608,10.0127
319,CLEMENTI AVE 4,exact,10.3325,10.3287,10.1081,10.0598
320,CLEMENTI AVE 4,exact,10.2590,10.2551,10.0379,9.9895
371,CLEMENTI AVE 4,exact,10.1173,10.1139,9.8456,9.7984
372,CLEMENTI AVE 4,exact,10.1255,10.1220,9.8639,9.8165
373,CLEMENTI AVE 4,exact,10.1583,10.1548,9.9017,9.8542
374,CLEMENTI AVE 4,exact,10.1789,10.1752,9.9275,9.8799
375,CLEMENTI AVE 4,exact,10.1808,10.1771,9.9374,9.8895
376,CLEMENTI AVE 4,exact,10.1652,10.1615,9.9261,9.8781
321,CLEMENTI AVE 5,none,,,,
322,CLEMENTI AVE 5,none,,,,
323,CLEMENTI AVE 5,none,,,,
324,CLEMENTI AVE 5,exact,10.1124,10.1084,9.9080,9.8591
325,CLEMENTI AVE 5,exact,10.0313,10.0273,9.8247,9.7759
326,CLEMENTI AVE 5,exact,10.0538,10.0497,9.8562,9.8072
327,CLEMENTI AVE 5,exact,10.0187,10.0146,9.8255,9.7764
339,CLEMENTI AVE 5,exact,9.9820,9.9786,9.7163,9.6690
340,CLEMENTI AVE 5,exact,9.8457,9.8422,9.5864,9.5389
341,CLEMENTI AVE 5,exact,9.9664,9.9629,9.7070,9.6595
342,CLEMENTI AVE 5,exact,9.8527,9.8491,9.5984,9.5507
343,CLEMENTI AVE 5,exact,9.7216,9.7180,9.4680,9.4203
344,CLEMENTI AVE 5,exact,9.9199,9.9162,9.6713,9.6235
345,CLEMENTI AVE 5,exact,9.9032,9.8996,9.6593,9.6114
346,CLEMENTI AVE 5,exact,9.7736,9.7699,9.5335,9.4855
347,CLEMENTI AVE 5,exact,9.7051,9.7015,9.4603,9.4124
348,CLEMENTI AVE 5,exact,9.6769,9.6732,9.4362,9.3882
377,CLEMENTI AVE 5,exact,10.0107,10.0070,9.7726,9.7245
378,CLEMENTI AVE 5,exact,10.0619,10.0582,9.8276,9.7794
379,CLEMENTI AVE 5,exact,10.0429,10.0392,9.8007,9.7528
380,CLEMENTI AVE 5,exact,10.0851,10.0814,9.8399,9.7921
381,CLEMENTI AVE 5,exact,10.0472,10.0436,9.7980,9.7503
201,CLEMENTI AVE 6,exact,10.6052,10.6015,10.3572,10.3095
202,CLEMENTI AVE 6,exact,10.6839,10.6802,10.4323,10.3847
203,CLEMENTI AVE 6,exact,10.7281,10.7244,10.4771,10.4295
204,CLEMENTI AVE 6,exact,10.6435,10.6399,10.3870,10.3395
205,CLEMENTI AVE 6,exact,10.7283,10.7247,10.4740,10.4265
206,CLEMENTI AVE 6,exact,10.7685,10.7649,10.5105,10.4631
208A,CLEMENTI AVE 6,exact,10.7710,10.7674,10.5081,10.4608
208B,CLEMENTI AVE 6,exact,10.7953,10.7918,10.5251,10.4780
109,CLEMENTI ST 11,exact,9.9234,9.9202,9.6257,9.5793
105,CLEMENTI ST 12,exact,10.0475,10.0443,9.7459,9.6996
110,CLEMENTI ST 13,exact,9.9527,9.9496,9.6452,9.5991
111,CLEMENTI ST 13,exact,9.9482,9.9451,9.6357,9.5897
112,CLEMENTI ST 13,exact,10.0794,10.0763,9.7718,9.7257
113,CLEMENTI ST 13,exact,10.0703,10.0672,9.7574,9.7114
114,CLEMENTI ST 13,exact,10.0321,10.0291,9.7146,9.6688
115,CLEMENTI ST 13,exact,9.9442,9.9412,9.6273,9.5815
116,CLEMENTI ST 13,exact,9.9133,9.9104,9.5877,9.5421
117,CLEMENTI ST 13,exact,10.0043,10.0013,9.6784,9.6329
118,CLEMENTI ST 13,exact,9.9576,9.9547,9.6237,9.5783
101,CLEMENTI ST 14,exact,10.1139,10.1107,9.8231,9.7765
102,CLEMENTI ST 14,exact,10.0961,10.0929,9.8020,9.7555
103,CLEMENTI ST 14,exact,10.1131,10.1099,9.8159,9.7695
104,CLEMENTI ST 14,exact,10.1290,10.1258,9.8280,9.7817
601,CLEMENTI WEST ST 1,exact,9.8606,9.8556,9.7773,9.7259
602,CLEMENTI WEST ST 1,exact,9.7553,9.7504,9.6656,9.6143
603,CLEMENTI WEST ST 1,exact,9.6370,9.6321,9.5488,9.4975
604,CLEMENTI WEST ST 1,exact,9.6369,9.6321,9.5406,9.4894
605,CLEMENTI WEST ST 1,exact,9.5790,9.5742,9.4819,9.4308
606,CLEMENTI WEST ST 1,exact,9.5675,9.5626,9.4770,9.4257
607,CLEMENTI WEST ST 1,exact,9.5657,9.5607,9.4829,9.4315
608,CLEMENTI WEST ST 1,exact,9.7114,9.7064,9.6304,9.5789
609,CLEMENTI WEST ST 1,exact,9.8138,9.8088,9.7380,9.6864
610,CLEMENTI WEST ST 1,exact,9.4748,9.4699,9.3861,9.3348
611,CLEMENTI WEST ST 1,exact,9.3761,9.3712,9.2963,9.2448
612,CLEMENTI WEST ST 1,exact,9.4606,9.4556,9.3859,9.3343
613,CLEMENTI WEST ST 1,exact,9.5543,9.5492,9.4776,9.4261
705,CLEMENTI WEST ST 2,exact,10.3812,10.3762,10.2976,10.2463
706,CLEMENTI WEST ST 2,exact,10.2262,10.2213,10.1264,10.0754
707,CLEMENTI WEST ST 2,exact,10.2097,10.2048,10.1152,10.0641
708,CLEMENTI WEST ST 2,exact,10.2188,10.2139,10.1313,10.0800
709,CLEMENTI WEST ST 2,exact,10.2263,10.2213,10.1436,10.0922
710,CLEMENTI WEST ST 2,exact,10.3042,10.2993,10.2117,10.1605
711,CLEMENTI WEST ST 2,exact,10.3107,10.3057,10.2354,10.1839
712,CLEMENTI WEST ST 2,exact,10.2324,10.2274,10.1540,10.1026
713,CLEMENTI WEST ST 2,exact,10.1737,10.1686,10.1043,10.0527
714,CLEMENTI WEST ST 2,exact,10.2349,10.2298,10.1645,10.1129
715,CLEMENTI WEST ST 2,exact,10.1786,10.1734,10.1209,10.0691
716,CLEMENTI WEST ST 2,exact,10.0677,10.0624,10.0169,9.9650
717,CLEMENTI WEST ST 2,exact,10.1239,10.1188,10.0643,10.0125
721,CLEMENTI WEST ST 2,exact,9.8786,9.8734,9.8240,9.7721
722,CLEMENTI WEST ST 2,exact,9.9822,9.9770,9.9231,9.8713
723,CLEMENTI WEST ST 2,exact,10.0178,10.0126,9.9579,9.9061
724,CLEMENTI WEST ST 2,exact,10.0360,10.0308,9.9702,9.9185
727,CLEMENTI WEST ST 2,exact,9.9744,9.9694,9.8993,9.8478
728,CLEMENTI WEST ST 2,exact,10.0253,10.0203,9.9401,9.8887
729,CLEMENTI WEST ST 2,exact,10.0520,10.0470,9.9706,9.9192
730,CLEMENTI WEST ST 2,exact,10.0910,10.0860,10.0123,9.9608
731,CLEMENTI WEST ST 2,exact,10.1221,10.1170,10.0484,9.9969
264A,COMPASSVALE BOW,exact,11.9525,11.9617,10.9520,10.9867
264B,COMPASSVALE BOW,exact,11.9543,11.9635,10.9526,10.9872
264C,COMPASSVALE BOW,exact,11.9538,11.9630,10.9508,10.9851
264D,COMPASSVALE BOW,exact,11.9526,11.9618,10.9488,10.9830
264E,COMPASSVALE BOW,exact,11.9441,11.9532,10.9387,10.9728
264F,COMPASSVALE BOW,exact,11.9365,11.9456,10.9301,10.9640
265D,COMPASSVALE BOW,exact,12.0169,12.0260,11.0139,11.0483
265E,COMPASSVALE BOW,exact,12.0224,12.0316,11.0202,11.0547
266A,COMPASSVALE BOW,exact,12.0848,12.0939,11.0822,11.1166
266B,COMPASSVALE BOW,exact,12.1166,12.1258,11.1151,11.1497
266C,COMPASSVALE BOW,exact,12.1372,12.1463,11.1359,11.1705
274A,COMPASSVALE BOW,exact,11.7185,11.7275,10.6989,10.7310
274B,COMPASSVALE BOW,exact,11.7695,11.7785,10.7504,10.7825
274C,COMPASSVALE BOW,exact,11.8171,11.8261,10.7983,10.8304
278A,COMPASSVALE BOW,exact,11.7413,11.7503,10.7206,10.7525
278B,COMPASSVALE BOW,exact,11.8041,11.8130,10.7838,10.8158
278C,COMPASSVALE BOW,exact,11.8712,11.8802,10.8513,10.8834
286A,COMPASSVALE CRES,exact,13.5826,13.5915,12.5608,12.5925
286B,COMPASSVALE CRES,exact,13.5785,13.5874,12.5552,12.5865
286C,COMPASSVALE CRES,exact,13.6708,13.6798,12.6489,12.6805
287A,COMPASSVALE CRES,exact,13.6851,13.6940,12.6618,12.6932
287B,COMPASSVALE CRES,exact,13.7278,13.7367,12.7045,12.7358
287C,COMPASSVALE CRES,exact,13.7455,13.7544,12.7236,12.7552
288A,COMPASSVALE CRES,exact,13.7494,13.7583,12.7283,12.7600
288B,COMPASSVALE CRES,exact,13.7617,13.7707,12.7427,12.7747
288C,COMPASSVALE CRES,exact,13.7668,13.7758,12.7484,12.7806
289A,COMPASSVALE CRES,exact,13.6824,13.6914,12.6638,12.6960
289B,COMPASSVALE CRES,exact,13.6649,13.6739,12.6456,12.6776
290A,COMPASSVALE CRES,exact,13.4726,13.4816,12.4534,12.4854
290B,COMPASSVALE CRES,exact,13.5833,13.5923,12.5638,12.5958
290C,COMPASSVALE CRES,exact,13.6031,13.6121,12.5849,12.6170
293A,COMPASSVALE CRES,exact,13.4842,13.4931,12.4625,12.4941
293B,COMPASSVALE CRES,exact,13.5369,13.5458,12.5150,12.5466
293C,COMPASSVALE CRES,exact,13.5370,13.5459,12.5144,12.5459
293D,COMPASSVALE CRES,exact,13.4841,13.4931,12.4610,12.4924
294A,COMPASSVALE CRES,exact,13.4390,13.4479,12.4178,12.4496
295A,COMPASSVALE CRES,exact,13.8058,13.8149,12.7904,12.8230
295B,COMPASSVALE CRES,exact,13.8104,13.8195,12.7973,12.8302
295C,COMPASSVALE CRES,exact,13.7371,13.7461,12.7245,12.7575
296A,COMPASSVALE CRES,exact,13.6814,13.6905,12.6675,12.7003
296B,COMPASSVALE CRES,exact,13.7414,13.7504,12.7267,12.7594
296C,COMPASSVALE CRES,exact,13.7277,13.7368,12.7145,12.7474
201A,COMPASSVALE DR,exact,12.5785,12.5874,11.5567,11.5883
201B,COMPASSVALE DR,exact,12.5553,12.5643,11.5371,11.5694
201C,COMPASSVALE DR,exact,12.4773,12.4863,11.4587,11.4909
201D,COMPASSVALE DR,exact,12.4361,12.4451,11.4182,11.4505
202,COMPASSVALE DR,exact,12.5582,12.5671,11.5380,11.5699
202A,COMPASSVALE DR,exact,12.5277,12.5367,11.5075,11.5394
204A,COMPASSVALE DR,exact,12.5403,12.5493,11.5246,11.5572
204B,COMPASSVALE DR,exact,12.4564,12.4654,11.4409,11.4736
204C,COMPASSVALE DR,exact,12.5165,12.5255,11.5016,11.5343
204D,COMPASSVALE DR,exact,12.5474,12.5565,11.5338,11.5667
212A,COMPASSVALE DR,exact,12.6301,12.6393,11.6313,11.6661
212B,COMPASSVALE DR,exact,12.6369,12.6461,11.6402,11.6753
212C,COMPASSVALE DR,exact,12.6404,12.6496,11.6454,11.6807
215A,COMPASSVALE DR,exact,12.6489,12.6579,11.6279,11.6597
215B,COMPASSVALE DR,exact,12.7109,12.7199,11.6898,11.7216
216A,COMPASSVALE DR,exact,12.7898,12.7988,11.7678,11.7995
216B,COMPASSVALE DR,exact,12.7720,12.7810,11.7509,11.7827
216C,COMPASSVALE DR,exact,12.7944,12.8034,11.7750,11.8070
216D,COMPASSVALE DR,exact,12.7769,12.7859,11.7584,11.7906
217A,COMPASSVALE DR,exact,12.6522,12.6612,11.6326,11.6646
217B,COMPASSVALE DR,exact,12.6726,12.6816,11.6545,11.6867
217C,COMPASSVALE DR,exact,12.7219,12.7308,11.7027,11.7348
227A,COMPASSVALE DR,exact,12.7140,12.7232,11.7154,11.7503
227B,COMPASSVALE DR,exact,12.7473,12.7565,11.7495,11.7845
227C,COMPASSVALE DR,exact,12.7268,12.7360,11.7309,11.7661
227D,COMPASSVALE DR,exact,12.7567,12.7660,11.7614,11.7967
205A,COMPASSVALE LANE,exact,12.4551,12.4642,11.4480,11.4818
205B,COMPASSVALE LANE,exact,12.3963,12.4055,11.3893,11.4231
205C,COMPASSVALE LANE,exact,12.4395,12.4486,11.4310,11.4646
206A,COMPASSVALE LANE,exact,12.4897,12.4988,11.4814,11.5150
206B,COMPASSVALE LANE,exact,12.5958,12.6049,11.5868,11.6203
206C,COMPASSVALE LANE,exact,12.5605,12.5696,11.5540,11.5879
206D,COMPASSVALE LANE,exact,12.5626,12.5717,11.5552,11.5889
207A,COMPASSVALE LANE,exact,12.4221,12.4313,11.4187,11.4529
207B,COMPASSVALE LANE,exact,12.4040,12.4131,11.4021,11.4365
207C,COMPASSVALE LANE,exact,12.3588,12.3679,11.3565,11.3909
207D,COMPASSVALE LANE,exact,12.3101,12.3193,11.3074,11.3418
208A,COMPASSVALE LANE,exact,12.3660,12.3751,11.3656,11.4002
208B,COMPASSVALE LANE,exact,12.3894,12.3986,11.3899,11.4246
209A,COMPASSVALE LANE,exact,12.2793,12.2885,11.2802,11.3151
209B,COMPASSVALE LANE,exact,12.3154,12.3246,11.3170,11.3519
209C,COMPASSVALE LANE,exact,12.3510,12.3602,11.3534,11.3884
210A,COMPASSVALE LANE,exact,12.4767,12.4859,11.4808,11.5159
210B,COMPASSVALE LANE,exact,12.4323,12.4415,11.4357,11.4708
210C,COMPASSVALE LANE,exact,12.3936,12.4028,11.3967,11.4318
211A,COMPASSVALE LANE,exact,12.4215,12.4307,11.4232,11.4581
211B,COMPASSVALE LANE,exact,12.4403,12.4495,11.4398,11.4744
211C,COMPASSVALE LANE,exact,12.4723,12.4815,11.4733,11.5082
211D,COMPASSVALE LANE,exact,12.5375,12.5467,11.5398,11.5747
213A,COMPASSVALE LANE,exact,12.5834,12.5926,11.5862,11.6212
213B,COMPASSVALE LANE,exact,12.5833,12.5926,11.5883,11.6236
265A,COMPASSVALE LINK,exact,11.9957,12.0048,10.9888,11.0226
265B,COMPASSVALE LINK,exact,12.0034,12.0125,10.9981,11.0321
265C,COMPASSVALE LINK,exact,12.0088,12.0179,11.0042,11.0384
267A,COMPASSVALE LINK,exact,12.1841,12.1933,11.1841,11.2188
267B,COMPASSVALE LINK,exact,12.1890,12.1981,11.1872,11.2217
268A,COMPASSVALE LINK,exact,12.2507,12.2598,11.2452,11.2793
268B,COMPASSVALE LINK,exact,12.2619,12.2710,11.2549,11.2887
268C,COMPASSVALE LINK,exact,12.2803,12.2894,11.2720,11.3056
268D,COMPASSVALE LINK,exact,12.3074,12.3165,11.2984,11.3319
269A,COMPASSVALE LINK,exact,12.1567,12.1658,11.1487,11.1824
269B,COMPASSVALE LINK,exact,12.1611,12.1702,11.1543,11.1882
269C,COMPASSVALE LINK,exact,12.1716,12.1808,11.1663,11.2003
269D,COMPASSVALE LINK,exact,12.1841,12.1933,11.1801,11.2143
273A,COMPASSVALE LINK,exact,12.1644,12.1735,11.1541,11.1875
273B,COMPASSVALE LINK,exact,12.2150,12.2241,11.2043,11.2376
273C,COMPASSVALE LINK,exact,12.1995,12.2086,11.1873,11.2204
273D,COMPASSVALE LINK,exact,12.1493,12.1584,11.1375,11.1707
275A,COMPASSVALE LINK,exact,12.0271,12.0362,11.0174,11.0509
275B,COMPASSVALE LINK,exact,12.0709,12.0800,11.0603,11.0937
275C,COMPASSVALE LINK,exact,12.0360,12.0451,11.0240,11.0571
275D,COMPASSVALE LINK,exact,11.9911,12.0001,10.9787,11.0119
277A,COMPASSVALE LINK,exact,11.9187,11.9278,10.9100,10.9436
277B,COMPASSVALE LINK,exact,11.9682,11.9773,10.9589,10.9924
277C,COMPASSVALE LINK,exact,11.9284,11.9375,10.9165,10.9497
277D,COMPASSVALE LINK,exact,11.8902,11.8993,10.8798,10.9132
203A,COMPASSVALE RD,exact,12.4295,12.4386,11.4175,11.4507
203B,COMPASSVALE RD,exact,12.4459,12.4550,11.4317,11.4645
203C,COMPASSVALE RD,exact,12.4592,12.4682,11.4464,11.4794
203D,COMPASSVALE RD,exact,12.5109,12.5199,11.4983,11.5313
203E,COMPASSVALE RD,exact,12.5972,12.6063,11.5844,11.6174
244,COMPASSVALE RD,exact,13.2882,13.2973,12.2772,12.3105
245,COMPASSVALE RD,exact,13.2636,13.2727,12.2542,12.2876
246,COMPASSVALE RD,exact,13.2099,13.2190,12.2003,12.2338
247,COMPASSVALE RD,exact,13.1732,13.1823,12.1647,12.1983
248,COMPASSVALE RD,exact,13.1486,13.1577,12.1379,12.1712
249,COMPASSVALE RD,exact,13.1361,13.1452,12.1279,12.1615
254,COMPASSVALE RD,exact,13.4171,13.4262,12.4074,12.4408
255,COMPASSVALE RD,exact,13.3981,13.4072,12.3869,12.4201
256,COMPASSVALE RD,exact,13.3562,13.3652,12.3456,12.3789
257A,COMPASSVALE RD,exact,13.1324,13.1415,12.1194,12.1524
257B,COMPASSVALE RD,exact,13.1253,13.1343,12.1103,12.1430
257C,COMPASSVALE RD,exact,13.1196,13.1286,12.1029,12.1353
258A,COMPASSVALE RD,exact,13.1572,13.1662,12.1417,12.1743
258B,COMPASSVALE RD,exact,13.1748,13.1838,12.1605,12.1933
258C,COMPASSVALE RD,exact,13.2326,13.2416,12.2182,12.2510
258D,COMPASSVALE RD,exact,13.2233,13.2324,12.2076,12.2402
259A,COMPASSVALE RD,exact,13.2491,13.2581,12.2320,12.2644
259B,COMPASSVALE RD,exact,13.2784,13.2875,12.2634,12.2960
259C,COMPASSVALE RD,exact,13.2538,13.2629,12.2408,12.2737
250A,COMPASSVALE ST,exact,13.1602,13.1693,12.1539,12.1878
250B,COMPASSVALE ST,exact,13.2132,13.2223,12.2060,12.2398
250C,COMPASSVALE ST,exact,13.2626,13.2717,12.2551,12.2888
250D,COMPASSVALE ST,exact,13.3167,13.3258,12.3084,12.3420
251,COMPASSVALE ST,exact,13.3645,13.3736,12.3563,12.3899
252,COMPASSVALE ST,exact,13.4232,13.4324,12.4170,12.4508
253,COMPASSVALE ST,exact,13.4088,13.4179,12.4005,12.4341
262A,COMPASSVALE ST,exact,13.3439,13.3529,12.3210,12.3524
262B,COMPASSVALE ST,exact,13.3198,13.3287,12.2985,12.3302
262C,COMPASSVALE ST,exact,13.2501,13.2590,12.2284,12.2601
262D,COMPASSVALE ST,exact,13.2105,13.2194,12.1888,12.2205
291A,COMPASSVALE ST,exact,13.4762,13.4852,12.4603,12.4929
291B,COMPASSVALE ST,exact,13.5214,13.5304,12.5067,12.5394
291C,COMPASSVALE ST,exact,13.5774,13.5864,12.5624,12.5951
291D,COMPASSVALE ST,exact,13.6218,13.6308,12.6060,12.6386
292A,COMPASSVALE ST,exact,13.5597,13.5688,12.5463,12.5792
292B,COMPASSVALE ST,exact,13.4884,13.4975,12.4748,12.5077
297A,COMPASSVALE ST,exact,13.5173,13.5264,12.5094,12.5430
297B,COMPASSVALE ST,exact,13.5194,13.5285,12.5122,12.5460
298A,COMPASSVALE ST,exact,13.6005,13.6097,12.5950,12.6290
298B,COMPASSVALE ST,exact,13.6559,13.6651,12.6511,12.6851
298C,COMPASSVALE ST,exact,13.6760,13.6851,12.6671,12.7006
298D,COMPASSVALE ST,exact,13.6275,13.6366,12.6190,12.6525
299A,COMPASSVALE ST,exact,13.7480,13.7572,12.7434,12.7775
299B,COMPASSVALE ST,exact,13.7420,13.7511,12.7329,12.7664
299C,COMPASSVALE ST,exact,13.7199,13.7290,12.7129,12.7467
223A,COMPASSVALE WALK,exact,12.6810,12.6901,11.6720,11.7055
223B,COMPASSVALE WALK,exact,12.7132,12.7223,11.7052,11.7388
223C,COMPASSVALE WALK,exact,12.7624,12.7715,11.7541,11.7877
223D,COMPASSVALE WALK,exact,12.7819,12.7910,11.7721,11.8055
224A,COMPASSVALE WALK,exact,12.6899,12.6990,11.6833,11.7172
224B,COMPASSVALE WALK,exact,12.7166,12.7257,11.7093,11.7430
224C,COMPASSVALE WALK,exact,12.7669,12.7760,11.7598,11.7936
224D,COMPASSVALE WALK,exact,12.7788,12.7880,11.7728,11.8067
225A,COMPASSVALE WALK,exact,12.6977,12.7068,11.6934,11.7276
225B,COMPASSVALE WALK,exact,12.7288,12.7380,11.7250,11.7592
225C,COMPASSVALE WALK,exact,12.7750,12.7842,11.7702,11.8043
226A,COMPASSVALE WALK,exact,12.7208,12.7300,11.7199,11.7544
226B,COMPASSVALE WALK,exact,12.7315,12.7407,11.7289,11.7633
226C,COMPASSVALE WALK,exact,12.8199,12.8290,11.8186,11.8531
228A,COMPASSVALE WALK,exact,12.8040,12.8132,11.8078,11.8430
228B,COMPASSVALE WALK,exact,12.8546,12.8638,11.8577,11.8928
228C,COMPASSVALE WALK,exact,12.7962,12.8054,11.7974,11.8322
229,COMPASSVALE WALK,exact,12.8956,12.9048,11.8959,11.9306
230,COMPASSVALE WALK,exact,12.8891,12.8983,11.8913,11.9263
231,COMPASSVALE WALK,exact,13.0134,13.0226,12.0143,12.0491
232,COMPASSVALE WALK,exact,13.0902,13.0994,12.0881,12.1225
233,COMPASSVALE WALK,exact,13.0227,13.0319,12.0211,12.0556
234,COMPASSVALE WALK,exact,13.0741,13.0833,12.0702,12.1044
235,COMPASSVALE WALK,exact,13.0651,13.0742,12.0589,12.0928
236,COMPASSVALE WALK,exact,13.0187,13.0278,12.0128,12.0467
237,COMPASSVALE WALK,exact,12.9142,12.9233,11.9065,11.9402
238,COMPASSVALE WALK,exact,12.9789,12.9880,11.9709,12.0045
239,COMPASSVALE WALK,exact,13.0470,13.0561,12.0366,12.0699
240,COMPASSVALE WALK,exact,12.9785,12.9876,11.9682,12.0015
241,COMPASSVALE WALK,exact,12.8909,12.8999,11.8808,11.9142
140A,CORPORATION DR,exact,15.0637,15.0595,14.8675,14.8188
140B,CORPORATION DR,exact,15.0147,15.0104,14.8180,14.7694
140C,CORPORATION DR,exact,14.9495,14.9453,14.7492,14.7007
140D,CORPORATION DR,exact,14.9149,14.9107,14.7135,14.6650
150A,CORPORATION DR,exact,15.1450,15.1407,14.9554,14.9066
349,CORPORATION DR,exact,15.9585,15.9549,15.6856,15.6390
350,CORPORATION DR,exact,15.9245,15.9208,15.6575,15.6107
351,CORPORATION DR,exact,15.8654,15.8618,15.5945,15.5479
365,CORPORATION DR,exact,15.7767,15.7730,15.5134,15.4666
366,CORPORATION DR,exact,15.8354,15.8317,15.5723,15.5254
367,CORPORATION DR,exact,15.8823,15.8786,15.6219,15.5750
368,CORPORATION DR,exact,15.8069,15.8032,15.5464,15.4995
461,CRAWFORD LANE,exact,2.6014,2.6105,1.6212,1.6621
462,CRAWFORD LANE,exact,2.5475,2.5566,1.5727,1.6143
463,CRAWFORD LANE,exact,2.6456,2.6548,1.6868,1.7297
466,CRAWFORD LANE,exact,2.6829,2.6922,1.7378,1.7817
58,DAKOTA CRES,exact,4.9710,4.9804,4.3966,4.4508
60,DAKOTA CRES,exact,4.8864,4.8959,4.3040,4.3581
62,DAKOTA CRES,exact,4.9611,4.9706,4.3772,4.4312
68,DAKOTA CRES,none,,,,
78,DAWSON RD,exact,4.7305,4.7255,4.7082,4.6550
79,DAWSON RD,exact,4.7253,4.7205,4.6842,4.6312
86,DAWSON RD,exact,4.7671,4.7625,4.7002,4.6476
87,DAWSON RD,exact,4.8199,4.8152,4.7530,4.7004
88,DAWSON RD,exact,4.8747,4.8701,4.8084,4.7558
89,DAWSON RD,exact,4.5954,4.5909,4.5265,4.4738
90,DAWSON RD,exact,4.5508,4.5463,4.4817,4.4290
91,DAWSON RD,exact,4.5063,4.5018,4.4370,4.3843
92,DAWSON RD,exact,4.6526,4.6480,4.5951,4.5423
93,DAWSON RD,exact,4.5796,4.5749,4.5227,4.4698
94,DAWSON RD,exact,4.6833,4.6789,4.5966,4.5442
95,DAWSON RD,exact,4.6106,4.6062,4.5199,4.4676
96,DAWSON RD,exact,4.5416,4.5373,4.4482,4.3959
1,DELTA AVE,exact,2.7033,2.6993,2.6551,2.6011
2,DELTA AVE,exact,2.7491,2.7449,2.7190,2.6650
3,DELTA AVE,exact,2.8207,2.8164,2.7960,2.7420
4,DELTA AVE,exact,2.9085,2.9041,2.8827,2.8288
5,DELTA AVE,exact,2.8120,2.8079,2.7635,2.7097
103,DEPOT RD,none,,,,
103A,DEPOT RD,exact,4.2443,4.2370,4.5623,4.5078
103B,DEPOT RD,exact,4.2681,4.2608,4.5841,4.5297
104A,DEPOT RD,exact,4.3613,4.3539,4.6803,4.6258
104B,DEPOT RD,exact,4.3850,4.3776,4.7021,4.6476
105,DEPOT RD,exact,4.3534,4.3460,4.6618,4.6072
105A,DEPOT RD,exact,4.4573,4.4500,4.7571,4.7025
106A,DEPOT RD,exact,4.5095,4.5021,4.8184,4.7638
106B,DEPOT RD,exact,4.5332,4.5259,4.8403,4.7857
107,DEPOT RD,none,,,,
109A,DEPOT RD,exact,4.6762,4.6689,4.9705,4.9159
109B,DEPOT RD,exact,4.6997,4.6925,4.9922,4.9376
110,DEPOT RD,exact,4.6819,4.6747,4.9659,4.9113
110A,DEPOT RD,exact,4.6950,4.6878,4.9776,4.9229
111A,DEPOT RD,exact,4.7585,4.7512,5.0460,4.9914
111B,DEPOT RD,exact,4.7822,4.7750,5.0680,5.0133
112A,DEPOT RD,exact,4.8162,4.8090,5.0937,5.0390
112B,DEPOT RD,exact,4.8619,4.8548,5.1359,5.0812
113,DEPOT RD,exact,4.9121,4.9050,5.1879,5.1332
114,DEPOT RD,exact,4.9575,4.9504,5.2243,5.1696
48,DORSET RD,exact,3.3968,3.4035,2.3477,2.3555
48A,DORSET RD,exact,3.4221,3.4290,2.3702,2.3792
49,DORSET RD,exact,3.2559,3.2626,2.2109,2.2172
50,DORSET RD,exact,3.2753,3.2821,2.2247,2.2331
12,DOVER CL EAST,exact,7.6679,7.6635,7.5224,7.4719
13,DOVER CL EAST,exact,7.6522,7.6479,7.5001,7.4497
14,DOVER CL EAST,exact,7.7101,7.7058,7.5570,7.5066
17,DOVER CRES,exact,8.0697,8.0655,7.8967,7.8469
18,DOVER CRES,exact,8.0681,8.0640,7.8885,7.8388
19,DOVER CRES,exact,7.9983,7.9942,7.8199,7.7701
20,DOVER CRES,exact,7.9694,7.9652,7.8073,7.7571
21,DOVER CRES,exact,7.8642,7.8600,7.6932,7.6432
22,DOVER CRES,exact,7.9755,7.9713,7.8082,7.7582
23,DOVER CRES,exact,7.9842,7.9800,7.8115,7.7616
24,DOVER CRES,none,,,,
26,DOVER CRES,exact,8.1481,8.1437,8.0045,7.9541
27,DOVER CRES,exact,8.1578,8.1533,8.0221,7.9714
28A,DOVER CRES,exact,8.0490,8.0446,7.9176,7.8668
28B,DOVER CRES,exact,8.1003,8.0958,7.9624,7.9118
28C,DOVER CRES,exact,8.0579,8.0535,7.9149,7.8644
28D,DOVER CRES,exact,8.0580,8.0536,7.9088,7.8585
5,DOVER CRES,exact,7.9738,7.9692,7.8531,7.8022
1,DOVER RD,exact,7.8589,7.8541,7.7587,7.7073
2,DOVER RD,exact,7.9156,7.9109,7.8080,7.7568
3,DOVER RD,exact,7.9843,7.9797,7.8689,7.8179
31,DOVER RD,none,,,,
35,DOVER RD,none,,,,
36,DOVER RD,none,,,,
38,DOVER RD,none,,,,
1,EAST COAST RD,exact,8.5594,8.5683,8.1228,8.1775
2,EAST COAST RD,none,,,,
3,EAST COAST RD,none,,,,
109A,EDGEDALE PLAINS,exact,13.9507,13.9600,12.9685,13.0051
109B,EDGEDALE PLAINS,exact,13.9615,13.9708,12.9782,13.0147
109C,EDGEDALE PLAINS,exact,13.9646,13.9740,12.9800,13.0164
109D,EDGEDALE PLAINS,exact,13.9784,13.9877,12.9920,13.0282
120A,EDGEDALE PLAINS,exact,13.8323,13.8416,12.8449,12.8810
120B,EDGEDALE PLAINS,exact,13.8455,13.8548,12.8565,12.8924
121B,EDGEDALE PLAINS,exact,13.7469,13.7563,12.7649,12.8016
122A,EDGEDALE PLAINS,exact,13.7917,13.8011,12.8092,12.8458
122B,EDGEDALE PLAINS,exact,13.8801,13.8894,12.8980,12.9346
126A,EDGEDALE PLAINS,exact,13.9675,13.9768,12.9907,13.0279
126B,EDGEDALE PLAINS,exact,13.9981,14.0075,13.0199,13.0569
126C,EDGEDALE PLAINS,exact,13.9182,13.9275,12.9396,12.9766
126D,EDGEDALE PLAINS,exact,13.9167,13.9260,12.9393,12.9765
130,EDGEDALE PLAINS,exact,13.8081,13.8174,12.8290,12.8659
132,EDGEDALE PLAINS,exact,13.8318,13.8412,12.8549,12.8920
133,EDGEDALE PLAINS,exact,13.8044,13.8138,12.8276,12.8648
134,EDGEDALE PLAINS,exact,13.7327,13.7420,12.7554,12.7925
135,EDGEDALE PLAINS,exact,13.7005,13.7098,12.7231,12.7602
138,EDGEDALE PLAINS,exact,13.7551,13.7644,12.7759,12.8128
171A,EDGEDALE PLAINS,exact,14.0692,14.0785,13.0943,13.1317
171B,EDGEDALE PLAINS,exact,14.1256,14.1350,13.1515,13.1889
171C,EDGEDALE PLAINS,exact,14.1447,14.1541,13.1731,13.2108
172A,EDGEDALE PLAINS,exact,14.0923,14.1017,13.1137,13.1507
172B,EDGEDALE PLAINS,exact,14.1500,14.1594,13.1719,13.2089
172C,EDGEDALE PLAINS,exact,14.1577,14.1671,13.1820,13.2193
174A,EDGEDALE PLAINS,exact,14.1866,14.1960,13.2059,13.2427
174B,EDGEDALE PLAINS,exact,14.1971,14.2064,13.2145,13.2510
174C,EDGEDALE PLAINS,exact,14.2009,14.2102,13.2167,13.2531
174D,EDGEDALE PLAINS,exact,14.2234,14.2327,13.2377,13.2740
661A,EDGEDALE PLAINS,exact,15.1440,15.1534,14.1692,14.2065
661B,EDGEDALE PLAINS,exact,15.0733,15.0826,14.0984,14.1357
661C,EDGEDALE PLAINS,exact,15.0722,15.0816,14.1001,14.1377
662A,EDGEDALE PLAINS,exact,15.1118,15.1212,14.1422,14.1800
662B,EDGEDALE PLAINS,exact,15.1045,15.1139,14.1363,14.1743
662C,EDGEDALE PLAINS,exact,15.0629,15.0723,14.0948,14.1327
662D,EDGEDALE PLAINS,exact,15.0620,15.0714,14.0920,14.1298
682A,EDGEDALE PLAINS,exact,15.1524,15.1618,14.1746,14.2116
682B,EDGEDALE PLAINS,exact,15.1212,15.1306,14.1427,14.1796
682C,EDGEDALE PLAINS,exact,15.1191,15.1285,14.1391,14.1759
683A,EDGEDALE PLAINS,exact,15.1743,15.1836,14.1929,14.2295
683B,EDGEDALE PLAINS,exact,15.1974,15.2068,14.2144,14.2508
683C,EDGEDALE PLAINS,exact,15.1181,15.1274,14.1350,14.1715
684A,EDGEDALE PLAINS,exact,15.0569,15.0662,14.0791,14.1161
684B,EDGEDALE PLAINS,exact,15.0338,15.0432,14.0533,14.0900
684C,EDGEDALE PLAINS,exact,15.0670,15.0763,14.0851,14.1217
684D,EDGEDALE PLAINS,exact,15.0480,15.0573,14.0640,14.1004
103A,EDGEFIELD PLAINS,exact,14.0501,14.0592,13.0485,13.0829
103B,EDGEFIELD PLAINS,exact,13.9940,14.0032,12.9930,13.0275
103C,EDGEFIELD PLAINS,exact,13.9403,13.9495,12.9394,12.9740
104A,EDGEFIELD PLAINS,exact,13.9183,13.9275,12.9195,12.9543
104B,EDGEFIELD PLAINS,exact,13.9105,13.9197,12.9126,12.9475
105A,EDGEFIELD PLAINS,exact,13.9643,13.9735,12.9671,13.0020
105B,EDGEFIELD PLAINS,exact,14.0040,14.0132,13.0071,13.0421
105C,EDGEFIELD PLAINS,exact,14.0313,14.0405,13.0328,13.0676
105D,EDGEFIELD PLAINS,exact,13.9638,13.9730,12.9650,12.9997
107A,EDGEFIELD PLAINS,exact,14.0431,14.0524,13.0485,13.0838
107B,EDGEFIELD PLAINS,exact,14.0277,14.0370,13.0348,13.0703
107C,EDGEFIELD PLAINS,exact,14.0236,14.0329,13.0320,13.0676
107D,EDGEFIELD PLAINS,exact,14.0057,14.0150,13.0158,13.0516
111,EDGEFIELD PLAINS,exact,13.9790,13.9883,12.9845,13.0198
112,EDGEFIELD PLAINS,exact,13.9608,13.9700,12.9683,13.0038
114,EDGEFIELD PLAINS,exact,13.9396,13.9489,12.9491,12.9848
115,EDGEFIELD PLAINS,exact,13.8581,13.8674,12.8677,12.9034
116,EDGEFIELD PLAINS,exact,13.8695,13.8787,12.8777,12.9133
117,EDGEFIELD PLAINS,exact,13.8920,13.9013,12.8989,12.9343
118,EDGEFIELD PLAINS,exact,13.9109,13.9202,12.9159,12.9511
176A,EDGEFIELD PLAINS,exact,14.2796,14.2888,13.2866,13.3221
176B,EDGEFIELD PLAINS,exact,14.2613,14.2706,13.2695,13.3050
176C,EDGEFIELD PLAINS,exact,14.2504,14.2596,13.2596,13.2953
176D,EDGEFIELD PLAINS,exact,14.2471,14.2564,13.2587,13.2947
178,EDGEFIELD PLAINS,exact,14.3421,14.3513,13.3488,13.3843
181,EDGEFIELD PLAINS,exact,14.3432,14.3525,13.3519,13.3875
182,EDGEFIELD PLAINS,exact,14.3374,14.3467,13.3473,13.3830
183,EDGEFIELD PLAINS,exact,14.3531,14.3624,13.3646,13.4005
184,EDGEFIELD PLAINS,exact,14.3388,14.3481,13.3516,13.3876
185,EDGEFIELD PLAINS,exact,14.2959,14.3052,13.3093,13.3455
193,EDGEFIELD PLAINS,exact,14.4267,14.4360,13.4343,13.4698
614A,EDGEFIELD PLAINS,exact,14.8002,14.8095,13.8036,13.8386
614B,EDGEFIELD PLAINS,exact,14.7708,14.7800,13.7771,13.8125
615A,EDGEFIELD PLAINS,exact,14.8413,14.8505,13.8450,13.8801
615B,EDGEFIELD PLAINS,exact,14.8464,14.8556,13.8512,13.8863
615C,EDGEFIELD PLAINS,exact,14.8409,14.8502,13.8467,13.8819
668A,EDGEFIELD PLAINS,exact,15.0980,15.1072,14.1076,14.1433
668B,EDGEFIELD PLAINS,exact,15.1030,15.1122,14.1144,14.1503
669A,EDGEFIELD PLAINS,exact,15.1657,15.1750,14.1796,14.2158
669B,EDGEFIELD PLAINS,exact,15.1310,15.1403,14.1456,14.1818
670A,EDGEFIELD PLAINS,exact,15.1616,15.1709,14.1722,14.2080
670B,EDGEFIELD PLAINS,exact,15.1718,15.1811,14.1833,14.2192
670C,EDGEFIELD PLAINS,exact,15.2067,15.2160,14.2199,14.2560
671A,EDGEFIELD PLAINS,exact,15.1821,15.1913,14.1893,14.2247
671B,EDGEFIELD PLAINS,exact,15.1794,15.1887,14.1857,14.2210
672A,EDGEFIELD PLAINS,exact,15.2471,15.2563,14.2554,14.2909
672B,EDGEFIELD PLAINS,exact,15.2556,15.2649,14.2628,14.2982
672C,EDGEFIELD PLAINS,exact,15.2794,15.2887,14.2829,14.3178
672D,EDGEFIELD PLAINS,exact,15.2816,15.2908,14.2842,14.3191
673A,EDGEFIELD PLAINS,exact,15.2237,15.2329,14.2291,14.2643
673B,EDGEFIELD PLAINS,exact,15.2259,15.2352,14.2296,14.2646
673C,EDGEFIELD PLAINS,exact,15.2287,15.2379,14.2309,14.2657
601,ELIAS RD,exact,14.6430,14.6527,13.8234,13.8706
602,ELIAS RD,exact,14.6463,14.6560,13.8311,13.8785
603,ELIAS RD,exact,14.5797,14.5895,13.7648,13.8121
604,ELIAS RD,exact,14.4963,14.5060,13.6820,13.7294
605,ELIAS RD,exact,14.5468,14.5565,13.7280,13.7753
606,ELIAS RD,exact,14.4815,14.4913,13.6633,13.7105
607,ELIAS RD,exact,14.4448,14.4545,13.6269,13.6742
608,ELIAS RD,exact,14.4483,14.4580,13.6350,13.6824
609,ELIAS RD,exact,14.3944,14.4041,13.5810,13.6285
610,ELIAS RD,exact,14.3272,14.3370,13.5120,13.5594
611,ELIAS RD,exact,14.3454,14.3551,13.5330,13.5805
612,ELIAS RD,exact,14.2714,14.2812,13.4588,13.5063
613,ELIAS RD,exact,14.2604,14.2701,13.4444,13.4917
614,ELIAS RD,exact,14.3219,14.3317,13.5035,13.5508
615,ELIAS RD,exact,14.3888,14.3986,13.5681,13.6153
8,EMPRESS RD,exact,6.2788,6.2773,5.8340,5.7913
10,EUNOS CRES,exact,7.1369,7.1466,6.4574,6.5095
11,EUNOS CRES,exact,7.2575,7.2671,6.5958,6.6483
13,EUNOS CRES,exact,7.2330,7.2426,6.5547,6.6069
14,EUNOS CRES,exact,7.2590,7.2686,6.5753,6.6274
15,EUNOS CRES,exact,7.2998,7.3095,6.6079,6.6597
16,EUNOS CRES,exact,7.3380,7.3477,6.6632,6.7155
17,EUNOS CRES,exact,7.3589,7.3685,6.6797,6.7318
18,EUNOS CRES,exact,7.3799,7.3895,6.6964,6.7484
19,EUNOS CRES,exact,7.3144,7.3241,6.6168,6.6686
20,EUNOS CRES,exact,7.3439,7.3535,6.6426,6.6943
21,EUNOS CRES,exact,7.3732,7.3829,6.6683,6.7199
22,EUNOS CRES,exact,7.2524,7.2621,6.5417,6.5932
23,EUNOS CRES,exact,7.2254,7.2351,6.5199,6.5714
24,EUNOS CRES,exact,7.2038,7.2135,6.5051,6.5568
25,EUNOS CRES,exact,7.1820,7.1916,6.4876,6.5395
31,EUNOS CRES,exact,6.9329,6.9425,6.2686,6.3211
32,EUNOS CRES,exact,6.8830,6.8926,6.2161,6.2686
33,EUNOS CRES,exact,6.8264,6.8360,6.1567,6.2091
34,EUNOS CRES,exact,6.8966,6.9062,6.2184,6.2706
35,EUNOS CRES,exact,6.9384,6.9480,6.2621,6.3144
36,EUNOS CRES,exact,6.9783,6.9879,6.3043,6.3567
9,EUNOS CRES,exact,7.1093,7.1189,6.4356,6.4879
410,EUNOS RD 5,exact,6.6267,6.6363,5.9709,6.0236
411,EUNOS RD 5,exact,6.6212,6.6308,5.9621,6.0148
412,EUNOS RD 5,exact,6.5440,6.5536,5.8833,5.9359
413,EUNOS RD 5,exact,6.5360,6.5456,5.8708,5.9234
414,EUNOS RD 5,exact,6.4587,6.4684,5.7941,5.8467
415,EUNOS RD 5,exact,6.4334,6.4430,5.7644,5.8169
416,EUNOS RD 5,exact,6.3800,6.3896,5.7110,5.7635
417,EUNOS RD 5,exact,6.3548,6.3645,5.6815,5.7339
1,EVERTON PK,exact,1.4481,1.4388,2.2340,2.1920
2,EVERTON PK,exact,1.5144,1.5051,2.2818,2.2389
3,EVERTON PK,exact,1.5865,1.5772,2.3437,2.3001
4,EVERTON PK,exact,1.4702,1.4607,2.2761,2.2348
5,EVERTON PK,exact,1.5413,1.5319,2.3362,2.2942
6,EVERTON PK,exact,1.6065,1.5972,2.3838,2.3409
7,EVERTON PK,exact,1.6039,1.5946,2.3702,2.3270
401,FAJAR RD,exact,14.1585,14.1594,13.4511,13.4227
402,FAJAR RD,exact,14.1856,14.1864,13.4824,13.4537
403,FAJAR RD,exact,14.2780,14.2788,13.5728,13.5443
404,FAJAR RD,exact,14.2511,14.2519,13.5489,13.5202
405,FAJAR RD,exact,14.3242,14.3250,13.6207,13.5921
406,FAJAR RD,exact,14.3516,14.3525,13.6442,13.6158
407,FAJAR RD,exact,14.2645,14.2653,13.5553,13.5270
408,FAJAR RD,exact,14.2552,14.2561,13.5418,13.5138
417,FAJAR RD,exact,14.4925,14.4934,13.7739,13.7462
418,FAJAR RD,exact,14.4700,14.4710,13.7463,13.7189
419,FAJAR RD,exact,14.3851,14.3861,13.6594,13.6322
420,FAJAR RD,exact,14.4527,14.4537,13.7246,13.6976
421,FAJAR RD,exact,14.3938,14.3949,13.6644,13.6374
422,FAJAR RD,exact,14.4728,14.4739,13.7426,13.7157
423,FAJAR RD,exact,14.5386,14.5397,13.8091,13.7821
424,FAJAR RD,exact,14.5708,14.5720,13.8401,13.8132
425,FAJAR RD,exact,14.5587,14.5598,13.8260,13.7993
426,FAJAR RD,exact,14.5911,14.5922,13.8570,13.8304
436,FAJAR RD,exact,14.1939,14.1949,13.4721,13.4446
437,FAJAR RD,exact,14.2664,14.2674,13.5469,13.5193
438,FAJAR RD,exact,14.2364,14.2375,13.5123,13.4850
439,FAJAR RD,exact,14.2478,14.2488,13.5218,13.4945
440,FAJAR RD,exact,14.3301,14.3312,13.6033,13.5762
441,FAJAR RD,exact,14.2370,14.2381,13.5085,13.4814
442,FAJAR RD,exact,14.1252,14.1263,13.3988,13.3716
442B,FAJAR RD,exact,14.0456,14.0466,13.3219,13.2945
442C,FAJAR RD,exact,14.0801,14.0811,13.3582,13.3308
442D,FAJAR RD,exact,14.0388,14.0397,13.3197,13.2921
443A,FAJAR RD,exact,14.1617,14.1626,13.4455,13.4177
443B,FAJAR RD,exact,14.1357,14.1366,13.4222,13.3942
443C,FAJAR RD,exact,14.0878,14.0887,13.3756,13.3475
443D,FAJAR RD,exact,14.0263,14.0273,13.3096,13.2818
451,FAJAR RD,exact,14.3032,14.3045,13.5609,13.5347
452,FAJAR RD,exact,14.3485,14.3498,13.6050,13.5789
453,FAJAR RD,exact,14.3692,14.3704,13.6281,13.6018
454,FAJAR RD,exact,14.2994,14.3006,13.5625,13.5360
11,FARRER PK RD,exact,3.1882,3.1953,2.1310,2.1425
12,FARRER PK RD,exact,3.1444,3.1514,2.0896,2.0998
13,FARRER PK RD,exact,3.1020,3.1089,2.0487,2.0581
15,FARRER PK RD,exact,3.0402,3.0472,1.9853,1.9955
5,FARRER RD,exact,6.1164,6.1151,5.6514,5.6095
6,FARRER RD,exact,6.0995,6.0983,5.6155,5.5743
403A,FERNVALE LANE,exact,11.9489,11.9571,10.8916,10.9146
403B,FERNVALE LANE,exact,11.9286,11.9368,10.8711,10.8940
403C,FERNVALE LANE,exact,11.8761,11.8843,10.8187,10.8416
403D,FERNVALE LANE,exact,11.8708,11.8790,10.8136,10.8366
404A,FERNVALE LANE,exact,11.8994,11.9076,10.8429,10.8662
404B,FERNVALE LANE,exact,11.8876,11.8958,10.8308,10.8540
405A,FERNVALE LANE,exact,11.9521,11.9603,10.8955,10.9188
405B,FERNVALE LANE,exact,11.9672,11.9754,10.9103,10.9335
405C,FERNVALE LANE,exact,11.9828,11.9910,10.9257,10.9487
412A,FERNVALE LINK,exact,12.0980,12.1064,11.0464,11.0716
412B,FERNVALE LINK,exact,12.1527,12.1611,11.1010,11.1262
413A,FERNVALE LINK,exact,12.1288,12.1372,11.0783,11.1039
413B,FERNVALE LINK,exact,12.1711,12.1795,11.1204,11.1459
414A,FERNVALE LINK,exact,12.1795,12.1880,11.1301,11.1560
414B,FERNVALE LINK,exact,12.2292,12.2377,11.1798,11.2057
415A,FERNVALE LINK,exact,12.1200,12.1284,11.0707,11.0966
415B,FERNVALE LINK,exact,12.1177,12.1262,11.0696,11.0958
415C,FERNVALE LINK,exact,12.1810,12.1895,11.1333,11.1597
416A,FERNVALE LINK,exact,12.3040,12.3125,11.2549,11.2809
416B,FERNVALE LINK,exact,12.3062,12.3147,11.2580,11.2843
416C,FERNVALE LINK,exact,12.2366,12.2451,11.1890,11.2153
417A,FERNVALE LINK,exact,12.4288,12.4373,11.3804,11.4066
418A,FERNVALE LINK,exact,12.3364,12.3448,11.2866,11.3123
418B,FERNVALE LINK,exact,12.3539,12.3624,11.3050,11.3310
418C,FERNVALE LINK,exact,12.3709,12.3794,11.3233,11.3497
430A,FERNVALE LINK,exact,12.6150,12.6234,11.5626,11.5875
430B,FERNVALE LINK,exact,12.6113,12.6197,11.5585,11.5833
430C,FERNVALE LINK,exact,12.6865,12.6949,11.6336,11.6583
430D,FERNVALE LINK,exact,12.7049,12.7133,11.6516,11.6761
440A,FERNVALE LINK,exact,12.5461,12.5545,11.4942,11.5193
440B,FERNVALE LINK,exact,12.5424,12.5508,11.4897,11.5145
440C,FERNVALE LINK,exact,12.4622,12.4706,11.4098,11.4347
467A,FERNVALE LINK,exact,13.0581,13.0665,12.0044,12.0288
467B,FERNVALE LINK,exact,13.0543,13.0626,11.9999,12.0241
468A,FERNVALE LINK,exact,13.0046,13.0129,11.9511,11.9756
468B,FERNVALE LINK,exact,12.9895,12.9978,11.9354,11.9596
468C,FERNVALE LINK,exact,12.9233,12.9316,11.8691,11.8933
470A,FERNVALE LINK,exact,12.9227,12.9310,11.8707,11.8957
470B,FERNVALE LINK,exact,12.9749,12.9833,11.9232,11.9484
470C,FERNVALE LINK,exact,12.9055,12.9139,11.8543,11.8796
406A,FERNVALE RD,exact,11.8749,11.8832,10.8190,10.8426
406B,FERNVALE RD,exact,11.9201,11.9283,10.8641,10.8877
406C,FERNVALE RD,exact,11.9564,11.9646,10.9008,10.9245
407A,FERNVALE RD,exact,11.9257,11.9340,10.8709,10.8950
407B,FERNVALE RD,exact,12.0017,12.0100,10.9466,10.9705
408A,FERNVALE RD,exact,12.0030,12.0114,10.9493,10.9737
408B,FERNVALE RD,exact,12.0254,12.0337,10.9714,10.9957
408C,FERNVALE RD,exact,12.0638,12.0722,11.0104,11.0349
409A,FERNVALE RD,exact,12.0548,12.0631,11.0022,11.0271
409B,FERNVALE RD,exact,12.1031,12.1114,11.0501,11.0749
410A,FERNVALE RD,exact,12.1357,12.1440,11.0812,11.1054
410B,FERNVALE RD,exact,12.1111,12.1194,11.0569,11.0811
410C,FERNVALE RD,exact,12.1370,12.1453,11.0832,11.1077
411A,FERNVALE RD,exact,12.2139,12.2222,11.1605,11.1851
411B,FERNVALE RD,exact,12.1760,12.1844,11.1229,11.1476
434A,FERNVALE RD,exact,12.6136,12.6219,11.5584,11.5822
434B,FERNVALE RD,exact,12.6456,12.6539,11.5906,11.6146
435A,FERNVALE RD,exact,12.5071,12.5154,11.4521,11.4760
435B,FERNVALE RD,exact,12.5153,12.5236,11.4607,11.4848
435C,FERNVALE RD,exact,12.5443,12.5526,11.4900,11.5142
436A,FERNVALE RD,exact,12.4514,12.4597,11.3969,11.4210
436B,FERNVALE RD,exact,12.4678,12.4761,11.4137,11.4381
436C,FERNVALE RD,exact,12.4066,12.4149,11.3527,11.3771
436D,FERNVALE RD,exact,12.3832,12.3915,11.3290,11.3532
441A,FERNVALE RD,exact,12.2301,12.2383,11.1744,11.1981
441B,FERNVALE RD,exact,12.2310,12.2392,11.1747,11.1982
441C,FERNVALE RD,exact,12.3407,12.3489,11.2843,11.3077
441D,FERNVALE RD,exact,12.3400,12.3483,11.2842,11.3078
443A,FERNVALE RD,exact,12.2192,12.2274,11.1625,11.1858
443B,FERNVALE RD,exact,12.2109,12.2191,11.1539,11.1769
443C,FERNVALE RD,exact,12.2057,12.2139,11.1483,11.1711
445A,FERNVALE RD,exact,12.3343,12.3425,11.2775,11.3007
445B,FERNVALE RD,exact,12.3300,12.3382,11.2729,11.2959
453A,FERNVALE RD,exact,12.6067,12.6149,11.5506,11.5740
453B,FERNVALE RD,exact,12.5766,12.5848,11.5201,11.5434
453C,FERNVALE RD,exact,12.4914,12.4996,11.4350,11.4583
453D,FERNVALE RD,exact,12.4861,12.4944,11.4301,11.4536
471A,FERNVALE ST,exact,12.9096,12.9180,11.8595,11.8851
471B,FERNVALE ST,exact,12.9508,12.9593,11.9001,11.9256
471C,FERNVALE ST,exact,12.9220,12.9304,11.8730,11.8990
472A,FERNVALE ST,exact,13.0730,13.0814,12.0232,12.0489
472B,FERNVALE ST,exact,12.9986,13.0070,11.9487,11.9744
472C,FERNVALE ST,exact,12.9513,12.9598,11.9017,11.9275
473A,FERNVALE ST,exact,13.1192,13.1277,12.0691,12.0947
801,FRENCH RD,exact,2.8168,2.8258,1.8097,1.8468
802,FRENCH RD,exact,2.8384,2.8473,1.8263,1.8626
101,GANGSA RD,exact,14.1357,14.1364,13.4404,13.4113
102,GANGSA RD,exact,14.0786,14.0793,13.3802,13.3513
103,GANGSA RD,exact,14.0139,14.0146,13.3156,13.2867
104,GANGSA RD,exact,14.0667,14.0674,13.3706,13.3415
105,GANGSA RD,exact,14.0408,14.0415,13.3478,13.3186
106,GANGSA RD,exact,14.0326,14.0332,13.3431,13.3137
107,GANGSA RD,exact,14.0911,14.0917,13.4046,13.3750
108,GANGSA RD,exact,14.0210,14.0216,13.3338,13.3042
109,GANGSA RD,exact,13.9633,13.9639,13.2747,13.2452
110,GANGSA RD,exact,13.9757,13.9764,13.2830,13.2537
111,GANGSA RD,exact,13.9844,13.9851,13.2892,13.2601
146,GANGSA RD,exact,13.9291,13.9296,13.2565,13.2261
147,GANGSA RD,exact,14.0218,14.0223,13.3502,13.3197
148,GANGSA RD,exact,13.9605,13.9609,13.2860,13.2556
152,GANGSA RD,exact,13.9243,13.9247,13.2544,13.2238
153,GANGSA RD,exact,13.9345,13.9349,13.2677,13.2369
154,GANGSA RD,exact,13.9532,13.9535,13.2891,13.2582
155,GANGSA RD,exact,13.9996,14.0000,13.3335,13.3027
163,GANGSA RD,exact,14.1204,14.1208,13.4526,13.4219
164,GANGSA RD,exact,14.1044,14.1048,13.4335,13.4030
165,GANGSA RD,exact,14.1172,14.1176,13.4434,13.4131
166,GANGSA RD,exact,14.1488,14.1493,13.4708,13.4407
170,GANGSA RD,exact,14.1848,14.1854,13.4986,13.4690
171,GANGSA RD,exact,14.1979,14.1986,13.5086,13.4791
172,GANGSA RD,exact,14.2159,14.2166,13.5231,13.4938
173,GANGSA RD,exact,14.2493,14.2500,13.5539,13.5248
53,GEYLANG BAHRU,exact,4.8851,4.8942,3.8762,3.9110
54,GEYLANG BAHRU,exact,4.8276,4.8366,3.8179,3.8527
55,GEYLANG BAHRU,exact,4.8793,4.8883,3.8746,3.9100
56,GEYLANG BAHRU,exact,4.8215,4.8305,3.8161,3.8514
57,GEYLANG BAHRU,exact,4.8482,4.8573,3.8503,3.8866
58,GEYLANG BAHRU,exact,4.7608,4.7698,3.7544,3.7896
59A,GEYLANG BAHRU,exact,4.7171,4.7262,3.7151,3.7509
59B,GEYLANG BAHRU,exact,4.6530,4.6621,3.6512,3.6871
59C,GEYLANG BAHRU,exact,4.6841,4.6933,3.6863,3.7227
60,GEYLANG BAHRU,exact,4.7769,4.7861,3.7823,3.8191
68,GEYLANG BAHRU,exact,4.7209,4.7301,3.7364,3.7744
72,GEYLANG BAHRU,exact,4.7630,4.7724,3.7958,3.8355
73,GEYLANG BAHRU,exact,4.8264,4.8356,3.8454,3.8837
93,GEYLANG BAHRU,exact,4.8326,4.8419,3.8637,3.9032
94,GEYLANG BAHRU,exact,4.8630,4.8723,3.8886,3.9276
95,GEYLANG BAHRU,exact,4.8881,4.8973,3.9099,3.9485
96,GEYLANG BAHRU,exact,4.8937,4.9029,3.9078,3.9455
97,GEYLANG BAHRU,exact,4.9202,4.9294,3.9308,3.9681
124,GEYLANG EAST AVE 1,exact,5.4991,5.5088,4.7249,4.7750
125,GEYLANG EAST AVE 1,exact,5.4017,5.4115,4.6361,4.6865
126,GEYLANG EAST AVE 1,exact,5.4712,5.4809,4.7120,4.7625
127,GEYLANG EAST AVE 1,exact,5.5353,5.5450,4.7803,4.8310
128,GEYLANG EAST AVE 1,exact,5.5791,5.5888,4.8169,4.8673
130,GEYLANG EAST AVE 1,exact,5.4697,5.4794,4.7259,4.7769
131,GEYLANG EAST AVE 1,exact,5.3845,5.3943,4.6322,4.6830
132,GEYLANG EAST AVE 1,exact,5.2828,5.2925,4.5266,4.5773
133,GEYLANG EAST AVE 1,exact,5.2509,5.2607,4.4884,4.5389
134,GEYLANG EAST AVE 1,exact,5.2613,5.2710,4.5106,4.5615
129,GEYLANG EAST AVE 2,exact,5.5099,5.5196,4.7701,4.8212
120,GEYLANG EAST CTRL,exact,5.3346,5.3443,4.5424,4.5919
122,GEYLANG EAST CTRL,exact,5.3093,5.3190,4.5259,4.5757
123,GEYLANG EAST CTRL,exact,5.3842,5.3939,4.5995,4.6493
2,GEYLANG SERAI,exact,6.4085,6.4181,5.7569,5.8097
2A,GEYLANG SERAI,exact,6.3432,6.3527,5.6892,5.7420
2B,GEYLANG SERAI,exact,6.3721,6.3817,5.7130,5.7657
2C,GEYLANG SERAI,exact,6.4172,6.4269,5.7604,5.8131
2D,GEYLANG SERAI,exact,6.4616,6.4712,5.8074,5.8601
3A,GEYLANG SERAI,exact,6.4809,6.4905,5.8297,5.8825
22,GHIM MOH LINK,exact,7.8642,7.8604,7.6563,7.6072
23,GHIM MOH LINK,exact,7.7480,7.7441,7.5467,7.4974
26,GHIM MOH LINK,exact,7.8194,7.8154,7.6251,7.5756
27,GHIM MOH LINK,exact,7.8622,7.8583,7.6700,7.6205
28,GHIM MOH LINK,exact,7.9165,7.9126,7.7184,7.6691
29,GHIM MOH LINK,exact,7.9878,7.9838,7.7955,7.7461
30,GHIM MOH LINK,exact,8.0145,8.0105,7.8214,7.7719
31,GHIM MOH LINK,exact,8.0261,8.0223,7.8212,7.7720
32,GHIM MOH LINK,exact,7.9955,7.9917,7.7821,7.7331
33,GHIM MOH LINK,exact,7.9613,7.9575,7.7510,7.7019
1,GHIM MOH RD,exact,7.8761,7.8727,7.6121,7.5643
10,GHIM MOH RD,none,,,,
11,GHIM MOH RD,none,,,,
13,GHIM MOH RD,exact,7.5066,7.5029,7.2765,7.2278
14,GHIM MOH RD,exact,7.4654,7.4616,7.2479,7.1989
15,GHIM MOH RD,exact,7.5527,7.5489,7.3343,7.2854
18,GHIM MOH RD,exact,7.7326,7.7289,7.5060,7.4573
19,GHIM MOH RD,exact,7.6642,7.6608,7.4130,7.3649
2,GHIM MOH RD,exact,7.8415,7.8380,7.5838,7.5359
21,GHIM MOH RD,exact,7.5804,7.5767,7.3473,7.2987
3,GHIM MOH RD,exact,7.8022,7.7987,7.5487,7.5007
4,GHIM MOH RD,exact,7.7556,7.7523,7.4801,7.4326
5,GHIM MOH RD,exact,7.7204,7.7171,7.4513,7.4037
6,GHIM MOH RD,exact,7.6919,7.6885,7.4281,7.3803
7,GHIM MOH RD,exact,7.7665,7.7629,7.5229,7.4746
8,GHIM MOH RD,exact,7.6931,7.6895,7.4577,7.4092
10,GLOUCESTER RD,exact,3.3607,3.3678,2.3031,2.3149
9,GLOUCESTER RD,exact,3.3229,3.3299,2.2677,2.2782
1,HAIG RD,exact,5.9907,6.0001,5.4187,5.4726
10,HAIG RD,exact,6.0336,6.0431,5.3935,5.4466
11,HAIG RD,exact,6.1039,6.1134,5.4703,5.5235
2,HAIG RD,exact,6.0476,6.0570,5.4599,5.5137
21,HAIG RD,exact,5.8683,5.8779,5.2473,5.3007
22,HAIG RD,exact,5.9090,5.9186,5.2787,5.3319
23,HAIG RD,exact,5.9166,5.9262,5.2921,5.3455
3,HAIG RD,exact,5.9835,5.9930,5.4025,5.4564
4,HAIG RD,exact,5.9885,5.9980,5.3998,5.4536
5,HAIG RD,exact,5.9614,5.9709,5.3604,5.4141
6,HAIG RD,exact,6.0550,6.0645,5.4503,5.5039
7,HAIG RD,exact,6.0650,6.0745,5.4485,5.5019
8,HAIG RD,exact,5.9787,5.9883,5.3573,5.4107
9,HAIG RD,exact,6.0257,6.0353,5.3931,5.4463
22,HAVELOCK RD,exact,2.5731,2.5680,2.6718,2.6171
29,HAVELOCK RD,none,,,,
50,HAVELOCK RD,exact,2.8191,2.8142,2.8765,2.8220
52,HAVELOCK RD,exact,2.6317,2.6268,2.6965,2.6419
53,HAVELOCK RD,exact,2.5779,2.5729,2.6499,2.5952
54,HAVELOCK RD,exact,2.5434,2.5385,2.6160,2.5614
55,HAVELOCK RD,exact,2.5640,2.5594,2.6020,2.5475
56,HAVELOCK RD,exact,2.6014,2.5967,2.6376,2.5831
57,HAVELOCK RD,exact,2.6509,2.6462,2.6883,2.6339
58,HAVELOCK RD,exact,2.6980,2.6932,2.7391,2.6846
94,HAVELOCK RD,exact,2.0824,2.0775,2.2062,2.1515
95,HAVELOCK RD,exact,2.1311,2.1262,2.2407,2.1860
101,HENDERSON CRES,exact,3.4022,3.3972,3.4368,3.3826
102,HENDERSON CRES,exact,3.3987,3.3935,3.4455,3.3912
103,HENDERSON CRES,exact,3.4062,3.4009,3.4748,3.4204
104,HENDERSON CRES,exact,3.3805,3.3751,3.4617,3.4073
105,HENDERSON CRES,exact,3.3104,3.3053,3.3608,3.3065
106,HENDERSON CRES,exact,3.3011,3.2957,3.3795,3.3250
95A,HENDERSON RD,exact,3.3473,3.3412,3.5269,3.4722
95B,HENDERSON RD,exact,3.3389,3.3329,3.5022,3.4475
95C,HENDERSON RD,exact,3.2899,3.2840,3.4391,3.3844
96,HENDERSON RD,exact,3.3710,3.3651,3.5148,3.4601
96A,HENDERSON RD,exact,3.3103,3.3045,3.4392,3.3845
96B,HENDERSON RD,exact,3.3842,3.3784,3.5105,3.4558
2,HILLVIEW AVE,none,,,,
4,HILLVIEW AVE,none,,,,
6,HILLVIEW AVE,none,,,,
7,HILLVIEW AVE,none,,,,
8,HILLVIEW AVE,none,,,,
111,HO CHING RD,exact,15.2956,15.2918,15.0513,15.0039
112,HO CHING RD,exact,15.2559,15.2521,15.0106,14.9633
114,HO CHING RD,exact,15.2083,15.2044,14.9626,14.9152
115,HO CHING RD,exact,15.1467,15.1429,14.9005,14.8532
119,HO CHING RD,exact,15.2085,15.2048,14.9505,14.9035
120,HO CHING RD,exact,15.2596,15.2559,15.0020,14.9550
10,HOLLAND AVE,exact,6.9092,6.9057,6.6762,6.6274
12,HOLLAND AVE,exact,6.9023,6.8990,6.6467,6.5985
2,HOLLAND AVE,exact,6.8326,6.8293,6.5730,6.5249
8,HOLLAND AVE,exact,6.8451,6.8413,6.6389,6.5895
9,HOLLAND AVE,exact,6.8662,6.8626,6.6419,6.5929
3,HOLLAND CL,exact,6.6711,6.6677,6.4237,6.3752
30,HOLLAND CL,exact,6.6515,6.6481,6.4118,6.3632
30A,HOLLAND CL,exact,6.5821,6.5786,6.3439,6.2951
31,HOLLAND CL,exact,6.5711,6.5676,6.3418,6.2929
32,HOLLAND CL,exact,6.5575,6.5538,6.3427,6.2934
3A,HOLLAND CL,exact,6.6833,6.6800,6.4268,6.3785
4,HOLLAND CL,exact,6.7612,6.7577,6.5235,6.4748
5,HOLLAND CL,exact,6.6845,6.6810,6.4481,6.3993
6,HOLLAND CL,exact,6.7631,6.7595,6.5416,6.4925
11,HOLLAND DR,exact,6.9709,6.9675,6.7246,6.6762
13,HOLLAND DR,exact,7.0719,7.0685,6.8256,6.7772
15,HOLLAND DR,none,,,,
16,HOLLAND DR,none,,,,
17,HOLLAND DR,none,,,,
18A,HOLLAND DR,exact,7.2831,7.2798,7.0182,6.9703
18B,HOLLAND DR,exact,7.3252,7.3218,7.0633,7.0154
18C,HOLLAND DR,exact,7.2640,7.2606,7.0111,6.9629
18D,HOLLAND DR,exact,7.1614,7.1580,6.9088,6.8606
19,HOLLAND DR,exact,7.3022,7.2989,7.0458,6.9977
20,HOLLAND DR,exact,7.2195,7.2161,6.9610,6.9130
21,HOLLAND DR,exact,7.2295,7.2262,6.9630,6.9152
40,HOLLAND DR,exact,6.9471,6.9433,6.7338,6.6846
41,HOLLAND DR,exact,6.9696,6.9659,6.7494,6.7003
42,HOLLAND DR,exact,7.0332,7.0295,6.8111,6.7621
43,HOLLAND DR,exact,7.0199,7.0162,6.8057,6.7565
45,HOLLAND DR,exact,7.0666,7.0630,6.8333,6.7846
46,HOLLAND DR,exact,7.0986,7.0951,6.8640,6.8153
47,HOLLAND DR,exact,7.1192,7.1156,6.8903,6.8415
101,HOUGANG AVE 1,exact,9.0807,9.0901,8.1140,8.1525
102,HOUGANG AVE 1,exact,9.0560,9.0653,8.0867,8.1250
103,HOUGANG AVE 1,exact,9.0605,9.0698,8.0879,8.1259
104,HOUGANG AVE 1,exact,9.0097,9.0190,8.0383,8.0764
106,HOUGANG AVE 1,exact,8.9240,8.9334,7.9576,7.9962
108,HOUGANG AVE 1,exact,8.8019,8.8113,7.8353,7.8739
109,HOUGANG AVE 1,exact,9.0133,9.0226,8.0359,8.0734
110,HOUGANG AVE 1,exact,8.9744,8.9838,7.9996,8.0374
111,HOUGANG AVE 1,exact,8.9372,8.9465,7.9568,7.9941
112,HOUGANG AVE 1,exact,8.8816,8.8910,7.9028,7.9402
113,HOUGANG AVE 1,exact,8.8055,8.8149,7.8297,7.8674
114,HOUGANG AVE 1,exact,8.7549,8.7642,7.7823,7.8203
115,HOUGANG AVE 1,exact,8.6833,8.6927,7.7057,7.7432
116,HOUGANG AVE 1,exact,8.7124,8.7217,7.7330,7.7704
117,HOUGANG AVE 1,exact,8.7808,8.7901,7.8021,7.8395
118,HOUGANG AVE 1,exact,8.7318,8.7411,7.7503,7.7875
119,HOUGANG AVE 1,exact,8.7992,8.8085,7.8176,7.8547
120,HOUGANG AVE 1,exact,8.8254,8.8347,7.8413,7.8782
121,HOUGANG AVE 1,exact,8.7436,8.7529,7.7584,7.7952
122,HOUGANG AVE 1,exact,8.6933,8.7025,7.7048,7.7412
123,HOUGANG AVE 1,exact,8.6623,8.6716,7.6752,7.7117
124,HOUGANG AVE 1,exact,8.6335,8.6427,7.6495,7.6864
125,HOUGANG AVE 1,exact,8.5774,8.5866,7.5939,7.6308
126,HOUGANG AVE 1,exact,8.5204,8.5297,7.5336,7.5702
127,HOUGANG AVE 1,exact,8.5872,8.5965,7.5985,7.6349
165,HOUGANG AVE 1,exact,8.4331,8.4425,7.4623,7.5006
166,HOUGANG AVE 1,exact,8.5444,8.5537,7.5729,7.6110
167,HOUGANG AVE 1,exact,8.6203,8.6297,7.6482,7.6863
168,HOUGANG AVE 1,exact,8.7106,8.7200,7.7431,7.7816
169,HOUGANG AVE 1,exact,8.6753,8.6847,7.7111,7.7499
170,HOUGANG AVE 1,exact,8.6328,8.6422,7.6662,7.7048
171,HOUGANG AVE 1,exact,8.5929,8.6023,7.6265,7.6652
172,HOUGANG AVE 1,exact,8.5568,8.5662,7.5939,7.6329
173,HOUGANG AVE 1,exact,8.4768,8.4862,7.5119,7.5507
174A,HOUGANG AVE 1,exact,8.4211,8.4305,7.4574,7.4964
174B,HOUGANG AVE 1,exact,8.4458,8.4553,7.4852,7.5244
230,HOUGANG AVE 1,exact,9.3150,9.3242,8.3242,8.3602
232,HOUGANG AVE 1,exact,9.2885,9.2978,8.2993,8.3356
234,HOUGANG AVE 1,exact,9.2664,9.2757,8.2792,8.3156
236,HOUGANG AVE 1,exact,9.2373,9.2466,8.2516,8.2883
238,HOUGANG AVE 1,exact,9.1715,9.1808,8.1876,8.2244
401,HOUGANG AVE 10,exact,11.3303,11.3396,10.3409,10.3769
402,HOUGANG AVE 10,exact,11.2753,11.2846,10.2856,10.3216
403,HOUGANG AVE 10,exact,11.2786,11.2879,10.2873,10.3231
404,HOUGANG AVE 10,exact,11.1730,11.1823,10.1813,10.2171
405,HOUGANG AVE 10,exact,11.2248,11.2341,10.2350,10.2709
406,HOUGANG AVE 10,exact,11.1705,11.1798,10.1805,10.2164
407,HOUGANG AVE 10,exact,11.0779,11.0872,10.0873,10.1232
408,HOUGANG AVE 10,exact,11.0792,11.0884,10.0867,10.1224
409,HOUGANG AVE 10,exact,11.1232,11.1325,10.1293,10.1648
410,HOUGANG AVE 10,exact,11.1216,11.1309,10.1258,10.1611
411,HOUGANG AVE 10,exact,11.1730,11.1822,10.1790,10.2145
412,HOUGANG AVE 10,exact,11.2367,11.2459,10.2418,10.2772
413,HOUGANG AVE 10,exact,11.2331,11.2423,10.2397,10.2753
414,HOUGANG AVE 10,exact,11.2872,11.2965,10.2942,10.3298
415,HOUGANG AVE 10,exact,11.3408,11.3500,10.3492,10.3849
416,HOUGANG AVE 10,exact,11.3794,11.3886,10.3859,10.4215
420,HOUGANG AVE 10,exact,11.3210,11.3302,10.3224,10.3573
421,HOUGANG AVE 10,exact,11.2783,11.2875,10.2800,10.3150
447,HOUGANG AVE 10,exact,11.6938,11.7030,10.6893,10.7234
448,HOUGANG AVE 10,exact,11.6688,11.6779,10.6659,10.7004
449,HOUGANG AVE 10,exact,11.6366,11.6458,10.6344,10.6689
450,HOUGANG AVE 10,exact,11.6931,11.7023,10.6920,10.7266
451,HOUGANG AVE 10,exact,11.6779,11.6871,10.6780,10.7128
452,HOUGANG AVE 10,exact,11.6944,11.7036,10.6961,10.7311
453,HOUGANG AVE 10,exact,11.6406,11.6498,10.6413,10.6761
454,HOUGANG AVE 10,exact,11.5858,11.5950,10.5854,10.6201
455,HOUGANG AVE 10,exact,11.5188,11.5280,10.5195,10.5544
456,HOUGANG AVE 10,exact,11.4859,11.4951,10.4870,10.5220
457,HOUGANG AVE 10,exact,11.4946,11.5038,10.4980,10.5332
458,HOUGANG AVE 10,exact,11.5869,11.5962,10.5900,10.6251
460,HOUGANG AVE 10,exact,11.0566,11.0659,10.0617,10.0972
461,HOUGANG AVE 10,exact,11.0040,11.0132,10.0100,10.0455
462,HOUGANG AVE 10,exact,10.9535,10.9627,9.9605,9.9961
463,HOUGANG AVE 10,exact,10.9825,10.9918,9.9905,10.0262
508,HOUGANG AVE 10,exact,10.5841,10.5931,9.5685,9.6013
509,HOUGANG AVE 10,exact,10.6569,10.6659,9.6420,9.6749
510,HOUGANG AVE 10,exact,10.7058,10.7149,9.6913,9.7242
511,HOUGANG AVE 10,exact,10.6660,10.6751,9.6531,9.6862
512,HOUGANG AVE 10,exact,10.5792,10.5883,9.5671,9.6004
513,HOUGANG AVE 10,exact,10.7062,10.7153,9.6964,9.7299
514,HOUGANG AVE 10,exact,10.6905,10.6996,9.6790,9.7123
515,HOUGANG AVE 10,exact,10.7123,10.7213,9.6999,9.7331
516,HOUGANG AVE 10,exact,10.7484,10.7575,9.7355,9.7687
517,HOUGANG AVE 10,exact,10.7846,10.7937,9.7739,9.8073
701,HOUGANG AVE 2,exact,10.0639,10.0731,9.0671,9.1024
702,HOUGANG AVE 2,exact,10.0688,10.0780,9.0696,9.1046
703,HOUGANG AVE 2,exact,10.0337,10.0429,9.0340,9.0689
704,HOUGANG AVE 2,exact,9.9687,9.9778,8.9697,9.0048
705,HOUGANG AVE 2,exact,9.9903,9.9995,8.9859,9.0203
706,HOUGANG AVE 2,exact,10.0394,10.0485,9.0358,9.0703
707,HOUGANG AVE 2,exact,10.0792,10.0883,9.0756,9.1101
708,HOUGANG AVE 2,exact,10.1342,10.1433,9.1310,9.1655
709,HOUGANG AVE 2,exact,10.1254,10.1345,9.1179,9.1519
710,HOUGANG AVE 2,exact,10.0772,10.0863,9.0698,9.1038
711,HOUGANG AVE 2,exact,10.0383,10.0474,9.0310,9.0649
712,HOUGANG AVE 2,exact,9.9745,9.9836,8.9665,9.0004
1,HOUGANG AVE 3,exact,10.0673,10.0766,9.0845,9.1213
15,HOUGANG AVE 3,exact,9.8667,9.8760,8.8827,8.9194
16,HOUGANG AVE 3,exact,9.8391,9.8483,8.8510,8.8873
17,HOUGANG AVE 3,exact,9.8966,9.9058,8.9069,8.9431
18,HOUGANG AVE 3,exact,9.9225,9.9318,8.9372,8.9738
19,HOUGANG AVE 3,exact,9.9735,9.9827,8.9865,9.0229
2,HOUGANG AVE 3,exact,9.9788,9.9881,8.9989,9.0361
20,HOUGANG AVE 3,exact,9.9244,9.9337,8.9330,8.9689
21,HOUGANG AVE 3,exact,10.0021,10.0114,9.0128,9.0490
22,HOUGANG AVE 3,exact,9.9566,9.9658,8.9632,8.9988
23,HOUGANG AVE 3,exact,10.0274,10.0366,9.0338,9.0695
24,HOUGANG AVE 3,exact,10.1583,10.1676,9.1687,9.2049
247,HOUGANG AVE 3,exact,9.5021,9.5114,8.5247,8.5621
248,HOUGANG AVE 3,exact,9.5781,9.5875,8.6050,8.6428
249,HOUGANG AVE 3,exact,9.5660,9.5753,8.5891,8.6267
250,HOUGANG AVE 3,exact,9.5314,9.5407,8.5519,8.5892
251,HOUGANG AVE 3,exact,9.5853,9.5946,8.6064,8.6437
252,HOUGANG AVE 3,exact,9.6624,9.6717,8.6878,8.7255
253,HOUGANG AVE 3,exact,9.6617,9.6710,8.6841,8.7216
254,HOUGANG AVE 3,exact,9.6107,9.6200,8.6301,8.6673
6,HOUGANG AVE 3,exact,9.9788,9.9882,9.0034,9.0410
7,HOUGANG AVE 3,exact,9.9162,9.9255,8.9397,8.9772
576,HOUGANG AVE 4,exact,11.2242,11.2331,10.1973,10.2282
577,HOUGANG AVE 4,exact,11.1973,11.2061,10.1662,10.1964
578,HOUGANG AVE 4,exact,11.2398,11.2486,10.2090,10.2392
579,HOUGANG AVE 4,exact,11.2788,11.2877,10.2499,10.2805
580,HOUGANG AVE 4,exact,11.2972,11.3060,10.2702,10.3011
601,HOUGANG AVE 4,exact,10.4547,10.4637,9.4386,9.4713
602,HOUGANG AVE 4,exact,10.5026,10.5116,9.4850,9.5175
603,HOUGANG AVE 4,exact,10.4794,10.4883,9.4582,9.4902
604,HOUGANG AVE 4,exact,10.4348,10.4438,9.4145,9.4466
605,HOUGANG AVE 4,exact,10.4577,10.4667,9.4392,9.4715
606,HOUGANG AVE 4,exact,10.4048,10.4138,9.3849,9.4171
607,HOUGANG AVE 4,exact,10.3698,10.3788,9.3512,9.3835
608,HOUGANG AVE 4,exact,10.4013,10.4103,9.3797,9.4115
661,HOUGANG AVE 4,exact,10.6323,10.6411,9.5997,9.6297
662,HOUGANG AVE 4,exact,10.6717,10.6805,9.6391,9.6690
665,HOUGANG AVE 4,exact,10.6929,10.7018,9.6646,9.6953
666,HOUGANG AVE 4,exact,10.6901,10.6990,9.6636,9.6946
667,HOUGANG AVE 4,exact,10.6458,10.6546,9.6162,9.6467
682,HOUGANG AVE 4,exact,10.7018,10.7107,9.6778,9.7092
919,HOUGANG AVE 4,exact,10.8878,10.8966,9.8568,9.8870
301,HOUGANG AVE 5,exact,10.4764,10.4856,9.4893,9.5257
302,HOUGANG AVE 5,exact,10.5817,10.5910,9.5957,9.6322
303,HOUGANG AVE 5,exact,10.5340,10.5433,9.5497,9.5863
304,HOUGANG AVE 5,exact,10.5577,10.5670,9.5770,9.6140
305,HOUGANG AVE 5,exact,10.4494,10.4587,9.4670,9.5038
306,HOUGANG AVE 5,exact,10.4980,10.5073,9.5184,9.5556
307,HOUGANG AVE 5,exact,10.4199,10.4292,9.4396,9.4766
308,HOUGANG AVE 5,exact,10.4734,10.4827,9.4957,9.5330
309,HOUGANG AVE 5,exact,10.3826,10.3919,9.4039,9.4411
310,HOUGANG AVE 5,exact,10.4504,10.4597,9.4757,9.5133
311,HOUGANG AVE 5,exact,10.3142,10.3235,9.3354,9.3727
312,HOUGANG AVE 5,exact,10.2625,10.2718,9.2817,9.3188
313,HOUGANG AVE 5,exact,10.2657,10.2750,9.2877,9.3250
314,HOUGANG AVE 5,exact,10.1925,10.2018,9.2132,9.2504
315,HOUGANG AVE 5,exact,10.2426,10.2520,9.2663,9.3037
318,HOUGANG AVE 5,exact,10.3844,10.3938,9.4113,9.4490
319,HOUGANG AVE 5,exact,10.4135,10.4229,9.4420,9.4799
320,HOUGANG AVE 5,exact,10.5424,10.5518,9.5754,9.6138
321,HOUGANG AVE 5,exact,10.6365,10.6459,9.6685,9.7068
322,HOUGANG AVE 5,exact,10.5663,10.5756,9.5929,9.6307
323,HOUGANG AVE 5,exact,10.6228,10.6322,9.6525,9.6905
324,HOUGANG AVE 5,exact,10.6293,10.6387,9.6568,9.6946
327,HOUGANG AVE 5,exact,10.6326,10.6419,9.6525,9.6896
328,HOUGANG AVE 5,exact,10.7176,10.7270,9.7398,9.7771
332,HOUGANG AVE 5,exact,10.7387,10.7481,9.7657,9.8035
333,HOUGANG AVE 5,exact,10.7800,10.7893,9.8092,9.8472
334,HOUGANG AVE 5,exact,10.7904,10.7997,9.8169,9.8546
358,HOUGANG AVE 5,exact,10.6649,10.6743,9.6822,9.7190
359,HOUGANG AVE 5,exact,10.6776,10.6869,9.6929,9.7295
360,HOUGANG AVE 5,exact,10.7207,10.7300,9.7365,9.7732
361,HOUGANG AVE 5,exact,10.7238,10.7331,9.7417,9.7785
362,HOUGANG AVE 5,exact,10.8040,10.8133,9.8206,9.8573
363,HOUGANG AVE 5,exact,10.8105,10.8198,9.8286,9.8654
422,HOUGANG AVE 6,exact,11.1807,11.1899,10.1812,10.2161
423,HOUGANG AVE 6,exact,11.1077,11.1168,10.1091,10.1441
424,HOUGANG AVE 6,exact,11.0525,11.0617,10.0528,10.0876
425,HOUGANG AVE 6,exact,11.0236,11.0328,10.0248,10.0598
426,HOUGANG AVE 6,exact,11.0222,11.0314,10.0214,10.0561
427,HOUGANG AVE 6,exact,11.1054,11.1146,10.1032,10.1377
428,HOUGANG AVE 6,exact,11.1659,11.1751,10.1634,10.1979
429,HOUGANG AVE 6,exact,11.2331,11.2423,10.2315,10.2661
430,HOUGANG AVE 6,exact,11.1992,11.2084,10.1962,10.2306
431,HOUGANG AVE 6,exact,11.2237,11.2329,10.2197,10.2540
432,HOUGANG AVE 6,exact,11.2870,11.2961,10.2821,10.3163
520,HOUGANG AVE 6,exact,10.8295,10.8386,9.8194,9.8530
521,HOUGANG AVE 6,exact,10.9002,10.9093,9.8927,9.9265
522,HOUGANG AVE 6,exact,10.9427,10.9518,9.9380,9.9723
523,HOUGANG AVE 6,exact,10.9210,10.9301,9.9121,9.9457
524,HOUGANG AVE 6,exact,10.9576,10.9666,9.9481,9.9817
525,HOUGANG AVE 6,exact,11.0627,11.0718,10.0543,10.0880
526,HOUGANG AVE 6,exact,10.9847,10.9938,9.9743,10.0078
527,HOUGANG AVE 6,exact,11.0238,11.0329,10.0131,10.0465
528,HOUGANG AVE 6,exact,11.0645,11.0736,10.0536,10.0870
529,HOUGANG AVE 6,exact,11.1004,11.1095,10.0890,10.1224
530,HOUGANG AVE 6,exact,11.0431,11.0521,10.0302,10.0633
531,HOUGANG AVE 6,exact,11.1105,11.1196,10.0974,10.1305
532,HOUGANG AVE 6,exact,11.1790,11.1881,10.1680,10.2014
533,HOUGANG AVE 6,exact,11.1887,11.1978,10.1805,10.2142
316,HOUGANG AVE 7,exact,10.3506,10.3600,9.3816,9.4198
317,HOUGANG AVE 7,exact,10.3629,10.3723,9.3917,9.4296
325,HOUGANG AVE 7,exact,10.7166,10.7260,9.7499,9.7882
326,HOUGANG AVE 7,exact,10.7460,10.7554,9.7767,9.8148
335,HOUGANG AVE 7,exact,10.8397,10.8491,9.8690,9.9070
336,HOUGANG AVE 7,exact,10.8546,10.8639,9.8816,9.9194
337,HOUGANG AVE 7,exact,10.8906,10.9000,9.9167,9.9544
338,HOUGANG AVE 7,exact,10.9239,10.9333,9.9519,9.9897
339,HOUGANG AVE 7,exact,10.9368,10.9462,9.9631,10.0008
340,HOUGANG AVE 7,exact,10.9099,10.9193,9.9331,9.9705
341,HOUGANG AVE 7,exact,10.9787,10.9880,10.0041,10.0417
351,HOUGANG AVE 7,exact,11.1270,11.1364,10.1512,10.1886
352,HOUGANG AVE 7,exact,11.1680,11.1774,10.1918,10.2292
353,HOUGANG AVE 7,exact,11.1938,11.2031,10.2190,10.2566
354,HOUGANG AVE 7,exact,11.2153,11.2247,10.2397,10.2772
355,HOUGANG AVE 7,exact,11.1004,11.1097,10.1214,10.1585
356,HOUGANG AVE 7,exact,11.2008,11.2101,10.2224,10.2596
357,HOUGANG AVE 7,exact,11.2707,11.2801,10.2950,10.3324
417,HOUGANG AVE 8,exact,11.3886,11.3978,10.3890,10.4239
418,HOUGANG AVE 8,exact,11.3677,11.3769,10.3709,10.4060
419,HOUGANG AVE 8,exact,11.3541,11.3633,10.3550,10.3899
433,HOUGANG AVE 8,exact,11.3081,11.3172,10.3056,10.3401
434,HOUGANG AVE 8,exact,11.3416,11.3507,10.3386,10.3730
435,HOUGANG AVE 8,exact,11.4385,11.4476,10.4332,10.4673
436,HOUGANG AVE 8,exact,11.4173,11.4264,10.4133,10.4475
437,HOUGANG AVE 8,exact,11.3908,11.3999,10.3850,10.4190
438,HOUGANG AVE 8,exact,11.4705,11.4796,10.4630,10.4968
439,HOUGANG AVE 8,exact,11.5391,11.5483,10.5318,10.5656
440,HOUGANG AVE 8,exact,11.5981,11.6072,10.5903,10.6240
441,HOUGANG AVE 8,exact,11.5476,11.5568,10.5420,10.5761
442,HOUGANG AVE 8,exact,11.5938,11.6029,10.5847,10.6183
443,HOUGANG AVE 8,exact,11.6189,11.6280,10.6096,10.6431
444,HOUGANG AVE 8,exact,11.6487,11.6578,10.6413,10.6751
445,HOUGANG AVE 8,exact,11.6311,11.6402,10.6256,10.6597
446,HOUGANG AVE 8,exact,11.5989,11.6081,10.5939,10.6281
466,HOUGANG AVE 8,exact,11.1004,11.1097,10.1155,10.1520
467,HOUGANG AVE 8,exact,11.1477,11.1570,10.1611,10.1975
468,HOUGANG AVE 8,exact,11.2310,11.2402,10.2444,10.2808
501,HOUGANG AVE 8,exact,10.5712,10.5801,9.5514,9.5835
502,HOUGANG AVE 8,exact,10.6644,10.6734,9.6448,9.6769
503,HOUGANG AVE 8,exact,10.7573,10.7662,9.7385,9.7707
504,HOUGANG AVE 8,exact,10.7426,10.7517,9.7260,9.7586
505,HOUGANG AVE 8,exact,10.7216,10.7306,9.7040,9.7364
506,HOUGANG AVE 8,exact,10.6898,10.6988,9.6724,9.7049
507,HOUGANG AVE 8,exact,10.6525,10.6616,9.6356,9.6682
540,HOUGANG AVE 8,exact,11.3646,11.3736,10.3517,10.3848
541,HOUGANG AVE 8,exact,11.3279,11.3369,10.3155,10.3486
542,HOUGANG AVE 8,exact,11.2966,11.3057,10.2864,10.3198
543,HOUGANG AVE 8,exact,11.4013,11.4104,10.3906,10.4240
544,HOUGANG AVE 8,exact,11.4562,11.4653,10.4444,10.4776
545,HOUGANG AVE 8,exact,11.4166,11.4256,10.4046,10.4378
609,HOUGANG AVE 8,exact,10.3432,10.3521,9.3225,9.3546
610,HOUGANG AVE 8,exact,10.3339,10.3429,9.3120,9.3438
611,HOUGANG AVE 8,exact,10.2833,10.2922,9.2606,9.2923
612,HOUGANG AVE 8,exact,10.2450,10.2540,9.2249,9.2570
613,HOUGANG AVE 8,exact,10.2348,10.2437,9.2129,9.2447
614,HOUGANG AVE 8,exact,10.1951,10.2041,9.1734,9.2052
615,HOUGANG AVE 8,exact,10.1504,10.1594,9.1301,9.1621
616,HOUGANG AVE 8,exact,10.1236,10.1325,9.0987,9.1300
617,HOUGANG AVE 8,exact,10.1768,10.1857,9.1522,9.1836
618,HOUGANG AVE 8,exact,10.2151,10.2240,9.1911,9.2226
619,HOUGANG AVE 8,exact,10.2291,10.2380,9.2035,9.2347
620,HOUGANG AVE 8,exact,10.2704,10.2793,9.2452,9.2765
621,HOUGANG AVE 8,exact,10.2167,10.2256,9.1895,9.2204
622,HOUGANG AVE 8,exact,10.2174,10.2263,9.1890,9.2197
623,HOUGANG AVE 8,exact,10.2462,10.2550,9.2158,9.2462
624,HOUGANG AVE 8,exact,10.2072,10.2161,9.1770,9.2073
625,HOUGANG AVE 8,exact,10.1784,10.1872,9.1467,9.1768
626,HOUGANG AVE 8,exact,10.1686,10.1774,9.1386,9.1691
627,HOUGANG AVE 8,exact,10.0941,10.1029,9.0638,9.0942
628,HOUGANG AVE 8,exact,10.0799,10.0887,9.0455,9.0751
629,HOUGANG AVE 8,exact,10.1467,10.1555,9.1139,9.1438
630,HOUGANG AVE 8,exact,10.1760,10.1848,9.1425,9.1722
631,HOUGANG AVE 8,exact,10.2351,10.2439,9.2024,9.2323
632,HOUGANG AVE 8,exact,10.1889,10.1976,9.1538,9.1832
633,HOUGANG AVE 8,exact,10.0662,10.0749,9.0285,9.0574
634,HOUGANG AVE 8,exact,10.0627,10.0714,9.0227,9.0511
635,HOUGANG AVE 8,exact,10.1002,10.1089,9.0617,9.0904
636,HOUGANG AVE 8,exact,10.1458,10.1545,9.1071,9.1358
637,HOUGANG AVE 8,exact,10.1859,10.1946,9.1471,9.1758
638,HOUGANG AVE 8,exact,10.1541,10.1628,9.1140,9.1424
639,HOUGANG AVE 8,exact,10.1553,10.1640,9.1182,9.1472
640,HOUGANG AVE 8,exact,10.2394,10.2481,9.2015,9.2304
641,HOUGANG AVE 8,exact,10.2450,10.2537,9.2079,9.2370
642,HOUGANG AVE 8,exact,10.2859,10.2946,9.2482,9.2771
643,HOUGANG AVE 8,exact,10.2930,10.3017,9.2571,9.2864
644,HOUGANG AVE 8,exact,10.3043,10.3131,9.2702,9.2998
645,HOUGANG AVE 8,exact,10.3453,10.3540,9.3113,9.3410
646,HOUGANG AVE 8,exact,10.3283,10.3370,9.2924,9.3217
647,HOUGANG AVE 8,exact,10.3296,10.3383,9.2927,9.3218
648,HOUGANG AVE 8,exact,10.3259,10.3346,9.2874,9.3162
649,HOUGANG AVE 8,exact,10.3765,10.3852,9.3396,9.3687
650,HOUGANG AVE 8,exact,10.3784,10.3872,9.3437,9.3732
651,HOUGANG AVE 8,exact,10.4151,10.4239,9.3796,9.4090
652,HOUGANG AVE 8,exact,10.4186,10.4273,9.3844,9.4140
653,HOUGANG AVE 8,exact,10.4508,10.4595,9.4153,9.4447
654,HOUGANG AVE 8,exact,10.4592,10.4680,9.4252,9.4548
655,HOUGANG AVE 8,exact,10.4980,10.5067,9.4641,9.4938
656,HOUGANG AVE 8,exact,10.5094,10.5182,9.4748,9.5043
657,HOUGANG AVE 8,exact,10.5806,10.5894,9.5459,9.5754
658,HOUGANG AVE 8,exact,10.5492,10.5580,9.5162,9.5461
659,HOUGANG AVE 8,exact,10.5686,10.5774,9.5378,9.5681
660,HOUGANG AVE 8,exact,10.5955,10.6043,9.5635,9.5935
668,HOUGANG AVE 8,exact,10.6038,10.6126,9.5739,9.6043
669,HOUGANG AVE 8,exact,10.6119,10.6207,9.5835,9.6142
670,HOUGANG AVE 8,exact,10.6020,10.6109,9.5758,9.6069
671,HOUGANG AVE 8,exact,10.5690,10.5779,9.5401,9.5707
672,HOUGANG AVE 8,exact,10.5258,10.5347,9.4981,9.5289
673,HOUGANG AVE 8,exact,10.5514,10.5603,9.5260,9.5572
674,HOUGANG AVE 8,exact,10.5081,10.5170,9.4825,9.5137
675,HOUGANG AVE 8,exact,10.4675,10.4764,9.4414,9.4726
676,HOUGANG AVE 8,exact,10.4252,10.4341,9.3991,9.4303
677,HOUGANG AVE 8,exact,10.3866,10.3955,9.3613,9.3926
678,HOUGANG AVE 8,exact,10.3534,10.3623,9.3282,9.3594
679,HOUGANG AVE 8,exact,10.4382,10.4471,9.4137,9.4451
680,HOUGANG AVE 8,exact,10.5115,10.5205,9.4882,9.5198
681,HOUGANG AVE 8,exact,10.6326,10.6415,9.6091,9.6406
683,HOUGANG AVE 8,exact,10.6949,10.7038,9.6730,9.7048
684,HOUGANG AVE 8,exact,10.7832,10.7922,9.7622,9.7941
916,HOUGANG AVE 9,exact,10.7805,10.7894,9.7511,9.7815
917,HOUGANG AVE 9,exact,10.7589,10.7677,9.7272,9.7573
918,HOUGANG AVE 9,exact,10.8220,10.8308,9.7898,9.8198
923,HOUGANG AVE 9,exact,10.8567,10.8655,9.8225,9.8521
924,HOUGANG AVE 9,exact,10.8477,10.8564,9.8115,9.8407
932A,HOUGANG AVE 9,exact,10.7252,10.7339,9.6889,9.7181
932B,HOUGANG AVE 9,exact,10.7276,10.7364,9.6926,9.7221
933A,HOUGANG AVE 9,exact,10.7870,10.7958,9.7510,9.7803
951,HOUGANG AVE 9,exact,10.6568,10.6654,9.6122,9.6395
952,HOUGANG AVE 9,exact,10.5966,10.6051,9.5513,9.5784
953,HOUGANG AVE 9,exact,10.6685,10.6771,9.6224,9.6493
954,HOUGANG AVE 9,exact,10.7648,10.7733,9.7194,9.7464
955,HOUGANG AVE 9,exact,10.7024,10.7110,9.6576,9.6848
960,HOUGANG AVE 9,exact,10.8126,10.8212,9.7677,9.7950
961,HOUGANG AVE 9,exact,10.8876,10.8962,9.8428,9.8699
962,HOUGANG AVE 9,exact,10.8781,10.8867,9.8327,9.8597
963,HOUGANG AVE 9,exact,10.7928,10.8013,9.7467,9.7736
964,HOUGANG AVE 9,exact,10.7894,10.7979,9.7426,9.7693
965,HOUGANG AVE 9,exact,10.9503,10.9588,9.9029,9.9294
966,HOUGANG AVE 9,exact,10.9227,10.9313,9.8770,9.9040
967,HOUGANG AVE 9,exact,10.9329,10.9415,9.8877,9.9149
968,HOUGANG AVE 9,exact,10.9860,10.9945,9.9403,9.9672
804,HOUGANG CTRL,exact,10.8380,10.8473,9.8464,9.8823
806,HOUGANG CTRL,exact,10.8125,10.8217,9.8197,9.8553
809,HOUGANG CTRL,exact,10.8033,10.8125,9.8087,9.8441
811,HOUGANG CTRL,exact,10.8768,10.8860,9.8814,9.9168
830,HOUGANG CTRL,exact,10.6018,10.6109,9.5962,9.6303
831,HOUGANG CTRL,exact,10.6415,10.6506,9.6336,9.6674
832,HOUGANG CTRL,exact,10.5661,10.5753,9.5589,9.5928
833,HOUGANG CTRL,exact,10.5844,10.5935,9.5764,9.6102
834,HOUGANG CTRL,exact,10.4921,10.5012,9.4862,9.5204
835,HOUGANG CTRL,exact,10.5477,10.5568,9.5416,9.5756
836,HOUGANG CTRL,exact,10.5556,10.5647,9.5527,9.5872
837,HOUGANG CTRL,exact,10.5116,10.5208,9.5126,9.5476
838,HOUGANG CTRL,exact,10.5635,10.5726,9.5631,9.5979
850,HOUGANG CTRL,exact,10.6437,10.6529,9.6510,9.6867
851,HOUGANG CTRL,exact,10.6985,10.7077,9.7056,9.7413
852,HOUGANG CTRL,exact,10.6581,10.6674,9.6667,9.7025
853,HOUGANG CTRL,exact,10.6320,10.6413,9.6425,9.6786
154,HOUGANG ST 11,exact,8.2605,8.2695,7.2485,7.2820
155,HOUGANG ST 11,exact,8.3118,8.3209,7.2994,7.3329
156,HOUGANG ST 11,exact,8.2691,8.2782,7.2541,7.2872
157,HOUGANG ST 11,exact,8.3239,8.3329,7.3084,7.3414
158,HOUGANG ST 11,exact,8.2165,8.2255,7.2069,7.2407
159,HOUGANG ST 11,exact,8.1550,8.1640,7.1416,7.1749
160,HOUGANG ST 11,exact,8.1960,8.2050,7.1797,7.2126
161,HOUGANG ST 11,exact,8.2333,8.2423,7.2146,7.2471
201,HOUGANG ST 21,exact,8.9844,8.9934,7.9763,8.0102
210,HOUGANG ST 21,exact,9.2818,9.2909,8.2827,8.3178
211,HOUGANG ST 21,exact,9.3568,9.3661,8.3618,8.3974
220,HOUGANG ST 21,exact,8.9356,8.9447,7.9326,7.9673
221,HOUGANG ST 21,exact,8.8630,8.8721,7.8571,7.8914
222,HOUGANG ST 21,exact,8.8388,8.8479,7.8337,7.8681
231,HOUGANG ST 21,exact,9.2163,9.2256,8.2253,8.2614
233,HOUGANG ST 21,exact,9.1912,9.2005,8.2014,8.2376
235,HOUGANG ST 21,exact,9.1510,9.1603,8.1652,8.2019
237,HOUGANG ST 21,exact,9.1141,9.1234,8.1309,8.1679
239,HOUGANG ST 22,exact,9.1343,9.1436,8.1604,8.1982
240,HOUGANG ST 22,exact,9.1874,9.1968,8.2131,8.2509
241,HOUGANG ST 22,exact,9.2592,9.2686,8.2904,8.3287
242,HOUGANG ST 22,exact,9.3625,9.3719,8.3927,8.4310
243,HOUGANG ST 22,exact,9.3622,9.3716,8.3896,8.4275
244,HOUGANG ST 22,exact,9.4173,9.4267,8.4447,8.4826
245,HOUGANG ST 22,exact,9.4385,9.4478,8.4639,8.5017
246,HOUGANG ST 22,exact,9.4592,9.4685,8.4825,8.5200
370,HOUGANG ST 31,exact,9.8670,9.8762,8.8709,8.9063
371,HOUGANG ST 31,exact,9.8682,9.8774,8.8744,8.9101
372,HOUGANG ST 31,exact,9.8270,9.8363,8.8362,8.8722
373,HOUGANG ST 31,exact,9.7927,9.8019,8.8023,8.8383
374,HOUGANG ST 31,exact,9.7839,9.7931,8.7908,8.8265
375,HOUGANG ST 31,exact,9.7996,9.8089,8.8048,8.8404
376A,HOUGANG ST 32,exact,10.0308,10.0402,9.0519,9.0892
376B,HOUGANG ST 32,exact,10.1228,10.1321,9.1444,9.1817
376C,HOUGANG ST 32,exact,10.0955,10.1048,9.1156,9.1528
377A,HOUGANG ST 32,exact,10.0450,10.0543,9.0718,9.1096
377B,HOUGANG ST 32,exact,9.9697,9.9791,8.9989,9.0369
546,HOUGANG ST 51,exact,11.4991,11.5081,10.4862,10.5193
547,HOUGANG ST 51,exact,11.5555,11.5645,10.5428,10.5759
548,HOUGANG ST 51,exact,11.5490,11.5580,10.5342,10.5670
549,HOUGANG ST 51,exact,11.3968,11.4059,10.3834,10.4165
550,HOUGANG ST 51,exact,11.3746,11.3836,10.3595,10.3923
551,HOUGANG ST 51,exact,11.4095,11.4185,10.3941,10.4268
552,HOUGANG ST 51,exact,11.4271,11.4361,10.4103,10.4428
553,HOUGANG ST 51,exact,11.4608,11.4698,10.4436,10.4760
554,HOUGANG ST 51,exact,11.3920,11.4010,10.3732,10.4054
555,HOUGANG ST 51,exact,11.4817,11.4907,10.4627,10.4948
556,HOUGANG ST 51,exact,11.5160,11.5250,10.4976,10.5298
557,HOUGANG ST 51,exact,11.5479,11.5569,10.5299,10.5622
558,HOUGANG ST 51,exact,11.5761,11.5851,10.5555,10.5875
559,HOUGANG ST 51,exact,11.5170,11.5259,10.4962,10.5281
560,HOUGANG ST 51,exact,11.5426,11.5515,10.5212,10.5530
561,HOUGANG ST 51,exact,11.5409,11.5499,10.5189,10.5506
562,HOUGANG ST 51,exact,11.5955,11.6044,10.5727,10.6043
563,HOUGANG ST 51,exact,11.4732,11.4821,10.4502,10.4818
564,HOUGANG ST 51,exact,11.4991,11.5080,10.4755,10.5070
565,HOUGANG ST 51,exact,11.5061,11.5150,10.4806,10.5118
566,HOUGANG ST 51,exact,11.6035,11.6124,10.5785,10.6097
567,HOUGANG ST 51,exact,11.3381,11.3471,10.3177,10.3497
568,HOUGANG ST 51,exact,11.2962,11.3051,10.2762,10.3083
569,HOUGANG ST 51,exact,11.1962,11.2051,10.1747,10.2065
570,HOUGANG ST 51,exact,11.2516,11.2606,10.2297,10.2614
571,HOUGANG ST 51,exact,11.2923,11.3012,10.2692,10.3008
572,HOUGANG ST 51,exact,11.2540,11.2629,10.2296,10.2610
573,HOUGANG ST 51,exact,11.1826,11.1915,10.1592,10.1908
574,HOUGANG ST 51,exact,11.1488,11.1577,10.1238,10.1550
575,HOUGANG ST 51,exact,11.1995,11.2084,10.1741,10.2053
534,HOUGANG ST 52,exact,11.2627,11.2717,10.2483,10.2812
535,HOUGANG ST 52,exact,11.1742,11.1833,10.1597,10.1926
536,HOUGANG ST 52,exact,11.2216,11.2306,10.2042,10.2366
537,HOUGANG ST 52,exact,11.2977,11.3067,10.2802,10.3127
538,HOUGANG ST 52,exact,11.3241,11.3332,10.3084,10.3411
539,HOUGANG ST 52,exact,11.2920,11.3010,10.2768,10.3096
698C,HOUGANG ST 52,exact,10.9698,10.9787,9.9509,9.9832
698D,HOUGANG ST 52,exact,11.0325,11.0415,10.0148,10.0472
699,HOUGANG ST 52,exact,11.0806,11.0896,10.0639,10.0965
699A,HOUGANG ST 52,exact,11.1753,11.1843,10.1564,10.1886
699B,HOUGANG ST 52,exact,11.1234,11.1323,10.1030,10.1350
699C,HOUGANG ST 52,exact,11.1066,11.1156,10.0873,10.1195
685,HOUGANG ST 61,exact,10.8750,10.8840,9.8500,9.8813
686,HOUGANG ST 61,exact,10.9101,10.9190,9.8828,9.9137
687,HOUGANG ST 61,exact,10.9472,10.9561,9.9185,9.9491
688,HOUGANG ST 61,exact,10.9588,10.9677,9.9315,9.9623
689,HOUGANG ST 61,exact,11.0018,11.0107,9.9747,10.0056
690,HOUGANG ST 61,exact,11.0448,11.0537,10.0171,10.0479
691,HOUGANG ST 61,exact,11.0548,11.0637,10.0295,10.0607
692,HOUGANG ST 61,exact,11.0570,11.0659,10.0325,10.0638
693,HOUGANG ST 61,exact,11.0930,11.1019,10.0705,10.1022
694,HOUGANG ST 61,exact,11.0435,11.0524,10.0229,10.0549
695,HOUGANG ST 61,exact,11.0506,11.0595,10.0284,10.0601
696,HOUGANG ST 61,exact,11.0122,11.0212,9.9903,10.0221
697,HOUGANG ST 61,exact,10.9704,10.9794,9.9491,9.9810
698,HOUGANG ST 61,exact,10.8980,10.9069,9.8756,9.9073
698A,HOUGANG ST 61,exact,10.9103,10.9193,9.8893,9.9212
698B,HOUGANG ST 61,exact,10.9041,10.9131,9.8844,9.9165
909,HOUGANG ST 91,exact,11.0998,11.1085,10.0636,10.0927
910,HOUGANG ST 91,exact,11.1452,11.1540,10.1086,10.1376
911,HOUGANG ST 91,exact,11.1868,11.1956,10.1525,10.1821
912,HOUGANG ST 91,exact,11.1458,11.1545,10.1122,10.1419
913,HOUGANG ST 91,exact,11.1017,11.1105,10.0686,10.0984
914,HOUGANG ST 91,exact,11.0448,11.0536,10.0121,10.0420
915,HOUGANG ST 91,exact,11.0363,11.0451,10.0032,10.0329
920,HOUGANG ST 91,exact,10.9727,10.9815,9.9409,9.9709
921,HOUGANG ST 91,exact,10.9289,10.9378,9.8975,9.9277
922,HOUGANG ST 91,exact,10.9047,10.9135,9.8719,9.9017
925,HOUGANG ST 91,exact,10.9034,10.9121,9.8677,9.8970
926,HOUGANG ST 91,exact,10.7856,10.7943,9.7468,9.7754
927,HOUGANG ST 91,exact,10.8346,10.8432,9.7949,9.8233
928,HOUGANG ST 91,exact,10.8643,10.8730,9.8264,9.8552
929,HOUGANG ST 91,exact,10.7974,10.8061,9.7599,9.7888
930,HOUGANG ST 91,exact,10.7318,10.7405,9.6942,9.7231
931,HOUGANG ST 91,exact,10.7154,10.7241,9.6762,9.7047
950,HOUGANG ST 91,exact,10.6603,10.6689,9.6169,9.6445
956,HOUGANG ST 91,exact,10.7718,10.7804,9.7279,9.7554
957,HOUGANG ST 91,exact,10.7909,10.7995,9.7482,9.7759
958,HOUGANG ST 91,exact,10.8042,10.8128,9.7624,9.7903
959,HOUGANG ST 91,exact,10.8214,10.8300,9.7781,9.8057
969,HOUGANG ST 91,exact,11.0211,11.0297,9.9773,10.0047
970,HOUGANG ST 91,exact,11.0555,11.0641,10.0137,10.0416
971,HOUGANG ST 91,exact,10.9710,10.9796,9.9279,9.9555
972,HOUGANG ST 91,exact,10.9612,10.9698,9.9176,9.9451
973,HOUGANG ST 91,exact,10.9265,10.9351,9.8838,9.9115
974,HOUGANG ST 91,exact,10.9160,10.9246,9.8727,9.9002
975,HOUGANG ST 91,exact,10.8565,10.8651,9.8141,9.8419
976,HOUGANG ST 91,exact,10.8823,10.8910,9.8412,9.8693
936,HOUGANG ST 92,exact,10.5877,10.5964,9.5476,9.5759
937,HOUGANG ST 92,exact,10.5872,10.5958,9.5456,9.5736
938,HOUGANG ST 92,exact,10.5512,10.5598,9.5108,9.5391
939,HOUGANG ST 92,exact,10.5167,10.5254,9.4766,9.5050
940,HOUGANG ST 92,exact,10.4691,10.4778,9.4295,9.4580
941,HOUGANG ST 92,exact,10.4579,10.4666,9.4169,9.4451
942,HOUGANG ST 92,exact,10.4697,10.4784,9.4318,9.4607
943,HOUGANG ST 92,exact,10.5366,10.5453,9.4986,9.5274
944,HOUGANG ST 92,exact,10.5766,10.5853,9.5379,9.5666
945,HOUGANG ST 92,exact,10.5891,10.5978,9.5519,9.5809
946,HOUGANG ST 92,exact,10.6419,10.6506,9.6048,9.6339
28,HOY FATT RD,exact,4.6030,4.5967,4.7588,4.7042
49,HOY FATT RD,exact,4.4334,4.4273,4.5719,4.5173
50,HOY FATT RD,exact,4.4679,4.4619,4.5962,4.5417
142,HU CHING RD,none,,,,
145,HU CHING RD,none,,,,
77,INDUS RD,exact,2.8622,2.8576,2.8636,2.8094
78,INDUS RD,exact,2.7918,2.7874,2.7833,2.7292
501,JELAPANG RD,exact,14.5007,14.5016,13.7906,13.7625
502,JELAPANG RD,exact,14.5690,14.5699,13.8575,13.8295
503,JELAPANG RD,exact,14.6313,14.6322,13.9194,13.8914
504,JELAPANG RD,exact,14.6424,14.6433,13.9259,13.8981
505,JELAPANG RD,exact,14.5727,14.5737,13.8536,13.8259
506,JELAPANG RD,exact,14.7564,14.7575,14.0254,13.9985
507,JELAPANG RD,exact,14.7235,14.7246,13.9949,13.9679
508,JELAPANG RD,exact,14.6472,14.6483,13.9157,13.8888
509,JELAPANG RD,exact,14.6584,14.6596,13.9249,13.8982
510,JELAPANG RD,exact,14.7447,14.7459,14.0077,13.9813
511,JELAPANG RD,exact,14.8019,14.8030,14.0665,14.0399
512,JELAPANG RD,exact,14.7729,14.7740,14.0401,14.0134
513,JELAPANG RD,exact,14.8726,14.8737,14.1395,14.1128
514,JELAPANG RD,exact,14.8556,14.8567,14.1259,14.0989
515,JELAPANG RD,exact,14.9175,14.9186,14.1859,14.1591
516,JELAPANG RD,exact,14.8594,14.8604,14.1320,14.1050
517,JELAPANG RD,exact,14.9418,14.9429,14.2134,14.1864
518,JELAPANG RD,exact,14.8401,14.8412,14.1146,14.0874
519,JELAPANG RD,exact,14.9457,14.9468,14.2203,14.1931
520,JELAPANG RD,exact,14.8210,14.8220,14.0995,14.0721
521,JELAPANG RD,exact,14.9335,14.9345,14.2109,14.1835
522,JELAPANG RD,exact,14.8332,14.8342,14.1138,14.0862
523,JELAPANG RD,exact,14.9216,14.9226,14.2018,14.1743
524,JELAPANG RD,exact,14.8383,14.8393,14.1211,14.0934
525,JELAPANG RD,exact,14.9099,14.9108,14.1929,14.1652
526,JELAPANG RD,exact,14.8268,14.8277,14.1153,14.0872
527,JELAPANG RD,exact,14.8983,14.8992,14.1842,14.1563
528,JELAPANG RD,exact,14.7416,14.7424,14.0309,14.0028
529,JELAPANG RD,exact,14.9097,14.9106,14.1990,14.1709
530,JELAPANG RD,exact,14.7601,14.7609,14.0513,14.0230
531,JELAPANG RD,exact,14.9054,14.9062,14.1979,14.1696
532,JELAPANG RD,exact,14.8374,14.8383,14.1306,14.1023
534,JELAPANG RD,exact,14.8116,14.8124,14.1088,14.0802
536,JELAPANG RD,exact,14.8277,14.8284,14.1278,14.0990
538,JELAPANG RD,exact,14.8039,14.8046,14.1057,14.0769
540,JELAPANG RD,exact,14.7645,14.7652,14.0690,14.0400
542,JELAPANG RD,exact,14.7086,14.7093,14.0131,13.9841
543,JELAPANG RD,exact,14.6630,14.6636,13.9690,13.9399
544,JELAPANG RD,exact,14.6289,14.6295,13.9369,13.9077
181,JELEBU RD,exact,14.4742,14.4746,13.7993,13.7690
182,JELEBU RD,exact,14.4911,14.4916,13.8117,13.7817
183,JELEBU RD,exact,14.5281,14.5285,13.8498,13.8197
184,JELEBU RD,exact,14.5532,14.5537,13.8788,13.8486
185,JELEBU RD,exact,14.5351,14.5355,13.8630,13.8326
813,JELLICOE RD,exact,2.8804,2.8895,1.9002,1.9405
815,JELLICOE RD,exact,2.8251,2.8342,1.8417,1.8817
816,JELLICOE RD,exact,2.8066,2.8157,1.8150,1.8542
27,JLN BAHAGIA,exact,4.7803,4.7883,3.7208,3.7432
28,JLN BAHAGIA,exact,4.7502,4.7583,3.6905,3.7127
29,JLN BAHAGIA,exact,4.6958,4.7038,3.6365,3.6591
30,JLN BAHAGIA,exact,4.7332,4.7411,3.6722,3.6933
32,JLN BAHAGIA,exact,4.7759,4.7839,3.7148,3.7358
33,JLN BAHAGIA,exact,4.8346,4.8426,3.7739,3.7953
34,JLN BAHAGIA,exact,4.8638,4.8716,3.8020,3.8223
35,JLN BAHAGIA,exact,4.8342,4.8421,3.7723,3.7924
38,JLN BAHAGIA,exact,4.8368,4.8445,3.7742,3.7926
39,JLN BAHAGIA,exact,4.8642,4.8718,3.8014,3.8192
40,JLN BAHAGIA,exact,4.8760,4.8836,3.8132,3.8312
41,JLN BAHAGIA,exact,4.8499,4.8576,3.7872,3.8058
42,JLN BAHAGIA,exact,4.8702,4.8779,3.8077,3.8268
43,JLN BAHAGIA,exact,4.8620,4.8698,3.7996,3.8189
44,JLN BAHAGIA,exact,4.9027,4.9105,3.8404,3.8598
45,JLN BAHAGIA,exact,4.9174,4.9252,3.8551,3.8746
46,JLN BAHAGIA,exact,4.9244,4.9322,3.8619,3.8808
47,JLN BAHAGIA,exact,4.9084,4.9162,3.8459,3.8648
48,JLN BAHAGIA,exact,4.9169,4.9246,3.8543,3.8728
49,JLN BAHAGIA,exact,4.9187,4.9263,3.8560,3.8741
50,JLN BAHAGIA,exact,4.9197,4.9274,3.8570,3.8749
51,JLN BAHAGIA,exact,4.9213,4.9289,3.8585,3.8761
52,JLN BAHAGIA,exact,4.9223,4.9299,3.8596,3.8770
55,JLN BAHAGIA,exact,4.9645,4.9722,3.9019,3.9203
60,JLN BAHAGIA,exact,4.9620,4.9698,3.8996,3.9188
10,JLN BATU,exact,4.0497,4.0591,3.5244,3.5790
11,JLN BATU,exact,4.0006,4.0100,3.4808,3.5354
2,JLN BATU,exact,4.2106,4.2200,3.6693,3.7238
3,JLN BATU,exact,4.1973,4.2067,3.6627,3.7172
4,JLN BATU,exact,4.1516,4.1610,3.6429,3.6975
5,JLN BATU,exact,4.1338,4.1432,3.6324,3.6871
6,JLN BATU,exact,4.1177,4.1270,3.6230,3.6776
7,JLN BATU,exact,4.1360,4.1454,3.6103,3.6648
8,JLN BATU,exact,4.1113,4.1207,3.5745,3.6290
9,JLN BATU,exact,4.1032,4.1127,3.5596,3.6141
26,JLN BERSEH,exact,2.5956,2.6042,1.5582,1.5900
10,JLN BT HO SWEE,exact,2.1246,2.1193,2.2883,2.2337
2,JLN BT HO SWEE,exact,2.2087,2.2032,2.3793,2.3247
32,JLN BT HO SWEE,exact,2.5899,2.5843,2.7472,2.6925
34,JLN BT HO SWEE,exact,2.7484,2.7429,2.8763,2.8215
4,JLN BT HO SWEE,exact,2.2807,2.2752,2.4431,2.3885
46,JLN BT HO SWEE,exact,2.8552,2.8497,2.9738,2.9191
6,JLN BT HO SWEE,exact,2.2629,2.2575,2.4149,2.3603
8,JLN BT HO SWEE,exact,2.1975,2.1922,2.3563,2.3016
1,JLN BT MERAH,exact,4.8091,4.8027,4.9704,4.9158
107,JLN BT MERAH,exact,2.9944,2.9867,3.4177,3.3645
108,JLN BT MERAH,exact,2.9301,2.9222,3.3804,3.3276
109,JLN BT MERAH,exact,2.8555,2.8476,3.3062,3.2534
11,JLN BT MERAH,exact,4.7303,4.7240,4.8884,4.8338
113,JLN BT MERAH,exact,2.8813,2.8736,3.2997,3.2465
12,JLN BT MERAH,exact,4.9535,4.9473,5.0885,5.0341
13,JLN BT MERAH,exact,4.9265,4.9204,5.0573,5.0028
131,JLN BT MERAH,exact,2.6125,2.6047,3.0610,3.0084
132,JLN BT MERAH,exact,2.6278,2.6197,3.1285,3.0767
133,JLN BT MERAH,exact,2.7092,2.7013,3.1708,3.1183
134,JLN BT MERAH,exact,2.6888,2.6807,3.1788,3.1268
135,JLN BT MERAH,exact,2.7635,2.7554,3.2531,3.2009
136,JLN BT MERAH,exact,2.7219,2.7137,3.2274,3.1756
137,JLN BT MERAH,exact,2.7880,2.7798,3.2906,3.2387
138,JLN BT MERAH,exact,2.8598,2.8517,3.3447,3.2924
139,JLN BT MERAH,exact,2.7859,2.7779,3.2561,3.2036
14,JLN BT MERAH,exact,4.8873,4.8812,5.0148,4.9604
140,JLN BT MERAH,exact,2.5105,2.5021,3.0480,2.9970
141,JLN BT MERAH,exact,2.6242,2.6157,3.1830,3.1323
142,JLN BT MERAH,exact,2.7013,2.6928,3.2546,3.2036
143,JLN BT MERAH,exact,2.4697,2.4613,3.0270,2.9764
144,JLN BT MERAH,exact,2.4894,2.4809,3.0617,3.0114
145,JLN BT MERAH,exact,2.4302,2.4216,3.0119,2.9618
146,JLN BT MERAH,exact,2.3811,2.3727,2.9492,2.8989
2,JLN BT MERAH,exact,4.9635,4.9571,5.1194,5.0648
28,JLN BT MERAH,exact,4.6423,4.6360,4.8066,4.7520
7,JLN BT MERAH,exact,4.8441,4.8379,4.9851,4.9306
661,JLN DAMAI,exact,8.4429,8.4526,7.6843,7.7342
662,JLN DAMAI,exact,8.4839,8.4936,7.7261,7.7761
663,JLN DAMAI,exact,8.5321,8.5418,7.7766,7.8266
664,JLN DAMAI,exact,8.5118,8.5215,7.7631,7.8134
665,JLN DAMAI,exact,8.4378,8.4475,7.6836,7.7337
666,JLN DAMAI,exact,8.3936,8.4033,7.6438,7.6940
667,JLN DAMAI,exact,8.4700,8.4797,7.7237,7.7739
668,JLN DAMAI,exact,8.4439,8.4536,7.7012,7.7516
669,JLN DAMAI,exact,8.3839,8.3936,7.6400,7.6904
670,JLN DAMAI,exact,8.3324,8.3421,7.5925,7.6430
671,JLN DAMAI,exact,8.3775,8.3872,7.6419,7.6926
672,JLN DAMAI,exact,8.3408,8.3505,7.6077,7.6584
93,JLN DUA,exact,4.8448,4.8544,4.2222,4.2758
97,JLN DUA,exact,4.9772,4.9868,4.3627,4.4164
102,JLN DUSUN,exact,4.9758,4.9816,3.9615,3.9610
104,JLN DUSUN,exact,5.0381,5.0439,4.0234,4.0230
106,JLN DUSUN,exact,5.0415,5.0474,4.0217,4.0223
446B,JLN KAYU,exact,12.2604,12.2686,11.2026,11.2254
446C,JLN KAYU,exact,12.3225,12.3307,11.2649,11.2877
447A,JLN KAYU,exact,12.2829,12.2910,11.2243,11.2466
447B,JLN KAYU,exact,12.3341,12.3423,11.2761,11.2987
20,JLN KLINIK,exact,2.5352,2.5298,2.6623,2.6075
26,JLN KLINIK,exact,2.6004,2.5950,2.7247,2.6700
28,JLN KLINIK,exact,2.6221,2.6167,2.7582,2.7035
30,JLN KLINIK,exact,2.6178,2.6122,2.7639,2.7092
10,JLN KUKOH,exact,1.4191,1.4142,1.6394,1.5861
8,JLN KUKOH,exact,1.3960,1.3915,1.5873,1.5337
9,JLN KUKOH,exact,1.4641,1.4597,1.6304,1.5765
53,JLN MA'MOR,exact,4.9838,4.9914,3.9210,3.9386
54,JLN MA'MOR,exact,4.9834,4.9910,3.9207,3.9385
56,JLN MA'MOR,exact,4.9806,4.9883,3.9180,3.9365
57,JLN MA'MOR,exact,5.0090,5.0167,3.9463,3.9649
58,JLN MA'MOR,exact,5.0066,5.0144,3.9442,3.9633
59,JLN MA'MOR,exact,4.9784,4.9861,3.9159,3.9350
62,JLN MA'MOR,exact,4.9855,4.9933,3.9234,3.9431
63,JLN MA'MOR,exact,5.0334,5.0412,3.9712,3.9907
64,JLN MA'MOR,exact,5.0358,5.0437,3.9739,3.9940
65,JLN MA'MOR,exact,5.0016,5.0094,3.9399,3.9602
118A,JLN MEMBINA,exact,2.8760,2.8685,3.2543,3.2007
118B,JLN MEMBINA,exact,2.8344,2.8271,3.2028,3.1491
118C,JLN MEMBINA,exact,2.7934,2.7862,3.1510,3.0973
118D,JLN MEMBINA,exact,2.7628,2.7557,3.1036,3.0497
19,JLN MEMBINA,exact,2.8023,2.7960,3.0300,2.9754
20,JLN MEMBINA,exact,2.8418,2.8356,3.0660,3.0114
21,JLN MEMBINA,exact,2.8536,2.8471,3.0980,3.0434
22,JLN MEMBINA,exact,2.7790,2.7725,3.0343,2.9799
23,JLN MEMBINA,exact,2.7304,2.7239,2.9936,2.9391
25A,JLN MEMBINA,exact,2.8050,2.7981,3.1134,3.0592
25B,JLN MEMBINA,exact,2.8930,2.8861,3.1903,3.1360
26A,JLN MEMBINA,exact,2.8195,2.8125,3.1421,3.0880
26B,JLN MEMBINA,exact,2.8714,2.8644,3.1895,3.1354
26C,JLN MEMBINA,exact,2.9155,2.9084,3.2429,3.1888
26D,JLN MEMBINA,exact,2.9194,2.9121,3.2702,3.2163
27A,JLN MEMBINA,exact,2.9926,2.9854,3.3340,3.2800
27B,JLN MEMBINA,exact,2.9524,2.9454,3.2721,3.2179
24,JLN MEMBINA BARAT,none,,,,
1,JLN PASAR BARU,none,,,,
101,JLN RAJAH,exact,5.0151,5.0219,3.9623,3.9719
102,JLN RAJAH,exact,4.9503,4.9573,3.8951,3.9058
103,JLN RAJAH,exact,4.8547,4.8618,3.7959,3.8086
104,JLN RAJAH,exact,4.9081,4.9154,3.8483,3.8617
105,JLN RAJAH,exact,4.9644,4.9717,3.9031,3.9178
106,JLN RAJAH,exact,4.9919,4.9993,3.9299,3.9455
107,JLN RAJAH,exact,4.9253,4.9328,3.8631,3.8791
108,JLN RAJAH,exact,4.9921,4.9997,3.9295,3.9466
10,JLN RUMAH TINGGI,exact,4.8113,4.8052,4.9308,4.8764
35,JLN RUMAH TINGGI,exact,4.7438,4.7377,4.8691,4.8146
36,JLN RUMAH TINGGI,exact,4.7699,4.7638,4.8821,4.8277
37,JLN RUMAH TINGGI,exact,4.7337,4.7278,4.8280,4.7737
38,JLN RUMAH TINGGI,exact,4.6758,4.6698,4.7847,4.7303
39,JLN RUMAH TINGGI,exact,4.6347,4.6288,4.7436,4.6892
40,JLN RUMAH TINGGI,exact,4.5775,4.5715,4.6863,4.6319
8,JLN RUMAH TINGGI,exact,4.8712,4.8651,4.9817,4.9273
9,JLN RUMAH TINGGI,exact,4.8370,4.8310,4.9417,4.8874
150,JLN TECK WHYE,exact,14.8949,14.8950,14.2545,14.2224
151,JLN TECK WHYE,exact,14.8483,14.8484,14.2034,14.1715
152,JLN TECK WHYE,exact,14.8202,14.8204,14.1699,14.1383
153,JLN TECK WHYE,exact,14.8054,14.8057,14.1512,14.1199
154,JLN TECK WHYE,exact,14.9074,14.9076,14.2546,14.2231
155,JLN TECK WHYE,exact,14.8966,14.8968,14.2496,14.2179
156,JLN TECK WHYE,exact,14.9303,14.9304,14.2861,14.2542
157,JLN TECK WHYE,exact,14.9464,14.9465,14.2999,14.2681
158,JLN TECK WHYE,exact,14.9962,14.9964,14.3452,14.3137
159,JLN TECK WHYE,exact,15.0527,15.0528,14.4028,14.3712
160,JLN TECK WHYE,exact,15.1002,15.1004,14.4478,14.4164
162,JLN TECK WHYE,exact,15.0097,15.0100,14.3516,14.3204
163,JLN TECK WHYE,exact,15.0719,15.0721,14.4169,14.3856
164,JLN TECK WHYE,exact,15.1354,15.1356,14.4818,14.4504
645,JLN TENAGA,exact,8.1240,8.1337,7.3796,7.4300
646,JLN TENAGA,exact,8.0643,8.0740,7.3209,7.3713
647,JLN TENAGA,exact,8.0570,8.0667,7.3066,7.3569
648,JLN TENAGA,exact,8.0866,8.0964,7.3300,7.3800
649,JLN TENAGA,exact,8.1404,8.1501,7.3873,7.4374
650,JLN TENAGA,exact,8.2254,8.2351,7.4863,7.5369
651,JLN TENAGA,exact,8.2313,8.2410,7.4880,7.5385
652,JLN TENAGA,exact,8.2999,8.3096,7.5549,7.6053
653,JLN TENAGA,exact,8.2909,8.3007,7.5425,7.5928
654,JLN TENAGA,exact,8.2539,8.2637,7.5013,7.5515
655,JLN TENAGA,exact,8.2743,8.2840,7.5179,7.5680
656,JLN TENAGA,exact,8.3574,8.3671,7.6027,7.6528
657,JLN TENAGA,exact,8.3291,8.3388,7.5705,7.6205
658,JLN TENAGA,exact,8.2611,8.2708,7.5010,7.5509
659,JLN TENAGA,exact,8.3088,8.3186,7.5416,7.5912
660,JLN TENAGA,exact,8.3425,8.3523,7.5771,7.6269
116A,JLN TENTERAM,exact,4.9262,4.9344,3.8703,3.8945
116B,JLN TENTERAM,exact,4.9859,4.9942,3.9304,3.9548
117A,JLN TENTERAM,exact,5.0681,5.0763,4.0131,4.0377
117B,JLN TENTERAM,exact,5.0528,5.0610,3.9968,4.0210
16,JLN TENTERAM,exact,5.0227,5.0307,3.9636,3.9861
17,JLN TENTERAM,exact,5.0363,5.0444,3.9778,4.0006
18,JLN TENTERAM,exact,5.0000,5.0082,3.9423,3.9657
19,JLN TENTERAM,exact,4.9713,4.9794,3.9131,3.9362
61,JLN TENTERAM,exact,4.9697,4.9775,3.9076,3.9274
39,JLN TIGA,exact,4.6052,4.6148,3.9769,4.0305
43,JLN TIGA,exact,4.5930,4.6026,3.9546,4.0081
45,JLN TIGA,exact,4.6188,4.6284,3.9700,4.0233
47,JLN TIGA,exact,4.6615,4.6711,4.0147,4.0680
49,JLN TIGA,exact,4.7046,4.7142,4.0600,4.1133
3,JOO CHIAT RD,exact,6.4009,6.4104,5.7730,5.8262
4,JOO CHIAT RD,exact,6.3514,6.3610,5.7284,5.7817
10,JOO SENG RD,exact,6.5013,6.5107,5.5411,5.5807
11,JOO SENG RD,exact,6.5688,6.5782,5.6107,5.6505
12,JOO SENG RD,exact,6.5562,6.5656,5.5823,5.6206
13,JOO SENG RD,exact,6.5675,6.5768,5.5963,5.6349
14,JOO SENG RD,exact,6.6261,6.6355,5.6575,5.6964
15,JOO SENG RD,exact,6.5906,6.5999,5.6270,5.6663
16,JOO SENG RD,exact,6.6917,6.7011,5.7249,5.7638
17,JOO SENG RD,exact,6.7171,6.7265,5.7586,5.7984
18,JOO SENG RD,exact,6.7707,6.7801,5.8078,5.8471
19,JOO SENG RD,exact,6.5498,6.5592,5.5954,5.6356
20,JOO SENG RD,exact,6.5143,6.5238,5.5654,5.6060
21,JOO SENG RD,exact,6.4608,6.4703,5.5066,5.5468
8,JOO SENG RD,exact,6.4802,6.4895,5.5072,5.5457
9,JOO SENG RD,exact,6.4839,6.4933,5.5165,5.5555
240A,JURONG EAST AVE 1,exact,13.6976,13.6947,13.3437,13.2994
329,JURONG EAST AVE 1,exact,15.3927,15.3901,15.0178,14.9744
330,JURONG EAST AVE 1,exact,15.4059,15.4033,15.0280,14.9847
331,JURONG EAST AVE 1,exact,15.3825,15.3799,15.0016,14.9583
332,JURONG EAST AVE 1,exact,15.4457,15.4431,15.0605,15.0175
333,JURONG EAST AVE 1,exact,15.3524,15.3499,14.9670,14.9239
334,JURONG EAST AVE 1,exact,15.2721,15.2695,14.8877,14.8446
335,JURONG EAST AVE 1,exact,15.1804,15.1778,14.7976,14.7544
336,JURONG EAST AVE 1,exact,15.2569,15.2543,14.8751,14.8319
337,JURONG EAST AVE 1,exact,15.1765,15.1739,14.7980,14.7547
338,JURONG EAST AVE 1,exact,15.2681,15.2655,14.8883,14.8450
339,JURONG EAST AVE 1,exact,15.2047,15.2021,14.8285,14.7851
340,JURONG EAST AVE 1,exact,15.3188,15.3162,14.9415,14.8981
341,JURONG EAST AVE 1,exact,15.2143,15.2116,14.8412,14.7976
348,JURONG EAST AVE 1,exact,14.9926,14.9897,14.6512,14.6067
349,JURONG EAST AVE 1,exact,14.9502,14.9472,14.6083,14.5637
101,JURONG EAST ST 13,exact,13.8526,13.8494,13.5408,13.4952
102,JURONG EAST ST 13,exact,13.8667,13.8634,13.5637,13.5178
103,JURONG EAST ST 13,exact,13.9105,13.9072,13.6035,13.5578
104,JURONG EAST ST 13,exact,13.9496,13.9463,13.6448,13.5990
105,JURONG EAST ST 13,exact,13.8966,13.8934,13.5828,13.5373
106,JURONG EAST ST 13,exact,13.9758,13.9725,13.6658,13.6202
107,JURONG EAST ST 13,exact,13.9577,13.9546,13.6426,13.5971
108,JURONG EAST ST 13,exact,14.0690,14.0659,13.7519,13.7065
109,JURONG EAST ST 13,exact,14.2058,14.2026,13.8932,13.8477
110,JURONG EAST ST 13,exact,14.1993,14.1962,13.8819,13.8366
111,JURONG EAST ST 13,exact,14.2564,14.2532,13.9417,13.8962
112,JURONG EAST ST 13,exact,14.2551,14.2520,13.9365,13.8912
113,JURONG EAST ST 13,exact,14.3375,14.3342,14.0251,13.9796
114,JURONG EAST ST 13,exact,14.3771,14.3739,14.0623,14.0169
115,JURONG EAST ST 13,exact,14.3154,14.3123,13.9936,13.9483
116,JURONG EAST ST 13,exact,14.3920,14.3888,14.0733,14.0280
201,JURONG EAST ST 21,exact,13.3937,13.3906,13.0723,13.0269
202,JURONG EAST ST 21,exact,13.4219,13.4189,13.0981,13.0529
203,JURONG EAST ST 21,exact,13.4676,13.4645,13.1447,13.0994
204,JURONG EAST ST 21,exact,13.5453,13.5422,13.2216,13.1764
205,JURONG EAST ST 21,exact,13.4699,13.4669,13.1402,13.0951
206,JURONG EAST ST 21,exact,13.5697,13.5667,13.2412,13.1961
207,JURONG EAST ST 21,exact,13.5311,13.5281,13.2005,13.1554
208,JURONG EAST ST 21,exact,13.5346,13.5316,13.1989,13.1540
209,JURONG EAST ST 21,exact,13.7609,13.7578,13.4386,13.3933
210,JURONG EAST ST 21,exact,13.9667,13.9636,13.6415,13.5964
211,JURONG EAST ST 21,exact,13.7823,13.7792,13.4530,13.4080
212,JURONG EAST ST 21,exact,13.7934,13.7904,13.4606,13.4157
213,JURONG EAST ST 21,exact,13.8519,13.8489,13.5216,13.4766
214,JURONG EAST ST 21,exact,13.9430,13.9399,13.6135,13.5684
215,JURONG EAST ST 21,exact,14.0218,14.0188,13.6891,13.6442
215A,JURONG EAST ST 21,exact,14.0212,14.0182,13.6920,13.6470
216,JURONG EAST ST 21,exact,14.0722,14.0692,13.7448,13.6997
217,JURONG EAST ST 21,exact,14.0707,14.0676,13.7393,13.6943
217A,JURONG EAST ST 21,exact,14.0565,14.0535,13.7202,13.6754
218,JURONG EAST ST 21,exact,14.1000,14.0970,13.7663,13.7214
219,JURONG EAST ST 21,exact,14.1131,14.1101,13.7758,13.7310
219A,JURONG EAST ST 21,exact,14.1608,14.1578,13.8266,13.7818
220,JURONG EAST ST 21,exact,14.1823,14.1793,13.8447,13.8000
221,JURONG EAST ST 21,exact,14.2257,14.2227,13.8916,13.8468
221A,JURONG EAST ST 21,exact,14.2775,14.2744,13.9463,13.9014
222,JURONG EAST ST 21,exact,14.3403,14.3372,14.0102,13.9652
223,JURONG EAST ST 21,exact,14.3196,14.3166,13.9866,13.9417
223A,JURONG EAST ST 21,exact,14.2684,14.2655,13.9311,13.8863
224,JURONG EAST ST 21,exact,14.2877,14.2847,13.9479,13.9032
225,JURONG EAST ST 21,exact,14.2396,14.2367,13.8977,13.8531
225A,JURONG EAST ST 21,exact,14.2972,14.2943,13.9545,13.9099
226,JURONG EAST ST 21,exact,14.3606,14.3576,14.0260,13.9811
227,JURONG EAST ST 21,exact,14.3570,14.3541,14.0186,13.9739
228,JURONG EAST ST 21,exact,14.3749,14.3720,14.0304,13.9859
229,JURONG EAST ST 21,exact,14.1660,14.1631,13.8211,13.7766
230,JURONG EAST ST 21,exact,14.2039,14.2009,13.8628,13.8182
231,JURONG EAST ST 21,exact,14.1225,14.1196,13.7824,13.7377
232,JURONG EAST ST 21,exact,13.7873,13.7843,13.4475,13.4028
233,JURONG EAST ST 21,exact,13.8037,13.8008,13.4594,13.4149
234,JURONG EAST ST 21,exact,13.7110,13.7081,13.3676,13.3230
235,JURONG EAST ST 21,exact,13.6625,13.6596,13.3169,13.2724
236,JURONG EAST ST 21,exact,13.6876,13.6847,13.3389,13.2945
237,JURONG EAST ST 21,exact,13.7935,13.7906,13.4458,13.4013
238,JURONG EAST ST 21,exact,13.8582,13.8553,13.5126,13.4681
239,JURONG EAST ST 21,exact,13.8360,13.8331,13.4874,13.4430
240,JURONG EAST ST 21,exact,13.7763,13.7734,13.4246,13.3803
287A,JURONG EAST ST 21,exact,13.4230,13.4201,13.0831,13.0383
287B,JURONG EAST ST 21,exact,13.3815,13.3786,13.0402,12.9955
287C,JURONG EAST ST 21,exact,13.2871,13.2842,12.9480,12.9032
287D,JURONG EAST ST 21,exact,13.3625,13.3595,13.0261,12.9812
288A,JURONG EAST ST 21,exact,13.4892,13.4862,13.1486,13.1039
288B,JURONG EAST ST 21,exact,13.5385,13.5355,13.1982,13.1535
288C,JURONG EAST ST 21,exact,13.5094,13.5065,13.1626,13.1181
288D,JURONG EAST ST 21,exact,13.4590,13.4561,13.1085,13.0641
288E,JURONG EAST ST 21,exact,13.5285,13.5257,13.1747,13.1304
241,JURONG EAST ST 24,exact,13.6601,13.6573,13.3004,13.2563
242,JURONG EAST ST 24,exact,13.6995,13.6968,13.3373,13.2933
243,JURONG EAST ST 24,exact,13.6581,13.6553,13.2929,13.2489
244,JURONG EAST ST 24,exact,13.8028,13.8001,13.4376,13.3938
245,JURONG EAST ST 24,exact,13.7873,13.7845,13.4304,13.3863
246,JURONG EAST ST 24,exact,13.9621,13.9593,13.6106,13.5663
247,JURONG EAST ST 24,exact,14.0782,14.0753,13.7284,13.6841
248,JURONG EAST ST 24,exact,13.9834,13.9806,13.6281,13.5839
249,JURONG EAST ST 24,exact,14.0812,14.0784,13.7267,13.6825
250,JURONG EAST ST 24,exact,14.0154,14.0126,13.6578,13.6136
251,JURONG EAST ST 24,exact,14.0716,14.0688,13.7113,13.6673
252,JURONG EAST ST 24,exact,14.2149,14.2121,13.8609,13.8167
253,JURONG EAST ST 24,exact,14.3572,14.3544,14.0067,13.9624
256,JURONG EAST ST 24,exact,14.2625,14.2598,13.9000,13.8561
257,JURONG EAST ST 24,exact,14.2451,14.2424,13.8789,13.8350
258,JURONG EAST ST 24,exact,14.2062,14.2034,13.8451,13.8011
259,JURONG EAST ST 24,exact,14.1052,14.1025,13.7370,13.6932
260,JURONG EAST ST 24,exact,14.0473,14.0446,13.6811,13.6372
261,JURONG EAST ST 24,exact,14.0710,14.0683,13.6986,13.6550
262,JURONG EAST ST 24,exact,13.9819,13.9793,13.6097,13.5660
263,JURONG EAST ST 24,exact,13.9270,13.9244,13.5507,13.5072
264,JURONG EAST ST 24,exact,13.9132,13.9105,13.5411,13.4974
317,JURONG EAST ST 31,exact,15.0930,15.0902,14.7371,14.6930
318,JURONG EAST ST 31,exact,15.1931,15.1903,14.8334,14.7895
319,JURONG EAST ST 31,exact,15.2282,15.2254,14.8657,14.8218
320,JURONG EAST ST 31,exact,15.2440,15.2413,14.8756,14.8319
321,JURONG EAST ST 31,exact,15.2834,15.2806,14.9196,14.8758
322,JURONG EAST ST 31,exact,15.3577,15.3549,14.9991,14.9551
322A,JURONG EAST ST 31,exact,15.3619,15.3590,15.0064,14.9623
323,JURONG EAST ST 31,exact,15.3936,15.3908,15.0332,14.9893
324,JURONG EAST ST 31,exact,15.3205,15.3178,14.9556,14.9118
325,JURONG EAST ST 31,exact,15.4154,15.4126,15.0522,15.0084
326,JURONG EAST ST 31,exact,15.3655,15.3628,14.9990,14.9552
327,JURONG EAST ST 31,exact,15.4144,15.4117,15.0485,15.0047
328,JURONG EAST ST 31,exact,15.3553,15.3526,14.9847,14.9411
343,JURONG EAST ST 31,exact,15.0579,15.0550,14.7075,14.6632
345,JURONG EAST ST 31,exact,15.0256,15.0227,14.6773,14.6329
346,JURONG EAST ST 31,exact,15.0820,15.0790,14.7366,14.6922
351,JURONG EAST ST 31,exact,15.0349,15.0319,14.6926,14.6480
352,JURONG EAST ST 31,exact,15.0768,15.0739,14.7351,14.6906
301,JURONG EAST ST 32,exact,14.5278,14.5249,14.1756,14.1313
302,JURONG EAST ST 32,exact,14.6593,14.6564,14.3062,14.2619
303,JURONG EAST ST 32,exact,14.5578,14.5550,14.1995,14.1555
304,JURONG EAST ST 32,exact,14.6585,14.6557,14.3011,14.2571
305,JURONG EAST ST 32,exact,14.6255,14.6228,14.2645,14.2205
306,JURONG EAST ST 32,exact,14.6576,14.6548,14.2921,14.2483
307,JURONG EAST ST 32,exact,14.7214,14.7187,14.3543,14.3105
308,JURONG EAST ST 32,exact,14.7884,14.7857,14.4168,14.3732
309,JURONG EAST ST 32,exact,14.8543,14.8517,14.4830,14.4394
310,JURONG EAST ST 32,exact,14.9130,14.9103,14.5379,14.4944
311,JURONG EAST ST 32,exact,15.0034,15.0007,14.6361,14.5924
312,JURONG EAST ST 32,exact,15.0037,15.0009,14.6427,14.5988
313,JURONG EAST ST 32,exact,14.9011,14.8983,14.5346,14.4909
314,JURONG EAST ST 32,exact,14.8820,14.8792,14.5192,14.4753
315,JURONG EAST ST 32,exact,14.8915,14.8887,14.5343,14.4902
316,JURONG EAST ST 32,exact,14.9659,14.9631,14.6115,14.5673
371,JURONG EAST ST 32,exact,15.1018,15.0991,14.7323,14.6887
372,JURONG EAST ST 32,exact,15.1330,15.1303,14.7617,14.7182
423,JURONG WEST AVE 1,exact,15.8696,15.8669,15.5045,15.4607
424,JURONG WEST AVE 1,exact,15.9353,15.9325,15.5706,15.5269
425,JURONG WEST AVE 1,exact,15.9686,15.9658,15.6066,15.5628
426,JURONG WEST AVE 1,exact,15.9874,15.9846,15.6201,15.5765
427,JURONG WEST AVE 1,exact,15.8791,15.8763,15.5106,15.4669
428,JURONG WEST AVE 1,exact,15.9244,15.9216,15.5550,15.5114
429,JURONG WEST AVE 1,exact,16.0190,16.0162,15.6500,15.6064
430,JURONG WEST AVE 1,exact,15.9104,15.9077,15.5378,15.4943
431,JURONG WEST AVE 1,exact,16.0257,16.0230,15.6540,15.6105
436,JURONG WEST AVE 1,exact,16.1874,16.1846,15.8225,15.7788
437,JURONG WEST AVE 1,exact,16.0526,16.0498,15.6875,15.6438
438,JURONG WEST AVE 1,exact,16.0799,16.0771,15.7170,15.6732
439,JURONG WEST AVE 1,exact,16.1195,16.1167,15.7571,15.7133
440,JURONG WEST AVE 1,exact,16.1499,16.1471,15.7900,15.7461
441,JURONG WEST AVE 1,exact,16.3926,16.3897,16.0399,15.9958
442,JURONG WEST AVE 1,exact,16.4899,16.4870,16.1387,16.0945
443,JURONG WEST AVE 1,exact,16.4158,16.4129,16.0601,16.0161
444,JURONG WEST AVE 1,exact,16.5220,16.5191,16.1683,16.1243
484,JURONG WEST AVE 1,exact,15.6433,15.6404,15.2924,15.2482
485,JURONG WEST AVE 1,exact,15.5630,15.5602,15.2084,15.1643
486,JURONG WEST AVE 1,exact,15.6722,15.6694,15.3180,15.2739
487,JURONG WEST AVE 1,exact,15.5825,15.5796,15.2254,15.1814
488,JURONG WEST AVE 1,exact,15.7041,15.7012,15.3480,15.3039
489,JURONG WEST AVE 1,exact,15.6061,15.6032,15.2461,15.2022
490,JURONG WEST AVE 1,exact,15.6275,15.6247,15.2649,15.2210
491,JURONG WEST AVE 1,exact,15.7183,15.7155,15.3586,15.3147
502,JURONG WEST AVE 1,exact,16.5538,16.5508,16.2122,16.1678
503,JURONG WEST AVE 1,exact,16.5894,16.5863,16.2530,16.2084
537,JURONG WEST AVE 1,exact,16.7390,16.7359,16.4027,16.3581
538,JURONG WEST AVE 1,exact,16.8139,16.8108,16.4835,16.4387
539,JURONG WEST AVE 1,exact,16.7695,16.7664,16.4312,16.3867
540,JURONG WEST AVE 1,exact,16.8556,16.8525,16.5219,16.4772
541,JURONG WEST AVE 1,exact,16.8146,16.8116,16.4764,16.4318
542,JURONG WEST AVE 1,exact,16.8784,16.8754,16.5378,16.4934
273A,JURONG WEST AVE 3,exact,18.0880,18.0846,17.7802,17.7348
273B,JURONG WEST AVE 3,exact,18.0785,18.0752,17.7698,17.7244
273C,JURONG WEST AVE 3,exact,18.0530,18.0497,17.7417,17.6964
273D,JURONG WEST AVE 3,exact,18.1662,18.1629,17.8547,17.8094
274A,JURONG WEST AVE 3,exact,18.1139,18.1106,17.8011,17.7559
274D,JURONG WEST AVE 3,exact,18.0322,18.0289,17.7178,17.6726
276B,JURONG WEST AVE 3,exact,18.0476,18.0444,17.7304,17.6853
719,JURONG WEST AVE 5,exact,18.4518,18.4480,18.1994,18.1524
720,JURONG WEST AVE 5,exact,18.3914,18.3875,18.1390,18.0920
721,JURONG WEST AVE 5,exact,18.3715,18.3676,18.1210,18.0739
722,JURONG WEST AVE 5,exact,18.2807,18.2769,18.0307,17.9836
723,JURONG WEST AVE 5,exact,18.3270,18.3232,18.0726,18.0256
725,JURONG WEST AVE 5,exact,18.4137,18.4100,18.1544,18.1075
726,JURONG WEST AVE 5,exact,18.4944,18.4906,18.2334,18.1867
727,JURONG WEST AVE 5,exact,18.4337,18.4299,18.1725,18.1258
728,JURONG WEST AVE 5,exact,18.4428,18.4390,18.1797,18.1330
729,JURONG WEST AVE 5,exact,18.4452,18.4415,18.1800,18.1334
679A,JURONG WEST CTRL 1,exact,17.5289,17.5252,17.2584,17.2118
679B,JURONG WEST CTRL 1,exact,17.4908,17.4872,17.2220,17.1754
679C,JURONG WEST CTRL 1,exact,17.4565,17.4529,17.1868,17.1402
680A,JURONG WEST CTRL 1,exact,17.5722,17.5686,17.3002,17.2537
680B,JURONG WEST CTRL 1,exact,17.6120,17.6084,17.3381,17.2917
680C,JURONG WEST CTRL 1,exact,17.6013,17.5977,17.3257,17.2793
681A,JURONG WEST CTRL 1,exact,17.6005,17.5968,17.3306,17.2840
681B,JURONG WEST CTRL 1,exact,17.6428,17.6392,17.3710,17.3245
681C,JURONG WEST CTRL 1,exact,17.6488,17.6451,17.3794,17.3328
682A,JURONG WEST CTRL 1,exact,17.5622,17.5585,17.2944,17.2477
682B,JURONG WEST CTRL 1,exact,17.5187,17.5150,17.2525,17.2058
682C,JURONG WEST CTRL 1,exact,17.5269,17.5231,17.2642,17.2174
683A,JURONG WEST CTRL 1,exact,17.5605,17.5568,17.3025,17.2556
683B,JURONG WEST CTRL 1,exact,17.5846,17.5809,17.3245,17.2777
685C,JURONG WEST CTRL 1,exact,17.6284,17.6247,17.3723,17.3253
686A,JURONG WEST CTRL 1,exact,17.5306,17.5268,17.2780,17.2309
686B,JURONG WEST CTRL 1,exact,17.5654,17.5616,17.3120,17.2650
686C,JURONG WEST CTRL 1,exact,17.6019,17.5981,17.3472,17.3002
687,JURONG WEST CTRL 1,exact,17.4312,17.4275,17.1780,17.1310
688,JURONG WEST CTRL 1,exact,17.4465,17.4427,17.1967,17.1496
689,JURONG WEST CTRL 1,exact,17.3679,17.3641,17.1183,17.0712
690,JURONG WEST CTRL 1,exact,17.3096,17.3058,17.0562,17.0092
691,JURONG WEST CTRL 1,exact,17.3747,17.3709,17.1185,17.0715
692,JURONG WEST CTRL 1,exact,17.3646,17.3609,17.1046,17.0578
693,JURONG WEST CTRL 1,exact,17.4349,17.4312,17.1720,17.1252
694,JURONG WEST CTRL 1,exact,17.3550,17.3513,17.0887,17.0420
695,JURONG WEST CTRL 1,exact,17.2934,17.2897,17.0297,16.9830
696,JURONG WEST CTRL 1,exact,17.2687,17.2650,17.0077,16.9609
697A,JURONG WEST CTRL 3,exact,17.1349,17.1312,16.8787,16.8318
697B,JURONG WEST CTRL 3,exact,17.1095,17.1057,16.8553,16.8083
697C,JURONG WEST CTRL 3,exact,17.1104,17.1066,16.8577,16.8106
698A,JURONG WEST CTRL 3,exact,17.1700,17.1663,16.9142,16.8672
698B,JURONG WEST CTRL 3,exact,17.2054,17.2016,16.9535,16.9064
698C,JURONG WEST CTRL 3,exact,17.1806,17.1768,16.9309,16.8838
271A,JURONG WEST ST 24,exact,18.0033,18.0000,17.6975,17.6520
271B,JURONG WEST ST 24,exact,17.9669,17.9636,17.6628,17.6173
271C,JURONG WEST ST 24,exact,17.9465,17.9431,17.6443,17.5987
271D,JURONG WEST ST 24,exact,17.8788,17.8755,17.5758,17.5302
272A,JURONG WEST ST 24,exact,17.8559,17.8525,17.5507,17.5052
272B,JURONG WEST ST 24,exact,17.9058,17.9025,17.6001,17.5546
272C,JURONG WEST ST 24,exact,17.9477,17.9444,17.6403,17.5948
272D,JURONG WEST ST 24,exact,17.9761,17.9728,17.6679,17.6224
274B,JURONG WEST ST 25,exact,18.1747,18.1714,17.8593,17.8141
274C,JURONG WEST ST 25,exact,18.1218,18.1186,17.8047,17.7596
275A,JURONG WEST ST 25,exact,18.2603,18.2570,17.9501,17.9048
275B,JURONG WEST ST 25,exact,18.2562,18.2529,17.9427,17.8974
275C,JURONG WEST ST 25,exact,18.2381,18.2349,17.9225,17.8773
275D,JURONG WEST ST 25,exact,18.2459,18.2427,17.9268,17.8817
276A,JURONG WEST ST 25,exact,18.1530,18.1498,17.8347,17.7896
276C,JURONG WEST ST 25,exact,18.0753,18.0721,17.7548,17.7098
276D,JURONG WEST ST 25,exact,18.0880,18.0848,17.7653,17.7203
456,JURONG WEST ST 41,exact,16.3952,16.3922,16.0476,16.0033
457,JURONG WEST ST 41,exact,16.3090,16.3060,15.9586,15.9145
458,JURONG WEST ST 41,exact,16.3708,16.3678,16.0261,15.9817
459,JURONG WEST ST 41,exact,16.2896,16.2866,15.9416,15.8973
460,JURONG WEST ST 41,exact,16.2907,16.2877,15.9459,15.9015
461,JURONG WEST ST 41,exact,16.2617,16.2587,15.9188,15.8744
462,JURONG WEST ST 41,exact,16.1644,16.1616,15.8100,15.7660
463,JURONG WEST ST 41,exact,16.0721,16.0693,15.7156,15.6716
464,JURONG WEST ST 41,exact,16.1495,16.1466,15.7975,15.7533
465,JURONG WEST ST 41,exact,16.0521,16.0492,15.6985,15.6544
466,JURONG WEST ST 41,exact,16.0912,16.0883,15.7409,15.6967
467,JURONG WEST ST 41,exact,16.0855,16.0826,15.7379,15.6936
468,JURONG WEST ST 41,exact,16.2418,16.2387,15.9064,15.8617
469,JURONG WEST ST 41,exact,16.1646,16.1616,15.8272,15.7826
470,JURONG WEST ST 41,exact,16.1549,16.1519,15.8201,15.7754
471,JURONG WEST ST 41,exact,16.0734,16.0704,15.7333,15.6887
472,JURONG WEST ST 41,exact,16.0220,16.0190,15.6833,15.6387
473,JURONG WEST ST 41,exact,16.0335,16.0306,15.6896,15.6452
474,JURONG WEST ST 41,exact,15.8528,15.8499,15.5092,15.4648
475,JURONG WEST ST 41,exact,15.7634,15.7604,15.4171,15.3727
476,JURONG WEST ST 41,exact,15.8337,15.8307,15.4926,15.4481
477,JURONG WEST ST 41,exact,15.7442,15.7412,15.4003,15.3559
478,JURONG WEST ST 41,exact,15.8387,15.8357,15.5006,15.4560
479,JURONG WEST ST 41,exact,15.7766,15.7736,15.4379,15.3933
480,JURONG WEST ST 41,exact,15.8047,15.8017,15.4697,15.4250
481,JURONG WEST ST 41,exact,15.6864,15.6834,15.3479,15.3032
482,JURONG WEST ST 41,exact,15.7501,15.7471,15.4105,15.3660
483,JURONG WEST ST 41,exact,15.7028,15.6998,15.3606,15.3161
492,JURONG WEST ST 41,exact,15.8486,15.8457,15.4901,15.4461
494,JURONG WEST ST 41,exact,15.8523,15.8494,15.4974,15.4533
495,JURONG WEST ST 41,exact,15.9161,15.9132,15.5617,15.5176
498,JURONG WEST ST 41,exact,15.8525,15.8496,15.5070,15.4626
401,JURONG WEST ST 42,exact,16.3970,16.3942,16.0282,15.9846
402,JURONG WEST ST 42,exact,16.2971,16.2944,15.9255,15.8820
403,JURONG WEST ST 42,exact,16.4152,16.4125,16.0437,16.0003
404,JURONG WEST ST 42,exact,16.3193,16.3167,15.9443,15.9009
405,JURONG WEST ST 42,exact,16.4393,16.4367,16.0657,16.0223
406,JURONG WEST ST 42,exact,16.3509,16.3483,15.9738,15.9305
407,JURONG WEST ST 42,exact,16.4930,16.4904,16.1159,16.0726
408,JURONG WEST ST 42,exact,16.3598,16.3572,15.9793,15.9361
409,JURONG WEST ST 42,exact,16.0543,16.0518,15.6693,15.6263
410,JURONG WEST ST 42,exact,15.9285,15.9259,15.5427,15.4997
411,JURONG WEST ST 42,exact,16.0459,16.0433,15.6636,15.6204
412,JURONG WEST ST 42,exact,15.9293,15.9267,15.5469,15.5038
413,JURONG WEST ST 42,exact,16.0307,16.0281,15.6515,15.6082
414,JURONG WEST ST 42,exact,15.9164,15.9137,15.5370,15.4938
415,JURONG WEST ST 42,exact,16.0192,16.0165,15.6431,15.5998
416,JURONG WEST ST 42,exact,15.9060,15.9034,15.5295,15.4861
417,JURONG WEST ST 42,exact,15.7079,15.7052,15.3339,15.2904
418,JURONG WEST ST 42,exact,15.7844,15.7817,15.4142,15.3706
419,JURONG WEST ST 42,exact,15.7048,15.7021,15.3337,15.2902
420,JURONG WEST ST 42,exact,15.6857,15.6830,15.3169,15.2733
421,JURONG WEST ST 42,exact,15.6488,15.6460,15.2818,15.2381
422,JURONG WEST ST 42,exact,15.7457,15.7429,15.3814,15.3377
432,JURONG WEST ST 42,exact,16.1434,16.1407,15.7734,15.7298
433,JURONG WEST ST 42,exact,16.2244,16.2216,15.8552,15.8116
434,JURONG WEST ST 42,exact,16.2192,16.2165,15.8529,15.8092
435,JURONG WEST ST 42,exact,16.1079,16.1052,15.7404,15.6967
445,JURONG WEST ST 42,exact,16.4136,16.4108,16.0559,16.0119
446,JURONG WEST ST 42,exact,16.5197,16.5168,16.1640,16.1200
447,JURONG WEST ST 42,exact,16.4502,16.4474,16.0904,16.0465
448,JURONG WEST ST 42,exact,16.5563,16.5535,16.1985,16.1546
449,JURONG WEST ST 42,exact,16.6367,16.6338,16.2835,16.2394
450,JURONG WEST ST 42,exact,16.6913,16.6883,16.3450,16.3007
451,JURONG WEST ST 42,exact,16.6066,16.6037,16.2560,16.2119
452,JURONG WEST ST 42,exact,16.5901,16.5872,16.2414,16.1971
453,JURONG WEST ST 42,exact,16.6800,16.6770,16.3354,16.2911
454,JURONG WEST ST 42,exact,16.6483,16.6453,16.3062,16.2618
455,JURONG WEST ST 42,exact,16.5629,16.5600,16.2173,16.1730
543,JURONG WEST ST 42,exact,16.8737,16.8707,16.5310,16.4866
544,JURONG WEST ST 42,exact,16.9042,16.9012,16.5584,16.5141
545,JURONG WEST ST 42,exact,16.9499,16.9469,16.6062,16.5618
546,JURONG WEST ST 42,exact,16.9734,16.9704,16.6272,16.5829
547,JURONG WEST ST 42,exact,17.0176,17.0146,16.6706,16.6264
548,JURONG WEST ST 42,exact,16.9347,16.9319,16.5803,16.5363
549,JURONG WEST ST 42,exact,16.8994,16.8965,16.5495,16.5054
550,JURONG WEST ST 42,exact,16.8278,16.8249,16.4767,16.4325
551,JURONG WEST ST 42,exact,16.7883,16.7853,16.4392,16.3950
552,JURONG WEST ST 42,exact,16.7240,16.7212,16.3703,16.3262
553,JURONG WEST ST 42,exact,16.6271,16.6243,16.2676,16.2237
554,JURONG WEST ST 42,exact,16.7386,16.7357,16.3816,16.3377
555,JURONG WEST ST 42,exact,16.6638,16.6610,16.3013,16.2575
556,JURONG WEST ST 42,exact,16.7593,16.7564,16.4000,16.3561
557,JURONG WEST ST 42,exact,16.7088,16.7060,16.3452,16.3014
558,JURONG WEST ST 42,exact,16.8397,16.8369,16.4784,16.4346
559,JURONG WEST ST 42,exact,16.7065,16.7038,16.3384,16.2948
560A,JURONG WEST ST 42,exact,16.5518,16.5490,16.1883,16.1445
561A,JURONG WEST ST 42,exact,16.6080,16.6052,16.2390,16.1954
561B,JURONG WEST ST 42,exact,16.6412,16.6384,16.2696,16.2261
501,JURONG WEST ST 51,exact,16.4313,16.4283,16.0914,16.0469
504,JURONG WEST ST 51,exact,16.4697,16.4667,16.1308,16.0863
506,JURONG WEST ST 52,exact,16.4422,16.4392,16.1081,16.0634
507,JURONG WEST ST 52,exact,16.4714,16.4683,16.1388,16.0940
508,JURONG WEST ST 52,exact,16.4282,16.4252,16.0967,16.0519
510,JURONG WEST ST 52,exact,16.3380,16.3349,16.0065,15.9617
511,JURONG WEST ST 52,exact,16.2952,16.2921,15.9670,15.9221
513,JURONG WEST ST 52,exact,16.2412,16.2381,15.9141,15.8692
514,JURONG WEST ST 52,exact,16.1730,16.1699,15.8486,15.8036
515,JURONG WEST ST 52,exact,16.0981,16.0950,15.7750,15.7299
516,JURONG WEST ST 52,exact,16.0883,16.0851,15.7721,15.7268
517,JURONG WEST ST 52,exact,16.1885,16.1852,15.8724,15.8271
517A,JURONG WEST ST 52,exact,16.0094,16.0062,15.6925,15.6472
517C,JURONG WEST ST 52,exact,16.1151,16.1119,15.8041,15.7587
517D,JURONG WEST ST 52,exact,16.1715,16.1683,15.8622,15.8167
517E,JURONG WEST ST 52,exact,16.1994,16.1960,15.8935,15.8479
518,JURONG WEST ST 52,exact,16.3285,16.3252,16.0222,15.9766
519,JURONG WEST ST 52,exact,16.3895,16.3862,16.0813,16.0358
520,JURONG WEST ST 52,exact,16.3862,16.3829,16.0736,16.0282
521,JURONG WEST ST 52,exact,16.4728,16.4695,16.1588,16.1134
522,JURONG WEST ST 52,exact,16.5256,16.5224,16.2141,16.1687
523,JURONG WEST ST 52,exact,16.5902,16.5869,16.2781,16.2327
524,JURONG WEST ST 52,exact,16.5015,16.4983,16.1837,16.1385
525,JURONG WEST ST 52,exact,16.5994,16.5961,16.2833,16.2380
526,JURONG WEST ST 52,exact,16.5441,16.5409,16.2238,16.1787
527,JURONG WEST ST 52,exact,16.6175,16.6143,16.2977,16.2525
528,JURONG WEST ST 52,exact,16.5845,16.5814,16.2604,16.2154
529,JURONG WEST ST 52,exact,16.6657,16.6625,16.3431,16.2981
530,JURONG WEST ST 52,exact,16.7438,16.7406,16.4225,16.3774
531,JURONG WEST ST 52,exact,16.7829,16.7797,16.4585,16.4135
532,JURONG WEST ST 52,exact,16.7185,16.7153,16.3918,16.3469
533,JURONG WEST ST 52,exact,16.6628,16.6596,16.3364,16.2914
534,JURONG WEST ST 52,exact,16.6007,16.5976,16.2722,16.2273
535,JURONG WEST ST 52,exact,16.6323,16.6292,16.3011,16.2564
536,JURONG WEST ST 52,exact,16.6861,16.6830,16.3527,16.3080
622,JURONG WEST ST 61,exact,18.0949,18.0909,17.8626,17.8151
623,JURONG WEST ST 61,exact,18.1538,18.1498,17.9240,17.8764
624,JURONG WEST ST 61,exact,18.2102,18.2062,17.9783,17.9308
625,JURONG WEST ST 61,exact,18.1431,18.1392,17.9049,17.8575
637,JURONG WEST ST 61,exact,18.2309,18.2269,17.9941,17.9467
639,JURONG WEST ST 61,exact,18.3101,18.3061,18.0809,18.0332
640,JURONG WEST ST 61,exact,18.3131,18.3091,18.0877,18.0400
641,JURONG WEST ST 61,exact,18.3641,18.3601,18.1361,18.0884
642,JURONG WEST ST 61,exact,18.4067,18.4027,18.1815,18.1337
643,JURONG WEST ST 61,exact,18.3802,18.3761,18.1620,18.1140
644,JURONG WEST ST 61,exact,18.3231,18.3190,18.1015,18.0537
645,JURONG WEST ST 61,exact,18.2914,18.2873,18.0729,18.0250
646,JURONG WEST ST 61,exact,18.2394,18.2354,18.0171,17.9693
647,JURONG WEST ST 61,exact,18.2352,18.2311,18.0084,17.9607
648A,JURONG WEST ST 61,exact,18.1417,18.1376,17.9253,17.8773
648B,JURONG WEST ST 61,exact,18.0859,18.0818,17.8680,17.8200
648C,JURONG WEST ST 61,exact,18.1331,18.1290,17.9121,17.8642
648D,JURONG WEST ST 61,exact,18.1783,18.1743,17.9551,17.9073
649A,JURONG WEST ST 61,exact,18.1601,18.1560,17.9460,17.8980
649B,JURONG WEST ST 61,exact,18.0776,18.0734,17.8624,17.8143
650A,JURONG WEST ST 61,exact,18.2072,18.2030,17.9940,17.9460
650B,JURONG WEST ST 61,exact,18.2677,18.2636,18.0558,18.0077
650C,JURONG WEST ST 61,exact,18.2764,18.2723,18.0619,18.0139
651A,JURONG WEST ST 61,exact,18.0639,18.0598,17.8546,17.8064
651B,JURONG WEST ST 61,exact,18.0301,18.0259,17.8201,17.7720
652A,JURONG WEST ST 61,exact,18.0081,18.0040,17.8004,17.7522
652B,JURONG WEST ST 61,exact,18.0429,18.0387,17.8361,17.7879
652C,JURONG WEST ST 61,exact,18.1256,18.1214,17.9203,17.8721
653A,JURONG WEST ST 61,exact,18.1939,18.1897,17.9882,17.9399
653B,JURONG WEST ST 61,exact,18.1565,18.1522,17.9556,17.9072
653C,JURONG WEST ST 61,exact,18.1104,18.1061,17.9131,17.8646
654A,JURONG WEST ST 61,exact,17.9926,17.9884,17.7884,17.7402
654B,JURONG WEST ST 61,exact,18.0307,18.0265,17.8270,17.7787
654C,JURONG WEST ST 61,exact,18.0875,18.0832,17.8869,17.8385
655A,JURONG WEST ST 61,exact,17.9513,17.9471,17.7504,17.7021
655B,JURONG WEST ST 61,exact,18.0520,18.0477,17.8532,17.8047
656A,JURONG WEST ST 61,exact,17.8531,17.8489,17.6516,17.6032
656B,JURONG WEST ST 61,exact,17.8655,17.8613,17.6605,17.6122
656C,JURONG WEST ST 61,exact,17.8107,17.8065,17.6041,17.5558
656D,JURONG WEST ST 61,exact,17.8092,17.8050,17.6058,17.5575
601,JURONG WEST ST 62,exact,17.9310,17.9270,17.7014,17.6537
602,JURONG WEST ST 62,exact,17.9068,17.9028,17.6795,17.6318
603,JURONG WEST ST 62,exact,17.8668,17.8628,17.6415,17.5937
604,JURONG WEST ST 62,exact,17.8968,17.8927,17.6737,17.6259
605,JURONG WEST ST 62,exact,17.9450,17.9409,17.7239,17.6760
613,JURONG WEST ST 62,exact,17.8805,17.8765,17.6490,17.6014
660A,JURONG WEST ST 64,exact,17.3456,17.3415,17.1322,17.0841
660B,JURONG WEST ST 64,exact,17.3777,17.3736,17.1613,17.1133
660C,JURONG WEST ST 64,exact,17.4416,17.4375,17.2232,17.1753
660D,JURONG WEST ST 64,exact,17.4676,17.4635,17.2517,17.2037
661A,JURONG WEST ST 64,exact,17.2572,17.2531,17.0422,16.9941
661B,JURONG WEST ST 64,exact,17.2191,17.2150,17.0010,16.9531
661C,JURONG WEST ST 64,exact,17.2816,17.2775,17.0642,17.0162
661D,JURONG WEST ST 64,exact,17.3482,17.3441,17.1288,17.0808
662A,JURONG WEST ST 64,exact,17.5537,17.5496,17.3359,17.2880
662B,JURONG WEST ST 64,exact,17.4909,17.4868,17.2709,17.2230
662C,JURONG WEST ST 64,exact,17.4427,17.4387,17.2186,17.1707
662D,JURONG WEST ST 64,exact,17.3961,17.3921,17.1746,17.1267
664A,JURONG WEST ST 64,exact,17.5738,17.5698,17.3401,17.2926
664B,JURONG WEST ST 64,exact,17.5211,17.5171,17.2924,17.2447
664C,JURONG WEST ST 64,exact,17.5605,17.5565,17.3335,17.2858
664D,JURONG WEST ST 64,exact,17.6275,17.6236,17.3968,17.3491
665A,JURONG WEST ST 64,exact,17.6371,17.6331,17.3984,17.3510
665B,JURONG WEST ST 64,exact,17.6442,17.6403,17.4078,17.3603
668A,JURONG WEST ST 64,exact,17.7319,17.7281,17.4830,17.4359
668B,JURONG WEST ST 64,exact,17.6835,17.6797,17.4329,17.3859
668C,JURONG WEST ST 64,exact,17.6575,17.6537,17.4106,17.3634
668D,JURONG WEST ST 64,exact,17.6963,17.6924,17.4507,17.4035
669A,JURONG WEST ST 64,exact,17.7489,17.7451,17.4930,17.4460
669B,JURONG WEST ST 64,exact,17.7814,17.7776,17.5265,17.4795
669C,JURONG WEST ST 64,exact,17.8074,17.8036,17.5484,17.5016
669D,JURONG WEST ST 64,exact,17.7586,17.7548,17.4991,17.4522
675A,JURONG WEST ST 64,exact,17.8215,17.8179,17.5495,17.5030
675B,JURONG WEST ST 64,exact,17.8174,17.8138,17.5430,17.4966
676A,JURONG WEST ST 64,exact,17.7343,17.7308,17.4566,17.4102
676B,JURONG WEST ST 64,exact,17.7721,17.7685,17.4949,17.4485
677A,JURONG WEST ST 64,exact,17.6691,17.6655,17.3921,17.3458
677B,JURONG WEST ST 64,exact,17.7152,17.7115,17.4407,17.3943
677C,JURONG WEST ST 64,exact,17.6651,17.6615,17.3900,17.3436
678A,JURONG WEST ST 64,exact,17.7107,17.7071,17.4386,17.3921
678B,JURONG WEST ST 64,exact,17.7644,17.7607,17.4931,17.4466
678C,JURONG WEST ST 64,exact,17.7567,17.7530,17.4875,17.4410
678D,JURONG WEST ST 64,exact,17.8047,17.8011,17.5362,17.4896
683C,JURONG WEST ST 64,exact,17.6059,17.6021,17.3437,17.2969
684A,JURONG WEST ST 64,exact,17.7134,17.7097,17.4489,17.4022
684B,JURONG WEST ST 64,exact,17.6770,17.6733,17.4128,17.3661
684C,JURONG WEST ST 64,exact,17.6368,17.6331,17.3736,17.3268
685A,JURONG WEST ST 64,exact,17.6584,17.6547,17.3980,17.3511
685B,JURONG WEST ST 64,exact,17.6435,17.6397,17.3850,17.3382
606,JURONG WEST ST 65,exact,17.9549,17.9508,17.7376,17.6896
607,JURONG WEST ST 65,exact,17.9129,17.9088,17.6945,17.6466
608,JURONG WEST ST 65,exact,17.8633,17.8592,17.6439,17.5960
609,JURONG WEST ST 65,exact,17.8184,17.8143,17.5985,17.5506
610,JURONG WEST ST 65,exact,17.8049,17.8008,17.5820,17.5342
611,JURONG WEST ST 65,exact,17.8380,17.8340,17.6117,17.5640
612,JURONG WEST ST 65,exact,17.8655,17.8615,17.6363,17.5887
617,JURONG WEST ST 65,exact,17.9363,17.9323,17.6980,17.6506
618,JURONG WEST ST 65,exact,17.9672,17.9633,17.7252,17.6779
619,JURONG WEST ST 65,exact,18.0284,18.0245,17.7879,17.7406
620,JURONG WEST ST 65,exact,18.0693,18.0654,17.8301,17.7827
621,JURONG WEST ST 65,exact,18.0448,18.0408,17.8085,17.7611
626,JURONG WEST ST 65,exact,18.1851,18.1812,17.9456,17.8982
627,JURONG WEST ST 65,exact,18.1512,18.1473,17.9101,17.8627
628,JURONG WEST ST 65,exact,18.1027,18.0988,17.8590,17.8117
629,JURONG WEST ST 65,exact,18.0924,18.0885,17.8463,17.7991
630,JURONG WEST ST 65,exact,18.0422,18.0383,17.7941,17.7469
631,JURONG WEST ST 65,exact,18.0646,18.0608,17.8126,17.7656
632,JURONG WEST ST 65,exact,18.1356,18.1318,17.8806,17.8336
633,JURONG WEST ST 65,exact,18.1569,18.1531,17.9071,17.8600
634,JURONG WEST ST 65,exact,18.1987,18.1948,17.9509,17.9037
635,JURONG WEST ST 65,exact,18.2352,18.2313,17.9902,17.9430
636,JURONG WEST ST 65,exact,18.2683,18.2644,18.0276,17.9803
657A,JURONG WEST ST 65,exact,17.7567,17.7525,17.5531,17.5048
657B,JURONG WEST ST 65,exact,17.7187,17.7145,17.5105,17.4623
658A,JURONG WEST ST 65,exact,17.7307,17.7266,17.5166,17.4685
658B,JURONG WEST ST 65,exact,17.7467,17.7426,17.5354,17.4873
658C,JURONG WEST ST 65,exact,17.7895,17.7854,17.5765,17.5284
658D,JURONG WEST ST 65,exact,17.7736,17.7694,17.5577,17.5097
659A,JURONG WEST ST 65,exact,17.5970,17.5929,17.3803,17.3323
659B,JURONG WEST ST 65,exact,17.6338,17.6297,17.4175,17.3695
659C,JURONG WEST ST 65,exact,17.6274,17.6232,17.4144,17.3664
659D,JURONG WEST ST 65,exact,17.5633,17.5591,17.3490,17.3010
663A,JURONG WEST ST 65,exact,17.7408,17.7368,17.5152,17.4675
663B,JURONG WEST ST 65,exact,17.7196,17.7155,17.4963,17.4485
663C,JURONG WEST ST 65,exact,17.6299,17.6259,17.4055,17.3577
663D,JURONG WEST ST 65,exact,17.6700,17.6660,17.4408,17.3931
666A,JURONG WEST ST 65,exact,17.8058,17.8018,17.5728,17.5253
666B,JURONG WEST ST 65,exact,17.7395,17.7355,17.5063,17.4588
667A,JURONG WEST ST 65,exact,17.8730,17.8691,17.6276,17.5804
667B,JURONG WEST ST 65,exact,17.8300,17.8261,17.5892,17.5418
667C,JURONG WEST ST 65,exact,17.7650,17.7611,17.5216,17.4744
667D,JURONG WEST ST 65,exact,17.8039,17.8000,17.5562,17.5090
670A,JURONG WEST ST 65,exact,17.8273,17.8236,17.5647,17.5180
671A,JURONG WEST ST 65,exact,17.8767,17.8729,17.6155,17.5687
671B,JURONG WEST ST 65,exact,17.9211,17.9173,17.6614,17.6146
671C,JURONG WEST ST 65,exact,17.9655,17.9617,17.7074,17.6605
672A,JURONG WEST ST 65,exact,18.0100,18.0062,17.7539,17.7070
673A,JURONG WEST ST 65,exact,18.0004,17.9966,17.7403,17.6935
673B,JURONG WEST ST 65,exact,17.9632,17.9595,17.7015,17.6547
673C,JURONG WEST ST 65,exact,18.0125,18.0087,17.7496,17.7029
674A,JURONG WEST ST 65,exact,17.8988,17.8950,17.6352,17.5884
674B,JURONG WEST ST 65,exact,17.9533,17.9497,17.6863,17.6396
701,JURONG WEST ST 71,exact,18.5400,18.5360,18.3043,18.2568
702,JURONG WEST ST 71,exact,18.5246,18.5206,18.2908,18.2433
703,JURONG WEST ST 71,exact,18.4559,18.4520,18.2232,18.1756
704,JURONG WEST ST 71,exact,18.4915,18.4875,18.2650,18.2173
705,JURONG WEST ST 71,exact,18.5515,18.5475,18.3254,18.2777
706,JURONG WEST ST 71,exact,18.5905,18.5865,18.3630,18.3153
707,JURONG WEST ST 71,exact,18.6578,18.6538,18.4279,18.3803
708,JURONG WEST ST 71,exact,18.6322,18.6282,18.3998,18.3523
709,JURONG WEST ST 71,exact,18.6369,18.6329,18.4015,18.3540
710,JURONG WEST ST 71,exact,18.6066,18.6026,18.3684,18.3210
711,JURONG WEST ST 71,exact,18.5283,18.5244,18.2877,18.2403
712,JURONG WEST ST 71,exact,18.4168,18.4129,18.1799,18.1325
713,JURONG WEST ST 71,exact,18.4819,18.4781,18.2378,18.1906
714,JURONG WEST ST 71,exact,18.4134,18.4095,18.1688,18.1216
715,JURONG WEST ST 71,exact,18.4798,18.4759,18.2333,18.1861
716,JURONG WEST ST 71,exact,18.4607,18.4569,18.2118,18.1647
717,JURONG WEST ST 71,exact,18.3378,18.3339,18.0933,18.0460
718,JURONG WEST ST 71,exact,18.3628,18.3590,18.1142,18.0671
724,JURONG WEST ST 72,exact,18.3504,18.3467,18.0922,18.0454
730,JURONG WEST ST 72,exact,18.3682,18.3645,18.1034,18.0568
731,JURONG WEST ST 72,exact,18.3098,18.3061,18.0476,18.0008
732,JURONG WEST ST 73,exact,18.2356,18.2320,17.9699,17.9232
733,JURONG WEST ST 73,exact,18.1723,18.1686,17.9084,17.8617
734,JURONG WEST ST 73,exact,18.1276,18.1239,17.8628,17.8161
739,JURONG WEST ST 73,exact,18.1870,18.1833,17.9195,17.8729
743,JURONG WEST ST 73,exact,18.3395,18.3359,18.0661,18.0197
744,JURONG WEST ST 73,exact,18.3222,18.3186,18.0527,18.0062
745,JURONG WEST ST 73,exact,18.4554,18.4518,18.1865,18.1399
746,JURONG WEST ST 73,exact,18.4749,18.4712,18.2035,18.1570
747,JURONG WEST ST 73,exact,18.5456,18.5420,18.2745,18.2280
748,JURONG WEST ST 73,exact,18.4850,18.4814,18.2117,18.1653
749,JURONG WEST ST 73,exact,18.4878,18.4842,18.2125,18.1661
750,JURONG WEST ST 73,exact,18.3676,18.3640,18.0904,18.0441
751,JURONG WEST ST 73,exact,18.3497,18.3461,18.0744,18.0281
752,JURONG WEST ST 74,exact,18.3690,18.3654,18.0878,18.0416
753,JURONG WEST ST 74,exact,18.3127,18.3091,18.0308,17.9846
754,JURONG WEST ST 74,exact,18.2781,18.2745,17.9940,17.9478
755,JURONG WEST ST 74,exact,18.2188,18.2153,17.9351,17.8890
756,JURONG WEST ST 74,exact,18.2721,18.2686,17.9834,17.9374
757,JURONG WEST ST 74,exact,18.2824,18.2789,17.9915,17.9455
758,JURONG WEST ST 74,exact,18.3472,18.3438,18.0545,18.0086
759,JURONG WEST ST 74,exact,18.4122,18.4087,18.1211,18.0752
760,JURONG WEST ST 74,exact,18.3562,18.3527,18.0688,18.0228
761,JURONG WEST ST 74,exact,18.3882,18.3847,18.1041,18.0579
764,JURONG WEST ST 74,exact,18.5071,18.5035,18.2232,18.1770
765,JURONG WEST ST 74,exact,18.5429,18.5394,18.2552,18.2091
766,JURONG WEST ST 74,exact,18.5952,18.5917,18.3105,18.2644
735,JURONG WEST ST 75,exact,18.0882,18.0846,17.8171,17.7706
736,JURONG WEST ST 75,exact,18.0367,18.0330,17.7647,17.7182
737,JURONG WEST ST 75,exact,18.1145,18.1109,17.8399,17.7935
738,JURONG WEST ST 75,exact,18.1516,18.1479,17.8818,17.8352
810,JURONG WEST ST 81,exact,18.7051,18.7014,18.4423,18.3956
811,JURONG WEST ST 81,exact,18.5728,18.5691,18.3109,18.2642
812,JURONG WEST ST 81,exact,18.6406,18.6368,18.3803,18.3335
813,JURONG WEST ST 81,exact,18.6307,18.6269,18.3723,18.3255
814,JURONG WEST ST 81,exact,18.6216,18.6178,18.3651,18.3182
815,JURONG WEST ST 81,exact,18.6016,18.5979,18.3470,18.3001
816,JURONG WEST ST 81,exact,18.5423,18.5385,18.2865,18.2396
817,JURONG WEST ST 81,exact,18.5896,18.5857,18.3389,18.2918
818,JURONG WEST ST 81,exact,18.6591,18.6553,18.4070,18.3600
819,JURONG WEST ST 81,exact,18.7095,18.7057,18.4541,18.4072
820,JURONG WEST ST 81,exact,18.7112,18.7075,18.4522,18.4054
821,JURONG WEST ST 81,exact,18.8069,18.8032,18.5455,18.4987
822,JURONG WEST ST 81,exact,18.8831,18.8794,18.6227,18.5760
823,JURONG WEST ST 81,exact,18.8213,18.8176,18.5621,18.5153
824,JURONG WEST ST 81,exact,18.8223,18.8185,18.5651,18.5183
825,JURONG WEST ST 81,exact,18.9078,18.9040,18.6538,18.6068
826,JURONG WEST ST 81,exact,18.7784,18.7746,18.5226,18.4757
827,JURONG WEST ST 81,exact,18.8930,18.8892,18.6423,18.5953
828,JURONG WEST ST 81,exact,18.8778,18.8739,18.6299,18.5828
828A,JURONG WEST ST 81,exact,18.8296,18.8258,18.5817,18.5346
829,JURONG WEST ST 81,exact,18.7909,18.7871,18.5425,18.4954
830,JURONG WEST ST 81,exact,18.8514,18.8476,18.6019,18.5548
830A,JURONG WEST ST 81,exact,18.7679,18.7641,18.5172,18.4701
831,JURONG WEST ST 81,exact,18.6892,18.6854,18.4396,18.3925
832,JURONG WEST ST 81,exact,18.6139,18.6101,18.3683,18.3211
833,JURONG WEST ST 81,exact,18.6923,18.6884,18.4501,18.4028
834,JURONG WEST ST 81,exact,18.6979,18.6940,18.4602,18.4128
835,JURONG WEST ST 81,exact,18.7504,18.7464,18.5109,18.4635
836,JURONG WEST ST 81,exact,18.7328,18.7288,18.4982,18.4507
837,JURONG WEST ST 81,exact,18.8170,18.8130,18.5816,18.5341
838,JURONG WEST ST 81,exact,18.7847,18.7808,18.5436,18.4963
839,JURONG WEST ST 81,exact,18.8506,18.8466,18.6125,18.5652
840,JURONG WEST ST 81,exact,18.9455,18.9416,18.7053,18.6580
841,JURONG WEST ST 81,exact,18.8822,18.8783,18.6384,18.5912
842,JURONG WEST ST 81,exact,18.8127,18.8089,18.5680,18.5208
843,JURONG WEST ST 81,exact,18.7433,18.7394,18.4992,18.4519
844,JURONG WEST ST 81,exact,18.9449,18.9410,18.6998,18.6526
845,JURONG WEST ST 81,exact,19.0142,19.0103,18.7710,18.7237
846,JURONG WEST ST 81,exact,19.0338,19.0299,18.7874,18.7403
847,JURONG WEST ST 81,exact,19.0154,19.0115,18.7688,18.7217
848,JURONG WEST ST 81,exact,19.0135,19.0097,18.7647,18.7177
849,JURONG WEST ST 81,exact,19.0567,19.0528,18.8079,18.7608
850,JURONG WEST ST 81,exact,19.0511,19.0473,18.7984,18.7514
851,JURONG WEST ST 81,exact,19.0022,18.9984,18.7474,18.7005
852,JURONG WEST ST 81,exact,19.0009,18.9972,18.7405,18.6937
853,JURONG WEST ST 81,exact,18.9626,18.9589,18.7033,18.6565
854,JURONG WEST ST 81,exact,18.6624,18.6587,18.3958,18.3492
855,JURONG WEST ST 81,exact,18.6327,18.6289,18.3681,18.3214
856,JURONG WEST ST 81,exact,18.5941,18.5904,18.3272,18.2806
857,JURONG WEST ST 81,exact,18.6230,18.6193,18.3508,18.3044
858,JURONG WEST ST 81,exact,18.6889,18.6852,18.4164,18.3699
859,JURONG WEST ST 81,exact,18.7401,18.7365,18.4624,18.4161
860,JURONG WEST ST 81,exact,18.6548,18.6512,18.3778,18.3315
861,JURONG WEST ST 81,exact,18.6919,18.6883,18.4110,18.3648
862,JURONG WEST ST 81,exact,18.7201,18.7165,18.4359,18.3898
863,JURONG WEST ST 81,exact,18.8233,18.8197,18.5472,18.5009
864,JURONG WEST ST 81,exact,18.9092,18.9056,18.6335,18.5872
865,JURONG WEST ST 81,exact,18.8326,18.8291,18.5531,18.5069
866,JURONG WEST ST 81,exact,18.8635,18.8599,18.5796,18.5335
902,JURONG WEST ST 91,exact,19.3291,19.3248,19.1285,19.0802
903,JURONG WEST ST 91,exact,19.4082,19.4040,19.2052,19.1569
904,JURONG WEST ST 91,exact,19.4396,19.4354,19.2339,19.1857
905,JURONG WEST ST 91,exact,19.5222,19.5180,19.3163,19.2682
906,JURONG WEST ST 91,exact,19.5500,19.5458,19.3398,19.2918
907,JURONG WEST ST 91,exact,19.4733,19.4691,19.2623,19.2143
908,JURONG WEST ST 91,exact,19.4042,19.4000,19.1960,19.1478
909,JURONG WEST ST 91,exact,19.4198,19.4156,19.2077,19.1597
910,JURONG WEST ST 91,exact,19.4694,19.4652,19.2526,19.2046
911,JURONG WEST ST 91,exact,19.4031,19.3990,19.1866,19.1387
912,JURONG WEST ST 91,exact,19.3407,19.3366,19.1261,19.0781
913,JURONG WEST ST 91,exact,19.3283,19.3242,19.1100,19.0622
914,JURONG WEST ST 91,exact,19.2709,19.2668,19.0544,19.0065
915,JURONG WEST ST 91,exact,19.2678,19.2637,19.0536,19.0057
916,JURONG WEST ST 91,exact,19.2590,19.2549,19.0472,18.9992
917,JURONG WEST ST 91,exact,19.2419,19.2377,19.0323,18.9842
918,JURONG WEST ST 91,exact,19.3226,19.3184,19.1126,19.0645
919,JURONG WEST ST 91,exact,19.2797,19.2755,19.0731,19.0249
933,JURONG WEST ST 91,exact,19.1027,19.0986,18.8790,18.8313
934,JURONG WEST ST 91,exact,19.2198,19.2157,18.9973,18.9496
935,JURONG WEST ST 91,exact,19.2785,19.2744,19.0543,19.0066
936,JURONG WEST ST 91,exact,19.1891,19.1851,18.9640,18.9163
937,JURONG WEST ST 91,exact,19.0868,19.0827,18.8605,18.8128
938,JURONG WEST ST 91,exact,19.1359,19.1318,18.9078,18.8602
939,JURONG WEST ST 91,exact,19.2164,19.2124,18.9893,18.9417
940,JURONG WEST ST 91,exact,19.2462,19.2422,19.0174,18.9698
941,JURONG WEST ST 91,exact,19.2764,19.2724,19.0444,18.9969
942,JURONG WEST ST 91,exact,19.2095,19.2055,18.9774,18.9299
943,JURONG WEST ST 91,exact,19.1656,19.1616,18.9328,18.8853
944,JURONG WEST ST 91,exact,19.2088,19.2049,18.9710,18.9236
945,JURONG WEST ST 91,exact,19.1513,19.1473,18.9147,18.8673
946,JURONG WEST ST 91,exact,19.1162,19.1123,18.8793,18.8319
947,JURONG WEST ST 91,exact,19.0692,19.0652,18.8351,18.7876
948,JURONG WEST ST 91,exact,19.0717,19.0678,18.8325,18.7852
949,JURONG WEST ST 91,exact,18.9546,18.9506,18.7202,18.6727
950,JURONG WEST ST 91,exact,19.0369,19.0329,18.8034,18.7559
952,JURONG WEST ST 91,exact,18.9491,18.9450,18.7197,18.6721
953,JURONG WEST ST 91,exact,19.0007,18.9967,18.7736,18.7259
920,JURONG WEST ST 92,exact,19.1741,19.1699,18.9664,18.9183
921,JURONG WEST ST 92,exact,19.1029,19.0987,18.8957,18.8476
922,JURONG WEST ST 92,exact,19.0417,19.0375,18.8357,18.7875
923,JURONG WEST ST 92,exact,19.0085,19.0043,18.7997,18.7516
924,JURONG WEST ST 92,exact,19.0320,19.0279,18.8190,18.7710
925,JURONG WEST ST 92,exact,19.0995,19.0953,18.8884,18.8403
926,JURONG WEST ST 92,exact,19.1086,19.1044,18.8952,18.8472
928,JURONG WEST ST 92,exact,19.1174,19.1133,18.9016,18.8537
929,JURONG WEST ST 92,exact,19.1286,19.1245,18.9106,18.8628
930,JURONG WEST ST 92,exact,19.0521,19.0480,18.8346,18.7867
931,JURONG WEST ST 92,exact,19.0923,19.0882,18.8716,18.8238
932,JURONG WEST ST 92,exact,19.2092,19.2051,18.9897,18.9419
961,JURONG WEST ST 92,exact,18.8355,18.8314,18.6122,18.5644
965,JURONG WEST ST 93,exact,18.7935,18.7894,18.5690,18.5213
966,JURONG WEST ST 93,exact,18.7627,18.7587,18.5354,18.4877
974,JURONG WEST ST 93,exact,18.6482,18.6441,18.4323,18.3843
975,JURONG WEST ST 93,exact,18.6413,18.6372,18.4213,18.3735
976,JURONG WEST ST 93,exact,18.6058,18.6017,18.3867,18.3389
977,JURONG WEST ST 93,exact,18.5825,18.5784,18.3651,18.3172
978,JURONG WEST ST 93,exact,18.5972,18.5931,18.3744,18.3266
979,JURONG WEST ST 93,exact,18.5234,18.5193,18.3046,18.2567
980,JURONG WEST ST 93,exact,18.5867,18.5826,18.3732,18.3252
986A,JURONG WEST ST 93,exact,18.3634,18.3592,18.1591,18.1108
986B,JURONG WEST ST 93,exact,18.3208,18.3166,18.1154,18.0672
986C,JURONG WEST ST 93,exact,18.2983,18.2941,18.0940,18.0458
987A,JURONG WEST ST 93,exact,18.4065,18.4022,18.2070,18.1586
987B,JURONG WEST ST 93,exact,18.3794,18.3752,18.1790,18.1307
987C,JURONG WEST ST 93,exact,18.3470,18.3427,18.1458,18.0975
987D,JURONG WEST ST 93,exact,18.3159,18.3117,18.1144,18.0660
988A,JURONG WEST ST 93,exact,18.2871,18.2829,18.0858,18.0375
988B,JURONG WEST ST 93,exact,18.2578,18.2536,18.0580,18.0096
988C,JURONG WEST ST 93,exact,18.2437,18.2394,18.0466,17.9981
989A,JURONG WEST ST 93,exact,18.3792,18.3750,18.1830,18.1345
989B,JURONG WEST ST 93,exact,18.3472,18.3429,18.1510,18.1026
989C,JURONG WEST ST 93,exact,18.3123,18.3080,18.1160,18.0676
989D,JURONG WEST ST 93,exact,18.2811,18.2768,18.0845,18.0360
990A,JURONG WEST ST 93,exact,18.2997,18.2954,18.1069,18.0583
990B,JURONG WEST ST 93,exact,18.3329,18.3286,18.1405,18.0919
990C,JURONG WEST ST 93,exact,18.3747,18.3704,18.1808,18.1323
63,KALLANG BAHRU,exact,4.5532,4.5623,3.5593,3.5962
64,KALLANG BAHRU,exact,4.4883,4.4975,3.4978,3.5352
65,KALLANG BAHRU,exact,4.4235,4.4327,3.4365,3.4744
66,KALLANG BAHRU,exact,4.5957,4.6049,3.6188,3.6576
67,KALLANG BAHRU,exact,4.6404,4.6496,3.6541,3.6919
333,KANG CHING RD,exact,15.5105,15.5070,15.2280,15.1816
334,KANG CHING RD,exact,15.5705,15.5670,15.2886,15.2422
335,KANG CHING RD,exact,15.5302,15.5266,15.2501,15.2037
338B,KANG CHING RD,exact,15.6168,15.6132,15.3463,15.2996
339A,KANG CHING RD,exact,15.6509,15.6472,15.3834,15.3367
339B,KANG CHING RD,exact,15.6929,15.6893,15.4240,15.3773
339C,KANG CHING RD,exact,15.6572,15.6536,15.3847,15.3381
339D,KANG CHING RD,exact,15.6187,15.6152,15.3432,15.2967
345,KANG CHING RD,exact,15.7461,15.7426,15.4624,15.4161
346,KANG CHING RD,exact,15.8136,15.8100,15.5314,15.4851
347,KANG CHING RD,exact,15.8951,15.8916,15.6130,15.5667
348,KANG CHING RD,exact,15.9426,15.9391,15.6608,15.6145
352,KANG CHING RD,exact,15.8470,15.8434,15.5726,15.5261
353,KANG CHING RD,exact,15.8236,15.8201,15.5465,15.5000
354,KANG CHING RD,exact,15.7615,15.7580,15.4866,15.4400
355,KANG CHING RD,exact,15.7460,15.7424,15.4753,15.4287
801A,KEAT HONG CL,exact,15.8017,15.8010,15.2288,15.1934
801B,KEAT HONG CL,exact,15.8319,15.8312,15.2606,15.2251
801C,KEAT HONG CL,exact,15.7942,15.7934,15.2261,15.1904
801D,KEAT HONG CL,exact,15.7648,15.7640,15.1961,15.1605
802A,KEAT HONG CL,exact,15.6827,15.6820,15.1154,15.0797
802B,KEAT HONG CL,exact,15.7519,15.7511,15.1859,15.1501
802C,KEAT HONG CL,exact,15.7764,15.7756,15.2112,15.1754
803A,KEAT HONG CL,exact,15.6793,15.6784,15.1173,15.0813
803B,KEAT HONG CL,exact,15.6421,15.6413,15.0788,15.0429
803C,KEAT HONG CL,exact,15.5551,15.5543,14.9913,14.9554
803D,KEAT HONG CL,exact,15.4927,15.4919,14.9302,14.8942
804A,KEAT HONG CL,exact,15.7487,15.7478,15.1916,15.1554
804B,KEAT HONG CL,exact,15.7189,15.7180,15.1652,15.1288
805A,KEAT HONG CL,exact,15.6451,15.6442,15.0897,15.0535
805B,KEAT HONG CL,exact,15.5840,15.5832,15.0271,14.9909
805C,KEAT HONG CL,exact,15.5402,15.5394,14.9818,14.9456
805D,KEAT HONG CL,exact,15.4247,15.4239,14.8630,14.8270
816A,KEAT HONG LINK,exact,15.3447,15.3443,14.7477,14.7134
816B,KEAT HONG LINK,exact,15.3756,15.3751,14.7801,14.7457
817A,KEAT HONG LINK,exact,15.4106,15.4102,14.8120,14.7778
817B,KEAT HONG LINK,exact,15.4282,15.4278,14.8263,14.7922
817C,KEAT HONG LINK,exact,15.4459,15.4456,14.8407,14.8068
28,KELANTAN RD,exact,2.5490,2.5575,1.5094,1.5408
29,KELANTAN RD,exact,2.5305,2.5389,1.4871,1.5175
30,KELANTAN RD,exact,2.4956,2.5040,1.4504,1.4804
51,KENT RD,exact,3.6755,3.6824,2.6230,2.6323
52,KENT RD,exact,3.5982,3.6052,2.5432,2.5536
53,KENT RD,exact,3.6504,3.6575,2.5933,2.6048
54,KENT RD,exact,3.7133,3.7205,2.6544,2.6671
12,KG ARANG RD,exact,4.0624,4.0717,3.5763,3.6310
14,KG ARANG RD,exact,4.0813,4.0905,3.6174,3.6722
18,KG BAHRU HILL,none,,,,
19,KG BAHRU HILL,none,,,,
22,KG BAHRU HILL,none,,,,
23,KG BAHRU HILL,none,,,,
24,KG BAHRU HILL,none,,,,
1,KG KAYU RD,exact,4.2228,4.2323,3.6708,3.7253
34,KIM CHENG ST,exact,2.2085,2.2021,2.4958,2.4418
41,KIM CHENG ST,exact,2.2065,2.2000,2.5038,2.4499
42,KIM CHENG ST,exact,2.2044,2.1978,2.5138,2.4600
45,KIM CHENG ST,exact,2.2028,2.1962,2.5222,2.4685
194,KIM KEAT AVE,exact,5.3060,5.3138,4.2440,4.2640
195,KIM KEAT AVE,exact,5.2517,5.2596,4.1911,4.2125
253,KIM KEAT AVE,exact,5.3199,5.3277,4.2576,4.2771
254,KIM KEAT AVE,exact,5.3957,5.4035,4.3338,4.3538
255,KIM KEAT AVE,exact,5.3789,5.3867,4.3166,4.3359
256,KIM KEAT AVE,exact,5.4489,5.4567,4.3871,4.4072
257,KIM KEAT AVE,exact,5.4766,5.4843,4.4140,4.4325
258,KIM KEAT AVE,exact,5.5106,5.5184,4.4482,4.4674
259,KIM KEAT AVE,exact,5.6228,5.6305,4.5602,4.5788
241,KIM KEAT LINK,exact,5.2266,5.2342,4.1641,4.1809
242,KIM KEAT LINK,exact,5.1555,5.1631,4.0929,4.1098
243,KIM KEAT LINK,exact,5.2059,5.2135,4.1431,4.1610
244,KIM KEAT LINK,exact,5.2539,5.2615,4.1911,4.2087
245,KIM KEAT LINK,exact,5.2993,5.3069,4.2365,4.2544
246,KIM KEAT LINK,exact,5.2578,5.2654,4.1952,4.2121
247,KIM KEAT LINK,exact,5.2835,5.2909,4.2212,4.2373
248,KIM KEAT LINK,exact,5.3231,5.3307,4.2605,4.2774
249,KIM KEAT LINK,exact,5.3262,5.3338,4.2635,4.2814
250,KIM KEAT LINK,exact,5.4011,5.4088,4.3384,4.3562
251,KIM KEAT LINK,exact,5.3563,5.3639,4.2936,4.3119
252,KIM KEAT LINK,exact,5.3226,5.3303,4.2600,4.2787
38,KIM PONG RD,exact,2.3286,2.3221,2.6094,2.5553
49,KIM PONG RD,exact,2.3240,2.3173,2.6306,2.5767
120,KIM TIAN PL,exact,2.6061,2.5991,2.9481,2.8943
120A,KIM TIAN PL,exact,2.6196,2.6126,2.9490,2.8951
121,KIM TIAN PL,exact,2.5508,2.5437,2.9073,2.8537
121A,KIM TIAN PL,exact,2.5858,2.5786,2.9415,2.8878
7,KIM TIAN PL,exact,2.7094,2.7025,3.0232,2.9691
8,KIM TIAN PL,exact,2.6888,2.6818,3.0217,2.9678
119B,KIM TIAN RD,exact,2.6994,2.6919,3.1028,3.0495
119C,KIM TIAN RD,exact,2.6509,2.6434,3.0462,2.9928
119D,KIM TIAN RD,exact,2.6201,2.6128,3.0006,2.9471
122,KIM TIAN RD,exact,2.5038,2.4969,2.8360,2.7822
123,KIM TIAN RD,exact,2.4958,2.4890,2.8094,2.7554
125,KIM TIAN RD,exact,2.5887,2.5819,2.9048,2.8508
126A,KIM TIAN RD,exact,2.4384,2.4313,2.7983,2.7447
126C,KIM TIAN RD,exact,2.4620,2.4548,2.8422,2.7889
127A,KIM TIAN RD,exact,2.4373,2.4300,2.8343,2.7812
127C,KIM TIAN RD,exact,2.3890,2.3815,2.8091,2.7564
127D,KIM TIAN RD,exact,2.4042,2.3966,2.8392,2.7866
128,KIM TIAN RD,exact,2.4975,2.4900,2.9062,2.8532
129,KIM TIAN RD,exact,2.5238,2.5162,2.9445,2.8916
130,KIM TIAN RD,exact,2.4881,2.4803,2.9423,2.8899
131B,KIM TIAN RD,exact,2.5804,2.5728,3.0045,2.9516
131C,KIM TIAN RD,exact,2.5397,2.5319,2.9915,2.9390
6,KIM TIAN RD,exact,2.6675,2.6607,2.9634,2.9091
804,KING GEORGE'S AVE,exact,2.8828,2.8918,1.8768,1.9139
805,KING GEORGE'S AVE,exact,2.9284,2.9373,1.9212,1.9581
806,KING GEORGE'S AVE,exact,2.9647,2.9737,1.9594,1.9965
807,KING GEORGE'S AVE,exact,3.0555,3.0644,2.0492,2.0860
671A,KLANG LANE,exact,2.7938,2.8009,1.7368,1.7481
671B,KLANG LANE,exact,2.8407,2.8479,1.7821,1.7945
672A,KLANG LANE,exact,2.7590,2.7663,1.6996,1.7126
672B,KLANG LANE,exact,2.8214,2.8288,1.7609,1.7749
334,KRETA AYER RD,exact,1.0359,1.0276,1.7104,1.6667
43,LENGKOK BAHRU,exact,4.5072,4.5010,4.6589,4.6043
44,LENGKOK BAHRU,exact,4.4274,4.4212,4.5825,4.5279
45,LENGKOK BAHRU,exact,4.3247,4.3184,4.4835,4.4289
46,LENGKOK BAHRU,exact,4.3195,4.3133,4.4695,4.4149
47,LENGKOK BAHRU,exact,4.4169,4.4107,4.5642,4.5096
48,LENGKOK BAHRU,exact,4.5144,4.5082,4.6578,4.6032
51,LENGKOK BAHRU,exact,4.3730,4.3669,4.5085,4.4540
52,LENGKOK BAHRU,exact,4.2647,4.2588,4.3770,4.3225
53,LENGKOK BAHRU,exact,4.2589,4.2531,4.3614,4.3070
54,LENGKOK BAHRU,exact,4.2384,4.2326,4.3329,4.2785
63A,LENGKOK BAHRU,exact,4.0579,4.0523,4.1367,4.0824
63B,LENGKOK BAHRU,exact,4.0569,4.0512,4.1523,4.0979
101,LENGKONG TIGA,exact,8.0599,8.0694,7.4055,7.4580
102,LENGKONG TIGA,exact,8.0656,8.0752,7.4055,7.4579
103,LENGKONG TIGA,exact,8.0781,8.0877,7.4148,7.4672
104,LENGKONG TIGA,exact,7.9930,8.0026,7.3269,7.3792
105,LENGKONG TIGA,exact,8.0207,8.0303,7.3563,7.4087
106,LENGKONG TIGA,exact,7.9752,7.9848,7.3160,7.3684
107,LENGKONG TIGA,exact,7.9818,7.9914,7.3250,7.3775
108,LENGKONG TIGA,exact,7.9529,7.9624,7.2998,7.3524
109,LENGKONG TIGA,exact,8.0057,8.0153,7.3561,7.4087
110,LENGKONG TIGA,exact,7.9620,7.9716,7.3231,7.3760
111,LENGKONG TIGA,exact,8.0287,8.0382,7.3884,7.4412
112,LENGKONG TIGA,exact,8.0031,8.0126,7.3694,7.4224
113,LENGKONG TIGA,exact,8.0469,8.0564,7.4168,7.4697
114,LENGKONG TIGA,exact,8.0407,8.0503,7.4148,7.4679
115,LENGKONG TIGA,exact,7.9548,7.9643,7.3256,7.3786
116,LENGKONG TIGA,exact,8.0026,8.0121,7.3793,7.4324
3,LIM CHU KANG RD,none,,,,
4,LIM CHU KANG RD,exact,22.4069,22.4066,21.7826,21.7501
19,LIM LIAK ST,exact,2.1010,2.0949,2.3665,2.3124
21,LIM LIAK ST,exact,2.1490,2.1428,2.4142,2.3601
23,LIM LIAK ST,exact,2.1982,2.1920,2.4591,2.4049
25,LIM LIAK ST,exact,2.2462,2.2400,2.5069,2.4527
27,LIM LIAK ST,exact,2.2954,2.2892,2.5520,2.4978
29,LIM LIAK ST,exact,2.3435,2.3372,2.6000,2.5457
33,LIM LIAK ST,exact,2.2109,2.2046,2.4876,2.4335
35,LIM LIAK ST,exact,2.2709,2.2645,2.5445,2.4904
37,LIM LIAK ST,exact,2.3308,2.3244,2.6016,2.5474
174,LOMPANG RD,exact,14.3069,14.3076,13.6124,13.5833
175,LOMPANG RD,exact,14.2950,14.2957,13.6038,13.5745
176,LOMPANG RD,exact,14.2573,14.2580,13.5691,13.5396
177,LOMPANG RD,exact,14.3911,14.3917,13.7002,13.6709
178,LOMPANG RD,exact,14.4183,14.4189,13.7306,13.7011
179,LOMPANG RD,exact,14.3669,14.3675,13.6798,13.6502
180,LOMPANG RD,exact,14.3074,14.3079,13.6261,13.5962
100,LOR 1 TOA PAYOH,exact,6.2193,6.2259,5.1726,5.1802
107,LOR 1 TOA PAYOH,exact,6.4134,6.4198,5.3710,5.3773
108,LOR 1 TOA PAYOH,exact,6.4488,6.4552,5.4063,5.4126
109,LOR 1 TOA PAYOH,exact,6.4236,6.4299,5.3857,5.3908
110,LOR 1 TOA PAYOH,exact,6.4568,6.4631,5.4179,5.4232
111,LOR 1 TOA PAYOH,exact,6.4334,6.4395,5.3994,5.4035
112,LOR 1 TOA PAYOH,exact,6.4662,6.4724,5.4313,5.4356
113,LOR 1 TOA PAYOH,exact,6.4472,6.4532,5.4165,5.4198
114,LOR 1 TOA PAYOH,exact,6.4133,6.4193,5.3843,5.3872
115,LOR 1 TOA PAYOH,exact,6.3792,6.3853,5.3505,5.3533
117,LOR 1 TOA PAYOH,exact,6.2976,6.3038,5.2639,5.2679
118,LOR 1 TOA PAYOH,exact,6.2534,6.2595,5.2225,5.2258
119,LOR 1 TOA PAYOH,exact,6.2060,6.2121,5.1765,5.1795
123,LOR 1 TOA PAYOH,exact,6.1425,6.1487,5.1082,5.1124
124,LOR 1 TOA PAYOH,exact,6.1560,6.1621,5.1271,5.1300
125,LOR 1 TOA PAYOH,exact,6.1070,6.1132,5.0728,5.0769
126,LOR 1 TOA PAYOH,exact,6.0573,6.0634,5.0264,5.0297
128,LOR 1 TOA PAYOH,exact,6.0680,6.0740,5.0413,5.0437
130A,LOR 1 TOA PAYOH,exact,6.0398,6.0456,5.0201,5.0210
130B,LOR 1 TOA PAYOH,exact,6.0471,6.0529,5.0306,5.0309
131A,LOR 1 TOA PAYOH,exact,6.1514,6.1573,5.1294,5.1308
131B,LOR 1 TOA PAYOH,exact,6.1459,6.1517,5.1273,5.1280
153A,LOR 1 TOA PAYOH,exact,5.6032,5.6092,4.5750,4.5776
155,LOR 1 TOA PAYOH,exact,5.4971,5.5032,4.4677,4.4705
156,LOR 1 TOA PAYOH,exact,5.4767,5.4828,4.4498,4.4520
157,LOR 1 TOA PAYOH,exact,5.4338,5.4399,4.4057,4.4082
158,LOR 1 TOA PAYOH,exact,5.3578,5.3638,4.3328,4.3346
159,LOR 1 TOA PAYOH,exact,5.2706,5.2766,4.2429,4.2453
160,LOR 1 TOA PAYOH,exact,5.3008,5.3067,4.2766,4.2782
161,LOR 1 TOA PAYOH,exact,5.2531,5.2591,4.2295,4.2310
163,LOR 1 TOA PAYOH,exact,5.4381,5.4439,4.4187,4.4194
166,LOR 1 TOA PAYOH,none,,,,
167,LOR 1 TOA PAYOH,none,,,,
168,LOR 1 TOA PAYOH,exact,5.4177,5.4234,4.4034,4.4030
169,LOR 1 TOA PAYOH,exact,5.4278,5.4334,4.4189,4.4175
171,LOR 1 TOA PAYOH,exact,5.3140,5.3196,4.3071,4.3053
172,LOR 1 TOA PAYOH,exact,5.2700,5.2756,4.2606,4.2593
172A,LOR 1 TOA PAYOH,exact,5.2738,5.2793,4.2692,4.2670
173,LOR 1 TOA PAYOH,exact,5.2426,5.2482,4.2379,4.2357
174,LOR 1 TOA PAYOH,exact,5.3283,5.3337,4.3272,4.3244
236,LOR 1 TOA PAYOH,exact,6.2907,6.2977,5.2338,5.2455
237,LOR 1 TOA PAYOH,exact,6.2353,6.2424,5.1781,5.1899
238,LOR 1 TOA PAYOH,exact,6.2832,6.2902,5.2275,5.2386
239,LOR 1 TOA PAYOH,exact,6.3166,6.3235,5.2622,5.2726
240,LOR 1 TOA PAYOH,exact,6.3577,6.3645,5.3038,5.3140
98,LOR 1 TOA PAYOH,exact,6.1774,6.1840,5.1315,5.1388
138A,LOR 1A TOA PAYOH,exact,5.9310,5.9372,4.8992,4.9027
138B,LOR 1A TOA PAYOH,exact,5.8798,5.8859,4.8474,4.8510
138C,LOR 1A TOA PAYOH,exact,5.8891,5.8951,4.8606,4.8633
139A,LOR 1A TOA PAYOH,exact,5.9031,5.9090,4.8795,4.8811
139B,LOR 1A TOA PAYOH,exact,5.9534,5.9593,4.9303,4.9319
101A,LOR 2 TOA PAYOH,exact,6.2482,6.2546,5.2064,5.2125
101B,LOR 2 TOA PAYOH,exact,6.2297,6.2361,5.1866,5.1931
116,LOR 2 TOA PAYOH,exact,6.3396,6.3459,5.3023,5.3072
120,LOR 2 TOA PAYOH,exact,6.1980,6.2042,5.1641,5.1681
121,LOR 2 TOA PAYOH,exact,6.1935,6.1998,5.1564,5.1612
122,LOR 2 TOA PAYOH,exact,6.2643,6.2705,5.2267,5.2316
141,LOR 2 TOA PAYOH,exact,5.8314,5.8375,4.7988,4.8024
142,LOR 2 TOA PAYOH,exact,5.8386,5.8446,4.8090,4.8119
143,LOR 2 TOA PAYOH,exact,5.8606,5.8665,4.8377,4.8392
144,LOR 2 TOA PAYOH,exact,5.8013,5.8072,4.7787,4.7801
145,LOR 2 TOA PAYOH,exact,5.7570,5.7632,4.7225,4.7266
146,LOR 2 TOA PAYOH,exact,5.6933,5.6996,4.6578,4.6621
147,LOR 2 TOA PAYOH,exact,5.6972,5.7033,4.6692,4.6718
152,LOR 2 TOA PAYOH,exact,5.6448,5.6509,4.6125,4.6160
153,LOR 2 TOA PAYOH,exact,5.5809,5.5870,4.5500,4.5532
154,LOR 2 TOA PAYOH,exact,5.5443,5.5505,4.5112,4.5149
175,LOR 2 TOA PAYOH,exact,5.5468,5.5531,4.5089,4.5138
83,LOR 2 TOA PAYOH,exact,5.8040,5.8105,4.7607,4.7671
84,LOR 2 TOA PAYOH,exact,5.7437,5.7502,4.7021,4.7081
84A,LOR 2 TOA PAYOH,exact,5.7640,5.7703,4.7252,4.7304
84B,LOR 2 TOA PAYOH,exact,5.8116,5.8179,4.7737,4.7787
86,LOR 2 TOA PAYOH,exact,5.8039,5.8103,4.7622,4.7682
89,LOR 2 TOA PAYOH,none,,,,
99A,LOR 2 TOA PAYOH,exact,6.1456,6.1519,5.1059,5.1114
99B,LOR 2 TOA PAYOH,exact,6.1378,6.1442,5.0965,5.1024
99C,LOR 2 TOA PAYOH,exact,6.1662,6.1727,5.1240,5.1302
111,LOR 3 GEYLANG,exact,4.0384,4.0481,3.1845,3.2322
112,LOR 3 GEYLANG,exact,4.0199,4.0295,3.1697,3.2176
113,LOR 3 GEYLANG,exact,3.9976,4.0073,3.1527,3.2009
114,LOR 3 GEYLANG,exact,3.9842,3.9939,3.1462,3.1947
91,LOR 3 TOA PAYOH,exact,6.0707,6.0773,5.0242,5.0317
96,LOR 3 TOA PAYOH,exact,6.1162,6.1227,5.0704,5.0777
97,LOR 3 TOA PAYOH,exact,6.1205,6.1269,5.0771,5.0836
191,LOR 4 TOA PAYOH,exact,5.3586,5.3655,4.3047,4.3149
193,LOR 4 TOA PAYOH,exact,5.3247,5.3317,4.2700,4.2806
56,LOR 4 TOA PAYOH,exact,5.9306,5.9375,4.8783,4.8879
58,LOR 4 TOA PAYOH,exact,5.8989,5.9057,4.8462,4.8559
60,LOR 4 TOA PAYOH,exact,5.8520,5.8589,4.7986,4.8086
62,LOR 4 TOA PAYOH,exact,5.8486,5.8556,4.7932,4.8041
66,LOR 4 TOA PAYOH,exact,5.7055,5.7125,4.6494,4.6606
69,LOR 4 TOA PAYOH,exact,5.6146,5.6218,4.5563,4.5688
70,LOR 4 TOA PAYOH,exact,5.6435,5.6506,4.5860,4.5980
71,LOR 4 TOA PAYOH,exact,5.6128,5.6198,4.5556,4.5673
73,LOR 4 TOA PAYOH,exact,5.6284,5.6354,4.5724,4.5836
80,LOR 4 TOA PAYOH,exact,5.7422,5.7488,4.6969,4.7040
80A,LOR 4 TOA PAYOH,exact,5.7414,5.7480,4.6932,4.7012
80B,LOR 4 TOA PAYOH,exact,5.7391,5.7458,4.6886,4.6974
81,LOR 4 TOA PAYOH,exact,5.7506,5.7574,4.6983,4.7078
81A,LOR 4 TOA PAYOH,exact,5.7790,5.7858,4.7278,4.7369
81B,LOR 4 TOA PAYOH,exact,5.8146,5.8213,4.7643,4.7731
82,LOR 4 TOA PAYOH,exact,5.8263,5.8328,4.7807,4.7879
82A,LOR 4 TOA PAYOH,exact,5.8192,5.8259,4.7720,4.7797
82B,LOR 4 TOA PAYOH,exact,5.7801,5.7867,4.7334,4.7409
85,LOR 4 TOA PAYOH,exact,5.8562,5.8628,4.8109,4.8180
85A,LOR 4 TOA PAYOH,exact,5.8510,5.8577,4.8020,4.8103
85B,LOR 4 TOA PAYOH,exact,5.8561,5.8627,4.8108,4.8179
85C,LOR 4 TOA PAYOH,exact,5.8632,5.8696,4.8219,4.8278
92,LOR 4 TOA PAYOH,exact,6.0493,6.0560,4.9998,5.0083
94,LOR 4 TOA PAYOH,exact,6.1405,6.1472,5.0906,5.0992
95,LOR 4 TOA PAYOH,exact,6.1424,6.1491,5.0944,5.1024
30,LOR 5 TOA PAYOH,none,,,,
34,LOR 5 TOA PAYOH,exact,5.6898,5.6971,4.6290,4.6432
35,LOR 5 TOA PAYOH,exact,5.6395,5.6469,4.5782,4.5930
36,LOR 5 TOA PAYOH,exact,5.7002,5.7076,4.6381,4.6538
37,LOR 5 TOA PAYOH,exact,5.6733,5.6808,4.6108,4.6273
38,LOR 5 TOA PAYOH,exact,5.7546,5.7619,4.6929,4.7080
43,LOR 5 TOA PAYOH,exact,5.8137,5.8210,4.7527,4.7671
44,LOR 5 TOA PAYOH,exact,5.8481,5.8554,4.7875,4.8016
45,LOR 5 TOA PAYOH,exact,5.8059,5.8132,4.7458,4.7595
46,LOR 5 TOA PAYOH,exact,5.8704,5.8776,4.8112,4.8242
48,LOR 5 TOA PAYOH,exact,5.9403,5.9475,4.8806,4.8940
49,LOR 5 TOA PAYOH,exact,5.9705,5.9777,4.9115,4.9244
50,LOR 5 TOA PAYOH,exact,5.9269,5.9340,4.8686,4.8810
53,LOR 5 TOA PAYOH,exact,6.0161,6.0230,4.9625,4.9726
54,LOR 5 TOA PAYOH,exact,5.9670,5.9738,4.9146,4.9242
55,LOR 5 TOA PAYOH,exact,5.9663,5.9732,4.9116,4.9222
57,LOR 5 TOA PAYOH,exact,5.9323,5.9392,4.8768,4.8877
59,LOR 5 TOA PAYOH,exact,5.8987,5.9057,4.8425,4.8537
61,LOR 5 TOA PAYOH,exact,5.8664,5.8734,4.8094,4.8211
72,LOR 5 TOA PAYOH,exact,5.5795,5.5865,4.5226,4.5342
47,LOR 6 TOA PAYOH,exact,5.9234,5.9307,4.8629,4.8769
51,LOR 6 TOA PAYOH,exact,6.0146,6.0217,4.9568,4.9690
52,LOR 6 TOA PAYOH,exact,6.0663,6.0734,5.0086,5.0207
1,LOR 7 TOA PAYOH,exact,6.2006,6.2078,5.1411,5.1544
10,LOR 7 TOA PAYOH,exact,5.9797,5.9873,4.9170,4.9347
10B,LOR 7 TOA PAYOH,exact,5.9941,6.0018,4.9316,4.9507
12,LOR 7 TOA PAYOH,exact,5.9382,5.9459,4.8755,4.8938
13,LOR 7 TOA PAYOH,exact,5.9075,5.9154,4.8456,4.8656
14,LOR 7 TOA PAYOH,exact,5.9398,5.9475,4.8774,4.8965
14A,LOR 7 TOA PAYOH,exact,5.8950,5.9028,4.8326,4.8518
14B,LOR 7 TOA PAYOH,exact,5.8380,5.8458,4.7758,4.7951
17,LOR 7 TOA PAYOH,exact,5.8909,5.8985,4.8282,4.8453
18,LOR 7 TOA PAYOH,exact,5.8188,5.8265,4.7561,4.7736
2,LOR 7 TOA PAYOH,exact,6.1095,6.1167,5.0498,5.0632
20,LOR 7 TOA PAYOH,exact,5.7365,5.7441,4.6738,4.6918
3,LOR 7 TOA PAYOH,exact,6.1796,6.1869,5.1187,5.1331
4,LOR 7 TOA PAYOH,exact,6.1707,6.1782,5.1087,5.1243
6,LOR 7 TOA PAYOH,exact,6.1360,6.1436,5.0733,5.0908
7,LOR 7 TOA PAYOH,exact,6.0786,6.0862,5.0159,5.0336
8,LOR 7 TOA PAYOH,exact,6.0518,6.0594,4.9892,5.0062
9,LOR 7 TOA PAYOH,exact,6.0249,6.0326,4.9622,4.9807
11,LOR 8 TOA PAYOH,exact,6.0092,6.0170,4.9471,4.9667
213,LOR 8 TOA PAYOH,exact,6.3803,6.3876,5.3195,5.3338
214,LOR 8 TOA PAYOH,exact,6.4721,6.4794,5.4114,5.4256
215,LOR 8 TOA PAYOH,exact,6.4762,6.4835,5.4147,5.4296
216,LOR 8 TOA PAYOH,exact,6.5420,6.5492,5.4816,5.4955
217,LOR 8 TOA PAYOH,exact,6.5655,6.5728,5.5045,5.5189
218,LOR 8 TOA PAYOH,exact,6.5761,6.5835,5.5146,5.5296
219,LOR 8 TOA PAYOH,exact,6.5859,6.5933,5.5238,5.5395
220,LOR 8 TOA PAYOH,exact,6.5747,6.5822,5.5123,5.5287
221,LOR 8 TOA PAYOH,exact,6.5805,6.5880,5.5178,5.5347
222,LOR 8 TOA PAYOH,exact,6.4775,6.4849,5.4152,5.4312
223,LOR 8 TOA PAYOH,exact,6.4170,6.4244,5.3551,5.3706
224,LOR 8 TOA PAYOH,exact,6.4115,6.4190,5.3492,5.3653
225,LOR 8 TOA PAYOH,exact,6.2252,6.2327,5.1630,5.1790
226,LOR 8 TOA PAYOH,exact,6.2376,6.2451,5.1749,5.1921
227,LOR 8 TOA PAYOH,exact,6.2486,6.2563,5.1859,5.2042
228,LOR 8 TOA PAYOH,exact,6.2193,6.2271,5.1570,5.1762
229,LOR 8 TOA PAYOH,exact,6.1782,6.1860,5.1161,5.1359
230,LOR 8 TOA PAYOH,exact,6.1290,6.1368,5.0671,5.0870
231,LOR 8 TOA PAYOH,exact,6.0335,6.0414,4.9719,4.9922
232,LOR 8 TOA PAYOH,exact,6.0465,6.0543,4.9844,5.0039
233,LOR 8 TOA PAYOH,exact,6.1195,6.1272,5.0570,5.0760
234,LOR 8 TOA PAYOH,exact,6.1470,6.1547,5.0843,5.1027
235,LOR 8 TOA PAYOH,exact,6.1759,6.1836,5.1132,5.1307
128,LOR AH SOO,exact,8.5092,8.5185,7.5275,7.5647
129,LOR AH SOO,exact,8.5453,8.5547,7.5697,7.6074
130,LOR AH SOO,exact,8.4656,8.4749,7.4851,7.5224
131,LOR AH SOO,exact,8.5048,8.5141,7.5268,7.5643
132,LOR AH SOO,exact,8.4152,8.4245,7.4352,7.4725
133,LOR AH SOO,exact,8.4697,8.4791,7.4961,7.5341
134,LOR AH SOO,exact,8.3862,8.3955,7.4081,7.4457
135,LOR AH SOO,exact,8.3325,8.3418,7.3580,7.3960
136,LOR AH SOO,exact,8.2967,8.3061,7.3199,7.3576
137,LOR AH SOO,exact,8.2545,8.2638,7.2813,7.3193
138,LOR AH SOO,exact,8.3979,8.4071,7.4065,7.4426
139,LOR AH SOO,exact,8.4486,8.4578,7.4547,7.4906
140,LOR AH SOO,exact,8.4544,8.4635,7.4575,7.4929
141,LOR AH SOO,exact,8.5216,8.5308,7.5245,7.5599
142,LOR AH SOO,exact,8.4652,8.4744,7.4634,7.4982
143,LOR AH SOO,exact,8.3828,8.3920,7.3825,7.4176
144,LOR AH SOO,exact,8.3790,8.3882,7.3814,7.4168
145,LOR AH SOO,exact,8.3267,8.3359,7.3299,7.3654
1,LOR LEW LIAN,exact,7.9278,7.9367,6.8987,6.9295
2,LOR LEW LIAN,exact,7.9134,7.9222,6.8858,6.9169
3,LOR LEW LIAN,exact,7.9168,7.9257,6.8912,6.9227
4,LOR LEW LIAN,exact,7.9083,7.9172,6.8844,6.9162
5,LOR LEW LIAN,exact,7.8985,7.9074,6.8764,6.9085
6,LOR LEW LIAN,exact,7.8564,7.8654,6.8374,6.8699
7,LOR LEW LIAN,exact,7.8144,7.8233,6.7945,6.8269
8,LOR LEW LIAN,exact,7.7769,7.7858,6.7562,6.7885
76,LOR LIMAU,exact,4.6053,4.6127,3.5436,3.5588
77,LOR LIMAU,exact,4.6155,4.6229,3.5532,3.5693
78,LOR LIMAU,exact,4.6011,4.6087,3.5384,3.5557
32,LOWER DELTA RD,none,,,,
48,LOWER DELTA RD,exact,2.8746,2.8695,2.9468,2.8923
81,MACPHERSON LANE,exact,6.6392,6.6488,5.7390,5.7830
82,MACPHERSON LANE,exact,6.6059,6.6155,5.6996,5.7432
83,MACPHERSON LANE,exact,6.5328,6.5424,5.6302,5.6741
30,MARGARET DR,exact,5.5333,5.5289,5.4241,5.3724
31,MARGARET DR,exact,5.5177,5.5132,5.4184,5.3665
35,MARGARET DR,exact,5.3785,5.3740,5.2895,5.2374
39A,MARGARET DR,exact,5.2313,5.2267,5.1421,5.0900
40A,MARGARET DR,exact,5.2548,5.2502,5.1736,5.1214
40B,MARGARET DR,exact,5.2294,5.2248,5.1519,5.0995
41A,MARGARET DR,exact,5.1696,5.1651,5.0879,5.0356
96,MARGARET DR,none,,,,
27,MARINE CRES,exact,7.2625,7.2711,6.8937,6.9483
28,MARINE CRES,exact,7.2262,7.2348,6.8658,6.9205
29,MARINE CRES,exact,7.1906,7.1991,6.8387,6.8933
30,MARINE CRES,exact,7.0231,7.0318,6.6420,6.6967
31,MARINE CRES,exact,7.0342,7.0429,6.6624,6.7170
32,MARINE CRES,exact,7.0542,7.0628,6.6920,6.7466
33,MARINE CRES,exact,7.0765,7.0850,6.7240,6.7786
34,MARINE CRES,exact,7.1215,7.1302,6.7454,6.8001
35,MARINE CRES,exact,7.1364,7.1450,6.7740,6.8286
43,MARINE CRES,exact,7.2656,7.2743,6.8724,6.9271
44,MARINE CRES,exact,7.2438,7.2525,6.8627,6.9174
45,MARINE CRES,exact,7.1707,7.1794,6.7898,6.8445
46,MARINE CRES,exact,7.2128,7.2215,6.8243,6.8790
47,MARINE CRES,exact,7.2218,7.2306,6.8234,6.8781
60,MARINE DR,exact,6.7185,6.7273,6.3398,6.3945
61,MARINE DR,exact,6.7287,6.7374,6.3557,6.4103
62,MARINE DR,exact,6.7443,6.7529,6.3794,6.4340
63,MARINE DR,exact,6.7553,6.7639,6.3959,6.4506
64,MARINE DR,exact,6.7719,6.7805,6.4179,6.4725
65,MARINE DR,exact,6.8433,6.8520,6.4693,6.5240
66,MARINE DR,exact,6.8622,6.8709,6.4801,6.5348
67,MARINE DR,exact,6.8679,6.8767,6.4765,6.5312
71,MARINE DR,exact,6.8016,6.8104,6.4062,6.4609
72,MARINE DR,exact,6.7318,6.7406,6.3377,6.3924
73,MARINE DR,exact,6.7137,6.7225,6.3273,6.3820
74,MARINE DR,exact,6.5896,6.5984,6.1998,6.2545
75,MARINE DR,exact,6.6009,6.6097,6.2177,6.2723
76,MARINE DR,exact,6.6165,6.6252,6.2418,6.2964
77,MARINE DR,exact,6.6738,6.6824,6.3179,6.3725
78,MARINE DR,exact,6.6393,6.6479,6.2905,6.3451
79,MARINE DR,exact,6.5755,6.5841,6.2247,6.2793
80,MARINE PARADE CTRL,exact,6.6004,6.6090,6.2332,6.2879
81,MARINE PARADE CTRL,exact,6.5359,6.5446,6.1633,6.2179
1,MARINE TER,exact,7.8310,7.8396,7.4690,7.5237
12,MARINE TER,exact,7.5191,7.5277,7.1500,7.2047
13,MARINE TER,exact,7.4825,7.4911,7.1211,7.1758
14,MARINE TER,exact,7.4463,7.4549,7.0928,7.1474
15,MARINE TER,exact,7.3389,7.3476,6.9589,7.0136
16,MARINE TER,exact,7.3315,7.3402,6.9596,7.0143
17,MARINE TER,exact,7.3250,7.3336,6.9627,7.0173
18,MARINE TER,exact,7.3195,7.3281,6.9661,7.0207
19,MARINE TER,exact,7.4437,7.4523,7.0733,7.1280
2,MARINE TER,exact,7.7723,7.7809,7.4139,7.4685
20,MARINE TER,exact,7.4177,7.4263,7.0593,7.1140
3,MARINE TER,exact,7.7136,7.7222,7.3588,7.4135
4,MARINE TER,exact,7.7470,7.7556,7.3780,7.4327
5,MARINE TER,exact,7.6752,7.6838,7.3122,7.3668
54,MARINE TER,exact,7.4669,7.4756,7.0849,7.1396
55,MARINE TER,exact,7.3652,7.3739,6.9774,7.0321
57,MARINE TER,exact,7.5605,7.5693,7.1629,7.2176
58,MARINE TER,exact,7.3931,7.4018,6.9951,7.0498
59,MARINE TER,exact,7.4564,7.4651,7.0651,7.1198
6,MARINE TER,exact,7.5716,7.5801,7.2172,7.2719
7,MARINE TER,exact,7.6647,7.6733,7.3085,7.3631
8,MARINE TER,exact,7.5498,7.5585,7.1857,7.2403
212,MARSILING CRES,exact,20.0591,20.0624,19.1650,19.1509
213,MARSILING CRES,exact,20.1211,20.1243,19.2292,19.2150
217,MARSILING CRES,exact,20.1397,20.1430,19.2464,19.2323
218,MARSILING CRES,exact,20.0749,20.0782,19.1794,19.1655
1,MARSILING DR,exact,19.3755,19.3787,18.4817,18.4676
10,MARSILING DR,exact,19.3134,19.3168,18.4147,18.4011
11,MARSILING DR,exact,19.2425,19.2459,18.3425,18.3290
2,MARSILING DR,exact,19.2561,19.2594,18.3605,18.3466
201,MARSILING DR,exact,19.5935,19.5968,18.6976,18.6837
202,MARSILING DR,exact,19.6517,19.6551,18.7560,18.7421
203,MARSILING DR,exact,19.7510,19.7543,18.8565,18.8425
204,MARSILING DR,exact,19.8132,19.8165,18.9192,18.9052
205,MARSILING DR,exact,19.9126,19.9158,19.0191,19.0050
206,MARSILING DR,exact,19.9643,19.9675,19.0705,19.0564
22,MARSILING DR,exact,19.5644,19.5676,18.6729,18.6585
23,MARSILING DR,exact,19.5813,19.5845,18.6936,18.6789
24,MARSILING DR,exact,19.6358,19.6389,18.7517,18.7367
25,MARSILING DR,exact,19.6829,19.6861,18.7983,18.7834
26,MARSILING DR,exact,19.6273,19.6305,18.7392,18.7246
27,MARSILING DR,exact,19.6121,19.6154,18.7206,18.7063
28,MARSILING DR,exact,19.6862,19.6894,18.7953,18.7810
29,MARSILING DR,exact,19.7339,19.7371,18.8436,18.8291
30,MARSILING DR,exact,19.7270,19.7302,18.8404,18.8256
31,MARSILING DR,exact,19.7726,19.7758,18.8855,18.8708
32,MARSILING DR,exact,19.7832,19.7864,18.8938,18.8793
33,MARSILING DR,exact,19.8458,19.8490,18.9588,18.9441
34,MARSILING DR,exact,19.8889,19.8921,19.0013,18.9866
35,MARSILING DR,exact,20.0024,20.0055,19.1141,19.0995
36,MARSILING DR,exact,20.0131,20.0164,19.1229,19.1085
37,MARSILING DR,exact,20.0586,20.0618,19.1695,19.1550
5,MARSILING DR,exact,19.2983,19.3015,18.4070,18.3927
5A,MARSILING DR,exact,19.3429,19.3462,18.4517,18.4373
6,MARSILING DR,exact,19.4867,19.4900,18.5890,18.5752
7,MARSILING DR,exact,19.4280,19.4314,18.5298,18.5161
8,MARSILING DR,exact,19.3741,19.3775,18.4750,18.4614
9,MARSILING DR,exact,19.4036,19.4069,18.5068,18.4930
12,MARSILING LANE,exact,19.2227,19.2261,18.3205,18.3072
12A,MARSILING LANE,exact,19.3138,19.3173,18.4111,18.3979
12B,MARSILING LANE,exact,19.3039,19.3073,18.4023,18.3890
12C,MARSILING LANE,exact,19.3198,19.3232,18.4193,18.4058
13,MARSILING LANE,exact,19.2510,19.2545,18.3460,18.3330
15,MARSILING LANE,exact,19.3868,19.3902,18.4839,18.4707
16,MARSILING LANE,exact,19.4374,19.4408,18.5348,18.5216
17,MARSILING LANE,exact,19.4830,19.4864,18.5803,18.5671
18,MARSILING LANE,exact,19.5512,19.5546,18.6471,18.6340
19,MARSILING LANE,exact,19.5640,19.5674,18.6618,18.6485
214,MARSILING LANE,exact,20.2011,20.2043,19.3098,19.2955
215,MARSILING LANE,exact,20.2478,20.2511,19.3546,19.3405
216,MARSILING LANE,exact,20.1951,20.1984,19.3023,19.2881
134,MARSILING RD,exact,18.8914,18.8947,17.9988,17.9845
135,MARSILING RD,exact,18.9672,18.9705,18.0720,18.0580
136,MARSILING RD,exact,19.0432,19.0465,18.1469,18.1330
137,MARSILING RD,exact,19.0889,19.0922,18.1944,18.1803
138,MARSILING RD,exact,19.0444,19.0477,18.1499,18.1358
139,MARSILING RD,exact,19.0090,19.0123,18.1150,18.1009
140,MARSILING RD,exact,19.0259,19.0292,18.1338,18.1195
141,MARSILING RD,exact,18.9804,18.9837,18.0876,18.0734
142,MARSILING RD,exact,18.9470,18.9502,18.0547,18.0405
143,MARSILING RD,exact,18.9350,18.9383,18.0443,18.0299
180A,MARSILING RD,exact,19.0987,19.1020,18.2002,18.1865
180B,MARSILING RD,exact,19.0887,19.0920,18.1894,18.1758
114,MARSILING RISE,exact,18.9181,18.9216,18.0104,17.9976
115,MARSILING RISE,exact,18.8882,18.8917,17.9821,17.9692
116,MARSILING RISE,exact,18.8848,18.8882,17.9807,17.9676
117,MARSILING RISE,exact,18.9151,18.9185,18.0118,17.9986
118,MARSILING RISE,exact,18.9358,18.9393,18.0312,18.0181
119,MARSILING RISE,exact,18.9733,18.9768,18.0684,18.0554
120,MARSILING RISE,exact,18.9851,18.9886,18.0781,18.0653
121,MARSILING RISE,exact,19.0234,19.0269,18.1191,18.1060
122,MARSILING RISE,exact,19.0383,19.0417,18.1349,18.1217
123,MARSILING RISE,exact,19.0660,19.0694,18.1649,18.1515
124,MARSILING RISE,exact,19.0169,19.0203,18.1148,18.1015
125,MARSILING RISE,exact,18.9756,18.9790,18.0736,18.0603
126,MARSILING RISE,exact,18.9277,18.9311,18.0252,18.0119
127,MARSILING RISE,exact,18.9418,18.9452,18.0405,18.0271
128,MARSILING RISE,exact,18.9002,18.9035,18.0016,17.9879
129,MARSILING RISE,exact,18.9467,18.9501,18.0483,18.0346
130,MARSILING RISE,exact,18.9785,18.9818,18.0795,18.0659
131,MARSILING RISE,exact,19.0181,19.0215,18.1190,18.1053
132,MARSILING RISE,exact,19.0262,19.0295,18.1291,18.1152
133,MARSILING RISE,exact,18.9489,18.9522,18.0528,18.0389
108,MCNAIR RD,exact,4.3080,4.3162,3.2523,3.2768
108B,MCNAIR RD,exact,4.1212,4.1294,3.0654,3.0900
108C,MCNAIR RD,exact,4.1170,4.1253,3.0632,3.0886
109,MCNAIR RD,exact,4.2800,4.2882,3.2235,3.2476
110,MCNAIR RD,exact,4.3514,4.3595,3.2943,3.3181
111,MCNAIR RD,exact,4.2499,4.2580,3.1909,3.2137
112,MCNAIR RD,exact,4.2331,4.2413,3.1764,3.2005
113A,MCNAIR RD,exact,4.3066,4.3149,3.2541,3.2800
113B,MCNAIR RD,exact,4.2898,4.2981,3.2393,3.2659
113C,MCNAIR RD,exact,4.2513,4.2596,3.2001,3.2264
113D,MCNAIR RD,exact,4.1574,4.1657,3.1045,3.1303
119,MCNAIR RD,exact,4.0500,4.0579,2.9886,3.0094
120,MCNAIR RD,exact,4.0258,4.0338,2.9648,2.9860
121,MCNAIR RD,exact,3.9593,3.9671,2.8973,2.9173
122,MCNAIR RD,exact,3.9535,3.9614,2.8923,2.9134
123,MCNAIR RD,exact,3.9015,3.9094,2.8396,2.8599
124,MCNAIR RD,exact,3.8868,3.8946,2.8246,2.8443
143,MEI LING ST,exact,5.2822,5.2769,5.2832,5.2298
145,MEI LING ST,exact,5.2778,5.2726,5.2712,5.2179
146,MEI LING ST,exact,5.3425,5.3373,5.3351,5.2819
147,MEI LING ST,exact,5.3004,5.2953,5.2829,5.2297
148,MEI LING ST,exact,5.3509,5.3457,5.3346,5.2815
149,MEI LING ST,exact,5.3475,5.3425,5.3203,5.2673
150,MEI LING ST,exact,5.4486,5.4435,5.4217,5.3688
152,MEI LING ST,exact,5.5395,5.5342,5.5383,5.4850
153,MEI LING ST,exact,5.4833,5.4780,5.4813,5.4280
154,MEI LING ST,exact,5.4129,5.4077,5.4138,5.3605
157,MEI LING ST,exact,5.4032,5.3978,5.4150,5.3616
158,MEI LING ST,exact,5.4962,5.4908,5.5179,5.4644
160,MEI LING ST,exact,5.3278,5.3223,5.3609,5.3072
161,MEI LING ST,exact,5.3965,5.3909,5.4428,5.3891
162,MEI LING ST,exact,5.4811,5.4756,5.5131,5.4595
36,MOH GUAN TER,exact,2.2685,2.2621,2.5525,2.4985
43,MOH GUAN TER,exact,2.2665,2.2600,2.5604,2.5065
44,MOH GUAN TER,exact,2.2645,2.2579,2.5701,2.5162
47,MOH GUAN TER,exact,2.2631,2.2564,2.5786,2.5248
48,MOH GUAN TER,exact,2.2618,2.2551,2.5872,2.5335
50,MOH GUAN TER,exact,2.3226,2.3159,2.6392,2.5853
504A,MONTREAL DR,exact,18.8809,18.8866,17.8586,17.8609
504B,MONTREAL DR,exact,18.8498,18.8555,17.8290,17.8310
504D,MONTREAL DR,exact,18.7932,18.7989,17.7716,17.7737
588A,MONTREAL DR,exact,18.7497,18.7555,17.7249,17.7277
588B,MONTREAL DR,exact,18.7687,18.7745,17.7449,17.7475
588C,MONTREAL DR,exact,18.7836,18.7893,17.7607,17.7631
589A,MONTREAL DR,exact,18.6770,18.6828,17.6524,17.6551
589B,MONTREAL DR,exact,18.6795,18.6853,17.6553,17.6579
589C,MONTREAL DR,exact,18.6934,18.6992,17.6702,17.6727
589D,MONTREAL DR,exact,18.7168,18.7225,17.6945,17.6967
590A,MONTREAL LINK,exact,18.7342,18.7400,17.7078,17.7109
590B,MONTREAL LINK,exact,18.6978,18.7037,17.6709,17.6741
590C,MONTREAL LINK,exact,18.6877,18.6936,17.6614,17.6644
591A,MONTREAL LINK,exact,18.7851,18.7909,17.7593,17.7623
592A,MONTREAL LINK,exact,18.7914,18.7973,17.7642,17.7674
592B,MONTREAL LINK,exact,18.7529,18.7588,17.7249,17.7283
592C,MONTREAL LINK,exact,18.7760,18.7819,17.7472,17.7507
593A,MONTREAL LINK,exact,18.8454,18.8513,17.8167,17.8203
593B,MONTREAL LINK,exact,18.8195,18.8255,17.7902,17.7939
69,MOULMEIN RD,exact,3.9207,3.9274,2.8708,2.8791
32,NEW MKT RD,exact,0.9906,0.9848,1.4365,1.3883
208,NEW UPP CHANGI RD,exact,10.0113,10.0206,9.4587,9.5126
210,NEW UPP CHANGI RD,exact,10.0335,10.0428,9.4948,9.5488
211,NEW UPP CHANGI RD,exact,10.0890,10.0983,9.5422,9.5961
24,NEW UPP CHANGI RD,exact,10.1491,10.1583,9.6238,9.6779
25,NEW UPP CHANGI RD,exact,10.1630,10.1722,9.6454,9.6996
26,NEW UPP CHANGI RD,exact,10.2045,10.2137,9.6875,9.7417
27,NEW UPP CHANGI RD,exact,10.3139,10.3231,9.7924,9.8465
28,NEW UPP CHANGI RD,exact,10.3006,10.3097,9.7834,9.8376
29,NEW UPP CHANGI RD,exact,10.4483,10.4575,9.9340,9.9882
30,NEW UPP CHANGI RD,exact,10.4362,10.4453,9.9262,9.9805
51,NEW UPP CHANGI RD,exact,11.0237,11.0328,10.5363,10.5907
52,NEW UPP CHANGI RD,exact,11.0696,11.0786,10.5786,10.6330
53,NEW UPP CHANGI RD,exact,11.0804,11.0894,10.5854,10.6397
54,NEW UPP CHANGI RD,exact,11.1173,11.1264,10.6179,10.6722
55,NEW UPP CHANGI RD,exact,11.0830,11.0921,10.5800,10.6343
56,NEW UPP CHANGI RD,exact,10.9746,10.9837,10.4687,10.5230
57,NEW UPP CHANGI RD,exact,10.9893,10.9984,10.4919,10.5463
59,NEW UPP CHANGI RD,exact,10.8923,10.9014,10.3935,10.4478
60,NEW UPP CHANGI RD,exact,10.8781,10.8871,10.3958,10.4502
61,NEW UPP CHANGI RD,exact,10.8416,10.8506,10.3550,10.4094
62,NEW UPP CHANGI RD,exact,10.7914,10.8005,10.2969,10.3513
63,NEW UPP CHANGI RD,exact,10.8031,10.8121,10.3040,10.3583
64,NEW UPP CHANGI RD,exact,10.8148,10.8239,10.3114,10.3657
65,NEW UPP CHANGI RD,exact,10.8275,10.8366,10.3196,10.3739
51,NILE RD,none,,,,
54,NILE RD,none,,,,
405A,NORTHSHORE DR,exact,15.6718,15.6807,14.6458,14.6767
405B,NORTHSHORE DR,exact,15.7493,15.7582,14.7237,14.7546
406A,NORTHSHORE DR,exact,15.6990,15.7079,14.6719,14.7025
406B,NORTHSHORE DR,exact,15.7573,15.7662,14.7302,14.7609
406C,NORTHSHORE DR,exact,15.7883,15.7972,14.7613,14.7920
408A,NORTHSHORE DR,exact,15.8789,15.8879,14.8546,14.8857
408B,NORTHSHORE DR,exact,15.9218,15.9308,14.8980,14.9292
408C,NORTHSHORE DR,exact,15.9687,15.9776,14.9455,14.9768
409A,NORTHSHORE DR,exact,15.8829,15.8919,14.8572,14.8881
409B,NORTHSHORE DR,exact,15.9396,15.9485,14.9145,14.9455
409C,NORTHSHORE DR,exact,15.9664,15.9754,14.9417,14.9728
409D,NORTHSHORE DR,exact,16.0013,16.0102,14.9769,15.0080
413C,NORTHSHORE DR,exact,15.8144,15.8233,14.7865,14.8170
415A,NORTHSHORE DR,exact,15.7173,15.7261,14.6870,14.7171
415B,NORTHSHORE DR,exact,15.7961,15.8049,14.7664,14.7966
415C,NORTHSHORE DR,exact,15.8336,15.8424,14.8042,14.8345
415D,NORTHSHORE DR,exact,15.8622,15.8710,14.8331,14.8635
419A,NORTHSHORE DR,exact,15.9153,15.9242,14.8883,14.9190
419B,NORTHSHORE DR,exact,15.9664,15.9753,14.9400,14.9708
419C,NORTHSHORE DR,exact,16.0106,16.0195,14.9848,15.0157
420A,NORTHSHORE DR,exact,15.9869,15.9958,14.9592,14.9897
420B,NORTHSHORE DR,exact,16.0213,16.0302,14.9941,15.0247
420C,NORTHSHORE DR,exact,16.0673,16.0762,15.0406,15.0713
421A,NORTHSHORE DR,exact,16.1432,16.1521,15.1194,15.1506
421B,NORTHSHORE DR,exact,16.1941,16.2030,15.1716,15.2030
421C,NORTHSHORE DR,exact,16.2150,16.2239,15.1936,15.2252
422A,NORTHSHORE DR,exact,16.2084,16.2174,15.1843,15.2155
422B,NORTHSHORE DR,exact,16.2717,16.2807,15.2497,15.2812
12,NTH BRIDGE RD,exact,2.6167,2.6261,1.6870,1.7323
467,NTH BRIDGE RD,exact,2.7124,2.7217,1.7717,1.8159
468,NTH BRIDGE RD,exact,2.7456,2.7550,1.8090,1.8535
95,OLD AIRPORT RD,exact,4.8477,4.8573,4.2325,4.2862
99,OLD AIRPORT RD,exact,4.9417,4.9513,4.3322,4.3860
16,OUTRAM HILL,none,,,,
21,OUTRAM PK,none,,,,
22,OUTRAM PK,none,,,,
44,OWEN RD,exact,3.5388,3.5455,2.4909,2.4983
46,OWEN RD,exact,3.4962,3.5031,2.4458,2.4542
401,PANDAN GDNS,exact,11.9565,11.9524,11.7490,11.7004
402,PANDAN GDNS,exact,12.0533,12.0492,11.8444,11.7958
403,PANDAN GDNS,exact,12.0507,12.0467,11.8461,11.7975
404,PANDAN GDNS,exact,12.0428,12.0386,11.8432,11.7945
405,PANDAN GDNS,exact,11.9824,11.9782,11.7872,11.7384
406,PANDAN GDNS,exact,12.0123,12.0081,11.8222,11.7732
407,PANDAN GDNS,exact,12.0778,12.0736,11.8887,11.8397
408,PANDAN GDNS,exact,12.0334,12.0291,11.8502,11.8010
409,PANDAN GDNS,exact,12.1964,12.1922,12.0142,11.9651
410,PANDAN GDNS,exact,12.2077,12.2035,12.0207,11.9717
411,PANDAN GDNS,exact,12.2862,12.2820,12.1011,12.0521
412,PANDAN GDNS,exact,12.2636,12.2594,12.0718,12.0229
413,PANDAN GDNS,exact,12.1717,12.1675,11.9787,11.9298
414,PANDAN GDNS,exact,12.2661,12.2620,12.0698,12.0210
415,PANDAN GDNS,exact,12.1855,12.1814,11.9801,11.9315
416,PANDAN GDNS,exact,12.1896,12.1856,11.9817,11.9332
530A,PASIR RIS DR 1,exact,14.6379,14.6477,13.8693,13.9184
530B,PASIR RIS DR 1,exact,14.6497,14.6594,13.8773,13.9263
530C,PASIR RIS DR 1,exact,14.6957,14.7054,13.9259,13.9749
530D,PASIR RIS DR 1,exact,14.7529,14.7626,13.9837,14.0327
531,PASIR RIS DR 1,exact,14.6998,14.7095,13.9322,13.9813
532,PASIR RIS DR 1,exact,14.7226,14.7323,13.9566,14.0058
533,PASIR RIS DR 1,exact,14.7017,14.7114,13.9382,13.9875
534,PASIR RIS DR 1,exact,14.6676,14.6773,13.9059,13.9553
535,PASIR RIS DR 1,exact,14.6210,14.6307,13.8562,13.9055
536,PASIR RIS DR 1,exact,14.5985,14.6082,13.8320,13.8811
634,PASIR RIS DR 1,exact,14.4009,14.4107,13.5718,13.6186
635,PASIR RIS DR 1,exact,14.3610,14.3708,13.5313,13.5780
636,PASIR RIS DR 1,exact,14.3438,14.3535,13.5179,13.5649
637,PASIR RIS DR 1,exact,14.3104,14.3201,13.4829,13.5298
638,PASIR RIS DR 1,exact,14.3007,14.3104,13.4776,13.5246
639,PASIR RIS DR 1,exact,14.2678,14.2775,13.4392,13.4860
640,PASIR RIS DR 1,exact,14.2392,14.2490,13.4160,13.4631
641,PASIR RIS DR 1,exact,14.2257,14.2354,13.3969,13.4437
642,PASIR RIS DR 10,exact,14.2279,14.2377,13.3905,13.4369
643,PASIR RIS DR 10,exact,14.2107,14.2205,13.3708,13.4171
644,PASIR RIS DR 10,exact,14.2053,14.2151,13.3629,13.4091
645,PASIR RIS DR 10,exact,14.2520,14.2617,13.4090,13.4552
646,PASIR RIS DR 10,exact,14.2531,14.2629,13.4128,13.4591
647,PASIR RIS DR 10,exact,14.3564,14.3662,13.5181,13.5645
648,PASIR RIS DR 10,exact,14.3507,14.3604,13.5097,13.5559
649,PASIR RIS DR 10,exact,14.2929,14.3026,13.4518,13.4980
650,PASIR RIS DR 10,exact,14.2986,14.3084,13.4556,13.5018
651,PASIR RIS DR 10,exact,14.3453,14.3551,13.5018,13.5479
700,PASIR RIS DR 10,exact,14.4437,14.4534,13.5961,13.6421
701,PASIR RIS DR 10,exact,14.3901,14.3998,13.5421,13.5880
702,PASIR RIS DR 10,exact,14.3850,14.3947,13.5348,13.5806
703,PASIR RIS DR 10,exact,14.3684,14.3782,13.5162,13.5619
704,PASIR RIS DR 10,exact,14.4096,14.4194,13.5565,13.6021
705,PASIR RIS DR 10,exact,14.4277,14.4375,13.5770,13.6228
706,PASIR RIS DR 10,exact,14.4822,14.4920,13.6325,13.6784
707,PASIR RIS DR 10,exact,14.5251,14.5348,13.6736,13.7193
708,PASIR RIS DR 10,exact,14.5689,14.5787,13.7206,13.7665
709,PASIR RIS DR 10,exact,14.5868,14.5965,13.7350,13.7808
736,PASIR RIS DR 10,exact,14.3181,14.3278,13.4690,13.5148
737,PASIR RIS DR 10,exact,14.2738,14.2835,13.4242,13.4701
738,PASIR RIS DR 10,exact,14.2228,14.2325,13.3725,13.4183
739,PASIR RIS DR 10,exact,14.1849,14.1946,13.3379,13.3838
626,PASIR RIS DR 3,exact,14.6006,14.6103,13.7643,13.8108
627,PASIR RIS DR 3,exact,14.5609,14.5707,13.7240,13.7705
628,PASIR RIS DR 3,exact,14.5428,14.5526,13.7097,13.7563
629,PASIR RIS DR 3,exact,14.5098,14.5195,13.6751,13.7216
630,PASIR RIS DR 3,exact,14.4991,14.5089,13.6687,13.7154
631,PASIR RIS DR 3,exact,14.4675,14.4772,13.6316,13.6781
632,PASIR RIS DR 3,exact,14.4254,14.4352,13.5894,13.6359
633,PASIR RIS DR 3,exact,14.4377,14.4474,13.6071,13.6538
231,PASIR RIS DR 4,exact,15.7774,15.7870,15.0397,15.0897
232,PASIR RIS DR 4,exact,15.8952,15.9048,15.1526,15.2025
233,PASIR RIS DR 4,exact,15.8790,15.8886,15.1401,15.1901
234,PASIR RIS DR 4,exact,15.8078,15.8175,15.0720,15.1221
440,PASIR RIS DR 4,exact,15.2382,15.2479,14.5109,14.5613
456,PASIR RIS DR 4,exact,15.4562,15.4659,14.7161,14.7661
457,PASIR RIS DR 4,exact,15.5024,15.5121,14.7650,14.8150
458,PASIR RIS DR 4,exact,15.4873,15.4970,14.7523,14.8025
459,PASIR RIS DR 4,exact,15.4523,15.4619,14.7196,14.7698
460,PASIR RIS DR 4,exact,15.4048,15.4145,14.6698,14.7200
461,PASIR RIS DR 4,exact,15.3976,15.4073,14.6610,14.7111
478,PASIR RIS DR 4,exact,15.6474,15.6571,14.8966,14.9463
479,PASIR RIS DR 4,exact,15.7176,15.7273,14.9648,15.0144
480,PASIR RIS DR 4,exact,15.7038,15.7135,14.9531,15.0027
481,PASIR RIS DR 4,exact,15.6023,15.6120,14.8540,14.9037
482,PASIR RIS DR 4,exact,15.6594,15.6691,14.9144,14.9642
483,PASIR RIS DR 4,exact,15.7038,15.7135,14.9585,15.0083
484,PASIR RIS DR 4,exact,15.7206,15.7302,14.9791,15.0290
485,PASIR RIS DR 4,exact,15.8036,15.8133,15.0596,15.1095
486,PASIR RIS DR 4,exact,15.7548,15.7645,15.0094,15.0592
487,PASIR RIS DR 4,exact,15.8183,15.8280,15.0712,15.1209
405,PASIR RIS DR 6,exact,15.3286,15.3383,14.5710,14.6204
406,PASIR RIS DR 6,exact,15.2933,15.3030,14.5332,14.5825
407,PASIR RIS DR 6,exact,15.2101,15.2198,14.4475,14.4968
408,PASIR RIS DR 6,exact,15.1114,15.1211,14.3479,14.3972
409,PASIR RIS DR 6,exact,15.1338,15.1435,14.3732,14.4226
410,PASIR RIS DR 6,exact,15.1019,15.1116,14.3407,14.3900
411,PASIR RIS DR 6,exact,15.1154,15.1251,14.3572,14.4066
412,PASIR RIS DR 6,exact,15.2409,15.2506,14.4814,14.5308
413,PASIR RIS DR 6,exact,15.2251,15.2348,14.4701,14.5196
414,PASIR RIS DR 6,exact,15.2620,15.2717,14.5103,14.5599
415,PASIR RIS DR 6,exact,15.2440,15.2537,14.4952,14.5449
416,PASIR RIS DR 6,exact,15.1590,15.1687,14.4090,14.4587
417,PASIR RIS DR 6,exact,15.1664,15.1761,14.4145,14.4641
418,PASIR RIS DR 6,exact,15.0666,15.0763,14.3114,14.3609
419,PASIR RIS DR 6,exact,15.0773,15.0870,14.3247,14.3743
420,PASIR RIS DR 6,exact,15.0471,15.0568,14.2940,14.3436
421,PASIR RIS DR 6,exact,15.0577,15.0674,14.3074,14.3571
422,PASIR RIS DR 6,exact,14.9784,14.9881,14.2298,14.2796
423,PASIR RIS DR 6,exact,14.9827,14.9924,14.2363,14.2861
424,PASIR RIS DR 6,exact,14.9494,14.9591,14.2026,14.2524
425,PASIR RIS DR 6,exact,14.9470,14.9567,14.2036,14.2535
426,PASIR RIS DR 6,exact,15.0727,15.0824,14.3315,14.3815
427,PASIR RIS DR 6,exact,15.0977,15.1074,14.3551,14.4050
428,PASIR RIS DR 6,exact,15.0736,15.0833,14.3368,14.3869
429,PASIR RIS DR 6,exact,15.1427,15.1524,14.4036,14.4536
442,PASIR RIS DR 6,exact,15.1683,15.1779,14.4387,14.4890
446,PASIR RIS DR 6,exact,15.2448,15.2544,14.5081,14.5582
447,PASIR RIS DR 6,exact,15.2940,15.3036,14.5554,14.6054
448,PASIR RIS DR 6,exact,15.2972,15.3068,14.5606,14.6107
449,PASIR RIS DR 6,exact,15.3362,15.3458,14.5993,14.6494
450,PASIR RIS DR 6,exact,15.3392,15.3489,14.6001,14.6501
451,PASIR RIS DR 6,exact,15.3612,15.3709,14.6207,14.6707
452,PASIR RIS DR 6,exact,15.2965,15.3062,14.5533,14.6032
453,PASIR RIS DR 6,exact,15.3233,15.3330,14.5786,14.6284
454,PASIR RIS DR 6,exact,15.3961,15.4058,14.6531,14.7030
455,PASIR RIS DR 6,exact,15.4020,15.4117,14.6609,14.7109
467,PASIR RIS DR 6,exact,15.3886,15.3983,14.6345,14.6841
468,PASIR RIS DR 6,exact,15.4131,15.4228,14.6575,14.7070
469,PASIR RIS DR 6,exact,15.4598,15.4695,14.7086,14.7582
470,PASIR RIS DR 6,exact,15.4823,15.4920,14.7297,14.7793
471,PASIR RIS DR 6,exact,15.5264,15.5361,14.7731,14.8227
472,PASIR RIS DR 6,exact,15.4808,15.4905,14.7256,14.7751
473,PASIR RIS DR 6,exact,15.5124,15.5221,14.7561,14.8056
474,PASIR RIS DR 6,exact,15.4679,15.4776,14.7080,14.7573
475,PASIR RIS DR 6,exact,15.5459,15.5556,14.7860,14.8353
476,PASIR RIS DR 6,exact,15.6460,15.6557,14.8901,14.9396
477,PASIR RIS DR 6,exact,15.6023,15.6120,14.8498,14.8994
109,PASIR RIS ST 11,exact,14.9674,14.9770,14.2331,14.2833
110,PASIR RIS ST 11,exact,15.0144,15.0240,14.2797,14.3299
111,PASIR RIS ST 11,exact,14.9710,14.9806,14.2399,14.2902
112,PASIR RIS ST 11,exact,14.8960,14.9057,14.1645,14.2148
113,PASIR RIS ST 11,exact,14.9179,14.9276,14.1847,14.2349
114,PASIR RIS ST 11,exact,14.8761,14.8858,14.1382,14.1883
115,PASIR RIS ST 11,exact,14.9019,14.9116,14.1615,14.2115
116,PASIR RIS ST 11,exact,14.8318,14.8415,14.0924,14.1424
117,PASIR RIS ST 11,exact,14.8164,14.8261,14.0802,14.1303
118,PASIR RIS ST 11,exact,14.7714,14.7811,14.0390,14.0892
119,PASIR RIS ST 11,exact,14.7956,14.8053,14.0613,14.1115
120,PASIR RIS ST 11,exact,14.7447,14.7544,14.0099,14.0601
121,PASIR RIS ST 11,exact,14.7259,14.7355,13.9937,14.0439
122,PASIR RIS ST 11,exact,14.6934,14.7031,13.9625,14.0128
123,PASIR RIS ST 11,exact,14.6416,14.6512,13.9108,13.9610
124,PASIR RIS ST 11,exact,14.6358,14.6455,13.9079,13.9583
125,PASIR RIS ST 11,exact,14.6625,14.6722,13.9330,13.9833
126,PASIR RIS ST 11,exact,14.6969,14.7066,13.9741,14.0246
127,PASIR RIS ST 11,exact,14.7203,14.7300,13.9954,14.0459
128,PASIR RIS ST 11,exact,14.7669,14.7765,14.0425,14.0930
129,PASIR RIS ST 11,exact,14.7985,14.8082,14.0721,14.1225
130,PASIR RIS ST 11,exact,14.8344,14.8440,14.1182,14.1689
131,PASIR RIS ST 11,exact,14.8206,14.8302,14.0996,14.1501
132,PASIR RIS ST 11,exact,14.8192,14.8289,14.0958,14.1462
133,PASIR RIS ST 11,exact,14.7933,14.8029,14.0726,14.1232
134,PASIR RIS ST 11,exact,14.7682,14.7778,14.0509,14.1016
135,PASIR RIS ST 11,exact,14.8257,14.8354,14.1155,14.1663
136,PASIR RIS ST 11,exact,14.8779,14.8876,14.1686,14.2195
137,PASIR RIS ST 11,exact,14.8461,14.8557,14.1319,14.1827
138,PASIR RIS ST 11,exact,14.9456,14.9552,14.2493,14.3004
139,PASIR RIS ST 11,exact,14.9454,14.9550,14.2477,14.2988
140,PASIR RIS ST 11,exact,14.9377,14.9473,14.2364,14.2874
141,PASIR RIS ST 11,exact,14.9134,14.9231,14.2094,14.2604
142,PASIR RIS ST 11,exact,14.8799,14.8895,14.1801,14.2312
143,PASIR RIS ST 11,exact,14.9448,14.9544,14.2587,14.3101
144,PASIR RIS ST 11,exact,14.9586,14.9682,14.2698,14.3212
145,PASIR RIS ST 11,exact,15.0375,15.0471,14.3455,14.3968
146,PASIR RIS ST 11,exact,14.9649,14.9745,14.2716,14.3228
180,PASIR RIS ST 11,exact,15.0420,15.0517,14.3438,14.3949
181,PASIR RIS ST 11,exact,15.0916,15.1012,14.3929,14.4440
182,PASIR RIS ST 11,exact,15.1455,15.1551,14.4472,14.4983
183,PASIR RIS ST 11,exact,15.1310,15.1407,14.4298,14.4809
184,PASIR RIS ST 11,exact,15.1213,15.1309,14.4175,14.4685
185,PASIR RIS ST 11,exact,15.1255,15.1351,14.4190,14.4699
186,PASIR RIS ST 11,exact,15.0389,15.0486,14.3327,14.3836
187,PASIR RIS ST 11,exact,15.0034,15.0130,14.2983,14.3493
101,PASIR RIS ST 12,exact,15.0585,15.0682,14.3386,14.3892
102,PASIR RIS ST 12,exact,15.0760,15.0856,14.3535,14.4040
103,PASIR RIS ST 12,exact,15.1222,15.1318,14.4000,14.4505
104,PASIR RIS ST 12,exact,15.1660,15.1756,14.4436,14.4941
105,PASIR RIS ST 12,exact,15.0981,15.1077,14.3693,14.4197
106,PASIR RIS ST 12,exact,15.0785,15.0882,14.3522,14.4026
107,PASIR RIS ST 12,exact,15.0321,15.0418,14.3077,14.3581
108,PASIR RIS ST 12,exact,14.9863,14.9960,14.2603,14.3107
188,PASIR RIS ST 12,exact,15.0260,15.0356,14.3179,14.3688
189,PASIR RIS ST 12,exact,15.0346,15.0443,14.3248,14.3756
190,PASIR RIS ST 12,exact,14.9967,15.0064,14.2858,14.3366
191,PASIR RIS ST 12,exact,15.0399,15.0495,14.3266,14.3773
192,PASIR RIS ST 12,exact,15.0808,15.0905,14.3678,14.4186
193,PASIR RIS ST 12,exact,15.0969,15.1066,14.3860,14.4369
194,PASIR RIS ST 12,exact,15.1180,15.1277,14.4084,14.4593
195,PASIR RIS ST 12,exact,15.1783,15.1880,14.4681,14.5189
196,PASIR RIS ST 12,exact,15.1866,15.1963,14.4786,14.5295
197,PASIR RIS ST 12,exact,15.2400,15.2496,14.5321,14.5830
198,PASIR RIS ST 12,exact,15.2139,15.2235,14.5007,14.5515
199,PASIR RIS ST 12,exact,15.2096,15.2193,14.4936,14.5442
147,PASIR RIS ST 13,exact,15.1361,15.1457,14.4488,14.5002
148,PASIR RIS ST 13,exact,15.0882,15.0977,14.4054,14.4569
149,PASIR RIS ST 13,exact,15.0358,15.0454,14.3565,14.4081
150,PASIR RIS ST 13,exact,15.1999,15.2095,14.5178,14.5693
151,PASIR RIS ST 13,exact,15.1755,15.1851,14.4901,14.5416
152,PASIR RIS ST 13,exact,15.1990,15.2086,14.5093,14.5606
153,PASIR RIS ST 13,exact,15.2353,15.2449,14.5477,14.5991
154,PASIR RIS ST 13,exact,15.2596,15.2692,14.5759,14.6273
155,PASIR RIS ST 13,exact,15.2949,15.3045,14.6112,14.6627
156,PASIR RIS ST 13,exact,15.2796,15.2892,14.5904,14.6418
157,PASIR RIS ST 13,exact,15.2734,15.2830,14.5824,14.6337
158,PASIR RIS ST 13,exact,15.2589,15.2685,14.5646,14.6158
159,PASIR RIS ST 13,exact,15.1125,15.1221,14.4195,14.4707
160,PASIR RIS ST 13,exact,15.2404,15.2500,14.5482,14.5995
161,PASIR RIS ST 13,exact,15.1710,15.1806,14.4803,14.5316
203,PASIR RIS ST 21,exact,15.3947,15.4044,14.6888,14.7397
204,PASIR RIS ST 21,exact,15.4593,15.4690,14.7518,14.8027
205,PASIR RIS ST 21,exact,15.4713,15.4809,14.7683,14.8193
206,PASIR RIS ST 21,exact,15.4063,15.4159,14.7056,14.7567
207,PASIR RIS ST 21,exact,15.3711,15.3807,14.6689,14.7200
208,PASIR RIS ST 21,exact,15.3346,15.3442,14.6315,14.6825
209,PASIR RIS ST 21,exact,15.3243,15.3339,14.6182,14.6692
210,PASIR RIS ST 21,exact,15.3610,15.3706,14.6531,14.7040
211,PASIR RIS ST 21,exact,15.3299,15.3395,14.6196,14.6704
212,PASIR RIS ST 21,exact,15.3352,15.3448,14.6208,14.6715
213,PASIR RIS ST 21,exact,15.3656,15.3753,14.6481,14.6988
214,PASIR RIS ST 21,exact,15.3780,15.3877,14.6658,14.7165
215,PASIR RIS ST 21,exact,15.4527,15.4623,14.7400,14.7908
216,PASIR RIS ST 21,exact,15.4328,15.4425,14.7131,14.7637
217,PASIR RIS ST 21,exact,15.4615,15.4712,14.7409,14.7914
218,PASIR RIS ST 21,exact,15.5021,15.5118,14.7822,14.8327
219,PASIR RIS ST 21,exact,15.5177,15.5274,14.7996,14.8502
220,PASIR RIS ST 21,exact,15.5496,15.5593,14.8283,14.8788
221,PASIR RIS ST 21,exact,15.5745,15.5842,14.8518,14.9023
222,PASIR RIS ST 21,exact,15.6249,15.6345,14.9005,14.9509
223,PASIR RIS ST 21,exact,15.5913,15.6010,14.8661,14.9164
224,PASIR RIS ST 21,exact,15.5600,15.5696,14.8336,14.8840
225,PASIR RIS ST 21,exact,15.5977,15.6074,14.8689,14.9192
226,PASIR RIS ST 21,exact,15.6405,15.6502,14.9145,14.9648
227,PASIR RIS ST 21,exact,15.6892,15.6989,14.9604,15.0106
228,PASIR RIS ST 21,exact,15.6902,15.6999,14.9579,15.0081
229,PASIR RIS ST 21,exact,15.7617,15.7714,15.0283,15.0785
230,PASIR RIS ST 21,exact,15.6852,15.6948,14.9497,14.9998
235,PASIR RIS ST 21,exact,15.8618,15.8714,15.1268,15.1769
236,PASIR RIS ST 21,exact,15.9555,15.9652,15.2171,15.2671
237,PASIR RIS ST 21,exact,15.9529,15.9625,15.2171,15.2672
238,PASIR RIS ST 21,exact,15.9571,15.9668,15.2241,15.2742
239,PASIR RIS ST 21,exact,15.9358,15.9455,15.2056,15.2559
240,PASIR RIS ST 21,exact,15.8971,15.9067,15.1642,15.2143
241,PASIR RIS ST 21,exact,15.8354,15.8450,15.1026,15.1527
242,PASIR RIS ST 21,exact,15.7477,15.7574,15.0218,15.0721
243,PASIR RIS ST 21,exact,15.7883,15.7980,15.0641,15.1145
244,PASIR RIS ST 21,exact,15.8157,15.8253,15.0932,15.1437
245,PASIR RIS ST 21,exact,15.7619,15.7716,15.0400,15.0904
246,PASIR RIS ST 21,exact,15.7107,15.7204,14.9867,15.0371
247,PASIR RIS ST 21,exact,15.6853,15.6950,14.9630,15.0135
248,PASIR RIS ST 21,exact,15.7256,15.7352,15.0058,15.0563
249,PASIR RIS ST 21,exact,15.7174,15.7270,15.0006,15.0512
250,PASIR RIS ST 21,exact,15.6897,15.6993,14.9711,15.0217
251,PASIR RIS ST 21,exact,15.6489,15.6586,14.9286,14.9791
252,PASIR RIS ST 21,exact,15.5206,15.5302,14.8105,14.8613
253,PASIR RIS ST 21,exact,15.5646,15.5742,14.8563,14.9071
254,PASIR RIS ST 21,exact,15.6300,15.6396,14.9242,14.9751
255,PASIR RIS ST 21,exact,15.6698,15.6794,14.9649,15.0159
256,PASIR RIS ST 21,exact,15.5805,15.5901,14.8774,14.9284
257,PASIR RIS ST 21,exact,15.5470,15.5567,14.8460,14.8971
266,PASIR RIS ST 21,exact,15.5024,15.5120,14.8065,14.8577
267,PASIR RIS ST 21,exact,15.4533,15.4630,14.7570,14.8082
268,PASIR RIS ST 21,exact,15.3691,15.3787,14.6744,14.7256
269,PASIR RIS ST 21,exact,15.4360,15.4456,14.7437,14.7949
270,PASIR RIS ST 21,exact,15.5097,15.5193,14.8184,14.8697
271,PASIR RIS ST 21,exact,15.4791,15.4887,14.7857,14.8369
272,PASIR RIS ST 21,exact,15.4817,15.4913,14.7958,14.8473
273,PASIR RIS ST 21,exact,15.4390,15.4486,14.7502,14.8015
274,PASIR RIS ST 21,exact,15.3986,15.4082,14.7119,14.7633
275,PASIR RIS ST 21,exact,15.4873,15.4969,14.8030,14.8544
463,PASIR RIS ST 41,exact,15.4398,15.4495,14.6944,14.7442
464,PASIR RIS ST 41,exact,15.4666,15.4763,14.7216,14.7714
465,PASIR RIS ST 41,exact,15.5359,15.5456,14.7884,14.8382
466,PASIR RIS ST 41,exact,15.4809,15.4906,14.7331,14.7828
524A,PASIR RIS ST 51,exact,14.4717,14.4815,13.6945,13.7433
524B,PASIR RIS ST 51,exact,14.4332,14.4429,13.6569,13.7057
524C,PASIR RIS ST 51,exact,14.4070,14.4167,13.6325,13.6814
525A,PASIR RIS ST 51,exact,14.2825,14.2923,13.5129,13.5620
525B,PASIR RIS ST 51,exact,14.3245,14.3343,13.5538,13.6028
525C,PASIR RIS ST 51,exact,14.3517,14.3614,13.5793,13.6282
526A,PASIR RIS ST 51,exact,14.1443,14.1541,13.3815,13.4308
526B,PASIR RIS ST 51,exact,14.1640,14.1738,13.3993,13.4486
526C,PASIR RIS ST 51,exact,14.2130,14.2227,13.4474,13.4966
526D,PASIR RIS ST 51,exact,14.2412,14.2510,13.4739,13.5231
527A,PASIR RIS ST 51,exact,14.2498,14.2595,13.4848,13.5340
527B,PASIR RIS ST 51,exact,14.3016,14.3113,13.5344,13.5836
527C,PASIR RIS ST 51,exact,14.3512,14.3609,13.5833,13.6324
527D,PASIR RIS ST 51,exact,14.3703,14.3800,13.6009,13.6500
528A,PASIR RIS ST 51,exact,14.4145,14.4242,13.6430,13.6920
528B,PASIR RIS ST 51,exact,14.4598,14.4695,13.6871,13.7361
528C,PASIR RIS ST 51,exact,14.4911,14.5008,13.7170,13.7660
537,PASIR RIS ST 51,exact,14.5309,14.5406,13.7682,13.8175
538,PASIR RIS ST 51,exact,14.5608,14.5705,13.8006,13.8500
539,PASIR RIS ST 51,exact,14.5799,14.5896,13.8206,13.8700
540,PASIR RIS ST 51,exact,14.5829,14.5926,13.8250,13.8745
541,PASIR RIS ST 51,exact,14.6078,14.6175,13.8523,13.9018
542,PASIR RIS ST 51,exact,14.6290,14.6387,13.8743,13.9238
543,PASIR RIS ST 51,exact,14.6236,14.6333,13.8703,13.9199
544,PASIR RIS ST 51,exact,14.6774,14.6871,13.9270,13.9767
545,PASIR RIS ST 51,exact,14.7019,14.7116,13.9521,14.0018
546,PASIR RIS ST 51,exact,14.7126,14.7223,13.9641,14.0139
547,PASIR RIS ST 51,exact,14.7750,14.7847,14.0289,14.0787
548,PASIR RIS ST 51,exact,14.7596,14.7693,14.0169,14.0668
549,PASIR RIS ST 51,exact,14.7100,14.7197,13.9695,14.0195
550,PASIR RIS ST 51,exact,14.6678,14.6775,13.9299,13.9799
551,PASIR RIS ST 51,exact,14.6415,14.6512,13.9019,13.9520
552,PASIR RIS ST 51,exact,14.5985,14.6082,13.8565,13.9065
553,PASIR RIS ST 51,exact,14.6545,14.6642,13.9109,13.9608
554,PASIR RIS ST 51,exact,14.7037,14.7134,13.9603,14.0102
555,PASIR RIS ST 51,exact,14.5836,14.5933,13.8366,13.8864
556,PASIR RIS ST 51,exact,14.5514,14.5611,13.8065,13.8563
557,PASIR RIS ST 51,exact,14.5328,14.5425,13.7912,13.8412
558,PASIR RIS ST 51,exact,14.4809,14.4906,13.7388,13.7888
559,PASIR RIS ST 51,exact,14.4555,14.4652,13.7150,13.7650
560,PASIR RIS ST 51,exact,14.3680,14.3777,13.6213,13.6712
561,PASIR RIS ST 51,exact,14.4235,14.4332,13.6773,13.7271
562,PASIR RIS ST 51,exact,14.4153,14.4250,13.6642,13.7139
564,PASIR RIS ST 51,exact,14.4411,14.4508,13.6842,13.7336
565,PASIR RIS ST 51,exact,14.5059,14.5156,13.7492,13.7987
566,PASIR RIS ST 51,exact,14.4782,14.4879,13.7180,13.7674
567,PASIR RIS ST 51,exact,14.4190,14.4287,13.6572,13.7065
568,PASIR RIS ST 51,exact,14.3840,14.3937,13.6225,13.6718
569,PASIR RIS ST 51,exact,14.4717,14.4814,13.7070,13.7563
500,PASIR RIS ST 52,exact,14.6906,14.7003,13.8871,13.9349
501,PASIR RIS ST 52,exact,14.7279,14.7376,13.9268,13.9747
502,PASIR RIS ST 52,exact,14.6648,14.6746,13.8649,13.9129
503,PASIR RIS ST 52,exact,14.6291,14.6389,13.8252,13.8730
504,PASIR RIS ST 52,exact,14.6079,14.6176,13.8004,13.8481
505,PASIR RIS ST 52,exact,14.6833,14.6931,13.8748,13.9224
506,PASIR RIS ST 52,exact,14.6789,14.6886,13.8676,13.9151
507,PASIR RIS ST 52,exact,14.6303,14.6400,13.8194,13.8669
508,PASIR RIS ST 52,exact,14.5653,14.5750,13.7550,13.8025
509,PASIR RIS ST 52,exact,14.5173,14.5270,13.7075,13.7551
510,PASIR RIS ST 52,exact,14.5603,14.5700,13.7530,13.8007
511,PASIR RIS ST 52,exact,14.4527,14.4625,13.6462,13.6940
512,PASIR RIS ST 52,exact,14.4862,14.4959,13.6772,13.7248
513,PASIR RIS ST 52,exact,14.4363,14.4460,13.6273,13.6750
514,PASIR RIS ST 52,exact,14.3572,14.3669,13.5489,13.5966
515,PASIR RIS ST 52,exact,14.3070,14.3168,13.4999,13.5476
516,PASIR RIS ST 52,exact,14.3536,14.3633,13.5486,13.5964
517,PASIR RIS ST 52,exact,14.4197,14.4294,13.6137,13.6615
518,PASIR RIS ST 52,exact,14.4568,14.4665,13.6548,13.7027
519,PASIR RIS ST 52,exact,14.4730,14.4827,13.6743,13.7223
520,PASIR RIS ST 52,exact,14.3950,14.4048,13.5976,13.6457
521,PASIR RIS ST 52,exact,14.3752,14.3849,13.5756,13.6236
570,PASIR RIS ST 53,exact,14.4857,14.4954,13.6976,13.7460
571,PASIR RIS ST 53,exact,14.4433,14.4530,13.6507,13.6989
572,PASIR RIS ST 53,exact,14.4707,14.4805,13.6762,13.7244
573,PASIR RIS ST 53,exact,14.5200,14.5297,13.7249,13.7730
574,PASIR RIS ST 53,exact,14.5692,14.5790,13.7736,13.8217
575,PASIR RIS ST 53,exact,14.5055,14.5153,13.7151,13.7635
576,PASIR RIS ST 53,exact,14.5374,14.5471,13.7480,13.7964
577,PASIR RIS ST 53,exact,14.5720,14.5817,13.7827,13.8310
578,PASIR RIS ST 53,exact,14.6586,14.6684,13.8692,13.9176
579,PASIR RIS ST 53,exact,14.6804,14.6901,13.8886,13.9368
580,PASIR RIS ST 53,exact,14.6519,14.6616,13.8578,13.9059
581,PASIR RIS ST 53,exact,14.6606,14.6704,13.8640,13.9121
582,PASIR RIS ST 53,exact,14.7120,14.7218,13.9147,13.9628
583,PASIR RIS ST 53,exact,14.7626,14.7723,13.9644,14.0124
584,PASIR RIS ST 53,exact,14.7097,14.7194,13.9151,13.9632
585,PASIR RIS ST 53,exact,14.7529,14.7626,13.9574,14.0055
586,PASIR RIS ST 53,exact,14.7885,14.7982,13.9952,14.0434
740,PASIR RIS ST 71,exact,14.0751,14.0848,13.2271,13.2731
741,PASIR RIS ST 71,exact,14.0756,14.0853,13.2304,13.2765
742,PASIR RIS ST 71,exact,13.9933,14.0030,13.1486,13.1947
743,PASIR RIS ST 71,exact,13.9933,14.0030,13.1459,13.1919
744,PASIR RIS ST 71,exact,13.9815,13.9913,13.1322,13.1781
745,PASIR RIS ST 71,exact,14.0840,14.0937,13.2329,13.2787
746,PASIR RIS ST 71,exact,14.0720,14.0817,13.2184,13.2641
747,PASIR RIS ST 71,exact,14.0793,14.0891,13.2214,13.2668
748,PASIR RIS ST 71,exact,14.0371,14.0469,13.1825,13.2282
749,PASIR RIS ST 71,exact,13.9851,13.9949,13.1291,13.1747
750,PASIR RIS ST 71,exact,14.0013,14.0110,13.1471,13.1928
751,PASIR RIS ST 71,exact,13.9307,13.9404,13.0756,13.1212
752,PASIR RIS ST 71,exact,13.9654,13.9752,13.1124,13.1581
753,PASIR RIS ST 71,exact,13.9015,13.9113,13.0505,13.0963
754,PASIR RIS ST 71,exact,13.8747,13.8844,13.0220,13.0677
755,PASIR RIS ST 71,exact,13.8705,13.8802,13.0153,13.0609
756,PASIR RIS ST 71,exact,13.8722,13.8820,13.0145,13.0599
757,PASIR RIS ST 71,exact,13.8369,13.8466,12.9823,13.0279
758,PASIR RIS ST 71,exact,13.7883,13.7980,12.9340,12.9796
759,PASIR RIS ST 71,exact,13.7180,13.7277,12.8627,12.9084
760,PASIR RIS ST 71,exact,13.7691,13.7789,12.9172,12.9630
761,PASIR RIS ST 71,exact,13.7685,13.7783,12.9189,12.9648
762,PASIR RIS ST 71,exact,13.7375,13.7472,12.8898,12.9357
763,PASIR RIS ST 71,exact,13.7883,13.7980,12.9409,12.9869
764,PASIR RIS ST 71,exact,13.8368,13.8466,12.9892,13.0351
765,PASIR RIS ST 71,exact,13.8835,13.8932,13.0351,13.0811
766,PASIR RIS ST 71,exact,13.9149,13.9246,13.0741,13.1204
767,PASIR RIS ST 71,exact,13.8798,13.8896,13.0397,13.0860
768,PASIR RIS ST 71,exact,13.8313,13.8410,12.9908,13.0371
769,PASIR RIS ST 71,exact,13.7818,13.7915,12.9409,12.9872
770,PASIR RIS ST 71,exact,13.8525,13.8622,13.0154,13.0619
771,PASIR RIS ST 71,exact,13.9180,13.9278,13.0807,13.1272
772,PASIR RIS ST 71,exact,13.9416,13.9514,13.1068,13.1533
773,PASIR RIS ST 71,exact,13.8469,13.8566,13.0119,13.0584
774,PASIR RIS ST 71,exact,13.8231,13.8329,12.9918,13.0385
775,PASIR RIS ST 71,exact,13.8498,13.8596,13.0205,13.0673
776,PASIR RIS ST 71,exact,13.8950,13.9047,13.0639,13.1106
777,PASIR RIS ST 71,exact,13.9399,13.9496,13.1076,13.1543
778,PASIR RIS ST 71,exact,13.9583,13.9681,13.1319,13.1788
779,PASIR RIS ST 71,exact,13.9104,13.9201,13.0852,13.1322
780,PASIR RIS ST 71,exact,13.8589,13.8686,13.0341,13.0811
781,PASIR RIS ST 71,exact,13.9422,13.9520,13.1194,13.1665
782,PASIR RIS ST 71,exact,13.9294,13.9391,13.1097,13.1569
710,PASIR RIS ST 72,exact,14.5356,14.5453,13.6797,13.7252
711,PASIR RIS ST 72,exact,14.5489,14.5586,13.6956,13.7412
712,PASIR RIS ST 72,exact,14.5968,14.6065,13.7420,13.7876
713,PASIR RIS ST 72,exact,14.5908,14.6005,13.7339,13.7794
714,PASIR RIS ST 72,exact,14.5857,14.5955,13.7273,13.7727
715,PASIR RIS ST 72,exact,14.5770,14.5867,13.7156,13.7609
716,PASIR RIS ST 72,exact,14.5686,14.5783,13.7059,13.7511
717,PASIR RIS ST 72,exact,14.5162,14.5259,13.6544,13.6997
718,PASIR RIS ST 72,exact,14.4824,14.4921,13.6203,13.6655
719,PASIR RIS ST 72,exact,14.4855,14.4952,13.6251,13.6704
720,PASIR RIS ST 72,exact,14.4300,14.4397,13.5702,13.6156
721,PASIR RIS ST 72,exact,14.3970,14.4067,13.5380,13.5834
722,PASIR RIS ST 72,exact,14.3961,14.4058,13.5408,13.5864
723,PASIR RIS ST 72,exact,14.3508,14.3606,13.4955,13.5410
724,PASIR RIS ST 72,exact,14.3456,14.3553,13.4880,13.5335
725,PASIR RIS ST 72,exact,14.3383,14.3480,13.4785,13.5238
120,PAYA LEBAR WAY,exact,5.6623,5.6720,4.8186,4.8659
121,PAYA LEBAR WAY,exact,5.5030,5.5127,4.6512,4.6982
122,PAYA LEBAR WAY,exact,5.5335,5.5432,4.6714,4.7179
123,PAYA LEBAR WAY,exact,5.6009,5.6106,4.7451,4.7919
124,PAYA LEBAR WAY,exact,5.6650,5.6747,4.8111,4.8580
91,PAYA LEBAR WAY,exact,5.8484,5.8581,5.0278,5.0760
93,PAYA LEBAR WAY,exact,5.9557,5.9654,5.1476,5.1963
112,PENDING RD,exact,13.9889,13.9896,13.2901,13.2612
113,PENDING RD,exact,13.9298,13.9305,13.2288,13.2000
114,PENDING RD,exact,13.8505,13.8513,13.1496,13.1208
115,PENDING RD,exact,13.9102,13.9109,13.2116,13.1827
116,PENDING RD,exact,13.8830,13.8836,13.1910,13.1617
117,PENDING RD,exact,13.9408,13.9414,13.2513,13.2219
118,PENDING RD,exact,13.8637,13.8643,13.1741,13.1447
119,PENDING RD,exact,13.7988,13.7995,13.1077,13.0783
120,PENDING RD,exact,13.8124,13.8131,13.1169,13.0878
121,PENDING RD,exact,13.7946,13.7954,13.0966,13.0676
122,PENDING RD,exact,13.8229,13.8237,13.1223,13.0935
123,PENDING RD,exact,13.7666,13.7674,13.0630,13.0344
124,PENDING RD,exact,13.6818,13.6826,12.9782,12.9496
125,PENDING RD,exact,13.7474,13.7482,13.0462,13.0174
126,PENDING RD,exact,13.7197,13.7204,13.0251,12.9959
127,PENDING RD,exact,13.7772,13.7779,13.0852,13.0559
128,PENDING RD,exact,13.7003,13.7010,13.0081,12.9788
129,PENDING RD,exact,13.6368,13.6375,12.9432,12.9139
221,PENDING RD,exact,13.3794,13.3802,12.6718,12.6433
222,PENDING RD,exact,13.3198,13.3207,12.6097,12.5814
223,PENDING RD,exact,13.3990,13.3999,12.6890,12.6607
224,PENDING RD,exact,13.4586,13.4595,12.7508,12.7224
225,PENDING RD,exact,13.4592,13.4600,12.7554,12.7268
226,PENDING RD,exact,13.4464,13.4472,12.7449,12.7161
227,PENDING RD,exact,13.4890,13.4897,12.7932,12.7641
228,PENDING RD,exact,13.5588,13.5595,12.8638,12.8346
229,PENDING RD,exact,13.5005,13.5012,12.8024,12.7734
230,PENDING RD,exact,13.5365,13.5374,12.8316,12.8030
231,PENDING RD,exact,13.4832,13.4841,12.7760,12.7476
232,PENDING RD,exact,13.5485,13.5494,12.8412,12.8128
233,PENDING RD,exact,13.6050,13.6058,12.9010,12.8724
134,PETIR RD,exact,13.5942,13.5948,12.9114,12.8815
136,PETIR RD,exact,13.6608,13.6614,12.9801,12.9501
137,PETIR RD,exact,13.6358,13.6364,12.9496,12.9199
138,PETIR RD,exact,13.5776,13.5782,12.8918,12.8621
139,PETIR RD,exact,13.6545,13.6551,12.9659,12.9363
140,PETIR RD,exact,13.7196,13.7202,13.0337,13.0040
141,PETIR RD,exact,13.8108,13.8114,13.1272,13.0974
142,PETIR RD,exact,13.8704,13.8710,13.1854,13.1557
143,PETIR RD,exact,13.9128,13.9134,13.2308,13.2009
144,PETIR RD,exact,13.8490,13.8495,13.1684,13.1384
145,PETIR RD,exact,13.9156,13.9161,13.2374,13.2073
149,PETIR RD,exact,13.9895,13.9900,13.3087,13.2787
150,PETIR RD,exact,14.0011,14.0016,13.3180,13.2882
151,PETIR RD,exact,14.0612,14.0617,13.3812,13.3512
167,PETIR RD,exact,14.1871,14.1876,13.5096,13.4795
168,PETIR RD,exact,14.2314,14.2318,13.5576,13.5273
201,PETIR RD,exact,12.9535,12.9543,12.2533,12.2244
202,PETIR RD,exact,13.0100,13.0108,12.3101,12.2812
203,PETIR RD,exact,13.0341,13.0350,12.3263,12.2978
204,PETIR RD,exact,13.0956,13.0965,12.3913,12.3626
205,PETIR RD,exact,13.1814,13.1822,12.4804,12.4515
206,PETIR RD,exact,13.1932,13.1940,12.4898,12.4611
207,PETIR RD,exact,13.1377,13.1385,12.4306,12.4022
208,PETIR RD,exact,13.1482,13.1491,12.4390,12.4106
209,PETIR RD,exact,13.1055,13.1064,12.3913,12.3632
210,PETIR RD,exact,13.0784,13.0794,12.3619,12.3340
211,PETIR RD,exact,13.1268,13.1278,12.4087,12.3809
212,PETIR RD,exact,13.1403,13.1413,12.4250,12.3970
213,PETIR RD,exact,13.1526,13.1536,12.4392,12.4111
214,PETIR RD,exact,13.2421,13.2431,12.5294,12.5013
215,PETIR RD,exact,13.2952,13.2961,12.5845,12.5562
216,PETIR RD,exact,13.2301,13.2310,12.5197,12.4914
217,PETIR RD,exact,13.3334,13.3342,12.6274,12.5989
218,PETIR RD,exact,13.2917,13.2926,12.5875,12.5589
219,PETIR RD,exact,13.3313,13.3321,12.6330,12.6040
220,PETIR RD,exact,13.3506,13.3514,12.6498,12.6210
1,PINE CL,exact,4.4385,4.4482,3.7875,3.8408
10,PINE CL,exact,4.4443,4.4540,3.7576,3.8103
11,PINE CL,exact,4.4111,4.4207,3.7494,3.8026
12,PINE CL,exact,4.4009,4.4106,3.7273,3.7803
3,PINE CL,exact,4.3686,4.3782,3.7353,3.7889
5,PINE CL,exact,4.3384,4.3480,3.6978,3.7513
7,PINE CL,exact,4.3565,4.3662,3.7000,3.7532
9,PINE CL,exact,4.4835,4.4932,3.7934,3.8460
53,PIPIT RD,exact,5.9540,5.9637,5.1203,5.1680
54,PIPIT RD,exact,6.0085,6.0183,5.1845,5.2326
55,PIPIT RD,exact,6.0583,6.0680,5.2428,5.2912
56,PIPIT RD,exact,6.0967,6.1065,5.2790,5.3273
92,PIPIT RD,exact,5.9365,5.9462,5.1167,5.1649
92A,PIPIT RD,exact,5.9423,5.9520,5.1271,5.1755
101,POTONG PASIR AVE 1,exact,5.8134,5.8222,4.7827,4.8137
102,POTONG PASIR AVE 1,exact,5.8850,5.8938,4.8555,4.8867
103,POTONG PASIR AVE 1,exact,5.9558,5.9647,4.9292,4.9609
104,POTONG PASIR AVE 1,exact,5.9659,5.9747,4.9370,4.9682
105,POTONG PASIR AVE 1,exact,5.9581,5.9668,4.9266,4.9574
106,POTONG PASIR AVE 1,exact,5.9053,5.9141,4.8719,4.9023
107,POTONG PASIR AVE 1,exact,5.9781,5.9868,4.9448,4.9752
108,POTONG PASIR AVE 1,exact,5.9624,5.9711,4.9268,4.9567
109,POTONG PASIR AVE 1,exact,5.9602,5.9689,4.9221,4.9514
113,POTONG PASIR AVE 1,exact,5.9768,5.9851,4.9235,4.9486
114,POTONG PASIR AVE 1,exact,6.0475,6.0558,4.9930,5.0176
115,POTONG PASIR AVE 1,exact,6.0894,6.0976,5.0334,5.0573
116,POTONG PASIR AVE 1,exact,6.0367,6.0449,4.9804,5.0043
117,POTONG PASIR AVE 1,exact,5.9574,5.9656,4.9026,4.9271
118,POTONG PASIR AVE 1,exact,5.8914,5.8997,4.8360,4.8602
119,POTONG PASIR AVE 1,exact,5.7985,5.8068,4.7444,4.7692
120,POTONG PASIR AVE 1,exact,5.9063,5.9146,4.8528,4.8778
121,POTONG PASIR AVE 1,exact,5.9993,6.0078,4.9527,4.9800
122,POTONG PASIR AVE 1,exact,5.9264,5.9349,4.8827,4.9108
123,POTONG PASIR AVE 1,exact,5.9457,5.9542,4.9003,4.9280
124,POTONG PASIR AVE 1,exact,5.9507,5.9592,4.9040,4.9313
125,POTONG PASIR AVE 1,exact,5.9498,5.9583,4.9021,4.9290
126,POTONG PASIR AVE 1,exact,5.9042,5.9127,4.8571,4.8843
127,POTONG PASIR AVE 1,exact,5.9188,5.9273,4.8726,4.9000
128,POTONG PASIR AVE 1,exact,5.9025,5.9110,4.8576,4.8854
129,POTONG PASIR AVE 1,exact,5.8906,5.8991,4.8449,4.8724
130,POTONG PASIR AVE 1,exact,5.8578,5.8663,4.8125,4.8402
131,POTONG PASIR AVE 1,exact,5.8432,5.8517,4.7971,4.8245
132,POTONG PASIR AVE 1,exact,5.8299,5.8384,4.7851,4.8129
133,POTONG PASIR AVE 1,exact,5.8532,5.8617,4.8093,4.8373
146,POTONG PASIR AVE 1,exact,5.6302,5.6389,4.5962,4.6266
148,POTONG PASIR AVE 1,exact,5.7072,5.7160,4.6749,4.7056
143,POTONG PASIR AVE 2,exact,5.7118,5.7204,4.6710,4.6998
144,POTONG PASIR AVE 2,exact,5.6606,5.6691,4.6173,4.6456
145,POTONG PASIR AVE 2,exact,5.6548,5.6634,4.6147,4.6437
134,POTONG PASIR AVE 3,exact,5.8826,5.8912,4.8402,4.8685
135,POTONG PASIR AVE 3,exact,5.9226,5.9312,4.8822,4.9110
136,POTONG PASIR AVE 3,exact,5.8375,5.8461,4.7967,4.8255
137,POTONG PASIR AVE 3,exact,5.8030,5.8116,4.7595,4.7877
138,POTONG PASIR AVE 3,exact,5.7596,5.7682,4.7150,4.7428
139,POTONG PASIR AVE 3,exact,5.7492,5.7578,4.7076,4.7363
140,POTONG PASIR AVE 3,exact,5.8296,5.8382,4.7903,4.8195
141,POTONG PASIR AVE 3,exact,5.8764,5.8850,4.8396,4.8693
142,POTONG PASIR AVE 3,exact,5.7702,5.7789,4.7326,4.7622
160A,PUNGGOL CTRL,exact,14.3212,14.3306,13.3556,13.3938
160B,PUNGGOL CTRL,exact,14.3291,14.3386,13.3645,13.4028
161A,PUNGGOL CTRL,exact,14.3318,14.3412,13.3631,13.4011
161B,PUNGGOL CTRL,exact,14.3386,14.3480,13.3710,13.4090
162A,PUNGGOL CTRL,exact,14.3433,14.3527,13.3713,13.4090
162B,PUNGGOL CTRL,exact,14.3498,14.3592,13.3788,13.4166
163A,PUNGGOL CTRL,exact,14.2489,14.2583,13.2779,13.3156
163B,PUNGGOL CTRL,exact,14.2459,14.2553,13.2738,13.3114
165A,PUNGGOL CTRL,exact,14.2383,14.2477,13.2703,13.3083
165B,PUNGGOL CTRL,exact,14.2351,14.2445,13.2659,13.3038
166A,PUNGGOL CTRL,exact,14.2277,14.2372,13.2631,13.3014
166B,PUNGGOL CTRL,exact,14.2243,14.2337,13.2585,13.2967
186,PUNGGOL CTRL,exact,14.3924,14.4017,13.4077,13.4441
187,PUNGGOL CTRL,exact,14.3998,14.4091,13.4143,13.4505
188,PUNGGOL CTRL,exact,14.4009,14.4101,13.4141,13.4502
190,PUNGGOL CTRL,exact,14.4064,14.4157,13.4178,13.4537
191,PUNGGOL CTRL,exact,14.4182,14.4274,13.4284,13.4641
192,PUNGGOL CTRL,exact,14.4319,14.4412,13.4411,13.4768
293,PUNGGOL CTRL,exact,14.5464,14.5555,13.5396,13.5733
294,PUNGGOL CTRL,exact,14.4812,14.4903,13.4742,13.5079
295,PUNGGOL CTRL,exact,14.4246,14.4337,13.4190,13.4529
296,PUNGGOL CTRL,exact,14.4104,14.4195,13.4061,13.4401
297,PUNGGOL CTRL,exact,14.4800,14.4892,13.4755,13.5095
298,PUNGGOL CTRL,exact,14.5301,14.5392,13.5254,13.5594
299,PUNGGOL CTRL,exact,14.5255,14.5347,13.5200,13.5539
301A,PUNGGOL CTRL,exact,14.7143,14.7234,13.7093,13.7432
301B,PUNGGOL CTRL,exact,14.7104,14.7195,13.7045,13.7384
301C,PUNGGOL CTRL,exact,14.7136,14.7228,13.7071,13.7408
303A,PUNGGOL CTRL,exact,14.6549,14.6641,13.6493,13.6832
303B,PUNGGOL CTRL,exact,14.6584,14.6676,13.6521,13.6859
303C,PUNGGOL CTRL,exact,14.6616,14.6708,13.6546,13.6883
601A,PUNGGOL CTRL,exact,14.6077,14.6169,13.6082,13.6429
601B,PUNGGOL CTRL,exact,14.5873,14.5965,13.5889,13.6236
601C,PUNGGOL CTRL,exact,14.6538,14.6630,13.6554,13.6902
601D,PUNGGOL CTRL,exact,14.6701,14.6793,13.6707,13.7053
602A,PUNGGOL CTRL,exact,14.6877,14.6968,13.6857,13.7201
602B,PUNGGOL CTRL,exact,14.6286,14.6378,13.6266,13.6610
602C,PUNGGOL CTRL,exact,14.6164,14.6256,13.6158,13.6503
622A,PUNGGOL CTRL,exact,14.5245,14.5338,13.5377,13.5738
622B,PUNGGOL CTRL,exact,14.5402,14.5495,13.5513,13.5872
622C,PUNGGOL CTRL,exact,14.5930,14.6022,13.6048,13.6407
623A,PUNGGOL CTRL,exact,14.5636,14.5729,13.5792,13.6156
623B,PUNGGOL CTRL,exact,14.5087,14.5180,13.5249,13.5614
623C,PUNGGOL CTRL,exact,14.5163,14.5256,13.5311,13.5673
624A,PUNGGOL CTRL,exact,14.6333,14.6426,13.6460,13.6820
624B,PUNGGOL CTRL,exact,14.6389,14.6482,13.6527,13.6889
624C,PUNGGOL CTRL,exact,14.6279,14.6372,13.6428,13.6791
643,PUNGGOL CTRL,exact,14.5321,14.5415,13.5638,13.6017
645,PUNGGOL CTRL,exact,14.5905,14.5999,13.6221,13.6601
646,PUNGGOL CTRL,exact,14.5994,14.6088,13.6289,13.6666
647,PUNGGOL CTRL,exact,14.5732,14.5826,13.6019,13.6396
648,PUNGGOL CTRL,exact,14.5220,14.5314,13.5505,13.5882
649,PUNGGOL CTRL,exact,14.4640,14.4734,13.4925,13.5302
651,PUNGGOL CTRL,exact,14.4550,14.4644,13.4856,13.5235
652,PUNGGOL CTRL,exact,14.4812,14.4907,13.5127,13.5507
305D,PUNGGOL DR,exact,14.9102,14.9193,13.9047,13.9386
306D,PUNGGOL DR,exact,14.9193,14.9284,13.9127,13.9465
612A,PUNGGOL DR,exact,14.8513,14.8605,13.8536,13.8885
612B,PUNGGOL DR,exact,14.8835,14.8926,13.8824,13.9168
612C,PUNGGOL DR,exact,14.8788,14.8880,13.8766,13.9109
612D,PUNGGOL DR,exact,14.8370,14.8462,13.8349,13.8692
613A,PUNGGOL DR,exact,14.8173,14.8265,13.8161,13.8506
613B,PUNGGOL DR,exact,14.8226,14.8318,13.8226,13.8572
613C,PUNGGOL DR,exact,14.8114,14.8206,13.8128,13.8475
613D,PUNGGOL DR,exact,14.8072,14.8164,13.8094,13.8443
617A,PUNGGOL DR,exact,14.8010,14.8102,13.8127,13.8487
617B,PUNGGOL DR,exact,14.8009,14.8102,13.8138,13.8499
617C,PUNGGOL DR,exact,14.7957,14.8050,13.8098,13.8460
617D,PUNGGOL DR,exact,14.7810,14.7903,13.7965,13.8329
618A,PUNGGOL DR,exact,14.7151,14.7244,13.7304,13.7668
618B,PUNGGOL DR,exact,14.7312,14.7405,13.7451,13.7813
618C,PUNGGOL DR,exact,14.7375,14.7468,13.7502,13.7863
618D,PUNGGOL DR,exact,14.7352,14.7445,13.7467,13.7827
619A,PUNGGOL DR,exact,14.8090,14.8183,13.8194,13.8552
619B,PUNGGOL DR,exact,14.8172,14.8265,13.8262,13.8618
619C,PUNGGOL DR,exact,14.7515,14.7608,13.7603,13.7959
619D,PUNGGOL DR,exact,14.7433,14.7526,13.7534,13.7892
632A,PUNGGOL DR,exact,14.7180,14.7273,13.7364,13.7730
632B,PUNGGOL DR,exact,14.7219,14.7312,13.7395,13.7760
632C,PUNGGOL DR,exact,14.7257,14.7350,13.7424,13.7789
633A,PUNGGOL DR,exact,14.7766,14.7859,13.7936,13.8301
633B,PUNGGOL DR,exact,14.7727,14.7820,13.7904,13.8270
635A,PUNGGOL DR,exact,14.7657,14.7750,13.7849,13.8216
635B,PUNGGOL DR,exact,14.7617,14.7710,13.7817,13.8185
635C,PUNGGOL DR,exact,14.7582,14.7676,13.7790,13.8159
636A,PUNGGOL DR,exact,14.7068,14.7161,13.7276,13.7645
636B,PUNGGOL DR,exact,14.7112,14.7205,13.7312,13.7680
637A,PUNGGOL DR,exact,14.6860,14.6953,13.7095,13.7466
637B,PUNGGOL DR,exact,14.6857,14.6951,13.7106,13.7479
637C,PUNGGOL DR,exact,14.6577,14.6671,13.6832,13.7206
637D,PUNGGOL DR,exact,14.6704,14.6798,13.6975,13.7350
638A,PUNGGOL DR,exact,14.7426,14.7519,13.7662,13.8033
638B,PUNGGOL DR,exact,14.7276,14.7370,13.7524,13.7897
638C,PUNGGOL DR,exact,14.7267,14.7361,13.7525,13.7899
641A,PUNGGOL DR,exact,14.7055,14.7150,13.7380,13.7760
641B,PUNGGOL DR,exact,14.7078,14.7172,13.7387,13.7766
641C,PUNGGOL DR,exact,14.7083,14.7177,13.7382,13.7760
642A,PUNGGOL DR,exact,14.6518,14.6613,13.6841,13.7221
642B,PUNGGOL DR,exact,14.6384,14.6478,13.6691,13.7070
642C,PUNGGOL DR,exact,14.6662,14.6756,13.6962,13.7340
642D,PUNGGOL DR,exact,14.6658,14.6752,13.6944,13.7321
663A,PUNGGOL DR,exact,14.8732,14.8826,13.9029,13.9407
663B,PUNGGOL DR,exact,14.9390,14.9484,13.9686,14.0063
663C,PUNGGOL DR,exact,14.9152,14.9246,13.9463,13.9842
664A,PUNGGOL DR,exact,14.8183,14.8277,13.8507,13.8887
664B,PUNGGOL DR,exact,14.8982,14.9076,13.9305,13.9685
665A,PUNGGOL DR,exact,14.8712,14.8806,13.8881,13.9246
665B,PUNGGOL DR,exact,14.8919,14.9012,13.9104,13.9471
665C,PUNGGOL DR,exact,14.8546,14.8639,13.8749,13.9117
666A,PUNGGOL DR,exact,14.8915,14.9009,13.9135,13.9505
666B,PUNGGOL DR,exact,14.9276,14.9370,13.9497,13.9867
667A,PUNGGOL DR,exact,14.9381,14.9474,13.9553,13.9919
667B,PUNGGOL DR,exact,14.9393,14.9486,13.9599,13.9967
676A,PUNGGOL DR,exact,14.9540,14.9632,13.9574,13.9924
676B,PUNGGOL DR,exact,14.9769,14.9861,13.9810,14.0161
676C,PUNGGOL DR,exact,15.0392,15.0484,14.0437,14.0788
676D,PUNGGOL DR,exact,15.0865,15.0957,14.0915,14.1267
677A,PUNGGOL DR,exact,14.9684,14.9776,13.9695,14.0042
677B,PUNGGOL DR,exact,14.9905,14.9997,13.9923,14.0271
677C,PUNGGOL DR,exact,15.0307,15.0399,14.0328,14.0676
677D,PUNGGOL DR,exact,15.0734,15.0826,14.0762,14.1111
678A,PUNGGOL DR,exact,14.9828,14.9920,13.9823,14.0168
678B,PUNGGOL DR,exact,14.9986,15.0077,13.9982,14.0327
678C,PUNGGOL DR,exact,15.0691,15.0783,14.0695,14.1041
679A,PUNGGOL DR,exact,14.9877,14.9968,13.9857,14.0201
679B,PUNGGOL DR,exact,15.0367,15.0459,14.0348,14.0691
679C,PUNGGOL DR,exact,15.0626,15.0718,14.0613,14.0958
167A,PUNGGOL EAST,exact,14.1526,14.1620,13.1877,13.2260
167B,PUNGGOL EAST,exact,14.1761,14.1856,13.2102,13.2484
167C,PUNGGOL EAST,exact,14.1793,14.1887,13.2124,13.2505
167D,PUNGGOL EAST,exact,14.1824,14.1918,13.2145,13.2525
168A,PUNGGOL EAST,exact,14.1704,14.1798,13.2016,13.2395
168B,PUNGGOL EAST,exact,14.1472,14.1566,13.1777,13.2156
658A,PUNGGOL EAST,exact,15.0127,15.0221,14.0503,14.0888
658B,PUNGGOL EAST,exact,14.9789,14.9884,14.0145,14.0528
658C,PUNGGOL EAST,exact,14.9889,14.9983,14.0226,14.0608
659A,PUNGGOL EAST,exact,15.0475,15.0569,14.0841,14.1225
659B,PUNGGOL EAST,exact,15.0356,15.0450,14.0705,14.1087
659C,PUNGGOL EAST,exact,15.0808,15.0902,14.1148,14.1529
101A,PUNGGOL FIELD,exact,14.0754,14.0846,13.0774,13.1123
101B,PUNGGOL FIELD,exact,14.0891,14.0983,13.0926,13.1276
101C,PUNGGOL FIELD,exact,14.1199,14.1291,13.1234,13.1584
101D,PUNGGOL FIELD,exact,14.1390,14.1482,13.1408,13.1757
102A,PUNGGOL FIELD,exact,14.1568,14.1660,13.1572,13.1919
102B,PUNGGOL FIELD,exact,14.1674,14.1766,13.1667,13.2012
102C,PUNGGOL FIELD,exact,14.1097,14.1189,13.1080,13.1425
102D,PUNGGOL FIELD,exact,14.0961,14.1053,13.0956,13.1301
106A,PUNGGOL FIELD,exact,14.0590,14.0682,13.0695,13.1053
106B,PUNGGOL FIELD,exact,14.0883,14.0975,13.0970,13.1326
106C,PUNGGOL FIELD,exact,14.0960,14.1052,13.1032,13.1386
106D,PUNGGOL FIELD,exact,14.1118,14.1210,13.1181,13.1535
110A,PUNGGOL FIELD,exact,14.0587,14.0680,13.0726,13.1088
110B,PUNGGOL FIELD,exact,14.0305,14.0398,13.0461,13.0824
110C,PUNGGOL FIELD,exact,14.0255,14.0348,13.0427,13.0792
110D,PUNGGOL FIELD,exact,13.9954,14.0047,13.0137,13.0504
168C,PUNGGOL FIELD,exact,14.0787,14.0881,13.1097,13.1476
168D,PUNGGOL FIELD,exact,14.0759,14.0853,13.1079,13.1459
169A,PUNGGOL FIELD,exact,14.0273,14.0367,13.0613,13.0995
169B,PUNGGOL FIELD,exact,14.0291,14.0386,13.0622,13.1004
169C,PUNGGOL FIELD,exact,14.0760,14.0854,13.1089,13.1470
170A,PUNGGOL FIELD,exact,14.1055,14.1149,13.1404,13.1787
170B,PUNGGOL FIELD,exact,14.0751,14.0845,13.1100,13.1482
170C,PUNGGOL FIELD,exact,14.0444,14.0538,13.0792,13.1175
173A,PUNGGOL FIELD,exact,14.1503,14.1595,13.1630,13.1991
173B,PUNGGOL FIELD,exact,14.1406,14.1499,13.1561,13.1925
173C,PUNGGOL FIELD,exact,14.1304,14.1397,13.1478,13.1844
173D,PUNGGOL FIELD,exact,14.1234,14.1327,13.1418,13.1784
175A,PUNGGOL FIELD,exact,14.1699,14.1791,13.1810,13.2169
175B,PUNGGOL FIELD,exact,14.1899,14.1992,13.1996,13.2353
175C,PUNGGOL FIELD,exact,14.2014,14.2106,13.2091,13.2447
175D,PUNGGOL FIELD,exact,14.2163,14.2255,13.2225,13.2578
196A,PUNGGOL FIELD,exact,14.2397,14.2489,13.2422,13.2771
196B,PUNGGOL FIELD,exact,14.2320,14.2412,13.2354,13.2705
196C,PUNGGOL FIELD,exact,14.2838,14.2931,13.2883,13.3234
196D,PUNGGOL FIELD,exact,14.3093,14.3185,13.3125,13.3475
197A,PUNGGOL FIELD,exact,14.3022,14.3114,13.3042,13.3391
197B,PUNGGOL FIELD,exact,14.3284,14.3376,13.3294,13.3642
199A,PUNGGOL FIELD,exact,14.2617,14.2708,13.2615,13.2960
199B,PUNGGOL FIELD,exact,14.2697,14.2789,13.2686,13.3031
199C,PUNGGOL FIELD,exact,14.3499,14.3591,13.3486,13.3831
199D,PUNGGOL FIELD,exact,14.3401,14.3493,13.3396,13.3741
201A,PUNGGOL FIELD,exact,14.1789,14.1880,13.1720,13.2058
201B,PUNGGOL FIELD,exact,14.1825,14.1916,13.1765,13.2104
201C,PUNGGOL FIELD,exact,14.1105,14.1196,13.1049,13.1389
201D,PUNGGOL FIELD,exact,14.1311,14.1402,13.1242,13.1580
202A,PUNGGOL FIELD,exact,14.1803,14.1894,13.1763,13.2104
202B,PUNGGOL FIELD,exact,14.1267,14.1359,13.1228,13.1569
203A,PUNGGOL FIELD,exact,14.0357,14.0449,13.0315,13.0656
203B,PUNGGOL FIELD,exact,13.9698,13.9789,12.9652,12.9992
204A,PUNGGOL FIELD,exact,14.0179,14.0270,13.0109,13.0447
204B,PUNGGOL FIELD,exact,14.0218,14.0309,13.0157,13.0496
204C,PUNGGOL FIELD,exact,13.9497,13.9588,12.9440,12.9780
204D,PUNGGOL FIELD,exact,13.9541,13.9633,12.9468,12.9805
205A,PUNGGOL FIELD,exact,13.9558,13.9649,12.9472,12.9807
228A,PUNGGOL FIELD,exact,14.0925,14.1013,13.0580,13.0873
228B,PUNGGOL FIELD,exact,14.0759,14.0846,13.0396,13.0686
258A,PUNGGOL FIELD,exact,14.2437,14.2525,13.2160,13.2466
258B,PUNGGOL FIELD,exact,14.2499,14.2588,13.2232,13.2540
258C,PUNGGOL FIELD,exact,14.2939,14.3028,13.2667,13.2974
259A,PUNGGOL FIELD,exact,14.2292,14.2381,13.2006,13.2311
259B,PUNGGOL FIELD,exact,14.2232,14.2320,13.1939,13.2242
259C,PUNGGOL FIELD,exact,14.3079,14.3168,13.2790,13.3094
267A,PUNGGOL FIELD,exact,14.3821,14.3910,13.3569,13.3880
267B,PUNGGOL FIELD,exact,14.3860,14.3949,13.3618,13.3930
267C,PUNGGOL FIELD,exact,14.3868,14.3957,13.3636,13.3949
268A,PUNGGOL FIELD,exact,14.3314,14.3403,13.3064,13.3374
268B,PUNGGOL FIELD,exact,14.2933,14.3022,13.2683,13.2994
268C,PUNGGOL FIELD,exact,14.2868,14.2958,13.2635,13.2948
268D,PUNGGOL FIELD,exact,14.2872,14.2962,13.2649,13.2964
269A,PUNGGOL FIELD,exact,14.2954,14.3043,13.2746,13.3063
269B,PUNGGOL FIELD,exact,14.3132,14.3222,13.2914,13.3230
269C,PUNGGOL FIELD,exact,14.3292,14.3382,13.3070,13.3385
270A,PUNGGOL FIELD,exact,14.4009,14.4099,13.3804,13.4122
270B,PUNGGOL FIELD,exact,14.3968,14.4058,13.3752,13.4069
270C,PUNGGOL FIELD,exact,14.4109,14.4199,13.3888,13.4203
128A,PUNGGOL FIELD WALK,exact,13.9704,13.9798,12.9979,13.0355
128B,PUNGGOL FIELD WALK,exact,13.9413,13.9507,12.9711,13.0090
128C,PUNGGOL FIELD WALK,exact,13.8812,13.8906,12.9109,12.9487
128D,PUNGGOL FIELD WALK,exact,13.8894,13.8988,12.9165,12.9540
207A,PUNGGOL PL,exact,14.0872,14.0963,13.0739,13.1068
207B,PUNGGOL PL,exact,14.0792,14.0882,13.0652,13.0979
207C,PUNGGOL PL,exact,14.0961,14.1052,13.0809,13.1135
207D,PUNGGOL PL,exact,14.1416,14.1507,13.1269,13.1596
208A,PUNGGOL PL,exact,14.1969,14.2059,13.1818,13.2144
208B,PUNGGOL PL,exact,14.2022,14.2113,13.1881,13.2208
208C,PUNGGOL PL,exact,14.1599,14.1690,13.1463,13.1791
209A,PUNGGOL PL,exact,14.0181,14.0272,13.0047,13.0376
209B,PUNGGOL PL,exact,14.0270,14.0360,13.0141,13.0470
209C,PUNGGOL PL,exact,13.9777,13.9867,12.9649,12.9978
210A,PUNGGOL PL,exact,14.0383,14.0473,13.0237,13.0564
210B,PUNGGOL PL,exact,14.0374,14.0464,13.0220,13.0546
210C,PUNGGOL PL,exact,13.9751,13.9841,12.9598,12.9924
273A,PUNGGOL PL,exact,14.3392,14.3482,13.3263,13.3593
273B,PUNGGOL PL,exact,14.2918,14.3009,13.2786,13.3114
273C,PUNGGOL PL,exact,14.3045,14.3136,13.2897,13.3224
273D,PUNGGOL PL,exact,14.3286,14.3376,13.3136,13.3462
274A,PUNGGOL PL,exact,14.3962,14.4052,13.3835,13.4164
274B,PUNGGOL PL,exact,14.4322,14.4413,13.4190,13.4519
274C,PUNGGOL PL,exact,14.4347,14.4437,13.4206,13.4534
274D,PUNGGOL PL,exact,14.3978,14.4069,13.3833,13.4159
288A,PUNGGOL PL,exact,14.3899,14.3990,13.3792,13.4124
288B,PUNGGOL PL,exact,14.4316,14.4407,13.4213,13.4545
288C,PUNGGOL PL,exact,14.4305,14.4396,13.4209,13.4543
289A,PUNGGOL PL,exact,14.2891,14.2982,13.2783,13.3115
289B,PUNGGOL PL,exact,14.2884,14.2975,13.2790,13.3125
289C,PUNGGOL PL,exact,14.3269,14.3360,13.3183,13.3518
289D,PUNGGOL PL,exact,14.3773,14.3864,13.3682,13.4017
301D,PUNGGOL PL,exact,14.7077,14.7168,13.7005,13.7342
302A,PUNGGOL PL,exact,14.6608,14.6699,13.6513,13.6847
302B,PUNGGOL PL,exact,14.6711,14.6802,13.6625,13.6959
302C,PUNGGOL PL,exact,14.7145,14.7236,13.7059,13.7394
302D,PUNGGOL PL,exact,14.7111,14.7202,13.7032,13.7368
303D,PUNGGOL PL,exact,14.6677,14.6768,13.6597,13.6933
306A,PUNGGOL PL,exact,14.8733,14.8824,13.8642,13.8976
306B,PUNGGOL PL,exact,14.8599,14.8691,13.8521,13.8857
306C,PUNGGOL PL,exact,14.9303,14.9394,13.9222,13.9557
195A,PUNGGOL RD,exact,14.4280,14.4372,13.4260,13.4604
195B,PUNGGOL RD,exact,14.4455,14.4547,13.4446,13.4790
195C,PUNGGOL RD,exact,14.4337,14.4429,13.4340,13.4686
195D,PUNGGOL RD,exact,14.4740,14.4832,13.4746,13.5093
195E,PUNGGOL RD,exact,14.5130,14.5222,13.5134,13.5481
305A,PUNGGOL RD,exact,14.8300,14.8392,13.8252,13.8592
305B,PUNGGOL RD,exact,14.8368,14.8459,13.8305,13.8644
603A,PUNGGOL RD,exact,14.7564,14.7656,13.7578,13.7925
603B,PUNGGOL RD,exact,14.7105,14.7197,13.7120,13.7467
603C,PUNGGOL RD,exact,14.7131,14.7223,13.7135,13.7481
604A,PUNGGOL RD,exact,14.7851,14.7943,13.7829,13.8173
604B,PUNGGOL RD,exact,14.7331,14.7423,13.7309,13.7652
604C,PUNGGOL RD,exact,14.7258,14.7350,13.7247,13.7591
211A,PUNGGOL WALK,exact,14.1925,14.2016,13.1752,13.2075
211B,PUNGGOL WALK,exact,14.1309,14.1399,13.1141,13.1465
211C,PUNGGOL WALK,exact,14.0758,14.0848,13.0587,13.0910
211D,PUNGGOL WALK,exact,14.0763,14.0853,13.0581,13.0902
212A,PUNGGOL WALK,exact,13.9669,13.9759,12.9491,12.9814
212B,PUNGGOL WALK,exact,14.0337,14.0427,13.0166,13.0490
213A,PUNGGOL WALK,exact,13.9650,13.9739,12.9448,12.9766
213B,PUNGGOL WALK,exact,14.0243,14.0333,13.0046,13.0366
213C,PUNGGOL WALK,exact,14.0299,14.0389,13.0114,13.0435
271A,PUNGGOL WALK,exact,14.4127,14.4217,13.3943,13.4264
271B,PUNGGOL WALK,exact,14.4674,14.4764,13.4493,13.4814
271C,PUNGGOL WALK,exact,14.4630,14.4720,13.4461,13.4784
271D,PUNGGOL WALK,exact,14.4130,14.4220,13.3961,13.4285
272A,PUNGGOL WALK,exact,14.3655,14.3746,13.3485,13.3808
272B,PUNGGOL WALK,exact,14.3628,14.3719,13.3447,13.3769
272C,PUNGGOL WALK,exact,14.3106,14.3196,13.2925,13.3247
272D,PUNGGOL WALK,exact,14.3146,14.3236,13.2975,13.3299
308A,PUNGGOL WALK,exact,14.8505,14.8595,13.8298,13.8615
308B,PUNGGOL WALK,exact,14.7979,14.8068,13.7743,13.8056
308C,PUNGGOL WALK,exact,14.8025,14.8114,13.7778,13.8089
310A,PUNGGOL WALK,exact,14.9656,14.9746,13.9449,13.9767
310B,PUNGGOL WALK,exact,15.0084,15.0173,13.9861,14.0176
310C,PUNGGOL WALK,exact,15.0122,15.0212,13.9878,14.0189
260A,PUNGGOL WAY,exact,14.3720,14.3809,13.3448,13.3755
260B,PUNGGOL WAY,exact,14.3709,14.3798,13.3431,13.3737
260C,PUNGGOL WAY,exact,14.4108,14.4197,13.3828,13.4134
261A,PUNGGOL WAY,exact,14.5015,14.5104,13.4737,13.5043
261B,PUNGGOL WAY,exact,14.4948,14.5037,13.4665,13.4970
261C,PUNGGOL WAY,exact,14.4525,14.4613,13.4243,13.4548
264A,PUNGGOL WAY,exact,14.5707,14.5796,13.5465,13.5777
265A,PUNGGOL WAY,exact,14.5454,14.5543,13.5218,13.5531
265B,PUNGGOL WAY,exact,14.4948,14.5038,13.4715,13.5029
265C,PUNGGOL WAY,exact,14.4680,14.4770,13.4446,13.4760
265D,PUNGGOL WAY,exact,14.4416,14.4505,13.4178,13.4491
266A,PUNGGOL WAY,exact,14.5462,14.5551,13.5208,13.5518
266B,PUNGGOL WAY,exact,14.5043,14.5132,13.4792,13.5102
266C,PUNGGOL WAY,exact,14.4558,14.4648,13.4308,13.4618
266D,PUNGGOL WAY,exact,14.4428,14.4517,13.4184,13.4495
314A,PUNGGOL WAY,exact,14.7874,14.7963,13.7604,13.7911
314B,PUNGGOL WAY,exact,14.7244,14.7333,13.6963,13.7269
315A,PUNGGOL WAY,exact,14.7559,14.7648,13.7269,13.7573
315B,PUNGGOL WAY,exact,14.6934,14.7023,13.6634,13.6936
316A,PUNGGOL WAY,exact,14.8693,14.8782,13.8425,13.8732
316B,PUNGGOL WAY,exact,14.8552,14.8641,13.8274,13.8580
316C,PUNGGOL WAY,exact,14.8237,14.8325,13.7941,13.8244
316D,PUNGGOL WAY,exact,14.7965,14.8054,13.7667,13.7969
269A,QUEEN ST,exact,1.8898,1.8976,0.8285,0.8515
269B,QUEEN ST,exact,1.8657,1.8734,0.8033,0.8241
269C,QUEEN ST,exact,1.9097,1.9174,0.8473,0.8684
271,QUEEN ST,exact,1.9371,1.9449,0.8763,0.8997
19,QUEEN'S CL,exact,5.7750,5.7694,5.8086,5.7550
20,QUEEN'S CL,exact,5.8105,5.8050,5.8370,5.7835
21,QUEEN'S CL,exact,5.8229,5.8174,5.8388,5.7854
22,QUEEN'S CL,exact,5.8611,5.8557,5.8718,5.8184
23A,QUEEN'S CL,exact,5.8656,5.8603,5.8614,5.8082
23B,QUEEN'S CL,exact,5.8279,5.8225,5.8275,5.7743
1,QUEEN'S RD,exact,6.2084,6.2072,5.7376,5.6959
2,QUEEN'S RD,exact,6.2499,6.2498,5.6593,5.6229
3,QUEEN'S RD,exact,6.2062,6.2062,5.6080,5.5719
4,QUEEN'S RD,exact,6.2035,6.2026,5.6972,5.6570
168A,QUEENSWAY,exact,5.3734,5.3675,5.4689,5.4148
681,RACE COURSE RD,exact,3.3652,3.3729,2.3028,2.3223
682,RACE COURSE RD,exact,3.4321,3.4399,2.3700,2.3902
684,RACE COURSE RD,exact,3.4525,3.4605,2.3928,2.4153
685,RACE COURSE RD,exact,3.4228,3.4309,2.3638,2.3869
1,REDHILL CL,none,,,,
10,REDHILL CL,none,,,,
11,REDHILL CL,none,,,,
12,REDHILL CL,none,,,,
13,REDHILL CL,none,,,,
14,REDHILL CL,none,,,,
15,REDHILL CL,none,,,,
16,REDHILL CL,none,,,,
17,REDHILL CL,none,,,,
18,REDHILL CL,none,,,,
19,REDHILL CL,none,,,,
2,REDHILL CL,none,,,,
20,REDHILL CL,none,,,,
21,REDHILL CL,none,,,,
22,REDHILL CL,none,,,,
3,REDHILL CL,none,,,,
5,REDHILL CL,none,,,,
6,REDHILL CL,none,,,,
68,REDHILL CL,exact,3.9498,3.9436,4.1089,4.0543
69,REDHILL CL,exact,3.9127,3.9065,4.0680,4.0133
7,REDHILL CL,none,,,,
70,REDHILL CL,exact,3.8737,3.8675,4.0379,3.9833
8,REDHILL CL,none,,,,
86,REDHILL CL,exact,3.6573,3.6511,3.8183,3.7636
87,REDHILL CL,exact,3.6101,3.6038,3.7996,3.7449
88,REDHILL CL,exact,3.6561,3.6497,3.8505,3.7958
9,REDHILL CL,none,,,,
81,REDHILL LANE,exact,3.5771,3.5712,3.7124,3.6578
82,REDHILL LANE,exact,3.5746,3.5686,3.7209,3.6662
83,REDHILL LANE,exact,3.5724,3.5663,3.7361,3.6814
71,REDHILL RD,exact,3.7943,3.7882,3.9417,3.8871
72,REDHILL RD,exact,3.9151,3.9090,4.0590,4.0044
73A,REDHILL RD,exact,3.8777,3.8718,4.0062,3.9516
74A,REDHILL RD,exact,3.9385,3.9326,4.0660,4.0114
75A,REDHILL RD,exact,4.0463,4.0404,4.1709,4.1164
75B,REDHILL RD,exact,3.9860,3.9801,4.0983,4.0438
75C,REDHILL RD,exact,3.9508,3.9451,4.0471,3.9927
76A,REDHILL RD,exact,3.8822,3.8764,3.9874,3.9329
77A,REDHILL RD,exact,3.8179,3.8121,3.9331,3.8786
142,RIVERVALE CRES,exact,13.2861,13.2953,12.2965,12.3324
147,RIVERVALE CRES,exact,13.3189,13.3281,12.3307,12.3667
148,RIVERVALE CRES,exact,13.3213,13.3306,12.3315,12.3674
149,RIVERVALE CRES,exact,13.4110,13.4202,12.4206,12.4563
150,RIVERVALE CRES,exact,13.5327,13.5419,12.5436,12.5795
151,RIVERVALE CRES,exact,13.4816,13.4909,12.4920,12.5278
152,RIVERVALE CRES,exact,13.4731,13.4824,12.4848,12.5208
153,RIVERVALE CRES,exact,13.4518,13.4611,12.4653,12.5015
154,RIVERVALE CRES,exact,13.4349,13.4442,12.4498,12.4862
155,RIVERVALE CRES,exact,13.4170,13.4263,12.4333,12.4698
156,RIVERVALE CRES,exact,13.4687,13.4780,12.4850,12.5215
157A,RIVERVALE CRES,exact,13.2001,13.2094,12.2251,12.2625
157B,RIVERVALE CRES,exact,13.1697,13.1790,12.1946,12.2320
157C,RIVERVALE CRES,exact,13.1554,13.1647,12.1784,12.2156
157D,RIVERVALE CRES,exact,13.1959,13.2053,12.2189,12.2561
158A,RIVERVALE CRES,exact,13.2046,13.2139,12.2233,12.2600
158B,RIVERVALE CRES,exact,13.1644,13.1737,12.1830,12.2198
158C,RIVERVALE CRES,exact,13.1668,13.1761,12.1872,12.2242
158D,RIVERVALE CRES,exact,13.1945,13.2038,12.2148,12.2517
159A,RIVERVALE CRES,exact,13.1421,13.1515,12.1636,12.2007
162A,RIVERVALE CRES,exact,13.4057,13.4150,12.4239,12.4606
162B,RIVERVALE CRES,exact,13.4285,13.4379,12.4481,12.4850
162C,RIVERVALE CRES,exact,13.4175,13.4269,12.4390,12.4760
163A,RIVERVALE CRES,exact,13.3890,13.3983,12.4123,12.4495
163B,RIVERVALE CRES,exact,13.3446,13.3540,12.3681,12.4053
163C,RIVERVALE CRES,exact,13.3711,13.3805,12.3926,12.4296
164A,RIVERVALE CRES,exact,13.3584,13.3677,12.3760,12.4126
164B,RIVERVALE CRES,exact,13.3224,13.3317,12.3407,12.3774
164C,RIVERVALE CRES,exact,13.3653,13.3746,12.3851,12.4220
178A,RIVERVALE CRES,exact,13.3764,13.3858,12.4034,12.4410
178B,RIVERVALE CRES,exact,13.3557,13.3650,12.3847,12.4225
178C,RIVERVALE CRES,exact,13.4078,13.4172,12.4385,12.4764
178D,RIVERVALE CRES,exact,13.4408,13.4502,12.4711,12.5090
180A,RIVERVALE CRES,exact,13.5003,13.5097,12.5249,12.5622
180B,RIVERVALE CRES,exact,13.4605,13.4699,12.4851,12.5225
180C,RIVERVALE CRES,exact,13.4274,13.4367,12.4535,12.4909
180D,RIVERVALE CRES,exact,13.4542,13.4636,12.4829,12.5206
183A,RIVERVALE CRES,exact,13.5467,13.5560,12.5637,12.6002
183B,RIVERVALE CRES,exact,13.5347,13.5440,12.5535,12.5902
183C,RIVERVALE CRES,exact,13.5143,13.5236,12.5346,12.5715
183D,RIVERVALE CRES,exact,13.5704,13.5797,12.5902,12.6271
184A,RIVERVALE CRES,exact,13.5731,13.5824,12.5881,12.6244
184B,RIVERVALE CRES,exact,13.5941,13.6034,12.6077,12.6438
184C,RIVERVALE CRES,exact,13.6371,13.6464,12.6518,12.6882
185A,RIVERVALE CRES,exact,13.6717,13.6809,12.6836,12.7196
185B,RIVERVALE CRES,exact,13.6188,13.6280,12.6308,12.6668
185C,RIVERVALE CRES,exact,13.6257,13.6350,12.6361,12.6719
185D,RIVERVALE CRES,exact,13.6875,13.6968,12.6964,12.7321
116A,RIVERVALE DR,exact,12.3494,12.3587,11.3641,11.4005
116B,RIVERVALE DR,exact,12.3158,12.3251,11.3316,11.3681
116C,RIVERVALE DR,exact,12.3507,12.3600,11.3680,11.4046
117A,RIVERVALE DR,exact,12.4385,12.4478,11.4531,11.4895
117B,RIVERVALE DR,exact,12.4754,12.4847,11.4890,11.5253
117C,RIVERVALE DR,exact,12.4877,12.4971,11.5041,11.5406
119A,RIVERVALE DR,exact,12.5773,12.5866,11.5927,11.6291
119B,RIVERVALE DR,exact,12.5744,12.5837,11.5882,11.6245
119C,RIVERVALE DR,exact,12.6487,12.6579,11.6623,11.6986
119D,RIVERVALE DR,exact,12.7005,12.7098,11.7147,11.7511
120A,RIVERVALE DR,exact,12.7815,12.7908,11.7958,11.8321
120B,RIVERVALE DR,exact,12.7892,12.7985,11.8050,11.8415
120C,RIVERVALE DR,exact,12.7164,12.7257,11.7319,11.7684
121,RIVERVALE DR,exact,12.9287,12.9380,11.9438,11.9802
121A,RIVERVALE DR,exact,12.9140,12.9233,11.9306,11.9672
121B,RIVERVALE DR,exact,12.8665,12.8758,11.8828,11.9193
122D,RIVERVALE DR,exact,12.9855,12.9948,12.0033,12.0400
122E,RIVERVALE DR,exact,13.0769,13.0863,12.0937,12.1303
123,RIVERVALE DR,exact,12.7917,12.8010,11.8026,11.8385
123A,RIVERVALE DR,exact,12.7377,12.7470,11.7485,11.7844
123B,RIVERVALE DR,exact,12.7372,12.7465,11.7469,11.7827
123C,RIVERVALE DR,exact,12.7406,12.7498,11.7486,11.7843
123D,RIVERVALE DR,exact,12.7826,12.7919,11.7899,11.8254
123E,RIVERVALE DR,exact,12.7894,12.7986,11.7986,11.8344
124,RIVERVALE DR,exact,12.8583,12.8676,11.8643,11.8997
124A,RIVERVALE DR,exact,12.9105,12.9197,11.9157,11.9510
124B,RIVERVALE DR,exact,12.9747,12.9840,11.9827,12.0183
124C,RIVERVALE DR,exact,12.9334,12.9427,11.9404,11.9758
143,RIVERVALE DR,exact,13.2787,13.2880,12.2916,12.3278
144,RIVERVALE DR,exact,13.2006,13.2099,12.2156,12.2520
145,RIVERVALE DR,exact,13.2799,13.2892,12.2942,12.3304
146,RIVERVALE DR,exact,13.3433,13.3526,12.3568,12.3930
186A,RIVERVALE DR,exact,13.5674,13.5767,12.5756,12.6112
186B,RIVERVALE DR,exact,13.5446,13.5539,12.5529,12.5886
186C,RIVERVALE DR,exact,13.5244,13.5336,12.5310,12.5665
186D,RIVERVALE DR,exact,13.5991,13.6083,12.6060,12.6414
187A,RIVERVALE DR,exact,13.6545,13.6638,12.6619,12.6975
187B,RIVERVALE DR,exact,13.7056,13.7149,12.7124,12.7479
188A,RIVERVALE DR,exact,13.6785,13.6878,12.6839,12.7192
188B,RIVERVALE DR,exact,13.7109,13.7201,12.7162,12.7515
188C,RIVERVALE DR,exact,13.7476,13.7568,12.7502,12.7851
188D,RIVERVALE DR,exact,13.6824,13.6916,12.6832,12.7179
189A,RIVERVALE DR,exact,13.7442,13.7534,12.7442,12.7788
189B,RIVERVALE DR,exact,13.7494,13.7586,12.7480,12.7825
189C,RIVERVALE DR,exact,13.6988,13.7079,12.6973,12.7317
190A,RIVERVALE DR,exact,13.6375,13.6466,12.6347,12.6690
190B,RIVERVALE DR,exact,13.5253,13.5345,12.5227,12.5570
191A,RIVERVALE DR,exact,13.5356,13.5448,12.5366,12.5713
191B,RIVERVALE DR,exact,13.6451,13.6542,12.6460,12.6807
192A,RIVERVALE DR,exact,13.5937,13.6029,12.5938,12.6285
192B,RIVERVALE DR,exact,13.5635,13.5727,12.5626,12.5971
192C,RIVERVALE DR,exact,13.6006,13.6098,12.5989,12.6333
193,RIVERVALE DR,exact,13.4166,13.4258,12.4139,12.4483
194,RIVERVALE DR,exact,13.3327,13.3419,12.3299,12.3643
195,RIVERVALE DR,exact,13.3921,13.4013,12.3913,12.4259
196,RIVERVALE DR,exact,13.4287,13.4379,12.4300,12.4648
197,RIVERVALE DR,exact,13.4256,13.4348,12.4284,12.4633
125,RIVERVALE ST,exact,13.0365,13.0458,12.0431,12.0785
126,RIVERVALE ST,exact,13.0142,13.0234,12.0187,12.0539
127,RIVERVALE ST,exact,13.1589,13.1681,12.1607,12.1955
128,RIVERVALE ST,exact,13.1713,13.1805,12.1746,12.2096
129,RIVERVALE ST,exact,13.1072,13.1164,12.1113,12.1464
130,RIVERVALE ST,exact,13.0649,13.0741,12.0696,12.1048
131,RIVERVALE ST,exact,13.0757,13.0849,12.0818,12.1172
132,RIVERVALE ST,exact,13.1654,13.1746,12.1717,12.2071
133,RIVERVALE ST,exact,13.0329,13.0422,12.0418,12.0775
134,RIVERVALE ST,exact,13.0076,13.0169,12.0209,12.0571
135,RIVERVALE ST,exact,13.0527,13.0620,12.0666,12.1028
136,RIVERVALE ST,exact,13.1321,13.1413,12.1444,12.1805
137,RIVERVALE ST,exact,13.1377,13.1470,12.1494,12.1854
138,RIVERVALE ST,exact,13.0821,13.0914,12.0939,12.1300
139,RIVERVALE ST,exact,13.0884,13.0977,12.0989,12.1348
140,RIVERVALE ST,exact,13.1094,13.1187,12.1173,12.1529
141,RIVERVALE ST,exact,13.1623,13.1715,12.1704,12.2060
101,RIVERVALE WALK,exact,12.2325,12.2417,11.2371,11.2724
102,RIVERVALE WALK,exact,12.2169,12.2261,11.2283,11.2643
103,RIVERVALE WALK,exact,12.3423,12.3515,11.3528,11.3888
104,RIVERVALE WALK,exact,12.3002,12.3094,11.3103,11.3462
105,RIVERVALE WALK,exact,12.2425,12.2517,11.2527,11.2886
106,RIVERVALE WALK,exact,12.2571,12.2663,11.2655,11.3012
107,RIVERVALE WALK,exact,12.3053,12.3145,11.3127,11.3483
108,RIVERVALE WALK,exact,12.2620,12.2713,11.2682,11.3037
109,RIVERVALE WALK,exact,12.3023,12.3115,11.3073,11.3426
110,RIVERVALE WALK,exact,12.3559,12.3651,11.3626,11.3981
111,RIVERVALE WALK,exact,12.4707,12.4799,11.4775,11.5130
112,RIVERVALE WALK,exact,12.4055,12.4148,11.4157,11.4516
113,RIVERVALE WALK,exact,12.4577,12.4670,11.4683,11.5042
114,RIVERVALE WALK,exact,12.4534,12.4627,11.4616,11.4973
115,RIVERVALE WALK,exact,12.4991,12.5084,11.5075,11.5432
1,ROCHOR RD,none,,,,
2,ROCHOR RD,none,,,,
3,ROCHOR RD,none,,,,
4,ROCHOR RD,none,,,,
639,ROWELL RD,exact,2.7069,2.7148,1.6462,1.6685
640,ROWELL RD,exact,2.6642,2.6720,1.6023,1.6232
641,ROWELL RD,exact,2.7508,2.7587,1.6897,1.7116
642,ROWELL RD,exact,2.7361,2.7443,1.6821,1.7085
4,SAGO LANE,exact,0.9690,0.9609,1.6527,1.6097
409,SAUJANA RD,exact,14.3851,14.3860,13.6751,13.6469
410,SAUJANA RD,exact,14.4245,14.4254,13.7155,13.6872
411,SAUJANA RD,exact,14.4581,14.4590,13.7455,13.7174
412,SAUJANA RD,exact,14.3901,14.3911,13.6750,13.6471
413,SAUJANA RD,exact,14.3020,14.3029,13.5868,13.5589
414,SAUJANA RD,exact,14.3206,14.3215,13.6024,13.5747
415,SAUJANA RD,exact,14.3829,14.3838,13.6628,13.6352
416,SAUJANA RD,exact,14.4029,14.4039,13.6857,13.6580
455,SEGAR RD,exact,14.5924,14.5937,13.8481,13.8221
456,SEGAR RD,exact,14.6407,14.6419,13.8972,13.8711
457,SEGAR RD,exact,14.6791,14.6804,13.9321,13.9063
458,SEGAR RD,exact,14.6419,14.6432,13.8937,13.8679
459,SEGAR RD,exact,14.5598,14.5611,13.8102,13.7845
460,SEGAR RD,exact,14.5032,14.5046,13.7533,13.7277
461,SEGAR RD,exact,14.5334,14.5347,13.7882,13.7622
465,SEGAR RD,exact,14.4535,14.4549,13.7004,13.6750
466,SEGAR RD,exact,14.3941,14.3955,13.6397,13.6143
467,SEGAR RD,exact,14.3649,14.3663,13.6080,13.5828
468,SEGAR RD,exact,14.4308,14.4322,13.6736,13.6484
469,SEGAR RD,exact,14.4789,14.4804,13.7211,13.6960
470,SEGAR RD,exact,14.5275,14.5289,13.7678,13.7428
471,SEGAR RD,exact,14.5409,14.5424,13.7834,13.7583
472,SEGAR RD,exact,14.5287,14.5301,13.7741,13.7487
473,SEGAR RD,exact,14.5863,14.5877,13.8325,13.8071
474,SEGAR RD,exact,14.6052,14.6066,13.8488,13.8235
475,SEGAR RD,exact,14.6163,14.6178,13.8577,13.8326
476,SEGAR RD,exact,14.5939,14.5954,13.8342,13.8092
477,SEGAR RD,exact,14.6141,14.6156,13.8524,13.8275
478,SEGAR RD,exact,14.6527,14.6542,13.8909,13.8660
479,SEGAR RD,exact,14.6743,14.6758,13.9128,13.8880
480,SEGAR RD,exact,14.7000,14.7015,13.9398,13.9149
481,SEGAR RD,exact,14.6892,14.6906,13.9305,13.9055
482,SEGAR RD,exact,14.6585,14.6599,13.9006,13.8755
483,SEGAR RD,exact,14.6372,14.6386,13.8814,13.8562
484,SEGAR RD,exact,14.6184,14.6198,13.8652,13.8397
485,SEGAR RD,exact,14.6816,14.6830,13.9299,13.9044
486,SEGAR RD,exact,14.7104,14.7118,13.9553,13.9300
487,SEGAR RD,exact,14.7390,14.7404,13.9865,13.9610
488,SEGAR RD,exact,14.7500,14.7514,13.9948,13.9695
546A,SEGAR RD,exact,14.7329,14.7342,13.9862,13.9603
546B,SEGAR RD,exact,14.7879,14.7892,14.0422,14.0163
546C,SEGAR RD,exact,14.8319,14.8332,14.0873,14.0613
547A,SEGAR RD,exact,14.7157,14.7170,13.9722,13.9462
547B,SEGAR RD,exact,14.8003,14.8015,14.0589,14.0327
547C,SEGAR RD,exact,14.8420,14.8432,14.1024,14.0761
547D,SEGAR RD,exact,14.8579,14.8592,14.1159,14.0898
548A,SEGAR RD,exact,14.9148,14.9160,14.1752,14.1489
548B,SEGAR RD,exact,14.9329,14.9341,14.1908,14.1647
549A,SEGAR RD,exact,14.9697,14.9709,14.2275,14.2013
549B,SEGAR RD,exact,15.0109,15.0121,14.2710,14.2447
550A,SEGAR RD,exact,14.9936,14.9948,14.2585,14.2319
550B,SEGAR RD,exact,15.0253,15.0265,14.2876,14.2612
10,SELEGIE RD,exact,2.2266,2.2332,1.1869,1.1902
8,SELEGIE RD,exact,2.1710,2.1777,1.1329,1.1356
9,SELEGIE RD,exact,2.1983,2.2050,1.1564,1.1605
1,SELETAR WEST FARMWAY 6,none,,,,
2,SELETAR WEST FARMWAY 6,none,,,,
5,SELETAR WEST FARMWAY 6,none,,,,
6,SELETAR WEST FARMWAY 6,none,,,,
7,SELETAR WEST FARMWAY 6,none,,,,
319,SEMBAWANG CL,exact,18.4247,18.4302,17.4132,17.4135
320,SEMBAWANG CL,exact,18.4536,18.4590,17.4428,17.4430
321,SEMBAWANG CL,exact,18.4219,18.4274,17.4120,17.4120
322,SEMBAWANG CL,exact,18.3703,18.3757,17.3610,17.3609
323,SEMBAWANG CL,exact,18.3242,18.3296,17.3156,17.3154
324,SEMBAWANG CL,exact,18.2727,18.2781,17.2648,17.2644
329,SEMBAWANG CL,exact,18.4706,18.4760,17.4623,17.4620
330,SEMBAWANG CL,exact,18.5168,18.5222,17.5079,17.5077
331,SEMBAWANG CL,exact,18.6216,18.6270,17.6148,17.6143
332,SEMBAWANG CL,exact,18.5228,18.5282,17.5156,17.5152
333,SEMBAWANG CL,exact,18.5688,18.5742,17.5627,17.5621
334,SEMBAWANG CL,exact,18.6195,18.6249,17.6145,17.6137
335,SEMBAWANG CL,exact,18.6209,18.6262,17.6176,17.6166
339A,SEMBAWANG CL,exact,18.6470,18.6525,17.6375,17.6375
339B,SEMBAWANG CL,exact,18.6543,18.6597,17.6454,17.6452
340A,SEMBAWANG CL,exact,18.5943,18.5998,17.5850,17.5849
340B,SEMBAWANG CL,exact,18.5470,18.5525,17.5371,17.5371
341,SEMBAWANG CL,exact,18.5262,18.5317,17.5156,17.5157
341A,SEMBAWANG CL,exact,18.5831,18.5886,17.5724,17.5725
341B,SEMBAWANG CL,exact,18.6296,18.6351,17.6189,17.6191
325,SEMBAWANG CRES,exact,18.2462,18.2517,17.2366,17.2365
326,SEMBAWANG CRES,exact,18.2821,18.2875,17.2714,17.2715
327,SEMBAWANG CRES,exact,18.3656,18.3711,17.3548,17.3550
328,SEMBAWANG CRES,exact,18.3328,18.3382,17.3213,17.3216
336,SEMBAWANG CRES,exact,18.5843,18.5896,17.5800,17.5790
337,SEMBAWANG CRES,exact,18.4956,18.5009,17.4915,17.4906
338,SEMBAWANG CRES,exact,18.4629,18.4681,17.4596,17.4586
362A,SEMBAWANG CRES,exact,18.6489,18.6541,17.6478,17.6463
362B,SEMBAWANG CRES,exact,18.5953,18.6005,17.5955,17.5939
362C,SEMBAWANG CRES,exact,18.6131,18.6183,17.6139,17.6122
363A,SEMBAWANG CRES,exact,18.4870,18.4922,17.4860,17.4845
363B,SEMBAWANG CRES,exact,18.5023,18.5075,17.5026,17.5010
365A,SEMBAWANG CRES,exact,18.2352,18.2405,17.2292,17.2286
365B,SEMBAWANG CRES,exact,18.2176,18.2230,17.2110,17.2105
365C,SEMBAWANG CRES,exact,18.1647,18.1701,17.1591,17.1584
366A,SEMBAWANG CRES,exact,18.2270,18.2323,17.2229,17.2219
366B,SEMBAWANG CRES,exact,18.2463,18.2516,17.2426,17.2416
312,SEMBAWANG DR,exact,18.1967,18.2023,17.1825,17.1832
313,SEMBAWANG DR,exact,18.1791,18.1847,17.1635,17.1645
314,SEMBAWANG DR,exact,18.1051,18.1106,17.0908,17.0916
406,SEMBAWANG DR,exact,19.2026,19.2080,18.1928,18.1928
407,SEMBAWANG DR,exact,19.2488,19.2542,18.2391,18.2391
408,SEMBAWANG DR,exact,19.2440,19.2494,18.2325,18.2328
409,SEMBAWANG DR,exact,19.1991,19.2045,18.1879,18.1882
410,SEMBAWANG DR,exact,19.1555,19.1610,18.1444,18.1446
411,SEMBAWANG DR,exact,19.1018,19.1073,18.0905,18.0907
412,SEMBAWANG DR,exact,19.0634,19.0689,18.0518,18.0521
413,SEMBAWANG DR,exact,19.0549,19.0604,18.0437,18.0440
414,SEMBAWANG DR,exact,19.0045,19.0099,17.9933,17.9935
415,SEMBAWANG DR,exact,19.0257,19.0312,18.0134,18.0138
463A,SEMBAWANG DR,exact,19.5601,19.5654,18.5548,18.5541
463B,SEMBAWANG DR,exact,19.6053,19.6106,18.6000,18.5993
463C,SEMBAWANG DR,exact,19.6234,19.6288,18.6175,18.6168
466A,SEMBAWANG DR,exact,19.5277,19.5330,18.5236,18.5227
466B,SEMBAWANG DR,exact,19.5155,19.5208,18.5122,18.5111
466C,SEMBAWANG DR,exact,19.6121,19.6174,18.6085,18.6075
466D,SEMBAWANG DR,exact,19.6104,19.6157,18.6060,18.6051
470,SEMBAWANG DR,exact,19.0968,19.1021,18.0911,18.0904
471,SEMBAWANG DR,exact,19.1199,19.1252,18.1126,18.1122
472,SEMBAWANG DR,exact,19.0724,19.0778,18.0646,18.0642
473,SEMBAWANG DR,exact,19.0392,19.0446,18.0310,18.0307
474,SEMBAWANG DR,exact,18.9708,18.9762,17.9628,17.9625
475,SEMBAWANG DR,exact,18.9788,18.9842,17.9697,17.9696
476,SEMBAWANG DR,exact,19.0532,19.0586,18.0441,18.0440
477,SEMBAWANG DR,exact,19.1199,19.1254,18.1113,18.1111
478,SEMBAWANG DR,exact,19.1615,19.1669,18.1528,18.1526
479,SEMBAWANG DR,exact,19.1758,19.1812,18.1685,18.1681
480,SEMBAWANG DR,exact,19.1645,19.1699,18.1586,18.1580
481,SEMBAWANG DR,exact,19.2504,19.2558,18.2443,18.2437
5,SEMBAWANG RD,none,,,,
315,SEMBAWANG VISTA,exact,18.4632,18.4688,17.4488,17.4496
316,SEMBAWANG VISTA,exact,18.4017,18.4073,17.3872,17.3880
317,SEMBAWANG VISTA,exact,18.3651,18.3707,17.3515,17.3521
318,SEMBAWANG VISTA,exact,18.4066,18.4122,17.3937,17.3942
355A,SEMBAWANG WAY,exact,18.7886,18.7941,17.7763,17.7768
17,SENG POH RD,exact,2.0287,2.0225,2.3090,2.2552
46,SENG POH RD,exact,2.2108,2.2041,2.5398,2.4862
270A,SENGKANG CTRL,exact,12.3061,12.3151,11.2918,11.3246
271A,SENGKANG CTRL,exact,12.3442,12.3533,11.3308,11.3637
271B,SENGKANG CTRL,exact,12.2859,12.2949,11.2726,11.3055
271C,SENGKANG CTRL,exact,12.2372,12.2463,11.2243,11.2573
272A,SENGKANG CTRL,exact,12.2431,12.2522,11.2286,11.2614
272B,SENGKANG CTRL,exact,12.1908,12.1999,11.1768,11.2097
272C,SENGKANG CTRL,exact,12.1358,12.1449,11.1221,11.1550
272D,SENGKANG CTRL,exact,12.0897,12.0987,11.0756,11.1085
279A,SENGKANG EAST AVE,exact,12.2579,12.2669,11.2403,11.2727
279B,SENGKANG EAST AVE,exact,12.2176,12.2266,11.2002,11.2326
279C,SENGKANG EAST AVE,exact,12.2336,12.2425,11.2148,11.2469
280A,SENGKANG EAST AVE,exact,12.2651,12.2740,11.2450,11.2769
280B,SENGKANG EAST AVE,exact,12.2574,12.2664,11.2368,11.2687
281A,SENGKANG EAST AVE,exact,12.2286,12.2375,11.2067,11.2384
281B,SENGKANG EAST AVE,exact,12.2031,12.2120,11.1824,11.2142
282A,SENGKANG EAST AVE,exact,12.1597,12.1687,11.1396,11.1716
282B,SENGKANG EAST AVE,exact,12.1081,12.1171,11.0888,11.1209
282C,SENGKANG EAST AVE,exact,12.1663,12.1753,11.1481,11.1804
200A,SENGKANG EAST RD,exact,12.3396,12.3486,11.3179,11.3495
200B,SENGKANG EAST RD,exact,12.3772,12.3862,11.3574,11.3893
200D,SENGKANG EAST RD,exact,12.4087,12.4177,11.3893,11.4214
202B,SENGKANG EAST RD,exact,12.4873,12.4962,11.4663,11.4981
202C,SENGKANG EAST RD,exact,12.4350,12.4440,11.4152,11.4472
121C,SENGKANG EAST WAY,exact,12.8888,12.8981,11.9070,11.9437
121D,SENGKANG EAST WAY,exact,12.8415,12.8508,11.8606,11.8974
122,SENGKANG EAST WAY,exact,12.9851,12.9945,12.0072,12.0443
122A,SENGKANG EAST WAY,exact,12.9537,12.9630,11.9734,12.0102
122B,SENGKANG EAST WAY,exact,13.0344,13.0437,12.0547,12.0916
122C,SENGKANG EAST WAY,exact,13.0478,13.0571,12.0663,12.1030
260A,SENGKANG EAST WAY,exact,13.1215,13.1305,12.1024,12.1345
260B,SENGKANG EAST WAY,exact,13.1610,13.1700,12.1407,12.1726
260C,SENGKANG EAST WAY,exact,13.2187,13.2277,12.1983,12.2302
260D,SENGKANG EAST WAY,exact,13.2671,13.2761,12.2474,12.2794
261A,SENGKANG EAST WAY,exact,13.1734,13.1823,12.1506,12.1821
261B,SENGKANG EAST WAY,exact,13.1104,13.1193,12.0881,12.1197
261C,SENGKANG EAST WAY,exact,13.1123,13.1213,12.0914,12.1231
261D,SENGKANG EAST WAY,exact,13.1444,13.1534,12.1229,12.1546
323A,SENGKANG EAST WAY,exact,12.9726,12.9815,11.9477,11.9789
323B,SENGKANG EAST WAY,exact,12.8910,12.8999,11.8657,11.8967
323C,SENGKANG EAST WAY,exact,12.9703,12.9792,11.9439,11.9748
324A,SENGKANG EAST WAY,exact,13.0145,13.0233,11.9868,12.0175
324B,SENGKANG EAST WAY,exact,12.9246,12.9335,11.8984,11.9294
324C,SENGKANG EAST WAY,exact,12.9074,12.9163,11.8799,11.9107
324D,SENGKANG EAST WAY,exact,12.9223,12.9311,11.8935,11.9240
325A,SENGKANG EAST WAY,exact,12.9907,12.9995,11.9603,11.9905
325B,SENGKANG EAST WAY,exact,12.9035,12.9124,11.8733,11.9035
325C,SENGKANG EAST WAY,exact,12.9627,12.9715,11.9336,11.9641
438A,SENGKANG WEST AVE,exact,12.4649,12.4732,11.4114,11.4360
438B,SENGKANG WEST AVE,exact,12.4725,12.4809,11.4194,11.4441
439A,SENGKANG WEST AVE,exact,12.3821,12.3904,11.3295,11.3543
439B,SENGKANG WEST AVE,exact,12.4051,12.4135,11.3531,11.3781
439C,SENGKANG WEST AVE,exact,12.4402,12.4486,11.3885,11.4137
455A,SENGKANG WEST AVE,exact,12.1800,12.1881,11.1199,11.1413
455B,SENGKANG WEST AVE,exact,12.2244,12.2324,11.1641,11.1853
456A,SENGKANG WEST RD,exact,12.1784,12.1864,11.1179,11.1390
456B,SENGKANG WEST RD,exact,12.2289,12.2369,11.1684,11.1894
457A,SENGKANG WEST RD,exact,12.2761,12.2841,11.2157,11.2368
457B,SENGKANG WEST RD,exact,12.2790,12.2871,11.2190,11.2405
458A,SENGKANG WEST RD,exact,12.3162,12.3242,11.2554,11.2761
458B,SENGKANG WEST RD,exact,12.3245,12.3324,11.2640,11.2851
458C,SENGKANG WEST RD,exact,12.3286,12.3367,11.2686,11.2901
432A,SENGKANG WEST WAY,exact,12.6762,12.6845,11.6219,11.6461
432B,SENGKANG WEST WAY,exact,12.5903,12.5986,11.5361,11.5604
433A,SENGKANG WEST WAY,exact,12.7070,12.7153,11.6531,11.6774
433B,SENGKANG WEST WAY,exact,12.5904,12.5987,11.5367,11.5611
448A,SENGKANG WEST WAY,exact,12.3809,12.3890,11.3226,11.3450
448B,SENGKANG WEST WAY,exact,12.4405,12.4487,11.3824,11.4050
450A,SENGKANG WEST WAY,exact,12.5589,12.5671,11.5008,11.5233
450B,SENGKANG WEST WAY,exact,12.5096,12.5177,11.4514,11.4739
450C,SENGKANG WEST WAY,exact,12.4845,12.4927,11.4264,11.4489
451A,SENGKANG WEST WAY,exact,12.5580,12.5662,11.5004,11.5232
451B,SENGKANG WEST WAY,exact,12.5636,12.5718,11.5065,11.5296
452A,SENGKANG WEST WAY,exact,12.4804,12.4886,11.4234,11.4465
452B,SENGKANG WEST WAY,exact,12.4738,12.4820,11.4163,11.4391
469A,SENGKANG WEST WAY,exact,12.8225,12.8309,11.7690,11.7934
469B,SENGKANG WEST WAY,exact,12.8078,12.8161,11.7537,11.7780
469C,SENGKANG WEST WAY,exact,12.8522,12.8605,11.7977,11.8218
650,SENJA LINK,exact,15.0873,15.0881,14.3784,14.3502
651,SENJA LINK,exact,15.0373,15.0382,14.3281,14.2999
652,SENJA LINK,exact,15.0942,15.0951,14.3808,14.3529
653,SENJA LINK,exact,15.0428,15.0436,14.3310,14.3030
601,SENJA RD,exact,14.7296,14.7301,14.0452,14.0155
602,SENJA RD,exact,14.6707,14.6712,13.9873,13.9576
603,SENJA RD,exact,14.7253,14.7258,14.0442,14.0143
604,SENJA RD,exact,14.6519,14.6524,13.9716,13.9417
605,SENJA RD,exact,14.6866,14.6870,14.0100,13.9798
606,SENJA RD,exact,14.7482,14.7487,14.0707,14.0406
607,SENJA RD,exact,14.8527,14.8533,14.1702,14.1404
608,SENJA RD,exact,14.8953,14.8958,14.2117,14.1820
610,SENJA RD,exact,14.9462,14.9467,14.2611,14.2314
612,SENJA RD,exact,15.0125,15.0131,14.3256,14.2961
614,SENJA RD,exact,15.0686,15.0692,14.3803,14.3508
616,SENJA RD,exact,15.0678,15.0685,14.3770,14.3477
618,SENJA RD,exact,15.0969,15.0976,14.4037,14.3746
621,SENJA RD,exact,15.0453,15.0461,14.3420,14.3135
622,SENJA RD,exact,15.1426,15.1433,14.4461,14.4171
623,SENJA RD,exact,15.1126,15.1133,14.4113,14.3826
624,SENJA RD,exact,15.1381,15.1388,14.4384,14.4097
625,SENJA RD,exact,15.1960,15.1966,14.5053,14.4760
626,SENJA RD,exact,15.2184,15.2190,14.5305,14.5011
627,SENJA RD,exact,15.2608,15.2613,14.5749,14.5453
629,SENJA RD,exact,15.3502,15.3509,14.6606,14.6313
630,SENJA RD,exact,15.3278,15.3284,14.6354,14.6063
631,SENJA RD,exact,15.2861,15.2867,14.5918,14.5627
633A,SENJA RD,exact,15.3425,15.3431,14.6609,14.6312
633B,SENJA RD,exact,15.2942,15.2947,14.6136,14.5837
633C,SENJA RD,exact,15.2069,15.2074,14.5250,14.4953
633D,SENJA RD,exact,15.1680,15.1685,14.4850,14.4552
634A,SENJA RD,exact,15.4144,15.4149,14.7351,14.7052
634B,SENJA RD,exact,15.3873,15.3879,14.7035,14.6739
635A,SENJA RD,exact,15.5076,15.5081,14.8268,14.7970
635B,SENJA RD,exact,15.4733,15.4738,14.7902,14.7605
636A,SENJA RD,exact,15.4373,15.4379,14.7494,14.7199
636B,SENJA RD,exact,15.5113,15.5120,14.8214,14.7921
636C,SENJA RD,exact,15.4373,15.4380,14.7447,14.7156
654,SENJA RD,exact,15.0994,15.1003,14.3826,14.3549
655,SENJA RD,exact,15.0474,15.0483,14.3326,14.3048
656,SENJA RD,exact,15.0551,15.0561,14.3378,14.3101
401,SERANGOON AVE 1,exact,7.3661,7.3749,6.3353,6.3659
402,SERANGOON AVE 1,exact,7.3966,7.4054,6.3641,6.3944
403,SERANGOON AVE 1,exact,7.3636,7.3723,6.3297,6.3597
404,SERANGOON AVE 1,exact,7.4278,7.4366,6.3931,6.4229
405,SERANGOON AVE 1,exact,7.5041,7.5129,6.4698,6.4997
406,SERANGOON AVE 1,exact,7.5093,7.5181,6.4763,6.5064
407,SERANGOON AVE 1,exact,7.4545,7.4632,6.4215,6.4516
408,SERANGOON AVE 1,exact,7.4784,7.4872,6.4472,6.4777
425,SERANGOON AVE 1,exact,7.6914,7.7003,6.6716,6.7040
426,SERANGOON AVE 1,exact,7.6336,7.6425,6.6119,6.6441
232A,SERANGOON AVE 2,exact,8.0726,8.0810,7.0203,7.0455
234A,SERANGOON AVE 2,exact,8.0938,8.1022,7.0428,7.0685
236A,SERANGOON AVE 2,exact,8.0581,8.0665,7.0081,7.0341
238,SERANGOON AVE 2,exact,8.0092,8.0176,6.9583,6.9840
239,SERANGOON AVE 2,exact,7.9618,7.9702,6.9104,6.9359
240,SERANGOON AVE 2,exact,7.9865,7.9949,6.9367,6.9628
243,SERANGOON AVE 2,exact,7.9345,7.9429,6.8836,6.9092
244,SERANGOON AVE 2,exact,7.8883,7.8967,6.8374,6.8631
245,SERANGOON AVE 2,exact,7.8942,7.9026,6.8444,6.8704
301,SERANGOON AVE 2,exact,7.9308,7.9391,6.8777,6.9027
302,SERANGOON AVE 2,exact,7.9202,7.9285,6.8656,6.8899
303,SERANGOON AVE 2,exact,7.9524,7.9607,6.8975,6.9217
304,SERANGOON AVE 2,exact,8.0051,8.0134,6.9514,6.9761
305,SERANGOON AVE 2,exact,7.9889,7.9971,6.9336,6.9577
306,SERANGOON AVE 2,exact,8.0221,8.0303,6.9665,6.9905
307,SERANGOON AVE 2,exact,8.0762,8.0844,7.0208,7.0448
308,SERANGOON AVE 2,exact,8.0013,8.0095,6.9442,6.9675
309,SERANGOON AVE 2,exact,7.9445,7.9526,6.8864,6.9091
310,SERANGOON AVE 2,exact,7.9356,7.9437,6.8783,6.9014
311,SERANGOON AVE 2,exact,7.9646,7.9729,6.9083,6.9319
312,SERANGOON AVE 2,exact,7.9009,7.9091,6.8438,6.8671
313,SERANGOON AVE 2,exact,7.8835,7.8916,6.8256,6.8484
314,SERANGOON AVE 2,exact,7.8548,7.8630,6.7974,6.8205
315,SERANGOON AVE 2,exact,7.8663,7.8745,6.8097,6.8332
316,SERANGOON AVE 2,exact,7.8863,7.8946,6.8305,6.8544
317,SERANGOON AVE 2,exact,7.8368,7.8450,6.7807,6.8045
318,SERANGOON AVE 2,exact,7.8845,7.8928,6.8301,6.8545
319,SERANGOON AVE 2,exact,7.8726,7.8810,6.8202,6.8453
321,SERANGOON AVE 2,exact,7.7229,7.7312,6.6706,6.6958
231,SERANGOON AVE 3,exact,8.1506,8.1590,7.0975,7.1224
232,SERANGOON AVE 3,exact,8.1308,8.1392,7.0787,7.1039
233,SERANGOON AVE 3,exact,8.1834,8.1917,7.1318,7.1573
234,SERANGOON AVE 3,exact,8.1581,8.1665,7.1076,7.1334
235,SERANGOON AVE 3,exact,8.2027,8.2111,7.1529,7.1790
236,SERANGOON AVE 3,exact,8.1058,8.1143,7.0564,7.0825
237,SERANGOON AVE 3,exact,8.0687,8.0771,7.0203,7.0467
241,SERANGOON AVE 3,exact,7.9717,7.9802,6.9243,6.9510
242,SERANGOON AVE 3,exact,7.9366,7.9451,6.8880,6.9143
246,SERANGOON AVE 3,exact,7.8521,7.8606,6.8039,6.8304
322,SERANGOON AVE 3,exact,7.8061,7.8145,6.7555,6.7813
323,SERANGOON AVE 3,exact,7.7639,7.7723,6.7155,6.7420
324,SERANGOON AVE 3,exact,7.7568,7.7652,6.7070,6.7330
325,SERANGOON AVE 3,exact,7.7186,7.7270,6.6686,6.6946
326,SERANGOON AVE 3,exact,7.6644,7.6728,6.6155,6.6419
327,SERANGOON AVE 3,exact,7.6775,7.6859,6.6273,6.6532
328,SERANGOON AVE 3,exact,7.6393,7.6477,6.5889,6.6148
329,SERANGOON AVE 3,exact,7.5603,7.5687,6.5096,6.5354
330,SERANGOON AVE 3,exact,7.6361,7.6446,6.5891,6.6160
331,SERANGOON AVE 3,exact,7.6247,7.6332,6.5797,6.6072
332,SERANGOON AVE 3,exact,7.7703,7.7789,6.7242,6.7513
333,SERANGOON AVE 3,exact,7.7224,7.7309,6.6774,6.7048
334,SERANGOON AVE 3,exact,7.7071,7.7157,6.6635,6.6912
335,SERANGOON AVE 3,exact,7.6293,7.6379,6.5871,6.6153
211,SERANGOON AVE 4,exact,8.4288,8.4374,7.3865,7.4145
212,SERANGOON AVE 4,exact,8.4764,8.4850,7.4334,7.4612
213,SERANGOON AVE 4,exact,8.5174,8.5260,7.4741,7.5019
214,SERANGOON AVE 4,exact,8.5508,8.5594,7.5088,7.5369
215,SERANGOON AVE 4,exact,8.6017,8.6103,7.5588,7.5866
216,SERANGOON AVE 4,exact,8.5594,8.5680,7.5159,7.5437
217,SERANGOON AVE 4,exact,8.5361,8.5446,7.4898,7.5168
218,SERANGOON AVE 4,exact,8.5777,8.5862,7.5313,7.5583
219,SERANGOON AVE 4,exact,8.6163,8.6248,7.5698,7.5967
220,SERANGOON AVE 4,exact,8.6586,8.6672,7.6119,7.6388
221,SERANGOON AVE 4,exact,8.6898,8.6983,7.6419,7.6684
222,SERANGOON AVE 4,exact,8.5960,8.6044,7.5471,7.5734
223,SERANGOON AVE 4,exact,8.4853,8.4937,7.4356,7.4616
224,SERANGOON AVE 4,exact,8.4533,8.4617,7.4043,7.4305
225,SERANGOON AVE 4,exact,8.3825,8.3909,7.3322,7.3580
226,SERANGOON AVE 4,exact,8.4128,8.4213,7.3641,7.3905
227,SERANGOON AVE 4,exact,8.3828,8.3913,7.3350,7.3616
228,SERANGOON AVE 4,exact,8.3466,8.3551,7.2969,7.3229
229,SERANGOON AVE 4,exact,8.3060,8.3145,7.2565,7.2826
230,SERANGOON AVE 4,exact,8.2833,8.2917,7.2323,7.2579
201,SERANGOON CTRL,exact,7.8764,7.8852,6.8409,6.8705
202,SERANGOON CTRL,exact,7.9476,7.9563,6.9118,6.9413
203,SERANGOON CTRL,exact,7.9823,7.9910,6.9445,6.9736
204,SERANGOON CTRL,exact,8.0208,8.0294,6.9825,7.0116
205,SERANGOON CTRL,exact,8.0625,8.0712,7.0244,7.0534
206,SERANGOON CTRL,exact,8.1338,8.1425,7.0948,7.1236
207,SERANGOON CTRL,exact,8.1701,8.1787,7.1305,7.1592
208,SERANGOON CTRL,exact,8.2121,8.2208,7.1735,7.2024
209,SERANGOON CTRL,exact,8.2664,8.2751,7.2291,7.2582
210,SERANGOON CTRL,exact,8.2964,8.3051,7.2567,7.2853
409,SERANGOON CTRL,exact,7.6085,7.6173,6.5797,6.6106
410,SERANGOON CTRL,exact,7.5485,7.5573,6.5180,6.5486
411,SERANGOON CTRL,exact,7.6235,7.6323,6.5924,6.6230
412,SERANGOON CTRL,exact,7.6008,7.6095,6.5672,6.5972
413,SERANGOON CTRL,exact,7.6927,7.7015,6.6604,6.6906
414,SERANGOON CTRL,exact,7.6773,7.6861,6.6475,6.6782
415,SERANGOON CTRL,exact,7.7844,7.7932,6.7535,6.7840
416,SERANGOON CTRL,exact,7.8390,7.8478,6.8088,6.8394
417,SERANGOON CTRL,exact,7.8196,7.8284,6.7907,6.8215
418,SERANGOON CTRL,exact,7.8012,7.8101,6.7735,6.8046
419,SERANGOON CTRL,exact,7.7735,7.7824,6.7488,6.7805
420,SERANGOON CTRL,exact,7.7395,7.7484,6.7120,6.7431
421,SERANGOON CTRL,exact,7.7119,7.7207,6.6852,6.7165
422,SERANGOON CTRL,exact,7.7424,7.7513,6.7189,6.7507
423,SERANGOON CTRL,exact,7.6889,7.6978,6.6642,6.6959
424,SERANGOON CTRL,exact,7.6532,7.6621,6.6291,6.6609
427,SERANGOON CTRL,exact,7.6006,7.6094,6.5754,6.6070
253,SERANGOON CTRL DR,exact,8.1140,8.1225,7.0672,7.0941
254,SERANGOON CTRL DR,exact,8.1273,8.1359,7.0815,7.1087
255,SERANGOON CTRL DR,exact,8.2242,8.2327,7.1768,7.2035
256,SERANGOON CTRL DR,exact,8.2455,8.2541,7.1996,7.2267
257,SERANGOON CTRL DR,exact,8.2658,8.2744,7.2214,7.2489
258,SERANGOON CTRL DR,exact,8.2917,8.3003,7.2491,7.2770
261,SERANGOON CTRL DR,exact,8.1668,8.1755,7.1247,7.1528
262,SERANGOON CTRL DR,exact,8.0640,8.0726,7.0212,7.0491
263,SERANGOON CTRL DR,exact,8.1282,8.1368,7.0845,7.1123
101,SERANGOON NTH AVE 1,exact,9.9367,9.9450,8.8807,8.9043
102,SERANGOON NTH AVE 1,exact,9.9348,9.9431,8.8800,8.9041
103,SERANGOON NTH AVE 1,exact,9.8932,9.9014,8.8371,8.8607
104,SERANGOON NTH AVE 1,exact,9.9061,9.9143,8.8512,8.8753
105,SERANGOON NTH AVE 1,exact,9.8478,9.8561,8.7918,8.8155
106,SERANGOON NTH AVE 1,exact,9.8618,9.8701,8.8067,8.8307
107,SERANGOON NTH AVE 1,exact,9.8101,9.8183,8.7542,8.7779
108,SERANGOON NTH AVE 1,exact,9.8340,9.8423,8.7796,8.8039
109,SERANGOON NTH AVE 1,exact,9.7662,9.7745,8.7109,8.7349
110,SERANGOON NTH AVE 1,exact,9.7830,9.7913,8.7290,8.7535
111,SERANGOON NTH AVE 1,exact,9.7261,9.7344,8.6710,8.6950
112,SERANGOON NTH AVE 1,exact,9.7677,9.7760,8.7141,8.7388
113,SERANGOON NTH AVE 1,exact,9.6941,9.7024,8.6389,8.6629
114,SERANGOON NTH AVE 1,exact,9.7275,9.7358,8.6739,8.6985
115,SERANGOON NTH AVE 1,exact,9.6266,9.6348,8.5718,8.5960
116,SERANGOON NTH AVE 1,exact,9.6906,9.6989,8.6373,8.6621
117,SERANGOON NTH AVE 1,exact,9.6168,9.6251,8.5625,8.5869
118,SERANGOON NTH AVE 1,exact,9.5770,9.5853,8.5230,8.5474
119,SERANGOON NTH AVE 1,exact,9.5793,9.5876,8.5263,8.5511
120,SERANGOON NTH AVE 1,exact,9.5452,9.5535,8.4916,8.5162
121,SERANGOON NTH AVE 1,exact,9.5149,9.5232,8.4617,8.4865
122,SERANGOON NTH AVE 1,exact,9.4904,9.4987,8.4375,8.4623
123,SERANGOON NTH AVE 1,exact,9.5522,9.5606,8.5014,8.5270
124,SERANGOON NTH AVE 1,exact,9.4375,9.4458,8.3849,8.4099
125,SERANGOON NTH AVE 1,exact,9.4843,9.4927,8.4329,8.4583
126,SERANGOON NTH AVE 1,exact,9.4356,9.4440,8.3839,8.4092
127,SERANGOON NTH AVE 1,exact,9.3881,9.3965,8.3365,8.3618
142,SERANGOON NTH AVE 1,exact,9.6277,9.6362,8.5787,8.6049
143,SERANGOON NTH AVE 1,exact,9.6047,9.6131,8.5543,8.5800
144,SERANGOON NTH AVE 1,exact,9.6532,9.6616,8.6028,8.6285
145,SERANGOON NTH AVE 1,exact,9.6378,9.6462,8.5862,8.6115
146,SERANGOON NTH AVE 1,exact,9.6921,9.7005,8.6413,8.6669
147,SERANGOON NTH AVE 1,exact,9.7181,9.7265,8.6667,8.6920
148,SERANGOON NTH AVE 1,exact,9.7271,9.7355,8.6777,8.7037
152,SERANGOON NTH AVE 1,exact,9.8104,9.8188,8.7585,8.7837
153,SERANGOON NTH AVE 1,exact,9.8676,9.8760,8.8149,8.8399
154,SERANGOON NTH AVE 1,exact,9.9083,9.9167,8.8570,8.8823
135,SERANGOON NTH AVE 2,exact,9.6479,9.6564,8.6014,8.6283
136,SERANGOON NTH AVE 2,exact,9.7436,9.7521,8.6970,8.7238
137,SERANGOON NTH AVE 2,exact,9.7104,9.7190,8.6641,8.6910
138,SERANGOON NTH AVE 2,exact,9.7740,9.7825,8.7285,8.7557
139,SERANGOON NTH AVE 2,exact,9.8294,9.8379,8.7833,8.8102
140,SERANGOON NTH AVE 2,exact,9.7798,9.7884,8.7331,8.7599
141,SERANGOON NTH AVE 2,exact,9.7827,9.7912,8.7348,8.7613
151,SERANGOON NTH AVE 2,exact,9.8421,9.8505,8.7923,8.8182
543,SERANGOON NTH AVE 3,exact,10.3228,10.3310,9.2670,9.2906
544,SERANGOON NTH AVE 3,exact,10.3167,10.3250,9.2605,9.2839
545,SERANGOON NTH AVE 3,exact,10.3870,10.3952,9.3307,9.3542
546,SERANGOON NTH AVE 3,exact,10.3440,10.3522,9.2866,9.3096
547,SERANGOON NTH AVE 3,exact,10.2386,10.2468,9.1821,9.2055
548,SERANGOON NTH AVE 3,exact,10.1748,10.1830,9.1185,9.1420
549,SERANGOON NTH AVE 3,exact,10.1322,10.1405,9.0767,9.1005
550,SERANGOON NTH AVE 3,exact,10.1243,10.1326,9.0681,9.0916
551,SERANGOON NTH AVE 3,exact,10.0916,10.0999,9.0358,9.0595
552,SERANGOON NTH AVE 3,exact,10.0987,10.1070,9.0436,9.0676
553,SERANGOON NTH AVE 3,exact,10.0309,10.0392,8.9758,8.9999
554,SERANGOON NTH AVE 3,exact,10.0386,10.0468,8.9823,9.0058
500,SERANGOON NTH AVE 4,exact,10.4549,10.4633,9.4062,9.4323
501,SERANGOON NTH AVE 4,exact,10.4286,10.4371,9.3808,9.4072
502,SERANGOON NTH AVE 4,exact,10.4718,10.4803,9.4244,9.4510
503,SERANGOON NTH AVE 4,exact,10.4218,10.4303,9.3749,9.4015
504,SERANGOON NTH AVE 4,exact,10.4018,10.4103,9.3545,9.3811
505,SERANGOON NTH AVE 4,exact,10.3337,10.3422,9.2868,9.3134
506,SERANGOON NTH AVE 4,exact,10.2890,10.2975,9.2424,9.2691
506A,SERANGOON NTH AVE 4,exact,10.2961,10.3046,9.2484,9.2748
506B,SERANGOON NTH AVE 4,exact,10.2363,10.2448,9.1888,9.2153
507,SERANGOON NTH AVE 4,exact,10.1653,10.1738,9.1170,9.1433
508,SERANGOON NTH AVE 4,exact,10.1680,10.1765,9.1208,9.1474
509,SERANGOON NTH AVE 4,exact,10.1877,10.1963,9.1415,9.1683
510,SERANGOON NTH AVE 4,exact,10.0344,10.0429,8.9879,9.0147
511,SERANGOON NTH AVE 4,exact,10.0947,10.1032,9.0476,9.0742
512,SERANGOON NTH AVE 4,exact,10.1169,10.1254,9.0689,9.0952
514,SERANGOON NTH AVE 4,exact,10.0255,10.0340,8.9761,9.0021
515,SERANGOON NTH AVE 4,exact,10.0239,10.0323,8.9731,8.9987
516,SERANGOON NTH AVE 4,exact,10.0331,10.0414,8.9815,9.0068
517,SERANGOON NTH AVE 4,exact,10.0636,10.0720,9.0134,9.0391
518,SERANGOON NTH AVE 4,exact,10.0982,10.1067,9.0480,9.0737
519,SERANGOON NTH AVE 4,exact,10.1497,10.1581,9.1001,9.1260
520,SERANGOON NTH AVE 4,exact,10.1303,10.1387,9.0792,9.1046
521,SERANGOON NTH AVE 4,exact,10.2599,10.2683,9.2074,9.2323
522,SERANGOON NTH AVE 4,exact,10.1862,10.1946,9.1342,9.1594
523,SERANGOON NTH AVE 4,exact,10.2132,10.2216,9.1602,9.1850
524,SERANGOON NTH AVE 4,exact,10.1784,10.1868,9.1255,9.1504
525,SERANGOON NTH AVE 4,exact,10.1157,10.1240,9.0628,9.0876
526,SERANGOON NTH AVE 4,exact,10.0776,10.0859,9.0249,9.0499
527,SERANGOON NTH AVE 4,exact,10.0327,10.0410,8.9804,9.0055
528,SERANGOON NTH AVE 4,exact,10.0229,10.0312,8.9694,8.9940
529,SERANGOON NTH AVE 4,exact,10.1707,10.1790,9.1165,9.1409
530,SERANGOON NTH AVE 4,exact,10.2440,10.2523,9.1902,9.2147
531,SERANGOON NTH AVE 4,exact,10.4688,10.4773,9.4189,9.4446
532,SERANGOON NTH AVE 4,exact,10.4468,10.4552,9.3951,9.4203
533,SERANGOON NTH AVE 4,exact,10.4237,10.4321,9.3729,9.3985
534,SERANGOON NTH AVE 4,exact,10.3890,10.3974,9.3383,9.3639
535,SERANGOON NTH AVE 4,exact,10.3282,10.3366,9.2767,9.3020
535A,SERANGOON NTH AVE 4,exact,10.3175,10.3259,9.2670,9.2927
536,SERANGOON NTH AVE 4,exact,10.3687,10.3771,9.3192,9.3452
537,SERANGOON NTH AVE 4,exact,10.3086,10.3170,9.2555,9.2803
538,SERANGOON NTH AVE 4,exact,10.4278,10.4361,9.3746,9.3993
539,SERANGOON NTH AVE 4,exact,10.4069,10.4152,9.3522,9.3763
540,SERANGOON NTH AVE 4,exact,10.3793,10.3877,9.3253,9.3497
541,SERANGOON NTH AVE 4,exact,10.3445,10.3528,9.2905,9.3149
542,SERANGOON NTH AVE 4,exact,10.3051,10.3134,9.2503,9.2743
11,SHORT ST,none,,,,
12,SHORT ST,none,,,,
13,SHORT ST,none,,,,
301,SHUNFU RD,exact,7.4439,7.4494,6.4379,6.4365
302,SHUNFU RD,exact,7.4281,7.4336,6.4179,6.4173
303,SHUNFU RD,exact,7.4856,7.4911,6.4783,6.4772
304,SHUNFU RD,exact,7.5357,7.5411,6.5308,6.5292
305,SHUNFU RD,exact,7.5182,7.5237,6.5091,6.5083
306,SHUNFU RD,exact,7.5257,7.5313,6.5135,6.5133
307,SHUNFU RD,exact,7.5571,7.5626,6.5474,6.5467
308,SHUNFU RD,exact,7.5880,7.5934,6.5830,6.5815
309,SHUNFU RD,exact,7.6298,7.6352,6.6258,6.6242
310,SHUNFU RD,exact,7.5996,7.6051,6.5900,6.5892
311,SHUNFU RD,exact,7.5896,7.5952,6.5766,6.5765
312,SHUNFU RD,exact,7.6373,7.6429,6.6272,6.6266
313,SHUNFU RD,exact,7.7039,7.7093,6.7010,6.6992
147,SILAT AVE,exact,2.3694,2.3608,2.9612,2.9115
148,SILAT AVE,exact,2.4051,2.3964,3.0062,2.9566
149,SILAT AVE,exact,2.3129,2.3043,2.9106,2.8611
150,SILAT AVE,exact,2.3411,2.3324,2.9452,2.8957
167A,SIMEI LANE,exact,13.7264,13.7358,13.1430,13.1964
167B,SIMEI LANE,exact,13.7268,13.7361,13.1470,13.2004
167C,SIMEI LANE,exact,13.6972,13.7065,13.1175,13.1709
167D,SIMEI LANE,exact,13.6701,13.6794,13.0906,13.1440
168A,SIMEI LANE,exact,13.6406,13.6499,13.0612,13.1146
168B,SIMEI LANE,exact,13.6135,13.6228,13.0343,13.0877
168C,SIMEI LANE,exact,13.5840,13.5933,13.0048,13.0583
168D,SIMEI LANE,exact,13.5772,13.5865,12.9946,13.0479
155,SIMEI RD,exact,13.6728,13.6822,13.0780,13.1312
156,SIMEI RD,exact,13.7469,13.7563,13.1509,13.2041
157,SIMEI RD,exact,13.7853,13.7946,13.1950,13.2483
158,SIMEI RD,exact,13.7832,13.7925,13.1959,13.2492
159,SIMEI RD,exact,13.8381,13.8475,13.2482,13.3015
160,SIMEI RD,exact,13.8403,13.8497,13.2474,13.3006
161,SIMEI RD,exact,13.8933,13.9026,13.3007,13.3539
162,SIMEI RD,exact,13.8955,13.9049,13.3000,13.3532
163,SIMEI RD,exact,13.8406,13.8500,13.2408,13.2939
164,SIMEI RD,exact,13.7705,13.7799,13.1677,13.2207
165,SIMEI RD,exact,13.8189,13.8283,13.2223,13.2754
101,SIMEI ST 1,exact,12.8064,12.8158,12.2134,12.2667
102,SIMEI ST 1,exact,12.8263,12.8357,12.2297,12.2829
105,SIMEI ST 1,exact,12.7439,12.7533,12.1479,12.2011
106,SIMEI ST 1,exact,12.8063,12.8157,12.2040,12.2571
107,SIMEI ST 1,exact,12.7889,12.7983,12.1834,12.2365
108,SIMEI ST 1,exact,12.8871,12.8965,12.2777,12.3307
109,SIMEI ST 1,exact,12.7598,12.7692,12.1523,12.2053
110,SIMEI ST 1,exact,12.7943,12.8037,12.1837,12.2367
111,SIMEI ST 1,exact,12.7089,12.7183,12.0980,12.1510
112,SIMEI ST 1,exact,12.7542,12.7637,12.1388,12.1918
113,SIMEI ST 1,exact,12.7701,12.7795,12.1576,12.2106
114,SIMEI ST 1,exact,12.8803,12.8898,12.2633,12.3161
116,SIMEI ST 1,exact,12.9308,12.9402,12.3181,12.3710
117,SIMEI ST 1,exact,13.0063,13.0157,12.3876,12.4405
119,SIMEI ST 1,exact,13.0141,13.0235,12.4031,12.4561
120,SIMEI ST 1,exact,13.2069,13.2163,12.5933,12.6462
122,SIMEI ST 1,exact,13.1756,13.1851,12.5549,12.6077
123,SIMEI ST 1,exact,13.2258,13.2352,12.6093,12.6622
124,SIMEI ST 1,exact,13.3015,13.3110,12.6793,12.7320
126,SIMEI ST 1,exact,13.4278,13.4372,12.8040,12.8567
127,SIMEI ST 1,exact,13.4068,13.4162,12.7862,12.8390
128,SIMEI ST 1,exact,13.4763,13.4858,12.8556,12.9084
129,SIMEI ST 1,exact,13.3834,13.3929,12.7648,12.8177
130,SIMEI ST 1,exact,13.4327,13.4421,12.8162,12.8691
131,SIMEI ST 1,exact,13.3101,13.3195,12.6952,12.7481
132,SIMEI ST 1,exact,13.5697,13.5792,12.9539,13.0068
133,SIMEI ST 1,exact,13.5783,13.5877,12.9579,13.0107
134,SIMEI ST 1,exact,13.6240,13.6335,12.9983,13.0510
135,SIMEI ST 1,exact,13.7500,13.7594,13.1299,13.1827
136,SIMEI ST 1,exact,13.6771,13.6866,13.0552,13.1080
137,SIMEI ST 1,exact,13.6537,13.6631,13.0339,13.0867
138,SIMEI ST 1,exact,13.6890,13.6984,13.0735,13.1264
139,SIMEI ST 1,exact,13.6260,13.6354,13.0128,13.0657
148,SIMEI ST 1,exact,13.5453,13.5548,12.9326,12.9855
149,SIMEI ST 1,exact,13.5296,13.5390,12.9195,12.9725
150,SIMEI ST 1,exact,13.6503,13.6597,13.0420,13.0950
151,SIMEI ST 1,exact,13.6410,13.6504,13.0362,13.0892
153,SIMEI ST 1,exact,13.6053,13.6147,13.0037,13.0568
154,SIMEI ST 1,exact,13.5618,13.5712,12.9621,13.0152
253,SIMEI ST 1,exact,12.9712,12.9806,12.3758,12.4290
254,SIMEI ST 1,exact,12.9192,12.9286,12.3213,12.3745
255,SIMEI ST 1,exact,12.9256,12.9350,12.3230,12.3761
256,SIMEI ST 1,exact,12.9606,12.9700,12.3538,12.4069
141,SIMEI ST 2,exact,13.4362,13.4457,12.8230,12.8759
142,SIMEI ST 2,exact,13.4131,13.4225,12.8033,12.8563
144,SIMEI ST 2,exact,13.4556,13.4650,12.8473,12.9003
145,SIMEI ST 2,exact,13.4256,13.4350,12.8206,12.8736
146,SIMEI ST 2,exact,13.4488,13.4582,12.8464,12.8995
147,SIMEI ST 2,exact,13.4905,13.4999,12.8821,12.9351
221,SIMEI ST 4,exact,13.3464,13.3557,12.7659,12.8193
222,SIMEI ST 4,exact,13.3820,13.3913,12.8040,12.8574
223,SIMEI ST 4,exact,13.4763,13.4856,12.8967,12.9502
224,SIMEI ST 4,exact,13.5102,13.5195,12.9251,12.9784
225,SIMEI ST 4,exact,13.4496,13.4589,12.8671,12.9205
226,SIMEI ST 4,exact,13.4384,13.4478,12.8537,12.9071
227,SIMEI ST 4,exact,13.3358,13.3451,12.7518,12.8052
228,SIMEI ST 4,exact,13.3453,13.3546,12.7571,12.8104
229,SIMEI ST 4,exact,13.3845,13.3939,12.7925,12.8458
230,SIMEI ST 4,exact,13.3719,13.3813,12.7777,12.8309
231,SIMEI ST 4,exact,13.4866,13.4960,12.8944,12.9477
232,SIMEI ST 4,exact,13.5443,13.5537,12.9490,13.0022
233,SIMEI ST 4,exact,13.4628,13.4722,12.8650,12.9182
234,SIMEI ST 4,exact,13.3382,13.3476,12.7419,12.7950
235,SIMEI ST 4,exact,13.3128,13.3221,12.7199,12.7731
242,SIMEI ST 5,exact,13.1998,13.2092,12.6011,12.6542
243,SIMEI ST 5,exact,13.3387,13.3481,12.7381,12.7913
244,SIMEI ST 5,exact,13.2666,13.2759,12.6646,12.7177
245,SIMEI ST 5,exact,13.2745,13.2840,12.6681,12.7211
246,SIMEI ST 5,exact,13.3048,13.3142,12.6934,12.7464
247,SIMEI ST 5,exact,13.1651,13.1745,12.5553,12.6083
842,SIMS AVE,exact,6.7557,6.7653,6.1195,6.1726
844,SIMS AVE,exact,6.7429,6.7525,6.1015,6.1545
846,SIMS AVE,exact,6.7428,6.7524,6.1118,6.1649
848,SIMS AVE,exact,6.6930,6.7025,6.0650,6.1182
40,SIMS DR,exact,4.6678,4.6775,3.7881,3.8341
41,SIMS DR,exact,4.5594,4.5690,3.6764,3.7222
42,SIMS DR,exact,4.6015,4.6112,3.7224,3.7685
42A,SIMS DR,exact,4.5788,4.5884,3.7044,3.7508
43,SIMS DR,exact,4.6549,4.6646,3.7812,3.8276
43A,SIMS DR,exact,4.6284,4.6381,3.7591,3.8056
44,SIMS DR,exact,4.5934,4.6031,3.7335,3.7806
45,SIMS DR,exact,4.7973,4.8070,3.9440,3.9913
50,SIMS DR,exact,4.7209,4.7306,3.8764,3.9241
51,SIMS DR,exact,4.7398,4.7496,3.9040,3.9521
54,SIMS DR,none,,,,
59,SIMS DR,none,,,,
62,SIMS DR,none,,,,
52,SIMS PL,exact,4.8795,4.8892,4.0569,4.1055
53,SIMS PL,exact,4.9545,4.9642,4.1149,4.1627
63,SIMS PL,exact,4.8120,4.8218,3.9803,4.0286
401,SIN MING AVE,exact,8.9936,8.9989,7.9976,7.9948
402,SIN MING AVE,exact,9.0329,9.0381,8.0385,8.0355
403,SIN MING AVE,exact,9.0228,9.0281,8.0244,8.0220
404,SIN MING AVE,exact,8.9844,8.9897,7.9831,7.9812
405,SIN MING AVE,exact,8.9941,8.9995,7.9905,7.9889
406,SIN MING AVE,exact,9.0191,9.0244,8.0183,8.0163
407,SIN MING AVE,exact,9.0715,9.0769,8.0696,8.0678
408,SIN MING AVE,exact,9.0455,9.0509,8.0410,8.0396
441,SIN MING AVE,exact,8.6623,8.6673,7.6779,7.6734
442,SIN MING AVE,exact,8.6615,8.6666,7.6738,7.6697
443,SIN MING AVE,exact,8.6193,8.6243,7.6297,7.6259
444,SIN MING AVE,exact,8.5881,8.5932,7.6017,7.5974
445,SIN MING AVE,exact,8.6230,8.6280,7.6394,7.6347
449,SIN MING AVE,exact,8.5823,8.5872,7.6047,7.5992
450,SIN MING AVE,exact,8.6234,8.6283,7.6475,7.6418
451,SIN MING AVE,exact,8.6501,8.6549,7.6757,7.6698
452,SIN MING AVE,exact,8.6667,8.6715,7.6940,7.6878
453,SIN MING AVE,exact,8.7124,8.7172,7.7380,7.7321
454,SIN MING AVE,exact,8.6980,8.7029,7.7199,7.7145
455,SIN MING AVE,exact,8.6561,8.6609,7.6782,7.6727
22,SIN MING RD,exact,8.2902,8.2959,7.2713,7.2724
23,SIN MING RD,exact,8.0447,8.0500,7.0457,7.0433
24,SIN MING RD,exact,8.1234,8.1287,7.1207,7.1189
25,SIN MING RD,exact,8.1153,8.1208,7.1069,7.1060
335A,SMITH ST,exact,0.9688,0.9608,1.6304,1.5869
335B,SMITH ST,exact,0.8980,0.8902,1.5661,1.5233
103,SPOTTISWOODE PK RD,exact,2.0563,2.0469,2.8092,2.7645
104,SPOTTISWOODE PK RD,exact,2.1079,2.0985,2.8586,2.8137
106,SPOTTISWOODE PK RD,exact,2.2346,2.2252,2.9908,2.9459
109,SPOTTISWOODE PK RD,exact,1.9621,1.9525,2.7615,2.7187
110,SPOTTISWOODE PK RD,exact,2.0078,1.9982,2.8118,2.7690
25A,ST. GEORGE'S LANE,exact,4.3957,4.4042,3.3506,3.3788
26A,ST. GEORGE'S LANE,exact,4.4727,4.4812,3.4300,3.4588
26B,ST. GEORGE'S LANE,exact,4.4045,4.4131,3.3648,3.3943
4B,ST. GEORGE'S LANE,exact,4.3998,4.4081,3.3464,3.3719
4C,ST. GEORGE'S LANE,expanded,4.4062,4.4146,3.3557,3.3822
5,ST. GEORGE'S LANE,exact,4.4862,4.4944,3.4303,3.4546
6,ST. GEORGE'S LANE,exact,4.4783,4.4864,3.4199,3.4430
7,ST. GEORGE'S LANE,exact,4.5278,4.5359,3.4697,3.4929
8,ST. GEORGE'S LANE,exact,4.5323,4.5405,3.4767,3.5012
1,ST. GEORGE'S RD,exact,4.5581,4.5665,3.5097,3.5369
10,ST. GEORGE'S RD,exact,4.6480,4.6566,3.6083,3.6378
11,ST. GEORGE'S RD,exact,4.5545,4.5631,3.5154,3.5450
12,ST. GEORGE'S RD,exact,4.5446,4.5531,3.5034,3.5326
13,ST. GEORGE'S RD,exact,4.5721,4.5807,3.5296,3.5584
14,ST. GEORGE'S RD,exact,4.6061,4.6146,3.5595,3.5871
15,ST. GEORGE'S RD,exact,4.6816,4.6901,3.6333,3.6604
16,ST. GEORGE'S RD,exact,4.6807,4.6892,3.6345,3.6623
17,ST. GEORGE'S RD,exact,4.6336,4.6421,3.5881,3.6161
18,ST. GEORGE'S RD,exact,4.6637,4.6722,3.6203,3.6488
19,ST. GEORGE'S RD,exact,4.6981,4.7066,3.6530,3.6811
2,ST. GEORGE'S RD,exact,4.5356,4.5439,3.4831,3.5088
20,ST. GEORGE'S RD,exact,4.7371,4.7456,3.6928,3.7210
21,ST. GEORGE'S RD,exact,4.7227,4.7312,3.6751,3.7025
22,ST. GEORGE'S RD,exact,4.7748,4.7833,3.7279,3.7554
23,ST. GEORGE'S RD,exact,4.7699,4.7784,3.7261,3.7545
3,ST. GEORGE'S RD,exact,4.4559,4.4643,3.4062,3.4329
9,ST. GEORGE'S RD,exact,4.6325,4.6411,3.5905,3.6194
163,STIRLING RD,exact,5.4986,5.4930,5.5390,5.4853
164,STIRLING RD,exact,5.5053,5.4996,5.5535,5.4997
165,STIRLING RD,exact,5.5583,5.5525,5.6232,5.5693
166,STIRLING RD,exact,5.5081,5.5024,5.5740,5.5200
167,STIRLING RD,exact,5.4715,5.4656,5.5514,5.4973
168,STIRLING RD,exact,5.4070,5.4012,5.4867,5.4326
169,STIRLING RD,exact,5.4222,5.4164,5.4930,5.4391
170,STIRLING RD,exact,5.4296,5.4239,5.4902,5.4362
171,STIRLING RD,exact,5.3454,5.3397,5.4090,5.3551
172,STIRLING RD,none,,,,
173,STIRLING RD,none,,,,
181,STIRLING RD,exact,5.2340,5.2289,5.2132,5.1601
182,STIRLING RD,exact,5.3247,5.3198,5.2836,5.2308
183,STIRLING RD,exact,5.3439,5.3390,5.2963,5.2436
184,STIRLING RD,exact,5.3837,5.3788,5.3391,5.2864
41,STIRLING RD,exact,5.7453,5.7408,5.6465,5.5946
42,STIRLING RD,exact,5.6971,5.6925,5.6031,5.5511
43,STIRLING RD,exact,5.6579,5.6533,5.5675,5.5155
44,STIRLING RD,exact,5.6420,5.6373,5.5576,5.5056
46,STIRLING RD,exact,5.7776,5.7730,5.6842,5.6323
47,STIRLING RD,exact,5.7225,5.7179,5.6322,5.5802
50,STIRLING RD,exact,5.5010,5.4963,5.4259,5.3736
52,STIRLING RD,exact,5.5148,5.5100,5.4534,5.4009
53,STIRLING RD,exact,5.5047,5.4999,5.4408,5.3883
55,STIRLING RD,exact,5.4434,5.4386,5.3787,5.3262
56,STIRLING RD,exact,5.4365,5.4317,5.3691,5.3167
57,STIRLING RD,exact,5.4067,5.4019,5.3466,5.2941
58,STIRLING RD,exact,5.3926,5.3877,5.3351,5.2825
48,STRATHMORE AVE,exact,4.9780,4.9729,4.9642,4.9110
49,STRATHMORE AVE,exact,4.9378,4.9327,4.9175,4.8643
50,STRATHMORE AVE,exact,4.8775,4.8725,4.8599,4.8067
51,STRATHMORE AVE,exact,4.8575,4.8524,4.8515,4.7981
52,STRATHMORE AVE,exact,4.9156,4.9105,4.9122,4.8588
53,STRATHMORE AVE,exact,4.8821,4.8769,4.8910,4.8375
55,STRATHMORE AVE,exact,4.8006,4.7955,4.7924,4.7391
56,STRATHMORE AVE,exact,4.7430,4.7379,4.7339,4.6806
58,STRATHMORE AVE,exact,4.6351,4.6301,4.6303,4.5769
59,STRATHMORE AVE,exact,4.5876,4.5826,4.5788,4.5253
60,STRATHMORE AVE,exact,4.5165,4.5115,4.5085,4.4550
61A,STRATHMORE AVE,exact,4.5696,4.5647,4.5425,4.4893
61B,STRATHMORE AVE,exact,4.5265,4.5216,4.5009,4.4476
61C,STRATHMORE AVE,exact,4.5316,4.5268,4.4932,4.4401
62A,STRATHMORE AVE,exact,4.6013,4.5965,4.5613,4.5083
62B,STRATHMORE AVE,exact,4.6515,4.6467,4.6113,4.5583
80,STRATHMORE AVE,exact,4.7927,4.7879,4.7546,4.7016
81,STRATHMORE AVE,exact,4.8390,4.8341,4.8009,4.7479
82,STRATHMORE AVE,exact,4.8936,4.8887,4.8591,4.8061
83,STRATHMORE AVE,exact,4.9488,4.9438,4.9136,4.8606
220A,SUMANG LANE,exact,13.9537,13.9625,12.9249,12.9554
220B,SUMANG LANE,exact,13.9831,13.9920,12.9560,12.9868
220C,SUMANG LANE,exact,14.0164,14.0253,12.9905,13.0214
221A,SUMANG LANE,exact,13.9384,13.9473,12.9123,12.9432
221B,SUMANG LANE,exact,13.9184,13.9273,12.8910,12.9217
222A,SUMANG LANE,exact,13.8687,13.8775,12.8379,12.8680
224A,SUMANG LANE,exact,13.9305,13.9393,12.8978,12.9275
224B,SUMANG LANE,exact,13.9383,13.9472,12.9068,12.9368
224C,SUMANG LANE,exact,13.9333,13.9421,12.9035,12.9338
226A,SUMANG LANE,exact,14.0228,14.0316,12.9901,13.0198
226B,SUMANG LANE,exact,14.0370,14.0458,13.0053,13.0352
226C,SUMANG LANE,exact,14.0414,14.0502,13.0106,13.0407
227A,SUMANG LANE,exact,14.1080,14.1168,13.0744,13.1040
227B,SUMANG LANE,exact,14.1240,14.1328,13.0920,13.1218
229A,SUMANG LANE,exact,13.9982,14.0069,12.9636,12.9930
231A,SUMANG LANE,exact,13.9077,13.9165,12.8731,12.9025
231B,SUMANG LANE,exact,13.9004,13.9092,12.8650,12.8942
232A,SUMANG LANE,exact,13.8911,13.8998,12.8549,12.8839
232B,SUMANG LANE,exact,13.8888,13.8975,12.8517,12.8806
232C,SUMANG LANE,exact,13.8434,13.8522,12.8056,12.8343
233A,SUMANG LANE,exact,13.8021,13.8108,12.7649,12.7937
233B,SUMANG LANE,exact,13.8441,13.8528,12.8077,12.8366
233C,SUMANG LANE,exact,13.8438,13.8525,12.8079,12.8369
234A,SUMANG LANE,exact,13.8671,13.8759,12.8329,12.8623
234B,SUMANG LANE,exact,13.8608,13.8695,12.8260,12.8554
312A,SUMANG LINK,exact,15.1461,15.1551,14.1218,14.1529
312B,SUMANG LINK,exact,15.2112,15.2202,14.1869,14.2181
312C,SUMANG LINK,exact,15.1880,15.1970,14.1652,14.1966
313A,SUMANG LINK,exact,15.1120,15.1210,14.0918,14.1236
313B,SUMANG LINK,exact,15.1582,15.1672,14.1379,14.1697
313C,SUMANG LINK,exact,15.1741,15.1830,14.1523,14.1838
217A,SUMANG WALK,exact,14.1216,14.1305,13.0926,13.1230
217B,SUMANG WALK,exact,14.0573,14.0662,13.0286,13.0590
217C,SUMANG WALK,exact,14.0744,14.0832,13.0468,13.0774
217D,SUMANG WALK,exact,14.0684,14.0773,13.0425,13.0734
256A,SUMANG WALK,exact,14.4722,14.4811,13.4422,13.4724
256B,SUMANG WALK,exact,14.4858,14.4946,13.4567,13.4871
256C,SUMANG WALK,exact,14.4079,14.4168,13.3788,13.4092
256D,SUMANG WALK,exact,14.3643,14.3732,13.3357,13.3662
322A,SUMANG WALK,exact,15.0770,15.0858,14.0458,14.0757
322B,SUMANG WALK,exact,15.0214,15.0302,13.9903,14.0202
322C,SUMANG WALK,exact,14.9684,14.9773,13.9370,13.9669
322D,SUMANG WALK,exact,14.9104,14.9192,13.8789,13.9088
323A,SUMANG WALK,exact,15.2265,15.2354,14.1969,14.2271
323B,SUMANG WALK,exact,15.1737,15.1826,14.1434,14.1735
323C,SUMANG WALK,exact,15.2315,15.2403,14.2004,14.2304
323D,SUMANG WALK,exact,15.1759,15.1848,14.1449,14.1749
325A,SUMANG WALK,exact,15.3483,15.3572,14.3176,14.3477
325B,SUMANG WALK,exact,15.2913,15.3001,14.2606,14.2906
326C,SUMANG WALK,exact,15.3031,15.3120,14.2772,14.3080
327A,SUMANG WALK,exact,15.2657,15.2746,14.2377,14.2682
327B,SUMANG WALK,exact,15.2641,15.2729,14.2370,14.2677
327C,SUMANG WALK,exact,15.2603,15.2692,14.2341,14.2650
321,TAH CHING RD,exact,15.3292,15.3256,15.0582,15.0116
322,TAH CHING RD,exact,15.2917,15.2880,15.0229,14.9761
323,TAH CHING RD,exact,15.3550,15.3513,15.0883,15.0415
324,TAH CHING RD,exact,15.3838,15.3801,15.1215,15.0746
325,TAH CHING RD,exact,15.4004,15.3967,15.1417,15.0947
326,TAH CHING RD,exact,15.4385,15.4348,15.1825,15.1355
327,TAH CHING RD,exact,15.4584,15.4547,15.1998,15.1528
328,TAH CHING RD,exact,15.4821,15.4785,15.2202,15.1733
329,TAH CHING RD,exact,15.3897,15.3861,15.1187,15.0721
330,TAH CHING RD,exact,15.3669,15.3634,15.0937,15.0471
331,TAH CHING RD,exact,15.4586,15.4550,15.1844,15.1378
332,TAH CHING RD,exact,15.4648,15.4613,15.1848,15.1384
336,TAH CHING RD,exact,15.4729,15.4694,15.1955,15.1490
337A,TAH CHING RD,exact,15.5081,15.5045,15.2382,15.1916
337B,TAH CHING RD,exact,15.5379,15.5342,15.2708,15.2240
337C,TAH CHING RD,exact,15.5670,15.5633,15.3027,15.2559
337D,TAH CHING RD,exact,15.6144,15.6108,15.3502,15.3034
338A,TAH CHING RD,exact,15.5751,15.5715,15.3061,15.2594
12,TAMAN HO SWEE,exact,2.1212,2.1160,2.2665,2.2119
14,TAMAN HO SWEE,exact,2.1868,2.1816,2.3263,2.2716
16,TAMAN HO SWEE,exact,2.2524,2.2472,2.3864,2.3317
18,TAMAN HO SWEE,exact,2.3180,2.3128,2.4468,2.3921
31,TAMAN HO SWEE,none,,,,
33,TAMAN HO SWEE,none,,,,
890A,TAMPINES AVE 1,exact,11.5386,11.5482,10.8336,10.8848
890B,TAMPINES AVE 1,exact,11.5096,11.5193,10.8014,10.8525
890C,TAMPINES AVE 1,exact,11.5689,11.5785,10.8597,10.9107
622A,TAMPINES AVE 12,exact,13.0769,13.0866,12.3170,12.3665
622B,TAMPINES AVE 12,exact,13.1257,13.1354,12.3689,12.4185
801,TAMPINES AVE 4,exact,11.9380,11.9476,11.2485,11.3000
802,TAMPINES AVE 4,exact,11.8673,11.8769,11.1852,11.2368
803,TAMPINES AVE 4,exact,11.7787,11.7883,11.1009,11.1526
804,TAMPINES AVE 4,exact,11.7858,11.7954,11.1030,11.1546
805,TAMPINES AVE 4,exact,11.8130,11.8226,11.1279,11.1795
806,TAMPINES AVE 4,exact,11.7275,11.7371,11.0438,11.0955
807,TAMPINES AVE 4,exact,11.6786,11.6882,10.9893,11.0408
808,TAMPINES AVE 4,exact,11.7160,11.7256,11.0224,11.0738
809,TAMPINES AVE 4,exact,11.7294,11.7390,11.0401,11.0916
810,TAMPINES AVE 4,exact,11.7637,11.7734,11.0729,11.1244
811,TAMPINES AVE 4,exact,11.8368,11.8464,11.1484,11.2000
812,TAMPINES AVE 4,exact,11.8613,11.8709,11.1704,11.2218
815,TAMPINES AVE 4,exact,11.8940,11.9036,11.2009,11.2523
816,TAMPINES AVE 4,exact,11.9308,11.9404,11.2361,11.2875
902,TAMPINES AVE 4,exact,12.3160,12.3257,11.6064,11.6574
903,TAMPINES AVE 4,exact,12.3454,12.3551,11.6401,11.6911
906,TAMPINES AVE 4,exact,12.3213,12.3309,11.6210,11.6722
907,TAMPINES AVE 4,exact,12.2888,12.2984,11.5840,11.6351
908,TAMPINES AVE 4,exact,12.2237,12.2333,11.5164,11.5675
909,TAMPINES AVE 4,exact,12.2617,12.2714,11.5595,11.6107
945,TAMPINES AVE 4,exact,12.4269,12.4366,11.7217,11.7728
946,TAMPINES AVE 4,exact,12.3935,12.4031,11.6867,11.7377
146,TAMPINES AVE 5,exact,12.4243,12.4338,11.7500,11.8018
147,TAMPINES AVE 5,exact,12.4460,12.4556,11.7615,11.8130
148,TAMPINES AVE 5,exact,12.5427,12.5523,11.8500,11.9013
858,TAMPINES AVE 5,exact,12.3851,12.3948,11.6511,11.7014
858A,TAMPINES AVE 5,exact,12.3442,12.3539,11.6081,11.6584
858B,TAMPINES AVE 5,exact,12.4761,12.4858,11.7466,11.7971
859,TAMPINES AVE 5,exact,12.4521,12.4618,11.7178,11.7681
859A,TAMPINES AVE 5,exact,12.4792,12.4889,11.7428,11.7931
860,TAMPINES AVE 5,exact,12.4678,12.4775,11.7273,11.7774
860A,TAMPINES AVE 5,exact,12.5582,12.5679,11.8222,11.8724
860B,TAMPINES AVE 5,exact,12.4272,12.4369,11.6846,11.7346
861,TAMPINES AVE 5,exact,12.4129,12.4226,11.6732,11.7233
861A,TAMPINES AVE 5,exact,12.3863,12.3960,11.6487,11.6989
936,TAMPINES AVE 5,exact,12.2255,12.2351,11.5564,11.6083
937,TAMPINES AVE 5,exact,12.2681,12.2777,11.5939,11.6457
938,TAMPINES AVE 5,exact,12.3188,12.3284,11.6407,11.6924
939,TAMPINES AVE 5,exact,12.2884,12.2980,11.6070,11.6586
940,TAMPINES AVE 5,exact,12.3735,12.3831,11.6862,11.7377
941,TAMPINES AVE 5,exact,12.3294,12.3390,11.6375,11.6890
942,TAMPINES AVE 5,exact,12.3415,12.3511,11.6471,11.6985
943,TAMPINES AVE 5,exact,12.4195,12.4291,11.7250,11.7763
944,TAMPINES AVE 5,exact,12.4246,12.4342,11.7255,11.7767
390,TAMPINES AVE 7,exact,14.2945,14.3040,13.6285,13.6804
391,TAMPINES AVE 7,exact,14.2911,14.3006,13.6294,13.6814
392,TAMPINES AVE 7,exact,14.2196,14.2291,13.5587,13.6107
393,TAMPINES AVE 7,exact,14.1731,14.1826,13.5104,13.5623
394,TAMPINES AVE 7,exact,14.0897,14.0992,13.4237,13.4756
395,TAMPINES AVE 7,exact,14.1308,14.1404,13.4610,13.5128
396,TAMPINES AVE 7,exact,14.1539,14.1635,13.4866,13.5385
868A,TAMPINES AVE 8,exact,12.0407,12.0504,11.2780,11.3274
868B,TAMPINES AVE 8,exact,12.1066,12.1163,11.3429,11.3923
868C,TAMPINES AVE 8,exact,12.1368,12.1465,11.3754,11.4249
869A,TAMPINES AVE 8,exact,11.9903,12.0000,11.2288,11.2783
869B,TAMPINES AVE 8,exact,12.0111,12.0208,11.2523,11.3019
876A,TAMPINES AVE 8,exact,11.6195,11.6292,10.8601,10.9097
876C,TAMPINES AVE 8,exact,11.6994,11.7091,10.9375,10.9870
878,TAMPINES AVE 8,exact,11.7077,11.7174,10.9577,11.0076
878A,TAMPINES AVE 8,exact,11.5212,11.5309,10.7663,10.8160
878B,TAMPINES AVE 8,exact,11.4292,11.4390,10.6765,10.7264
879,TAMPINES AVE 8,exact,11.6501,11.6598,10.8978,10.9476
879A,TAMPINES AVE 8,exact,11.4917,11.5014,10.7330,10.7826
879B,TAMPINES AVE 8,exact,11.4452,11.4549,10.6868,10.7364
880,TAMPINES AVE 8,exact,11.6514,11.6611,10.9071,10.9572
880A,TAMPINES AVE 8,exact,11.7450,11.7547,10.9991,11.0491
891,TAMPINES AVE 8,exact,11.4707,11.4804,10.7374,10.7878
891A,TAMPINES AVE 8,exact,11.4215,11.4311,10.6905,10.7409
892,TAMPINES AVE 8,exact,11.2956,11.3053,10.5546,10.6048
892A,TAMPINES AVE 8,exact,11.3173,11.3270,10.5799,10.6302
893,TAMPINES AVE 8,exact,11.3414,11.3511,10.6084,10.6588
893A,TAMPINES AVE 8,exact,11.3637,11.3734,10.6343,10.6848
485A,TAMPINES AVE 9,exact,14.3637,14.3733,13.6709,13.7222
485B,TAMPINES AVE 9,exact,14.4215,14.4311,13.7315,13.7829
486A,TAMPINES AVE 9,exact,14.5048,14.5144,13.8187,13.8702
486B,TAMPINES AVE 9,exact,14.4117,14.4213,13.7264,13.7779
486C,TAMPINES AVE 9,exact,14.4360,14.4456,13.7543,13.8058
487A,TAMPINES AVE 9,exact,14.5268,14.5364,13.8433,13.8948
488A,TAMPINES AVE 9,exact,14.4372,14.4469,13.7449,13.7962
491A,TAMPINES AVE 9,exact,14.3664,14.3761,13.6527,13.7035
491B,TAMPINES AVE 9,exact,14.3821,14.3917,13.6714,13.7222
492B,TAMPINES AVE 9,exact,14.3759,14.3856,13.6591,13.7098
493A,TAMPINES AVE 9,exact,14.2501,14.2598,13.5315,13.5822
493B,TAMPINES AVE 9,exact,14.1947,14.2044,13.4762,13.5268
494B,TAMPINES AVE 9,exact,14.3021,14.3117,13.5821,13.6327
496D,TAMPINES AVE 9,exact,13.9725,13.9821,13.2505,13.3010
496E,TAMPINES AVE 9,exact,13.9194,13.9290,13.1981,13.2486
496F,TAMPINES AVE 9,exact,13.8896,13.8992,13.1730,13.2237
496G,TAMPINES AVE 9,exact,13.9657,13.9754,13.2490,13.2997
499A,TAMPINES AVE 9,exact,14.3053,14.3149,13.6175,13.6689
499B,TAMPINES AVE 9,exact,14.3488,14.3584,13.6636,13.7150
601A,TAMPINES AVE 9,exact,12.7898,12.7995,12.0181,12.0672
601B,TAMPINES AVE 9,exact,12.8550,12.8647,12.0856,12.1348
601C,TAMPINES AVE 9,exact,12.8718,12.8815,12.0989,12.1480
601D,TAMPINES AVE 9,exact,12.8155,12.8252,12.0398,12.0887
604A,TAMPINES AVE 9,exact,12.7010,12.7107,11.9193,11.9681
604B,TAMPINES AVE 9,exact,12.7394,12.7491,11.9594,12.0082
501,TAMPINES CTRL 1,exact,13.0774,13.0871,12.3643,12.4151
502,TAMPINES CTRL 1,exact,13.1879,13.1975,12.4735,12.5243
503,TAMPINES CTRL 1,exact,13.1432,13.1529,12.4320,12.4829
505,TAMPINES CTRL 1,exact,13.1713,13.1809,12.4636,12.5145
508,TAMPINES CTRL 1,exact,13.1048,13.1145,12.4019,12.4530
509,TAMPINES CTRL 1,exact,13.1379,13.1476,12.4315,12.4825
515A,TAMPINES CTRL 7,exact,12.6424,12.6521,11.8970,11.9470
515B,TAMPINES CTRL 7,exact,12.6668,12.6765,11.9226,11.9726
515C,TAMPINES CTRL 7,exact,12.6940,12.7037,11.9511,12.0012
515D,TAMPINES CTRL 7,exact,12.7177,12.7274,11.9761,12.0261
518A,TAMPINES CTRL 7,exact,12.6001,12.6098,11.8580,11.9080
518B,TAMPINES CTRL 7,exact,12.6243,12.6339,11.8833,11.9334
518C,TAMPINES CTRL 7,exact,12.6515,12.6612,11.9119,11.9621
518D,TAMPINES CTRL 7,exact,12.6761,12.6858,11.9377,11.9878
522A,TAMPINES CTRL 7,exact,12.7009,12.7106,11.9513,12.0011
522B,TAMPINES CTRL 7,exact,12.7635,12.7732,12.0165,12.0664
522C,TAMPINES CTRL 7,exact,12.8047,12.8144,12.0582,12.1081
523A,TAMPINES CTRL 7,exact,12.8160,12.8257,12.0580,12.1075
523B,TAMPINES CTRL 7,exact,12.8518,12.8615,12.0912,12.1406
523C,TAMPINES CTRL 7,exact,12.8949,12.9046,12.1362,12.1858
523D,TAMPINES CTRL 7,exact,12.8596,12.8693,12.1039,12.1535
524A,TAMPINES CTRL 7,exact,12.7866,12.7963,12.0361,12.0859
524B,TAMPINES CTRL 7,exact,12.8308,12.8405,12.0771,12.1267
519A,TAMPINES CTRL 8,exact,12.8351,12.8448,12.0965,12.1466
519B,TAMPINES CTRL 8,exact,12.8181,12.8278,12.0772,12.1273
519C,TAMPINES CTRL 8,exact,12.7239,12.7335,11.9893,12.0395
519D,TAMPINES CTRL 8,exact,12.6920,12.7017,11.9559,12.0061
520A,TAMPINES CTRL 8,exact,12.7760,12.7857,12.0368,12.0869
520B,TAMPINES CTRL 8,exact,12.7732,12.7828,12.0316,12.0816
520C,TAMPINES CTRL 8,exact,12.7382,12.7479,11.9996,12.0497
608A,TAMPINES NTH DR 1,exact,12.8304,12.8401,12.0398,12.0882
608B,TAMPINES NTH DR 1,exact,12.8964,12.9061,12.1095,12.1580
608C,TAMPINES NTH DR 1,exact,12.9318,12.9415,12.1468,12.1954
609A,TAMPINES NTH DR 1,exact,12.8854,12.8951,12.0936,12.1420
609B,TAMPINES NTH DR 1,exact,12.9113,12.9211,12.1209,12.1694
609C,TAMPINES NTH DR 1,exact,12.9846,12.9943,12.1974,12.2459
609D,TAMPINES NTH DR 1,exact,13.0692,13.0789,12.2847,12.3334
610A,TAMPINES NTH DR 1,exact,13.0787,13.0884,12.2893,12.3378
610B,TAMPINES NTH DR 1,exact,12.9992,13.0090,12.2065,12.2548
610C,TAMPINES NTH DR 1,exact,12.9632,12.9730,12.1686,12.2169
612A,TAMPINES NTH DR 1,exact,13.0014,13.0111,12.2013,12.2493
612B,TAMPINES NTH DR 1,exact,13.0545,13.0642,12.2565,12.3046
613A,TAMPINES NTH DR 1,exact,13.0509,13.0606,12.2490,12.2970
613B,TAMPINES NTH DR 1,exact,13.1278,13.1375,12.3274,12.3754
614A,TAMPINES NTH DR 1,exact,13.0910,13.1007,12.2989,12.3473
614B,TAMPINES NTH DR 1,exact,13.0145,13.0242,12.2189,12.2672
101,TAMPINES ST 11,exact,12.6124,12.6219,11.9521,12.0042
102,TAMPINES ST 11,exact,12.5911,12.6006,11.9361,11.9883
103,TAMPINES ST 11,exact,12.7173,12.7268,12.0589,12.1110
104,TAMPINES ST 11,exact,12.7249,12.7344,12.0712,12.1235
105,TAMPINES ST 11,exact,12.8293,12.8388,12.1721,12.2243
106,TAMPINES ST 11,exact,12.8411,12.8506,12.1894,12.2416
107,TAMPINES ST 11,exact,12.9367,12.9462,12.2816,12.3338
108,TAMPINES ST 11,exact,12.9433,12.9528,12.2930,12.3453
109,TAMPINES ST 11,exact,12.9385,12.9481,12.2921,12.3445
110,TAMPINES ST 11,exact,12.9567,12.9662,12.3151,12.3676
111,TAMPINES ST 11,exact,12.7788,12.7883,12.1301,12.1824
112,TAMPINES ST 11,exact,12.7499,12.7594,12.1055,12.1579
113,TAMPINES ST 11,exact,12.6371,12.6466,11.9863,12.0385
114,TAMPINES ST 11,exact,12.6602,12.6698,12.0150,12.0674
124,TAMPINES ST 11,exact,12.8972,12.9067,12.2689,12.3216
125,TAMPINES ST 11,exact,12.9954,13.0049,12.3610,12.4136
126,TAMPINES ST 11,exact,12.9825,12.9920,12.3523,12.4049
127,TAMPINES ST 11,exact,12.9924,13.0019,12.3657,12.4184
138,TAMPINES ST 11,exact,12.5228,12.5323,11.8760,11.9284
139,TAMPINES ST 11,exact,12.4632,12.4728,11.8078,11.8600
140,TAMPINES ST 12,exact,12.5262,12.5357,11.8591,11.9110
141,TAMPINES ST 12,exact,12.6317,12.6413,11.9646,12.0165
142,TAMPINES ST 12,exact,12.6545,12.6641,11.9843,12.0362
143,TAMPINES ST 12,exact,12.4976,12.5072,11.8262,11.8780
144,TAMPINES ST 12,exact,12.5334,12.5430,11.8604,11.9122
145,TAMPINES ST 12,exact,12.5548,12.5644,11.8792,11.9310
149,TAMPINES ST 12,exact,12.6375,12.6471,11.9420,11.9933
150,TAMPINES ST 12,exact,12.6551,12.6647,11.9646,12.0160
151,TAMPINES ST 12,exact,12.7328,12.7424,12.0417,12.0931
156,TAMPINES ST 12,exact,12.8637,12.8733,12.1766,12.2281
157,TAMPINES ST 12,exact,12.8202,12.8298,12.1361,12.1876
158,TAMPINES ST 12,exact,12.9196,12.9292,12.2368,12.2884
159,TAMPINES ST 12,exact,12.9129,12.9225,12.2331,12.2848
160,TAMPINES ST 12,exact,12.8124,12.8220,12.1312,12.1829
161,TAMPINES ST 12,exact,12.8395,12.8491,12.1657,12.2175
162,TAMPINES ST 12,exact,12.9393,12.9489,12.2708,12.3227
163,TAMPINES ST 12,exact,12.9451,12.9546,12.2801,12.3320
164,TAMPINES ST 12,exact,12.8173,12.8269,12.1460,12.1979
165,TAMPINES ST 12,exact,12.7815,12.7910,12.1118,12.1637
166,TAMPINES ST 12,exact,12.8063,12.8159,12.1416,12.1936
201A,TAMPINES ST 21,exact,13.6517,13.6613,12.9841,13.0360
201B,TAMPINES ST 21,exact,13.7005,13.7101,13.0333,13.0852
201D,TAMPINES ST 21,exact,13.6792,13.6887,13.0211,13.0731
202,TAMPINES ST 21,exact,13.6229,13.6325,12.9571,13.0091
203,TAMPINES ST 21,exact,13.5718,13.5814,12.9098,12.9618
204,TAMPINES ST 21,exact,13.5000,13.5095,12.8353,12.8872
205,TAMPINES ST 21,exact,13.4959,13.5055,12.8350,12.8871
206,TAMPINES ST 21,exact,13.4785,13.4880,12.8241,12.8763
207,TAMPINES ST 21,exact,13.4979,13.5074,12.8400,12.8921
208,TAMPINES ST 21,exact,13.5646,13.5741,12.9108,12.9630
209,TAMPINES ST 21,exact,13.5882,13.5977,12.9293,12.9814
230G,TAMPINES ST 21,exact,13.6295,13.6391,12.9366,12.9879
230H,TAMPINES ST 21,exact,13.6139,13.6236,12.9191,12.9703
230J,TAMPINES ST 21,exact,13.5743,13.5839,12.8789,12.9301
231,TAMPINES ST 21,exact,13.5135,13.5231,12.8175,12.8688
232,TAMPINES ST 21,exact,13.5028,13.5124,12.8024,12.8535
233,TAMPINES ST 21,exact,13.3985,13.4081,12.6936,12.7446
234,TAMPINES ST 21,exact,13.4088,13.4184,12.7086,12.7598
235,TAMPINES ST 21,exact,13.4022,13.4119,12.7053,12.7565
236,TAMPINES ST 21,exact,13.3575,13.3671,12.6551,12.7062
237,TAMPINES ST 21,exact,13.3089,13.3185,12.6079,12.6590
238,TAMPINES ST 21,exact,13.2703,13.2799,12.5653,12.6163
239,TAMPINES ST 21,exact,13.2051,13.2147,12.5056,12.5568
240,TAMPINES ST 21,exact,13.2684,13.2781,12.5698,12.6210
241,TAMPINES ST 21,exact,13.2422,13.2518,12.5458,12.5970
242,TAMPINES ST 21,exact,13.1565,13.1661,12.4612,12.5125
243,TAMPINES ST 21,exact,13.2150,13.2246,12.5209,12.5722
244,TAMPINES ST 21,exact,13.1889,13.1985,12.4970,12.5484
245,TAMPINES ST 21,exact,13.0934,13.1030,12.4025,12.4539
246,TAMPINES ST 21,exact,13.1612,13.1708,12.4732,12.5246
247,TAMPINES ST 21,exact,13.0708,13.0804,12.3871,12.4386
248,TAMPINES ST 21,exact,13.0647,13.0742,12.3839,12.4355
249,TAMPINES ST 21,exact,13.1849,13.1945,12.5097,12.5614
250,TAMPINES ST 21,exact,13.2132,13.2228,12.5353,12.5870
251,TAMPINES ST 21,exact,13.2107,13.2203,12.5289,12.5805
252,TAMPINES ST 21,exact,13.2829,13.2925,12.6060,12.6577
253,TAMPINES ST 21,exact,13.2432,13.2528,12.5585,12.6100
254,TAMPINES ST 21,exact,13.3375,13.3471,12.6591,12.7108
255,TAMPINES ST 21,exact,13.4155,13.4251,12.7426,12.7944
256,TAMPINES ST 21,exact,13.4072,13.4168,12.7297,12.7814
257,TAMPINES ST 21,exact,13.4403,13.4499,12.7598,12.8114
258,TAMPINES ST 21,exact,13.4858,13.4954,12.8023,12.8538
259,TAMPINES ST 21,exact,13.5337,13.5433,12.8454,12.8969
260,TAMPINES ST 21,exact,13.5118,13.5214,12.8268,12.8783
261,TAMPINES ST 21,exact,13.5683,13.5779,12.8885,12.9401
262,TAMPINES ST 21,exact,13.5336,13.5432,12.8570,12.9087
263,TAMPINES ST 21,exact,13.5207,13.5303,12.8473,12.8991
264,TAMPINES ST 21,exact,13.4890,13.4986,12.8186,12.8704
265,TAMPINES ST 21,exact,13.3839,13.3935,12.7121,12.7639
266,TAMPINES ST 21,exact,13.3529,13.3625,12.6840,12.7358
267,TAMPINES ST 21,exact,13.1881,13.1977,12.5225,12.5745
268,TAMPINES ST 21,exact,13.1029,13.1124,12.4283,12.4800
269,TAMPINES ST 21,exact,13.0734,13.0830,12.4032,12.4550
270,TAMPINES ST 21,exact,13.0592,13.0688,12.3982,12.4502
271,TAMPINES ST 21,exact,13.1571,13.1667,12.4987,12.5508
272,TAMPINES ST 22,exact,13.1821,13.1916,12.5303,12.5825
273,TAMPINES ST 22,exact,13.1689,13.1784,12.5206,12.5730
274,TAMPINES ST 22,exact,13.1089,13.1184,12.4616,12.5140
275,TAMPINES ST 22,exact,13.1120,13.1215,12.4691,12.5215
276,TAMPINES ST 22,exact,13.1092,13.1187,12.4694,12.5219
277,TAMPINES ST 22,exact,13.1531,13.1626,12.5166,12.5691
278,TAMPINES ST 22,exact,13.1183,13.1278,12.4847,12.5373
279,TAMPINES ST 22,exact,13.1410,13.1504,12.5126,12.5652
280,TAMPINES ST 22,exact,13.2162,13.2257,12.5800,12.6325
281,TAMPINES ST 22,exact,13.2781,13.2876,12.6474,12.7000
282,TAMPINES ST 22,exact,13.2982,13.3077,12.6633,12.7158
283,TAMPINES ST 22,exact,13.3895,13.3990,12.7507,12.8032
284,TAMPINES ST 22,exact,13.3970,13.4065,12.7544,12.8068
285,TAMPINES ST 22,exact,13.4695,13.4790,12.8220,12.8743
286,TAMPINES ST 22,exact,13.4568,13.4663,12.8128,12.8652
287,TAMPINES ST 22,exact,13.5530,13.5625,12.9159,12.9684
288,TAMPINES ST 22,exact,13.5765,13.5860,12.9431,12.9956
289,TAMPINES ST 22,exact,13.6828,13.6923,13.0468,13.0993
290,TAMPINES ST 22,exact,13.6278,13.6373,12.9876,13.0401
291,TAMPINES ST 22,exact,13.6911,13.7006,13.0522,13.1046
292,TAMPINES ST 22,exact,13.7563,13.7658,13.1186,13.1711
293,TAMPINES ST 22,exact,13.6870,13.6965,13.0448,13.0972
294,TAMPINES ST 22,exact,13.6200,13.6295,12.9735,13.0258
295,TAMPINES ST 22,exact,13.7196,13.7291,13.0755,13.1278
296,TAMPINES ST 22,exact,13.7772,13.7867,13.1335,13.1859
297,TAMPINES ST 22,exact,13.7227,13.7322,13.0756,13.1279
298,TAMPINES ST 22,exact,13.7583,13.7678,13.1072,13.1595
299A,TAMPINES ST 22,exact,13.5737,13.5832,12.9304,12.9828
201E,TAMPINES ST 23,exact,13.7452,13.7547,13.0842,13.1362
210,TAMPINES ST 23,exact,13.8261,13.8357,13.1592,13.2111
211,TAMPINES ST 23,exact,13.9045,13.9140,13.2407,13.2927
212,TAMPINES ST 23,exact,13.8901,13.8997,13.2224,13.2743
213,TAMPINES ST 23,exact,13.8700,13.8796,13.1985,13.2503
214,TAMPINES ST 23,exact,13.8245,13.8341,13.1523,13.2041
215,TAMPINES ST 23,exact,13.7914,13.8010,13.1179,13.1696
216,TAMPINES ST 23,exact,13.7082,13.7178,13.0366,13.0884
217,TAMPINES ST 23,exact,13.6410,13.6506,12.9654,13.0171
224,TAMPINES ST 23,exact,13.8668,13.8763,13.1903,13.2420
225,TAMPINES ST 23,exact,13.9001,13.9097,13.2268,13.2786
226,TAMPINES ST 23,exact,13.9226,13.9322,13.2473,13.2991
227,TAMPINES ST 23,exact,13.9621,13.9717,13.2951,13.3469
228,TAMPINES ST 23,exact,13.9867,13.9962,13.3133,13.3650
229,TAMPINES ST 23,exact,13.9432,13.9528,13.2653,13.3170
218,TAMPINES ST 24,exact,13.6967,13.7063,13.0211,13.0729
219,TAMPINES ST 24,exact,13.7492,13.7588,13.0728,13.1245
220,TAMPINES ST 24,exact,13.7560,13.7656,13.0724,13.1239
221,TAMPINES ST 24,exact,13.7500,13.7595,13.0706,13.1222
222,TAMPINES ST 24,exact,13.8024,13.8120,13.1222,13.1738
223,TAMPINES ST 24,exact,13.8409,13.8505,13.1634,13.2151
230,TAMPINES ST 24,exact,13.8346,13.8442,13.1523,13.2039
230B,TAMPINES ST 24,exact,13.6182,13.6278,12.9313,12.9828
230C,TAMPINES ST 24,exact,13.6845,13.6940,13.0001,13.0516
230D,TAMPINES ST 24,exact,13.7399,13.7495,13.0523,13.1037
230E,TAMPINES ST 24,exact,13.6915,13.7011,13.0019,13.0533
230F,TAMPINES ST 24,exact,13.6758,13.6854,12.9842,13.0356
301,TAMPINES ST 32,exact,13.9220,13.9316,13.2644,13.3165
302,TAMPINES ST 32,exact,13.8304,13.8400,13.1783,13.2306
303,TAMPINES ST 32,exact,13.8746,13.8841,13.2264,13.2787
304,TAMPINES ST 32,exact,13.9358,13.9453,13.2888,13.3411
305,TAMPINES ST 32,exact,13.9000,13.9095,13.2493,13.3016
306,TAMPINES ST 32,exact,13.9312,13.9407,13.2775,13.3296
307,TAMPINES ST 32,exact,13.9792,13.9887,13.3269,13.3791
308,TAMPINES ST 32,exact,14.0080,14.0175,13.3578,13.4100
309,TAMPINES ST 32,exact,14.0497,14.0592,13.3962,13.4483
310,TAMPINES ST 32,exact,14.0795,14.0890,13.4272,13.4794
324,TAMPINES ST 32,exact,14.2319,14.2414,13.5940,13.6465
325,TAMPINES ST 32,exact,14.2129,14.2224,13.5723,13.6247
326,TAMPINES ST 32,exact,14.1715,14.1810,13.5294,13.5818
327,TAMPINES ST 32,exact,14.1272,14.1367,13.4849,13.5373
328,TAMPINES ST 32,exact,14.1706,14.1801,13.5242,13.5765
329,TAMPINES ST 32,exact,14.2232,14.2327,13.5772,13.6295
330,TAMPINES ST 32,exact,14.2982,14.3077,13.6550,13.7073
331,TAMPINES ST 32,exact,14.3222,14.3317,13.6799,13.7323
332,TAMPINES ST 32,exact,14.3953,14.4047,13.7571,13.8096
333,TAMPINES ST 32,exact,14.4479,14.4574,13.8102,13.8627
334,TAMPINES ST 32,exact,14.3822,14.3917,13.7498,13.8024
335,TAMPINES ST 32,exact,14.3470,14.3565,13.7124,13.7649
336,TAMPINES ST 32,exact,14.3216,14.3310,13.6860,13.7385
337,TAMPINES ST 32,exact,14.2726,14.2821,13.6363,13.6887
381,TAMPINES ST 32,exact,14.2856,14.2951,13.6366,13.6889
382,TAMPINES ST 32,exact,14.2705,14.2801,13.6203,13.6726
383,TAMPINES ST 32,exact,14.2255,14.2350,13.5736,13.6258
384,TAMPINES ST 32,exact,14.2007,14.2102,13.5485,13.6007
385,TAMPINES ST 32,exact,14.3019,14.3115,13.6460,13.6981
386,TAMPINES ST 32,exact,14.3531,14.3626,13.7001,13.7523
387,TAMPINES ST 32,exact,14.3467,14.3562,13.6898,13.7418
388,TAMPINES ST 32,exact,14.3034,14.3129,13.6449,13.6970
389,TAMPINES ST 32,exact,14.2396,14.2491,13.5815,13.6336
311,TAMPINES ST 33,exact,14.0997,14.1092,13.4494,13.5016
312,TAMPINES ST 33,exact,14.0385,14.0480,13.3919,13.4442
313,TAMPINES ST 33,exact,13.9748,13.9844,13.3287,13.3810
314,TAMPINES ST 33,exact,14.0049,14.0144,13.3598,13.4122
315,TAMPINES ST 33,exact,14.0304,14.0399,13.3869,13.4393
316,TAMPINES ST 33,exact,14.0064,14.0159,13.3670,13.4194
317,TAMPINES ST 33,exact,13.9426,13.9521,13.3008,13.3532
318,TAMPINES ST 33,exact,13.8611,13.8706,13.2168,13.2691
319,TAMPINES ST 33,exact,13.8552,13.8647,13.2156,13.2681
320,TAMPINES ST 33,exact,13.9070,13.9165,13.2707,13.3232
321,TAMPINES ST 33,exact,13.9504,13.9598,13.3157,13.3683
322,TAMPINES ST 33,exact,14.0184,14.0278,13.3848,13.4374
323,TAMPINES ST 33,exact,14.0860,14.0955,13.4491,13.5016
338,TAMPINES ST 33,exact,14.2231,14.2326,13.5886,13.6412
339,TAMPINES ST 33,exact,14.1282,14.1377,13.4965,13.5491
340,TAMPINES ST 33,exact,14.1907,14.2002,13.5614,13.6140
341,TAMPINES ST 33,exact,14.3181,14.3276,13.6933,13.7460
342,TAMPINES ST 33,exact,14.3810,14.3904,13.7584,13.8112
343,TAMPINES ST 33,exact,14.3766,14.3861,13.7477,13.8004
345,TAMPINES ST 33,exact,14.4703,14.4798,13.8448,13.8975
346,TAMPINES ST 33,exact,14.4596,14.4691,13.8391,13.8919
347,TAMPINES ST 33,exact,14.5484,14.5578,13.9259,13.9786
348,TAMPINES ST 33,exact,14.6098,14.6193,13.9845,14.0371
349,TAMPINES ST 33,exact,14.6285,14.6380,13.9968,14.0494
350,TAMPINES ST 33,exact,14.6608,14.6702,14.0268,14.0794
351,TAMPINES ST 33,exact,14.6067,14.6162,13.9778,14.0305
352,TAMPINES ST 33,exact,14.6193,14.6288,13.9814,14.0339
353,TAMPINES ST 33,exact,14.6950,14.7045,14.0571,14.1096
354,TAMPINES ST 33,exact,14.6662,14.6757,14.0246,14.0769
355,TAMPINES ST 33,exact,14.5936,14.6031,13.9478,14.0001
356,TAMPINES ST 33,exact,14.5408,14.5503,13.8983,13.9506
357,TAMPINES ST 33,exact,14.5316,14.5411,13.8917,13.9441
358,TAMPINES ST 33,exact,14.5032,14.5127,13.8586,13.9110
359,TAMPINES ST 34,exact,14.6476,14.6571,13.9973,14.0496
360,TAMPINES ST 34,exact,14.6892,14.6988,14.0426,14.0948
361,TAMPINES ST 34,exact,14.7447,14.7543,14.0968,14.1490
362,TAMPINES ST 34,exact,14.6644,14.6739,14.0119,14.0641
363,TAMPINES ST 34,exact,14.5532,14.5628,13.9023,13.9545
364,TAMPINES ST 34,exact,14.5493,14.5588,13.8871,13.9391
365,TAMPINES ST 34,exact,14.6647,14.6742,14.0010,14.0530
366,TAMPINES ST 34,exact,14.7303,14.7398,14.0696,14.1216
367,TAMPINES ST 34,exact,14.7386,14.7481,14.0704,14.1223
367A,TAMPINES ST 34,exact,14.6045,14.6140,13.9384,13.9903
368,TAMPINES ST 34,exact,14.7754,14.7849,14.1097,14.1616
369,TAMPINES ST 34,exact,14.6946,14.7042,14.0242,14.0760
370,TAMPINES ST 34,exact,14.5995,14.6091,13.9306,13.9824
371,TAMPINES ST 34,exact,14.4416,14.4511,13.7741,13.8259
372,TAMPINES ST 34,exact,14.3548,14.3643,13.6891,13.7410
373,TAMPINES ST 34,exact,14.3916,14.4011,13.7307,13.7827
374,TAMPINES ST 34,exact,14.4032,14.4127,13.7393,13.7913
401,TAMPINES ST 41,exact,13.2132,13.2228,12.4942,12.5449
402,TAMPINES ST 41,exact,13.2815,13.2912,12.5636,12.6143
403,TAMPINES ST 41,exact,13.2438,13.2535,12.5225,12.5731
404,TAMPINES ST 41,exact,13.2128,13.2225,12.4879,12.5384
405,TAMPINES ST 41,exact,13.2643,13.2740,12.5414,12.5920
406,TAMPINES ST 41,exact,13.3420,13.3517,12.6225,12.6732
407,TAMPINES ST 41,exact,13.2996,13.3093,12.5750,12.6255
408,TAMPINES ST 41,exact,13.3619,13.3716,12.6353,12.6857
409,TAMPINES ST 41,exact,13.3771,13.3868,12.6479,12.6983
410,TAMPINES ST 41,exact,13.4491,13.4588,12.7264,12.7769
411,TAMPINES ST 41,exact,13.4726,13.4823,12.7481,12.7986
412,TAMPINES ST 41,exact,13.4939,13.5035,12.7677,12.8182
413,TAMPINES ST 41,exact,13.4359,13.4455,12.7068,12.7572
414,TAMPINES ST 41,exact,13.5449,13.5546,12.8179,12.8683
415,TAMPINES ST 41,exact,13.5567,13.5663,12.8331,12.8836
416,TAMPINES ST 41,exact,13.5738,13.5834,12.8535,12.9041
417,TAMPINES ST 41,exact,13.5371,13.5467,12.8183,12.8690
418,TAMPINES ST 41,exact,13.5052,13.5148,12.7893,12.8400
419,TAMPINES ST 41,exact,13.4241,13.4337,12.7082,12.7590
420,TAMPINES ST 41,exact,13.4973,13.5069,12.7844,12.8352
421,TAMPINES ST 41,exact,13.4739,13.4836,12.7630,12.8138
422,TAMPINES ST 41,exact,13.4133,13.4229,12.7013,12.7522
423,TAMPINES ST 41,exact,13.4496,13.4592,12.7413,12.7922
424,TAMPINES ST 41,exact,13.5308,13.5404,12.8228,12.8737
425,TAMPINES ST 41,exact,13.6356,13.6452,12.9189,12.9696
426,TAMPINES ST 41,exact,13.6488,13.6585,12.9284,12.9790
427,TAMPINES ST 41,exact,13.6992,13.7089,12.9813,13.0320
428,TAMPINES ST 41,exact,13.7014,13.7110,12.9873,13.0381
429,TAMPINES ST 41,exact,13.7768,13.7864,13.0660,13.1169
430,TAMPINES ST 41,exact,13.8420,13.8516,13.1302,13.1810
431,TAMPINES ST 41,exact,13.8955,13.9052,13.1858,13.2367
432,TAMPINES ST 41,exact,13.8305,13.8402,13.1238,13.1748
444,TAMPINES ST 42,exact,13.8697,13.8794,13.1691,13.2202
445,TAMPINES ST 42,exact,13.8030,13.8126,13.0998,13.1509
446,TAMPINES ST 42,exact,13.8095,13.8191,13.1095,13.1607
447,TAMPINES ST 42,exact,13.7248,13.7344,13.0261,13.0773
448,TAMPINES ST 42,exact,13.7735,13.7832,13.0765,13.1277
449,TAMPINES ST 42,exact,13.7535,13.7631,13.0588,13.1100
450,TAMPINES ST 42,exact,13.8340,13.8436,13.1394,13.1907
450A,TAMPINES ST 42,exact,13.9489,13.9585,13.2514,13.3026
450C,TAMPINES ST 42,exact,13.8682,13.8778,13.1774,13.2288
450D,TAMPINES ST 42,exact,13.9241,13.9337,13.2357,13.2871
450E,TAMPINES ST 42,exact,13.9656,13.9752,13.2753,13.3267
450F,TAMPINES ST 42,exact,13.9892,13.9988,13.2969,13.3483
450G,TAMPINES ST 42,exact,14.0044,14.0141,13.3093,13.3606
451,TAMPINES ST 42,exact,13.9892,13.9988,13.3079,13.3595
452,TAMPINES ST 42,exact,14.0647,14.0743,13.3842,13.4358
453,TAMPINES ST 42,exact,14.0110,14.0206,13.3270,13.3785
454,TAMPINES ST 42,exact,14.1273,14.1369,13.4458,13.4974
455,TAMPINES ST 42,exact,14.0321,14.0417,13.3463,13.3978
456,TAMPINES ST 42,exact,14.1077,14.1173,13.4226,13.4741
457,TAMPINES ST 42,exact,14.0410,14.0506,13.3514,13.4028
458,TAMPINES ST 42,exact,14.1302,14.1398,13.4433,13.4948
459,TAMPINES ST 42,exact,14.1130,14.1227,13.4224,13.4737
460,TAMPINES ST 42,exact,14.1921,14.2017,13.5051,13.5566
433,TAMPINES ST 43,exact,13.8945,13.9041,13.1892,13.2402
434,TAMPINES ST 43,exact,13.9506,13.9602,13.2460,13.2971
435,TAMPINES ST 43,exact,13.9381,13.9477,13.2287,13.2796
436,TAMPINES ST 43,exact,13.9720,13.9816,13.2655,13.3164
437,TAMPINES ST 43,exact,13.9970,14.0067,13.2885,13.3394
438,TAMPINES ST 43,exact,14.0207,14.0304,13.3104,13.3613
439,TAMPINES ST 43,exact,13.9766,13.9863,13.2643,13.3151
440,TAMPINES ST 43,exact,14.0565,14.0662,13.3437,13.3945
443,TAMPINES ST 43,exact,13.9492,13.9588,13.2478,13.2989
474,TAMPINES ST 43,exact,14.0971,14.1068,13.3936,13.4447
477,TAMPINES ST 43,exact,14.1767,14.1864,13.4681,13.5190
482,TAMPINES ST 43,exact,14.2342,14.2438,13.5224,13.5732
483,TAMPINES ST 43,exact,14.1931,14.2027,13.4811,13.5319
484,TAMPINES ST 43,exact,14.2205,14.2301,13.5059,13.5567
493C,TAMPINES ST 43,exact,14.1243,14.1339,13.4056,13.4562
493D,TAMPINES ST 43,exact,14.1529,14.1626,13.4316,13.4822
493E,TAMPINES ST 43,exact,14.2176,14.2272,13.4968,13.5474
494C,TAMPINES ST 43,exact,14.3385,14.3482,13.6146,13.6651
494D,TAMPINES ST 43,exact,14.4206,14.4302,13.6994,13.7500
494E,TAMPINES ST 43,exact,14.4555,14.4651,13.7325,13.7830
495A,TAMPINES ST 43,exact,14.1150,14.1247,13.3908,13.4413
495B,TAMPINES ST 43,exact,14.1637,14.1734,13.4400,13.4905
495C,TAMPINES ST 43,exact,14.2236,14.2333,13.4985,13.5490
495D,TAMPINES ST 43,exact,14.2884,14.2981,13.5626,13.6131
495E,TAMPINES ST 43,exact,14.3488,14.3585,13.6227,13.6731
495F,TAMPINES ST 43,exact,14.4199,14.4296,13.6938,13.7443
496B,TAMPINES ST 43,exact,14.0311,14.0408,13.3138,13.3645
496C,TAMPINES ST 43,exact,14.0396,14.0493,13.3153,13.3658
461,TAMPINES ST 44,exact,14.1684,14.1780,13.4762,13.5275
462,TAMPINES ST 44,exact,14.2481,14.2577,13.5577,13.6090
463,TAMPINES ST 44,exact,14.2209,14.2305,13.5276,13.5789
464,TAMPINES ST 44,exact,14.3042,14.3138,13.6099,13.6612
465,TAMPINES ST 44,exact,14.2456,14.2552,13.5505,13.6018
467,TAMPINES ST 44,exact,14.2709,14.2805,13.5738,13.6250
468,TAMPINES ST 44,exact,14.3410,14.3506,13.6438,13.6950
469,TAMPINES ST 44,exact,14.2934,14.3031,13.5946,13.6457
470,TAMPINES ST 44,exact,14.3248,14.3344,13.6232,13.6742
472,TAMPINES ST 44,exact,14.1571,14.1668,13.4561,13.5072
476,TAMPINES ST 44,exact,14.2182,14.2278,13.5113,13.5623
479,TAMPINES ST 44,exact,14.2709,14.2806,13.5622,13.6131
480,TAMPINES ST 44,exact,14.3064,14.3160,13.5954,13.6462
481,TAMPINES ST 44,exact,14.2562,14.2659,13.5453,13.5961
487B,TAMPINES ST 45,exact,14.6235,14.6331,13.9382,13.9897
487C,TAMPINES ST 45,exact,14.6115,14.6211,13.9219,13.9733
488B,TAMPINES ST 45,exact,14.5022,14.5118,13.8116,13.8629
489A,TAMPINES ST 45,exact,14.5737,14.5833,13.8800,13.9313
489B,TAMPINES ST 45,exact,14.6113,14.6209,13.9172,13.9685
489C,TAMPINES ST 45,exact,14.5579,14.5675,13.8582,13.9093
490A,TAMPINES ST 45,exact,14.5950,14.6046,13.8949,13.9460
490B,TAMPINES ST 45,exact,14.5540,14.5636,13.8495,13.9005
491C,TAMPINES ST 45,exact,14.4345,14.4442,13.7273,13.7782
491D,TAMPINES ST 45,exact,14.4391,14.4488,13.7292,13.7801
491E,TAMPINES ST 45,exact,14.4917,14.5013,13.7836,13.8345
491F,TAMPINES ST 45,exact,14.4968,14.5064,13.7853,13.8361
491G,TAMPINES ST 45,exact,14.4860,14.4957,13.7691,13.8197
491H,TAMPINES ST 45,exact,14.4476,14.4572,13.7340,13.7848
492C,TAMPINES ST 45,exact,14.4389,14.4485,13.7214,13.7721
492D,TAMPINES ST 45,exact,14.4857,14.4954,13.7667,13.8173
492G,TAMPINES ST 45,exact,14.5950,14.6047,13.8777,13.9283
494G,TAMPINES ST 45,exact,14.5527,14.5624,13.8423,13.8931
494H,TAMPINES ST 45,exact,14.5489,14.5585,13.8340,13.8847
494J,TAMPINES ST 45,exact,14.5342,14.5438,13.8166,13.8672
497A,TAMPINES ST 45,exact,14.5823,14.5919,13.9027,13.9542
497B,TAMPINES ST 45,exact,14.4902,14.4997,13.8120,13.8636
497C,TAMPINES ST 45,exact,14.4939,14.5035,13.8193,13.8710
497D,TAMPINES ST 45,exact,14.5955,14.6051,13.9202,13.9719
497F,TAMPINES ST 45,exact,14.6490,14.6586,13.9686,14.0202
497G,TAMPINES ST 45,exact,14.7505,14.7601,14.0695,14.1211
497H,TAMPINES ST 45,exact,14.7541,14.7636,14.0765,14.1281
497J,TAMPINES ST 45,exact,14.6619,14.6715,13.9859,14.0375
498A,TAMPINES ST 45,exact,14.6782,14.6879,13.9852,14.0365
498B,TAMPINES ST 45,exact,14.6933,14.7029,14.0048,14.0562
498D,TAMPINES ST 45,exact,14.7889,14.7985,14.1035,14.1549
498E,TAMPINES ST 45,exact,14.7645,14.7741,14.0753,14.1266
498F,TAMPINES ST 45,exact,14.7572,14.7668,14.0644,14.1157
498G,TAMPINES ST 45,exact,14.7325,14.7422,14.0359,14.0871
498H,TAMPINES ST 45,exact,14.7234,14.7330,14.0212,14.0722
498J,TAMPINES ST 45,exact,14.6867,14.6963,13.9809,14.0318
498L,TAMPINES ST 45,exact,14.6586,14.6682,13.9581,14.0091
498M,TAMPINES ST 45,exact,14.6729,14.6825,13.9769,14.0281
605A,TAMPINES ST 61,exact,12.8131,12.8228,12.0281,12.0767
605B,TAMPINES ST 61,exact,12.7771,12.7868,11.9905,12.0391
605C,TAMPINES ST 61,exact,12.7692,12.7790,11.9867,12.0354
605D,TAMPINES ST 61,exact,12.7883,12.7980,12.0074,12.0562
606A,TAMPINES ST 61,exact,12.8909,12.9006,12.1103,12.1590
606B,TAMPINES ST 61,exact,12.9519,12.9617,12.1751,12.2240
606C,TAMPINES ST 61,exact,12.9299,12.9396,12.1555,12.2044
606D,TAMPINES ST 61,exact,12.8912,12.9009,12.1151,12.1641
618A,TAMPINES ST 61,exact,13.0693,13.0790,12.2981,12.3472
618B,TAMPINES ST 61,exact,13.0970,13.1067,12.3272,12.3764
619A,TAMPINES ST 61,exact,13.0269,13.0366,12.2574,12.3066
619B,TAMPINES ST 61,exact,13.0862,13.0959,12.3197,12.3690
620A,TAMPINES ST 61,exact,13.0055,13.0153,12.2391,12.2884
620B,TAMPINES ST 61,exact,13.0515,13.0612,12.2873,12.3367
621A,TAMPINES ST 61,exact,12.9577,12.9674,12.1929,12.2422
621B,TAMPINES ST 61,exact,13.0167,13.0264,12.2549,12.3043
626A,TAMPINES ST 61,exact,13.2067,13.2164,12.4392,12.4884
627A,TAMPINES ST 61,exact,13.2495,13.2592,12.4795,12.5287
627B,TAMPINES ST 61,exact,13.2588,13.2685,12.4861,12.5351
701,TAMPINES ST 71,exact,12.4510,12.4607,11.7031,11.7530
702,TAMPINES ST 71,exact,12.5083,12.5180,11.7634,11.8134
703,TAMPINES ST 71,exact,12.5815,12.5912,11.8339,11.8837
704,TAMPINES ST 71,exact,12.5093,12.5190,11.7609,11.8108
705,TAMPINES ST 71,exact,12.5602,12.5699,11.8093,11.8591
706,TAMPINES ST 71,exact,12.6114,12.6211,11.8597,11.9094
707,TAMPINES ST 71,exact,12.5656,12.5753,11.8101,11.8598
708,TAMPINES ST 71,exact,12.5907,12.6004,11.8335,11.8831
709,TAMPINES ST 71,exact,12.6362,12.6459,11.8813,11.9309
710,TAMPINES ST 71,exact,12.7056,12.7153,11.9488,11.9984
711,TAMPINES ST 71,exact,12.6349,12.6446,11.8760,11.9255
712,TAMPINES ST 71,exact,12.6829,12.6926,11.9219,11.9713
713,TAMPINES ST 71,exact,12.7455,12.7552,11.9850,12.0345
714,TAMPINES ST 71,exact,12.7630,12.7727,11.9962,12.0454
715,TAMPINES ST 71,exact,12.7172,12.7269,11.9524,12.0018
716,TAMPINES ST 71,exact,12.6717,12.6814,11.9061,11.9554
721,TAMPINES ST 71,exact,12.6877,12.6974,11.9182,11.9674
724,TAMPINES ST 71,exact,12.3441,12.3538,11.5845,11.6341
725,TAMPINES ST 71,exact,12.3866,12.3963,11.6279,11.6775
726,TAMPINES ST 71,exact,12.4329,12.4426,11.6767,11.7263
727,TAMPINES ST 71,exact,12.3439,12.3536,11.5900,11.6397
728,TAMPINES ST 71,exact,12.2896,12.2993,11.5329,11.5825
729,TAMPINES ST 71,exact,12.2468,12.2565,11.4858,11.5353
730,TAMPINES ST 71,exact,12.2131,12.2228,11.4478,11.4972
731,TAMPINES ST 71,exact,12.2851,12.2949,11.5210,11.5703
732,TAMPINES ST 71,exact,12.3443,12.3540,11.5782,11.6275
733,TAMPINES ST 71,exact,12.3270,12.3367,11.5575,11.6067
734,TAMPINES ST 71,exact,12.3937,12.4034,11.6243,11.6735
717,TAMPINES ST 72,exact,12.5059,12.5157,11.7369,11.7861
718,TAMPINES ST 72,exact,12.5590,12.5687,11.7903,11.8395
719,TAMPINES ST 72,exact,12.5718,12.5815,11.8062,11.8555
720,TAMPINES ST 72,exact,12.6250,12.6347,11.8570,11.9062
722,TAMPINES ST 72,exact,12.6449,12.6546,11.8734,11.9226
723,TAMPINES ST 72,exact,12.5868,12.5965,11.8120,11.8610
735,TAMPINES ST 72,exact,12.4811,12.4909,11.7039,11.7528
736,TAMPINES ST 72,exact,12.4598,12.4695,11.6862,11.7353
737,TAMPINES ST 72,exact,12.4213,12.4310,11.6466,11.6956
738,TAMPINES ST 72,exact,12.3993,12.4090,11.6222,11.6711
739,TAMPINES ST 72,exact,12.3776,12.3873,11.5979,11.6468
740,TAMPINES ST 72,exact,12.3559,12.3657,11.5738,11.6226
741,TAMPINES ST 72,exact,12.4234,12.4331,11.6391,11.6878
742,TAMPINES ST 72,exact,12.4171,12.4269,11.6364,11.6852
813,TAMPINES ST 81,exact,11.7791,11.7888,11.0842,11.1356
814,TAMPINES ST 81,exact,11.8135,11.8232,11.1171,11.1684
817,TAMPINES ST 81,exact,11.8501,11.8597,11.1520,11.2033
818,TAMPINES ST 81,exact,11.8848,11.8944,11.1852,11.2364
819,TAMPINES ST 81,exact,11.9106,11.9202,11.2082,11.2594
820,TAMPINES ST 81,exact,11.8182,11.8278,11.1157,11.1669
821,TAMPINES ST 81,exact,11.7217,11.7314,11.0095,11.0605
822,TAMPINES ST 81,exact,11.6928,11.7024,10.9799,11.0308
824,TAMPINES ST 81,exact,11.5956,11.6053,10.8708,10.9214
825,TAMPINES ST 81,exact,11.6299,11.6395,10.9029,10.9534
826,TAMPINES ST 81,exact,11.6944,11.7040,10.9718,11.0224
827,TAMPINES ST 81,exact,11.7303,11.7400,11.0059,11.0565
828,TAMPINES ST 81,exact,11.7513,11.7610,11.0357,11.0866
829,TAMPINES ST 81,exact,11.7999,11.8095,11.0839,11.1347
887,TAMPINES ST 81,exact,11.6255,11.6352,10.8882,10.9385
887A,TAMPINES ST 81,exact,11.5665,11.5762,10.8292,10.8795
888,TAMPINES ST 81,exact,11.5847,11.5944,10.8409,10.8909
888A,TAMPINES ST 81,exact,11.5430,11.5527,10.8011,10.8512
889,TAMPINES ST 81,exact,11.5140,11.5237,10.7760,10.8263
889A,TAMPINES ST 81,exact,11.5092,11.5189,10.7760,10.8264
894,TAMPINES ST 81,exact,11.4968,11.5065,10.7709,10.8215
894A,TAMPINES ST 81,exact,11.4552,11.4649,10.7330,10.7837
895,TAMPINES ST 81,exact,11.4111,11.4208,10.6889,10.7396
895A,TAMPINES ST 81,exact,11.4791,11.4887,10.7615,10.8123
896,TAMPINES ST 81,exact,11.5218,11.5314,10.8003,10.8510
896A,TAMPINES ST 81,exact,11.5504,11.5601,10.8275,10.8782
897,TAMPINES ST 81,exact,11.6689,11.6786,10.9603,11.0113
897A,TAMPINES ST 81,exact,11.7082,11.7179,11.0041,11.0553
898,TAMPINES ST 81,exact,11.6539,11.6636,10.9495,11.0006
898A,TAMPINES ST 81,exact,11.6340,11.6436,10.9331,10.9843
899,TAMPINES ST 81,exact,11.6653,11.6750,10.9688,11.0202
899A,TAMPINES ST 81,exact,11.6121,11.6217,10.9149,10.9662
830,TAMPINES ST 82,exact,11.8341,11.8438,11.1139,11.1647
832,TAMPINES ST 82,exact,11.9026,11.9123,11.1834,11.2342
834,TAMPINES ST 82,exact,11.9438,11.9534,11.2254,11.2762
836,TAMPINES ST 82,exact,11.9187,11.9284,11.1958,11.2464
838,TAMPINES ST 82,exact,11.9531,11.9627,11.2293,11.2799
840,TAMPINES ST 82,exact,11.9937,12.0034,11.2693,11.3199
842,TAMPINES ST 82,exact,12.0643,12.0740,11.3378,11.3884
842B,TAMPINES ST 82,exact,12.1199,12.1295,11.4001,11.4508
842C,TAMPINES ST 82,exact,12.0836,12.0933,11.3662,11.4170
842D,TAMPINES ST 82,exact,12.1249,12.1345,11.4122,11.4631
842E,TAMPINES ST 82,exact,12.2699,12.2796,11.5553,11.6062
842F,TAMPINES ST 82,exact,12.2323,12.2420,11.5131,11.5638
842G,TAMPINES ST 82,exact,12.1884,12.1981,11.4650,11.5156
842H,TAMPINES ST 82,exact,12.1530,12.1626,11.4321,11.4828
844,TAMPINES ST 82,exact,12.1400,12.1497,11.4139,11.4645
846,TAMPINES ST 82,exact,12.0911,12.1008,11.3620,11.4125
848,TAMPINES ST 82,exact,12.1250,12.1346,11.3946,11.4450
850,TAMPINES ST 82,exact,12.1570,12.1667,11.4230,11.4733
852,TAMPINES ST 82,exact,12.1747,12.1844,11.4447,11.4952
854,TAMPINES ST 82,exact,12.2091,12.2187,11.4779,11.5282
856,TAMPINES ST 82,exact,12.2362,12.2459,11.5024,11.5528
856B,TAMPINES ST 82,exact,12.3113,12.3210,11.5845,11.6350
856C,TAMPINES ST 82,exact,12.2595,12.2691,11.5356,11.5862
856D,TAMPINES ST 82,exact,12.3318,12.3414,11.6153,11.6661
856E,TAMPINES ST 82,exact,12.3930,12.4027,11.6720,11.7227
856F,TAMPINES ST 82,exact,12.3546,12.3643,11.6318,11.6824
831,TAMPINES ST 83,exact,11.8474,11.8570,11.1228,11.1734
833,TAMPINES ST 83,exact,11.8215,11.8311,11.0924,11.1429
835,TAMPINES ST 83,exact,11.8419,11.8516,11.1096,11.1600
837,TAMPINES ST 83,exact,11.8757,11.8854,11.1476,11.1981
839,TAMPINES ST 83,exact,11.9046,11.9143,11.1749,11.2254
841,TAMPINES ST 83,exact,11.9296,11.9393,11.1974,11.2478
843,TAMPINES ST 83,exact,11.9653,11.9750,11.2324,11.2827
845,TAMPINES ST 83,exact,12.0070,12.0167,11.2733,11.3236
847,TAMPINES ST 83,exact,12.0415,12.0512,11.3065,11.3568
849,TAMPINES ST 83,exact,12.1044,12.1141,11.3696,11.4199
851,TAMPINES ST 83,exact,12.0624,12.0721,11.3243,11.3745
853,TAMPINES ST 83,exact,12.0962,12.1059,11.3569,11.4071
855,TAMPINES ST 83,exact,12.1392,12.1488,11.3991,11.4492
857,TAMPINES ST 83,exact,12.2407,12.2504,11.4992,11.5493
857A,TAMPINES ST 83,exact,12.1747,12.1844,11.4299,11.4799
857B,TAMPINES ST 83,exact,12.3054,12.3151,11.5674,11.6175
862,TAMPINES ST 83,exact,12.3193,12.3290,11.5783,11.6284
862A,TAMPINES ST 83,exact,12.3467,12.3564,11.6037,11.6537
863,TAMPINES ST 83,exact,12.2994,12.3091,11.5502,11.6001
863A,TAMPINES ST 83,exact,12.3889,12.3986,11.6443,11.6943
863B,TAMPINES ST 83,exact,12.2595,12.2692,11.5082,11.5580
864,TAMPINES ST 83,exact,12.2809,12.2906,11.5345,11.5844
864A,TAMPINES ST 83,exact,12.2541,12.2638,11.5098,11.5598
865,TAMPINES ST 83,exact,12.0711,12.0808,11.3246,11.3745
866,TAMPINES ST 83,exact,12.1159,12.1256,11.3685,11.4184
867,TAMPINES ST 83,exact,12.1420,12.1517,11.3878,11.4375
867A,TAMPINES ST 83,exact,12.1607,12.1704,11.4020,11.4515
868,TAMPINES ST 83,exact,12.1119,12.1216,11.3593,11.4090
869,TAMPINES ST 83,exact,12.0750,12.0847,11.3226,11.3723
870,TAMPINES ST 83,exact,12.0325,12.0422,11.2795,11.3293
884,TAMPINES ST 83,exact,11.7792,11.7889,11.0397,11.0899
885,TAMPINES ST 83,exact,11.7567,11.7664,11.0204,11.0707
886,TAMPINES ST 83,exact,11.6808,11.6905,10.9408,10.9910
886A,TAMPINES ST 83,exact,11.7590,11.7687,11.0150,11.0650
871,TAMPINES ST 84,exact,11.9774,11.9871,11.2211,11.2708
871A,TAMPINES ST 84,exact,11.9211,11.9308,11.1602,11.2097
872,TAMPINES ST 84,exact,11.9350,11.9447,11.1781,11.2277
873,TAMPINES ST 84,exact,11.9018,11.9115,11.1457,11.1954
874,TAMPINES ST 84,exact,11.8635,11.8732,11.1076,11.1573
874A,TAMPINES ST 84,exact,11.8433,11.8530,11.0923,11.1421
875,TAMPINES ST 84,exact,11.7940,11.8037,11.0443,11.0941
876,TAMPINES ST 84,exact,11.7644,11.7741,11.0092,11.0589
877,TAMPINES ST 84,exact,11.7431,11.7528,10.9922,11.0420
881,TAMPINES ST 84,exact,11.8330,11.8427,11.0890,11.1390
882,TAMPINES ST 84,exact,11.8719,11.8815,11.1324,11.1826
883,TAMPINES ST 84,exact,11.8136,11.8233,11.0729,11.1231
874B,TAMPINES ST 85,exact,11.7647,11.7744,10.9980,11.0474
874C,TAMPINES ST 85,exact,11.8007,11.8104,11.0386,11.0880
874D,TAMPINES ST 85,exact,11.8747,11.8844,11.1106,11.1600
870A,TAMPINES ST 86,exact,12.0225,12.0322,11.2527,11.3019
871B,TAMPINES ST 86,exact,12.0710,12.0807,11.2998,11.3490
871C,TAMPINES ST 86,exact,12.0387,12.0484,11.2640,11.3130
875B,TAMPINES ST 86,exact,11.6012,11.6109,10.8385,10.8879
910,TAMPINES ST 91,exact,12.1772,12.1869,11.4745,11.5257
911,TAMPINES ST 91,exact,12.2516,12.2613,11.5524,11.6036
912,TAMPINES ST 91,exact,12.1971,12.2067,11.4989,11.5502
913,TAMPINES ST 91,exact,12.1356,12.1452,11.4398,11.4911
914,TAMPINES ST 91,exact,12.1982,12.2078,11.5039,11.5552
915,TAMPINES ST 91,exact,12.1699,12.1795,11.4782,11.5296
916,TAMPINES ST 91,exact,12.2367,12.2463,11.5479,11.5994
921,TAMPINES ST 91,exact,12.2553,12.2649,11.5706,11.6222
922,TAMPINES ST 91,exact,12.2053,12.2148,11.5257,11.5774
924,TAMPINES ST 91,exact,12.1612,12.1708,11.4862,11.5380
925,TAMPINES ST 91,exact,12.1552,12.1648,11.4834,11.5353
926,TAMPINES ST 91,exact,12.1306,12.1402,11.4616,11.5135
927,TAMPINES ST 91,exact,12.0950,12.1046,11.4230,11.4749
928,TAMPINES ST 91,exact,12.0574,12.0670,11.3853,11.4372
929,TAMPINES ST 91,exact,12.0301,12.0396,11.3527,11.4045
930,TAMPINES ST 91,exact,12.0026,12.0121,11.3280,11.3798
931,TAMPINES ST 91,exact,11.9507,11.9603,11.2746,11.3264
932,TAMPINES ST 91,exact,11.9636,11.9731,11.2907,11.3425
933,TAMPINES ST 91,exact,11.9095,11.9191,11.2375,11.2894
934,TAMPINES ST 91,exact,12.0086,12.0182,11.3404,11.3924
935,TAMPINES ST 91,exact,12.1149,12.1245,11.4488,11.5008
24,TANGLIN HALT RD,none,,,,
25,TANGLIN HALT RD,none,,,,
26,TANGLIN HALT RD,none,,,,
27,TANGLIN HALT RD,none,,,,
28,TANGLIN HALT RD,none,,,,
29,TANGLIN HALT RD,none,,,,
30,TANGLIN HALT RD,none,,,,
31,TANGLIN HALT RD,none,,,,
32,TANGLIN HALT RD,none,,,,
33,TANGLIN HALT RD,exact,6.0669,6.0619,6.0215,5.9690
34,TANGLIN HALT RD,exact,6.0751,6.0702,6.0252,5.9727
35,TANGLIN HALT RD,exact,6.0960,6.0911,6.0418,5.9894
36,TANGLIN HALT RD,exact,6.1025,6.0976,6.0437,5.9913
37,TANGLIN HALT RD,exact,6.1387,6.1339,6.0714,6.0191
38,TANGLIN HALT RD,exact,6.0554,6.0505,5.9908,5.9385
40,TANGLIN HALT RD,exact,6.0843,6.0795,6.0110,5.9588
41,TANGLIN HALT RD,exact,6.0909,6.0862,6.0129,5.9608
42,TANGLIN HALT RD,exact,6.0986,6.0939,6.0160,5.9640
43,TANGLIN HALT RD,exact,6.1059,6.1012,6.0187,5.9668
44,TANGLIN HALT RD,exact,6.1174,6.1128,6.0258,5.9739
45,TANGLIN HALT RD,none,,,,
51,TANGLIN HALT RD,none,,,,
52,TANGLIN HALT RD,none,,,,
53,TANGLIN HALT RD,none,,,,
54,TANGLIN HALT RD,none,,,,
89,TANGLIN HALT RD,exact,6.1512,6.1470,6.0156,5.9645
90,TANGLIN HALT RD,exact,6.1219,6.1175,5.9988,5.9475
91,TANGLIN HALT RD,exact,6.0825,6.0781,5.9535,5.9023
113,TAO CHING RD,exact,15.1586,15.1547,14.9167,14.8692
10,TEBAN GDNS RD,none,,,,
13,TEBAN GDNS RD,none,,,,
14,TEBAN GDNS RD,none,,,,
20,TEBAN GDNS RD,exact,13.3181,13.3140,13.1128,13.0643
21,TEBAN GDNS RD,exact,13.2474,13.2433,13.0414,12.9929
22,TEBAN GDNS RD,exact,13.1553,13.1512,12.9555,12.9068
23,TEBAN GDNS RD,exact,13.2083,13.2042,13.0090,12.9603
24,TEBAN GDNS RD,exact,13.3739,13.3698,13.1727,13.1241
25,TEBAN GDNS RD,exact,13.3684,13.3643,13.1709,13.1222
3,TEBAN GDNS RD,none,,,,
30,TEBAN GDNS RD,exact,13.1527,13.1484,12.9711,12.9220
31,TEBAN GDNS RD,exact,13.1463,13.1419,12.9694,12.9202
32,TEBAN GDNS RD,exact,13.1049,13.1007,12.9126,12.8638
33,TEBAN GDNS RD,exact,12.8420,12.8377,12.6579,12.6089
34,TEBAN GDNS RD,exact,12.8371,12.8328,12.6570,12.6079
35,TEBAN GDNS RD,exact,12.7317,12.7274,12.5523,12.5031
36,TEBAN GDNS RD,exact,12.7365,12.7322,12.5531,12.5040
37,TEBAN GDNS RD,exact,12.7654,12.7611,12.5773,12.5283
38,TEBAN GDNS RD,exact,12.7730,12.7688,12.5792,12.5304
39,TEBAN GDNS RD,exact,12.7753,12.7711,12.5794,12.5306
40,TEBAN GDNS RD,exact,12.8602,12.8560,12.6665,12.6177
41,TEBAN GDNS RD,exact,12.9785,12.9743,12.7855,12.7367
43,TEBAN GDNS RD,exact,12.8888,12.8846,12.6982,12.6493
44,TEBAN GDNS RD,exact,12.8841,12.8798,12.6968,12.6478
45,TEBAN GDNS RD,exact,12.9090,12.9047,12.7290,12.6798
46,TEBAN GDNS RD,exact,12.9770,12.9727,12.7988,12.7496
47,TEBAN GDNS RD,exact,13.0427,13.0384,12.8651,12.8159
48,TEBAN GDNS RD,exact,13.0472,13.0429,12.8662,12.8171
49,TEBAN GDNS RD,exact,13.2530,13.2487,13.0722,13.0231
5,TEBAN GDNS RD,none,,,,
50,TEBAN GDNS RD,exact,13.2807,13.2764,13.1041,13.0549
51,TEBAN GDNS RD,exact,13.3666,13.3622,13.1903,13.1411
52,TEBAN GDNS RD,exact,13.3274,13.3231,13.1481,13.0990
53,TEBAN GDNS RD,exact,13.3302,13.3259,13.1475,13.0985
54,TEBAN GDNS RD,exact,13.4070,13.4027,13.2241,13.1750
55,TEBAN GDNS RD,exact,13.3510,13.3468,13.1641,13.1151
56,TEBAN GDNS RD,exact,13.3409,13.3367,13.1509,13.1020
57,TEBAN GDNS RD,exact,13.3732,13.3690,13.1808,13.1320
6,TEBAN GDNS RD,none,,,,
60,TEBAN GDNS RD,exact,13.2656,13.2614,13.0686,13.0199
62,TEBAN GDNS RD,exact,13.1864,13.1821,12.9992,12.9502
63,TEBAN GDNS RD,exact,13.1136,13.1093,12.9292,12.8801
64,TEBAN GDNS RD,exact,13.0981,13.0939,12.9100,12.8610
65,TEBAN GDNS RD,exact,13.1775,13.1732,12.9857,12.9368
7,TEBAN GDNS RD,none,,,,
1,TECK WHYE AVE,exact,15.6085,15.6085,14.9686,14.9365
10,TECK WHYE AVE,exact,15.1707,15.1708,14.5252,14.4933
2,TECK WHYE AVE,exact,15.5514,15.5514,14.9137,14.8815
3,TECK WHYE AVE,exact,15.5392,15.5393,14.8961,14.8642
4,TECK WHYE AVE,exact,15.4751,15.4752,14.8333,14.8013
5,TECK WHYE AVE,exact,15.4293,15.4294,14.7834,14.7517
6,TECK WHYE AVE,exact,15.3671,15.3672,14.7225,14.6906
7,TECK WHYE AVE,exact,15.3039,15.3040,14.6568,14.6251
8,TECK WHYE AVE,exact,15.2282,15.2283,14.5841,14.5522
166A,TECK WHYE CRES,exact,15.5646,15.5648,14.9158,14.8842
166B,TECK WHYE CRES,exact,15.5248,15.5249,14.8749,14.8434
101,TECK WHYE LANE,exact,15.0458,15.0457,14.4166,14.3839
102,TECK WHYE LANE,exact,14.9711,14.9710,14.3451,14.3123
103,TECK WHYE LANE,exact,15.0421,15.0419,14.4195,14.3865
104,TECK WHYE LANE,exact,15.0935,15.0934,14.4742,14.4410
105,TECK WHYE LANE,exact,15.1271,15.1270,14.5045,14.4715
106,TECK WHYE LANE,exact,15.1558,15.1557,14.5320,14.4990
107,TECK WHYE LANE,exact,15.1107,15.1106,14.4835,14.4507
108,TECK WHYE LANE,exact,15.1825,15.1824,14.5568,14.5239
109,TECK WHYE LANE,exact,15.2784,15.2782,14.6548,14.6219
11,TECK WHYE LANE,exact,15.1339,15.1340,14.4927,14.4607
110,TECK WHYE LANE,exact,15.2354,15.2352,14.6133,14.5803
111,TECK WHYE LANE,exact,15.2164,15.2162,14.5965,14.5633
112,TECK WHYE LANE,exact,15.2011,15.2009,14.5838,14.5505
113,TECK WHYE LANE,exact,15.3171,15.3169,14.7020,14.6686
114,TECK WHYE LANE,exact,15.3772,15.3770,14.7603,14.7270
115,TECK WHYE LANE,exact,15.3717,15.3715,14.7506,14.7175
116,TECK WHYE LANE,exact,15.3271,15.3269,14.7033,14.6704
117,TECK WHYE LANE,exact,15.4145,15.4144,14.7900,14.7571
118,TECK WHYE LANE,exact,15.4864,15.4862,14.8632,14.8302
119,TECK WHYE LANE,exact,15.4561,15.4559,14.8371,14.8039
12,TECK WHYE LANE,exact,15.0553,15.0554,14.4124,14.3804
120,TECK WHYE LANE,exact,15.4324,15.4322,14.8154,14.7821
121,TECK WHYE LANE,exact,15.4103,15.4100,14.7968,14.7634
122,TECK WHYE LANE,exact,15.4654,15.4652,14.8530,14.8195
123,TECK WHYE LANE,exact,15.5309,15.5307,14.9159,14.8826
124,TECK WHYE LANE,exact,15.5861,15.5859,14.9661,14.9330
13,TECK WHYE LANE,exact,15.0007,15.0008,14.3595,14.3274
133,TECK WHYE LANE,exact,15.5077,15.5076,14.8780,14.8454
134,TECK WHYE LANE,exact,15.4919,15.4918,14.8656,14.8328
135,TECK WHYE LANE,exact,15.4584,15.4583,14.8287,14.7960
136,TECK WHYE LANE,exact,15.4050,15.4049,14.7772,14.7445
137,TECK WHYE LANE,exact,15.3530,15.3530,14.7212,14.6887
14,TECK WHYE LANE,exact,14.9779,14.9779,14.3396,14.3074
141,TECK WHYE LANE,exact,15.3737,15.3736,14.7398,14.7074
142,TECK WHYE LANE,exact,15.4528,15.4528,14.8199,14.7874
144,TECK WHYE LANE,exact,15.4143,15.4143,14.7789,14.7466
15,TECK WHYE LANE,exact,15.1029,15.1029,14.4656,14.4334
16,TECK WHYE LANE,exact,15.0419,15.0419,14.4081,14.3757
17,TECK WHYE LANE,exact,15.1717,15.1717,14.5376,14.5052
18,TECK WHYE LANE,exact,15.0909,15.0908,14.4604,14.4278
19,TECK WHYE LANE,exact,15.2653,15.2652,14.6345,14.6020
20,TECK WHYE LANE,exact,15.1987,15.1986,14.5700,14.5373
25,TECK WHYE LANE,exact,14.9779,14.9779,14.3441,14.3117
26,TECK WHYE LANE,exact,14.9056,14.9056,14.2711,14.2387
1,TELOK BLANGAH CRES,exact,3.7558,3.7482,4.1332,4.0792
10,TELOK BLANGAH CRES,exact,3.5800,3.5721,4.0190,3.9656
12,TELOK BLANGAH CRES,exact,3.6194,3.6113,4.0706,4.0174
13,TELOK BLANGAH CRES,exact,3.4943,3.4863,3.9277,3.8743
14,TELOK BLANGAH CRES,exact,3.5109,3.5028,3.9652,3.9121
14A,TELOK BLANGAH CRES,exact,3.4746,3.4665,3.9213,3.8681
15,TELOK BLANGAH CRES,exact,3.4867,3.4786,3.9528,3.8999
16,TELOK BLANGAH CRES,exact,3.3839,3.3759,3.8296,3.7765
17,TELOK BLANGAH CRES,exact,3.3683,3.3603,3.8241,3.7710
17A,TELOK BLANGAH CRES,exact,3.3877,3.3796,3.8532,3.8003
18,TELOK BLANGAH CRES,exact,3.2744,3.2663,3.7343,3.6814
20,TELOK BLANGAH CRES,exact,3.3756,3.3674,3.8561,3.8034
21,TELOK BLANGAH CRES,exact,3.4830,3.4748,3.9626,3.9098
22,TELOK BLANGAH CRES,exact,3.6008,3.5926,4.0713,4.0184
23,TELOK BLANGAH CRES,exact,3.5031,3.4948,3.9959,3.9434
24,TELOK BLANGAH CRES,exact,3.5411,3.5327,4.0494,3.9970
25,TELOK BLANGAH CRES,exact,3.6743,3.6661,4.1447,4.0917
26,TELOK BLANGAH CRES,exact,3.7013,3.6932,4.1595,4.1064
5,TELOK BLANGAH CRES,exact,3.6215,3.6137,4.0288,3.9752
6,TELOK BLANGAH CRES,exact,3.7127,3.7048,4.1299,4.0763
7,TELOK BLANGAH CRES,exact,3.6100,3.6021,4.0285,3.9750
8,TELOK BLANGAH CRES,exact,3.6255,3.6176,4.0590,4.0056
44,TELOK BLANGAH DR,exact,4.7082,4.6996,5.2166,5.1638
45,TELOK BLANGAH DR,exact,4.8387,4.8303,5.3302,5.2772
46,TELOK BLANGAH DR,exact,4.8096,4.8011,5.3046,5.2516
47,TELOK BLANGAH DR,exact,4.7727,4.7642,5.2626,5.2096
48,TELOK BLANGAH DR,exact,4.7146,4.7062,5.2021,5.1490
49,TELOK BLANGAH DR,exact,4.6648,4.6563,5.1590,5.1061
50,TELOK BLANGAH DR,exact,4.7374,4.7290,5.2070,5.1537
51,TELOK BLANGAH DR,exact,4.7257,4.7174,5.1868,5.1334
52,TELOK BLANGAH DR,exact,4.5978,4.5895,5.0600,5.0066
53,TELOK BLANGAH DR,exact,4.5662,4.5580,5.0203,4.9669
54,TELOK BLANGAH DR,exact,4.5297,4.5213,5.0023,4.9491
55,TELOK BLANGAH DR,exact,4.4975,4.4892,4.9640,4.9108
64,TELOK BLANGAH DR,exact,4.6581,4.6499,5.1015,5.0479
65,TELOK BLANGAH DR,exact,4.6812,4.6730,5.1331,5.0796
66,TELOK BLANGAH DR,exact,4.7652,4.7570,5.2101,5.1565
67,TELOK BLANGAH DR,exact,4.7529,4.7448,5.1875,5.1338
75,TELOK BLANGAH DR,exact,4.8489,4.8408,5.2720,5.2182
76,TELOK BLANGAH DR,exact,4.8557,4.8476,5.2896,5.2359
77,TELOK BLANGAH DR,exact,4.8582,4.8500,5.3015,5.2479
56,TELOK BLANGAH HTS,exact,4.4595,4.4512,4.9220,4.8687
57,TELOK BLANGAH HTS,exact,4.4327,4.4245,4.8882,4.8348
58,TELOK BLANGAH HTS,exact,4.3364,4.3282,4.7918,4.7384
59,TELOK BLANGAH HTS,exact,4.3064,4.2982,4.7535,4.7000
60,TELOK BLANGAH HTS,exact,4.4457,4.4377,4.8663,4.8126
61,TELOK BLANGAH HTS,exact,4.4702,4.4621,4.8981,4.8444
62,TELOK BLANGAH HTS,exact,4.5786,4.5705,5.0102,4.9566
63,TELOK BLANGAH HTS,exact,4.6062,4.5981,5.0456,4.9920
68,TELOK BLANGAH HTS,exact,4.6859,4.6778,5.1129,5.0591
69,TELOK BLANGAH HTS,exact,4.6574,4.6494,5.0765,5.0227
70A,TELOK BLANGAH HTS,exact,4.5254,4.5175,4.9342,4.8803
70B,TELOK BLANGAH HTS,exact,4.6091,4.6012,5.0044,4.9503
70C,TELOK BLANGAH HTS,exact,4.5888,4.5808,5.0026,4.9487
72,TELOK BLANGAH HTS,exact,4.7254,4.7175,5.1286,5.0746
73,TELOK BLANGAH HTS,exact,4.7769,4.7689,5.1856,5.1317
74,TELOK BLANGAH HTS,exact,4.8290,4.8210,5.2430,5.1891
84,TELOK BLANGAH HTS,exact,4.6722,4.6643,5.0616,5.0075
85,TELOK BLANGAH HTS,exact,4.8006,4.7928,5.1750,5.1208
86,TELOK BLANGAH HTS,exact,4.8301,4.8222,5.2134,5.1592
87,TELOK BLANGAH HTS,exact,4.8695,4.8616,5.2483,5.1941
88,TELOK BLANGAH HTS,exact,4.8494,4.8416,5.2181,5.1639
28,TELOK BLANGAH RISE,exact,3.5650,3.5564,4.1117,4.0599
30,TELOK BLANGAH RISE,exact,3.6636,3.6548,4.2261,4.1746
31,TELOK BLANGAH RISE,exact,3.6247,3.6159,4.2072,4.1561
32,TELOK BLANGAH RISE,exact,3.5102,3.5014,4.0853,4.0341
35,TELOK BLANGAH RISE,exact,3.4661,3.4573,4.0492,3.9983
37,TELOK BLANGAH RISE,exact,3.4015,3.3926,4.0019,3.9514
38,TELOK BLANGAH RISE,exact,3.4841,3.4752,4.0842,4.0336
39,TELOK BLANGAH RISE,exact,3.4776,3.4687,4.0946,4.0444
40,TELOK BLANGAH RISE,exact,3.3870,3.3780,4.0053,3.9551
42,TELOK BLANGAH RISE,exact,3.4959,3.4868,4.1332,4.0834
43,TELOK BLANGAH RISE,exact,3.4653,3.4561,4.1210,4.0718
80A,TELOK BLANGAH ST 31,exact,5.1073,5.0991,5.5413,5.4875
80B,TELOK BLANGAH ST 31,exact,5.0873,5.0791,5.5267,5.4730
80C,TELOK BLANGAH ST 31,exact,5.0414,5.0332,5.4832,5.4295
90A,TELOK BLANGAH ST 31,exact,4.9716,4.9639,5.3266,5.2722
90B,TELOK BLANGAH ST 31,exact,4.9980,4.9903,5.3616,5.3073
91A,TELOK BLANGAH ST 31,exact,4.9851,4.9773,5.3627,5.3085
92A,TELOK BLANGAH ST 31,exact,4.9450,4.9372,5.3274,5.2732
92B,TELOK BLANGAH ST 31,exact,4.9774,4.9695,5.3722,5.3181
93A,TELOK BLANGAH ST 31,exact,4.9892,4.9812,5.3952,5.3412
93B,TELOK BLANGAH ST 31,exact,4.9172,4.9092,5.3265,5.2725
27,TELOK BLANGAH WAY,exact,3.4832,3.4747,4.0239,3.9721
33,TELOK BLANGAH WAY,exact,3.4115,3.4029,3.9628,3.9113
34,TELOK BLANGAH WAY,exact,3.4101,3.4013,3.9856,3.9346
683,TESSENSOHN RD,exact,3.4579,3.4658,2.3964,2.4175
1,TG PAGAR PLAZA,exact,1.3384,1.3286,2.2432,2.2068
2,TG PAGAR PLAZA,exact,1.3585,1.3487,2.2777,2.2421
3,TG PAGAR PLAZA,exact,1.3437,1.3340,2.2500,2.2137
4,TG PAGAR PLAZA,exact,1.2968,1.2871,2.2053,2.1693
5,TG PAGAR PLAZA,exact,1.2500,1.2403,2.1584,2.1226
7,TG PAGAR PLAZA,exact,1.1776,1.1679,2.0672,2.0307
8,TG PAGAR PLAZA,exact,1.1848,1.1752,2.0639,2.0268
1,TIONG BAHRU RD,exact,2.0618,2.0560,2.2968,2.2425
142,TIONG BAHRU RD,none,,,,
17,TIONG BAHRU RD,exact,2.0453,2.0392,2.3081,2.2541
18,TIONG BAHRU RD,exact,2.1045,2.0984,2.3580,2.3038
20,TIONG BAHRU RD,exact,2.1536,2.1476,2.4029,2.3487
22,TIONG BAHRU RD,exact,2.2015,2.1954,2.4509,2.3967
24,TIONG BAHRU RD,exact,2.2506,2.2445,2.4961,2.4418
26,TIONG BAHRU RD,exact,2.2985,2.2924,2.5441,2.4898
28,TIONG BAHRU RD,exact,2.3476,2.3415,2.5895,2.5351
3,TIONG BAHRU RD,exact,2.1416,2.1357,2.3704,2.3161
5,TIONG BAHRU RD,exact,2.2105,2.2046,2.4350,2.3806
7,TIONG BAHRU RD,exact,2.2778,2.2719,2.5024,2.4479
9,TIONG BAHRU RD,exact,2.3467,2.3408,2.5673,2.5129
177,TOA PAYOH CTRL,exact,5.5889,5.5954,4.5425,4.5499
178,TOA PAYOH CTRL,exact,5.5512,5.5578,4.5033,4.5112
179,TOA PAYOH CTRL,exact,5.5836,5.5904,4.5326,4.5416
183,TOA PAYOH CTRL,exact,5.5283,5.5349,4.4821,4.4895
184,TOA PAYOH CTRL,exact,5.4393,5.4460,4.3901,4.3984
185,TOA PAYOH CTRL,exact,5.4535,5.4603,4.4031,4.4119
186,TOA PAYOH CTRL,exact,5.4447,5.4514,4.3934,4.4025
79,TOA PAYOH CTRL,none,,,,
79A,TOA PAYOH CTRL,exact,5.6679,5.6743,4.6270,4.6328
79B,TOA PAYOH CTRL,exact,5.6767,5.6832,4.6338,4.6402
79C,TOA PAYOH CTRL,exact,5.6749,5.6815,4.6295,4.6366
79D,TOA PAYOH CTRL,exact,5.6695,5.6761,4.6217,4.6296
79E,TOA PAYOH CTRL,exact,5.6763,5.6830,4.6261,4.6348
23,TOA PAYOH EAST,exact,5.6908,5.6985,4.6281,4.6462
25,TOA PAYOH EAST,exact,5.5789,5.5865,4.5161,4.5341
26,TOA PAYOH EAST,exact,5.5046,5.5123,4.4419,4.4597
261,TOA PAYOH EAST,exact,5.5538,5.5613,4.4917,4.5075
262,TOA PAYOH EAST,exact,5.5240,5.5315,4.4616,4.4779
263,TOA PAYOH EAST,exact,5.4958,5.5033,4.4335,4.4496
264,TOA PAYOH EAST,exact,5.4386,5.4460,4.3764,4.3923
27,TOA PAYOH EAST,exact,5.4282,5.4358,4.3655,4.3829
199,TOA PAYOH NTH,exact,6.4865,6.4934,5.4330,5.4431
200,TOA PAYOH NTH,exact,6.4460,6.4529,5.3916,5.4021
201,TOA PAYOH NTH,exact,6.3880,6.3948,5.3360,5.3455
202,TOA PAYOH NTH,exact,6.4331,6.4398,5.3826,5.3915
203,TOA PAYOH NTH,exact,6.4943,6.5010,5.4451,5.4536
204,TOA PAYOH NTH,exact,6.4302,6.4368,5.3814,5.3897
205,TOA PAYOH NTH,exact,6.5235,6.5301,5.4780,5.4853
206,TOA PAYOH NTH,exact,6.5400,6.5464,5.5003,5.5059
207,TOA PAYOH NTH,exact,6.5631,6.5693,5.5288,5.5330
208,TOA PAYOH NTH,exact,6.5071,6.5133,5.4732,5.4773
209,TOA PAYOH NTH,exact,6.5075,6.5136,5.4754,5.4790
265,TOH GUAN RD,exact,13.4500,13.4473,13.0898,13.0458
266,TOH GUAN RD,exact,13.5185,13.5157,13.1548,13.1109
267,TOH GUAN RD,exact,13.4625,13.4598,13.0989,13.0549
268,TOH GUAN RD,exact,13.4787,13.4761,13.1086,13.0649
269,TOH GUAN RD,exact,13.3944,13.3917,13.0249,12.9812
270,TOH GUAN RD,exact,13.3390,13.3364,12.9696,12.9258
271,TOH GUAN RD,exact,13.3509,13.3483,12.9777,12.9340
272,TOH GUAN RD,exact,13.4550,13.4524,13.0818,13.0381
273,TOH GUAN RD,exact,13.4946,13.4920,13.1176,13.0740
274,TOH GUAN RD,exact,13.3282,13.3256,12.9501,12.9066
275,TOH GUAN RD,exact,13.1503,13.1477,12.7752,12.7316
276,TOH GUAN RD,exact,13.1946,13.1919,12.8222,12.7785
277,TOH GUAN RD,exact,13.2847,13.2820,12.9123,12.8686
278,TOH GUAN RD,exact,13.2905,13.2879,12.9224,12.8786
279,TOH GUAN RD,exact,13.2478,13.2451,12.8797,12.8358
280,TOH GUAN RD,exact,13.1836,13.1810,12.8156,12.7718
281,TOH GUAN RD,exact,13.2395,13.2368,12.8792,12.8351
282,TOH GUAN RD,exact,13.1561,13.1534,12.7954,12.7513
283,TOH GUAN RD,exact,13.1341,13.1313,12.7776,12.7333
284,TOH GUAN RD,exact,13.2367,13.2339,12.8802,12.8360
285A,TOH GUAN RD,exact,13.1879,13.1850,12.8387,12.7942
285B,TOH GUAN RD,exact,13.1198,13.1169,12.7691,12.7247
285C,TOH GUAN RD,exact,13.1170,13.1141,12.7715,12.7269
285D,TOH GUAN RD,exact,13.1729,13.1700,12.8294,12.7848
286A,TOH GUAN RD,exact,13.2489,13.2460,12.9008,12.8563
286B,TOH GUAN RD,exact,13.2970,13.2941,12.9515,12.9069
286C,TOH GUAN RD,exact,13.3835,13.3806,13.0376,12.9930
286D,TOH GUAN RD,exact,13.4167,13.4139,13.0656,13.0212
1,TOH YI DR,exact,10.5528,10.5513,10.0652,10.0254
10,TOH YI DR,exact,10.5599,10.5582,10.0982,10.0574
11,TOH YI DR,exact,10.6401,10.6384,10.1775,10.1367
12,TOH YI DR,exact,10.6579,10.6563,10.1914,10.1508
13,TOH YI DR,exact,10.7023,10.7006,10.2341,10.1936
14,TOH YI DR,exact,10.7121,10.7105,10.2403,10.1999
15,TOH YI DR,exact,10.7735,10.7719,10.3026,10.2622
16,TOH YI DR,exact,10.7294,10.7278,10.2547,10.2144
17,TOH YI DR,exact,10.7571,10.7555,10.2796,10.2394
18,TOH YI DR,exact,10.7186,10.7171,10.2361,10.1962
19,TOH YI DR,exact,10.6485,10.6471,10.1620,10.1222
2,TOH YI DR,exact,10.4672,10.4658,9.9793,9.9395
3,TOH YI DR,exact,10.4489,10.4474,9.9649,9.9250
4,TOH YI DR,exact,10.4937,10.4921,10.0158,9.9756
5,TOH YI DR,exact,10.4773,10.4758,10.0025,9.9622
6,TOH YI DR,exact,10.3952,10.3937,9.9207,9.8803
7,TOH YI DR,exact,10.3775,10.3759,9.9070,9.8665
8,TOH YI DR,exact,10.5088,10.5072,10.0388,9.9983
9,TOH YI DR,exact,10.5737,10.5721,10.1033,10.0628
101,TOWNER RD,exact,4.1150,4.1235,3.0698,3.0981
102,TOWNER RD,exact,4.2667,4.2752,3.2247,3.2538
103,TOWNER RD,exact,4.2618,4.2703,3.2176,3.2461
104,TOWNER RD,exact,4.1547,4.1632,3.1082,3.1361
105,TOWNER RD,exact,4.2715,4.2800,3.2255,3.2534
106,TOWNER RD,exact,4.2840,4.2924,3.2358,3.2631
107,TOWNER RD,exact,4.1366,4.1450,3.0873,3.1143
301,UBI AVE 1,exact,7.6719,7.6816,6.9040,6.9538
302,UBI AVE 1,exact,7.5438,7.5536,6.7747,6.8244
304,UBI AVE 1,exact,7.5271,7.5368,6.7638,6.8137
305,UBI AVE 1,exact,7.6068,7.6165,6.8526,6.9028
311,UBI AVE 1,exact,7.7268,7.7366,6.9752,7.0254
312,UBI AVE 1,exact,7.7473,7.7570,7.0015,7.0519
313,UBI AVE 1,exact,7.7122,7.7219,6.9727,7.0233
314,UBI AVE 1,exact,7.7071,7.7168,6.9635,7.0140
315,UBI AVE 1,exact,7.7058,7.7155,6.9584,7.0088
316,UBI AVE 1,exact,7.6463,7.6560,6.8955,6.9458
317,UBI AVE 1,exact,7.5848,7.5945,6.8418,6.8924
318,UBI AVE 1,exact,7.6158,7.6255,6.8774,6.9280
319,UBI AVE 1,exact,7.6294,7.6391,6.8950,6.9458
320,UBI AVE 1,exact,7.7258,7.7355,6.9914,7.0421
321,UBI AVE 1,exact,7.7431,7.7528,7.0145,7.0654
322,UBI AVE 1,exact,7.7091,7.7188,6.9869,7.0380
323,UBI AVE 1,exact,7.6805,7.6902,6.9540,7.0050
324,UBI AVE 1,exact,7.6826,7.6923,6.9524,7.0032
325,UBI AVE 1,exact,7.6082,7.6179,6.8808,6.9318
326,UBI AVE 1,exact,7.5684,7.5781,6.8459,6.8970
327,UBI AVE 1,exact,7.5661,7.5757,6.8476,6.8988
328,UBI AVE 1,exact,7.6820,7.6916,6.9629,7.0140
329,UBI AVE 1,exact,7.6452,7.6548,6.9313,6.9826
330,UBI AVE 1,exact,7.5425,7.5522,6.8283,6.8796
331,UBI AVE 1,exact,7.5023,7.5120,6.7835,6.8347
332,UBI AVE 1,exact,7.4493,7.4590,6.7208,6.7717
333,UBI AVE 1,exact,7.4645,7.4742,6.7407,6.7918
334,UBI AVE 1,exact,7.4505,7.4602,6.7304,6.7816
335,UBI AVE 1,exact,7.4048,7.4145,6.6864,6.7376
336,UBI AVE 1,exact,7.2958,7.3055,6.5732,6.6243
337,UBI AVE 1,exact,7.2882,7.2979,6.5606,6.6116
338,UBI AVE 1,exact,7.3471,7.3568,6.6222,6.6733
339,UBI AVE 1,exact,7.3644,7.3741,6.6358,6.6868
340,UBI AVE 1,exact,7.3082,7.3179,6.5762,6.6271
341,UBI AVE 1,exact,7.3448,7.3545,6.6105,6.6613
342,UBI AVE 1,exact,7.2917,7.3014,6.5571,6.6079
343,UBI AVE 1,exact,7.2400,7.2497,6.4996,6.5502
344,UBI AVE 1,exact,7.1675,7.1772,6.4228,6.4734
345,UBI AVE 1,exact,7.0775,7.0872,6.3319,6.3824
346,UBI AVE 1,exact,7.1331,7.1428,6.3915,6.4422
347,UBI AVE 1,exact,7.1147,7.1244,6.3768,6.4275
348,UBI AVE 1,exact,7.2170,7.2267,6.4803,6.5311
349,UBI AVE 1,exact,7.1982,7.2079,6.4651,6.5160
350,UBI AVE 1,exact,7.2566,7.2663,6.5292,6.5802
351,UBI AVE 1,exact,7.1859,7.1956,6.4574,6.5084
352,UBI AVE 1,exact,7.0551,7.0648,6.3190,6.3698
1,UPP ALJUNIED LANE,exact,6.3933,6.4027,5.4243,5.4632
2,UPP ALJUNIED LANE,exact,6.3753,6.3846,5.4091,5.4483
3,UPP ALJUNIED LANE,exact,6.4259,6.4353,5.4665,5.5062
4,UPP ALJUNIED LANE,exact,6.3377,6.3471,5.3743,5.4136
5,UPP ALJUNIED LANE,exact,6.4006,6.4100,5.4424,5.4823
7,UPP ALJUNIED LANE,exact,6.4327,6.4420,5.4617,5.5004
10,UPP BOON KENG RD,none,,,,
11,UPP BOON KENG RD,exact,4.0284,4.0379,3.1124,3.1567
12,UPP BOON KENG RD,exact,3.9773,3.9868,3.0500,3.0935
13,UPP BOON KENG RD,exact,4.0241,4.0336,3.0997,3.1434
14,UPP BOON KENG RD,exact,4.0696,4.0791,3.1377,3.1808
14A,UPP BOON KENG RD,exact,4.1117,4.1212,3.1829,3.2262
15,UPP BOON KENG RD,exact,4.2048,4.2143,3.2782,3.3216
16,UPP BOON KENG RD,exact,4.1842,4.1937,3.2663,3.3103
20,UPP BOON KENG RD,none,,,,
2A,UPP BOON KENG RD,exact,4.0424,4.0520,3.1454,3.1909
2B,UPP BOON KENG RD,exact,4.0124,4.0219,3.1126,3.1579
2C,UPP BOON KENG RD,exact,3.9760,3.9856,3.0836,3.1294
2D,UPP BOON KENG RD,exact,4.0127,4.0223,3.1299,3.1762
38,UPP BOON KENG RD,exact,4.5833,4.5929,3.6728,3.7170
39,UPP BOON KENG RD,exact,4.6470,4.6565,3.7305,3.7743
3A,UPP BOON KENG RD,exact,4.0808,4.0904,3.1893,3.2351
3B,UPP BOON KENG RD,exact,4.1521,4.1617,3.2615,3.3073
3C,UPP BOON KENG RD,exact,4.1234,4.1330,3.2422,3.2885
3D,UPP BOON KENG RD,exact,4.0621,4.0717,3.1832,3.2296
5A,UPP BOON KENG RD,exact,4.1029,4.1126,3.2334,3.2804
6,UPP BOON KENG RD,none,,,,
8,UPP BOON KENG RD,exact,3.8720,3.8816,2.9695,3.0148
8A,UPP BOON KENG RD,exact,3.8345,3.8441,2.9161,2.9604
8B,UPP BOON KENG RD,exact,3.7900,3.7996,2.8801,2.9250
8C,UPP BOON KENG RD,exact,3.9228,3.9323,3.0169,3.0619
34,UPP CROSS ST,exact,1.0513,1.0466,1.3678,1.3172
532,UPP CROSS ST,exact,0.6060,0.5998,1.2326,1.1924
533,UPP CROSS ST,exact,0.6777,0.6719,1.2406,1.1982
535,UPP CROSS ST,exact,0.5858,0.5803,1.1811,1.1408
536,UPP CROSS ST,exact,0.6594,0.6543,1.1897,1.1471
538,UPP CROSS ST,exact,0.6499,0.6452,1.1579,1.1151
470A,UPP SERANGOON CRES,exact,11.9977,12.0071,11.0177,11.0546
470B,UPP SERANGOON CRES,exact,11.9370,11.9463,10.9539,10.9905
470C,UPP SERANGOON CRES,exact,11.8818,11.8911,10.8989,10.9356
471A,UPP SERANGOON CRES,exact,11.9001,11.9094,10.9212,10.9583
471B,UPP SERANGOON CRES,exact,11.8505,11.8599,10.8695,10.9063
473A,UPP SERANGOON CRES,exact,11.7117,11.7210,10.7314,10.7684
473B,UPP SERANGOON CRES,exact,11.6479,11.6573,10.6710,10.7083
473C,UPP SERANGOON CRES,exact,11.6973,11.7067,10.7208,10.7582
473D,UPP SERANGOON CRES,exact,11.7658,11.7752,10.7906,10.8280
475A,UPP SERANGOON CRES,exact,11.6381,11.6474,10.6574,10.6943
475B,UPP SERANGOON CRES,exact,11.5733,11.5826,10.5927,10.6296
475C,UPP SERANGOON CRES,exact,11.5202,11.5295,10.5408,10.5779
475D,UPP SERANGOON CRES,exact,11.5382,11.5475,10.5604,10.5976
364A,UPP SERANGOON RD,exact,10.8999,10.9092,9.9180,9.9549
364B,UPP SERANGOON RD,exact,10.9091,10.9184,9.9287,9.9657
365A,UPP SERANGOON RD,exact,10.8563,10.8657,9.8796,9.9170
365B,UPP SERANGOON RD,exact,10.8004,10.8097,9.8243,9.8618
365C,UPP SERANGOON RD,exact,10.7884,10.7977,9.8107,9.8480
365D,UPP SERANGOON RD,exact,10.7939,10.8032,9.8134,9.8504
464,UPP SERANGOON RD,exact,7.0394,7.0481,6.0034,6.0330
465,UPP SERANGOON RD,exact,11.0403,11.0496,10.0566,10.0933
476A,UPP SERANGOON VIEW,exact,11.8872,11.8966,10.9195,10.9576
476B,UPP SERANGOON VIEW,exact,11.9511,11.9605,10.9827,11.0208
476C,UPP SERANGOON VIEW,exact,12.0186,12.0280,11.0493,11.0874
477A,UPP SERANGOON VIEW,exact,12.0262,12.0355,11.0543,11.0921
477B,UPP SERANGOON VIEW,exact,12.0960,12.1054,11.1245,11.1623
477C,UPP SERANGOON VIEW,exact,12.1436,12.1530,11.1709,11.2086
632,VEERASAMY RD,exact,2.5101,2.5180,1.4482,1.4692
633,VEERASAMY RD,exact,2.4779,2.4858,1.4176,1.4405
634,VEERASAMY RD,exact,2.5196,2.5276,1.4598,1.4830
635,VEERASAMY RD,exact,2.5796,2.5875,1.5198,1.5430
636,VEERASAMY RD,exact,2.5518,2.5599,1.4931,1.5171
637,VEERASAMY RD,exact,2.6335,2.6415,1.5747,1.5987
262,WATERLOO ST,exact,1.6504,1.6575,0.5966,0.6049
263,WATERLOO ST,exact,1.6601,1.6674,0.6011,0.6135
264,WATERLOO ST,exact,1.7047,1.7120,0.6456,0.6581
501A,WELLINGTON CIRCLE,exact,18.9958,19.0014,17.9793,17.9804
501B,WELLINGTON CIRCLE,exact,19.0297,19.0354,18.0120,18.0134
501C,WELLINGTON CIRCLE,exact,18.9692,18.9748,17.9510,17.9525
501D,WELLINGTON CIRCLE,exact,18.8850,18.8907,17.8657,17.8674
502A,WELLINGTON CIRCLE,exact,18.8914,18.8970,17.8741,17.8754
506A,WELLINGTON CIRCLE,exact,18.9594,18.9652,17.9372,17.9395
507A,WELLINGTON CIRCLE,exact,19.0410,19.0468,18.0186,18.0209
507B,WELLINGTON CIRCLE,exact,19.0675,19.0732,18.0460,18.0481
507C,WELLINGTON CIRCLE,exact,18.9406,18.9464,17.9194,17.9215
507D,WELLINGTON CIRCLE,exact,18.8972,18.9029,17.8770,17.8788
508A,WELLINGTON CIRCLE,exact,19.0824,19.0880,18.0662,18.0673
508B,WELLINGTON CIRCLE,exact,19.0869,19.0925,18.0698,18.0711
508C,WELLINGTON CIRCLE,exact,19.1048,19.1105,18.0868,18.0882
509A,WELLINGTON CIRCLE,exact,19.1399,19.1455,18.1230,18.1243
509B,WELLINGTON CIRCLE,exact,19.1532,19.1588,18.1354,18.1368
510A,WELLINGTON CIRCLE,exact,19.1916,19.1971,18.1753,18.1764
510B,WELLINGTON CIRCLE,exact,19.1950,19.2007,18.1777,18.1791
513,WELLINGTON CIRCLE,exact,19.2754,19.2810,18.2592,18.2604
505,WEST COAST DR,exact,10.6494,10.6450,10.4949,10.4450
506,WEST COAST DR,exact,10.5634,10.5590,10.4039,10.3541
507,WEST COAST DR,exact,10.5557,10.5513,10.4011,10.3511
508,WEST COAST DR,exact,10.4400,10.4355,10.2872,10.2372
509,WEST COAST DR,exact,10.5026,10.4981,10.3574,10.3072
510,WEST COAST DR,exact,10.5143,10.5098,10.3733,10.3231
511,WEST COAST DR,exact,10.5405,10.5359,10.4060,10.3557
512,WEST COAST DR,exact,10.5508,10.5462,10.4208,10.3704
513,WEST COAST RD,exact,10.5068,10.5021,10.3908,10.3401
514,WEST COAST RD,exact,10.6258,10.6210,10.5089,10.4582
515,WEST COAST RD,exact,10.5494,10.5446,10.4376,10.3868
516,WEST COAST RD,exact,10.4722,10.4674,10.3612,10.3104
518,WEST COAST RD,exact,10.6350,10.6302,10.5270,10.4761
519,WEST COAST RD,exact,10.5740,10.5692,10.4711,10.4201
520,WEST COAST RD,exact,10.5313,10.5264,10.4334,10.3824
701,WEST COAST RD,exact,10.3563,10.3515,10.2493,10.1984
702,WEST COAST RD,exact,10.3754,10.3705,10.2729,10.2219
703,WEST COAST RD,exact,10.4121,10.4072,10.3164,10.2653
704,WEST COAST RD,exact,10.4115,10.4065,10.3205,10.2693
100,WHAMPOA DR,exact,4.1355,4.1430,3.0734,3.0893
101,WHAMPOA DR,exact,4.0910,4.0984,3.0296,3.0445
104,WHAMPOA DR,exact,4.1304,4.1376,3.0699,3.0838
74,WHAMPOA DR,exact,4.6144,4.6223,3.5532,3.5740
75,WHAMPOA DR,exact,4.5894,4.5974,3.5290,3.5506
82,WHAMPOA DR,exact,4.5021,4.5098,3.4396,3.4586
83,WHAMPOA DR,exact,4.4773,4.4851,3.4153,3.4353
84,WHAMPOA DR,exact,4.4348,4.4427,3.3729,3.3930
85,WHAMPOA DR,exact,4.3845,4.3922,3.3220,3.3413
86,WHAMPOA DR,exact,4.4126,4.4202,3.3499,3.3681
93,WHAMPOA DR,exact,4.3055,4.3130,3.2431,3.2596
94,WHAMPOA DR,exact,4.2833,4.2910,3.2206,3.2388
95,WHAMPOA DR,exact,4.3126,4.3204,3.2501,3.2690
96,WHAMPOA DR,exact,4.2355,4.2432,3.1728,3.1910
97,WHAMPOA DR,exact,4.1958,4.2033,3.1332,3.1501
98,WHAMPOA DR,exact,4.2227,4.2301,3.1609,3.1763
99,WHAMPOA DR,exact,4.1349,4.1422,3.0735,3.0883
109,WHAMPOA RD,exact,4.8542,4.8618,3.7916,3.8088
110,WHAMPOA RD,exact,4.8202,4.8278,3.7575,3.7750
111,WHAMPOA RD,exact,4.7981,4.8058,3.7354,3.7534
112,WHAMPOA RD,exact,4.7331,4.7409,3.6707,3.6898
113,WHAMPOA RD,exact,4.7282,4.7360,3.6660,3.6857
114,WHAMPOA RD,exact,4.6849,4.6927,3.6231,3.6433
115,WHAMPOA RD,exact,4.7780,4.7858,3.7159,3.7357
49,WHAMPOA STH,exact,4.8300,4.8389,3.8074,3.8401
34,WHAMPOA WEST,exact,4.3012,4.3099,3.2681,3.2992
307,WOODLANDS AVE 1,exact,18.2199,18.2230,17.3424,17.3267
308,WOODLANDS AVE 1,exact,18.2527,18.2558,17.3741,17.3585
309,WOODLANDS AVE 1,exact,18.2748,18.2779,17.3981,17.3824
330,WOODLANDS AVE 1,exact,18.1509,18.1540,17.2656,17.2506
331,WOODLANDS AVE 1,exact,18.1055,18.1087,17.2205,17.2055
332,WOODLANDS AVE 1,exact,18.1183,18.1215,17.2313,17.2165
336,WOODLANDS AVE 1,exact,18.0508,18.0542,17.1533,17.1395
337,WOODLANDS AVE 1,exact,18.0890,18.0924,17.1920,17.1781
338,WOODLANDS AVE 1,exact,18.1198,18.1231,17.2246,17.2106
339,WOODLANDS AVE 1,exact,18.1246,18.1280,17.2276,17.2137
340,WOODLANDS AVE 1,exact,18.1630,18.1663,17.2672,17.2532
341,WOODLANDS AVE 1,exact,18.2005,18.2038,17.3042,17.2903
342,WOODLANDS AVE 1,exact,18.2437,18.2470,17.3467,17.3329
343,WOODLANDS AVE 1,exact,18.2441,18.2475,17.3490,17.3349
351,WOODLANDS AVE 1,exact,18.1613,18.1648,17.2541,17.2412
352,WOODLANDS AVE 1,exact,18.0527,18.0562,17.1454,17.1325
353,WOODLANDS AVE 1,exact,18.0411,18.0447,17.1315,17.1189
354,WOODLANDS AVE 1,exact,18.1039,18.1075,17.1938,17.1812
355,WOODLANDS AVE 1,exact,18.1734,18.1769,17.2642,17.2515
368,WOODLANDS AVE 1,exact,18.0854,18.0890,17.1693,17.1573
369,WOODLANDS AVE 1,exact,18.1055,18.1092,17.1866,17.1749
370,WOODLANDS AVE 1,exact,18.0157,18.0194,17.0981,17.0863
371,WOODLANDS AVE 1,exact,18.0189,18.0225,17.1037,17.0916
570A,WOODLANDS AVE 1,exact,17.6657,17.6695,16.7401,16.7291
570B,WOODLANDS AVE 1,exact,17.7317,17.7355,16.8067,16.7956
570C,WOODLANDS AVE 1,exact,17.7938,17.7976,16.8697,16.8585
571A,WOODLANDS AVE 1,exact,17.6128,17.6167,16.6870,16.6760
571B,WOODLANDS AVE 1,exact,17.6279,17.6317,16.7035,16.6924
571C,WOODLANDS AVE 1,exact,17.6836,17.6873,16.7611,16.7497
572A,WOODLANDS AVE 1,exact,17.7500,17.7537,16.8280,16.8166
572B,WOODLANDS AVE 1,exact,17.8235,17.8273,16.9004,16.8891
347,WOODLANDS AVE 3,exact,18.3450,18.3484,17.4446,17.4311
348,WOODLANDS AVE 3,exact,18.3062,18.3096,17.4052,17.3918
349,WOODLANDS AVE 3,exact,18.3356,18.3390,17.4317,17.4185
350,WOODLANDS AVE 3,exact,18.3780,18.3814,17.4743,17.4611
610,WOODLANDS AVE 4,exact,17.9421,17.9463,16.9942,16.9857
612,WOODLANDS AVE 4,exact,17.8964,17.9006,16.9478,16.9394
613,WOODLANDS AVE 4,exact,17.8246,17.8288,16.8764,16.8679
614,WOODLANDS AVE 4,exact,17.8431,17.8473,16.8961,16.8874
615,WOODLANDS AVE 4,exact,17.7946,17.7987,16.8472,16.8386
616,WOODLANDS AVE 4,exact,17.8510,17.8552,16.9058,16.8969
617,WOODLANDS AVE 4,exact,17.8110,17.8152,16.8666,16.8577
618,WOODLANDS AVE 4,exact,17.7492,17.7534,16.8024,16.7937
750,WOODLANDS AVE 4,exact,18.9699,18.9742,18.0194,18.0112
755,WOODLANDS AVE 4,exact,19.0958,19.1001,18.1462,18.1379
756,WOODLANDS AVE 4,exact,19.1432,19.1475,18.1928,18.1846
757,WOODLANDS AVE 4,exact,19.1419,19.1462,18.1878,18.1800
844,WOODLANDS AVE 4,exact,18.9540,18.9582,18.0059,17.9974
846,WOODLANDS AVE 4,exact,18.8870,18.8912,17.9383,17.9299
356,WOODLANDS AVE 5,exact,18.1980,18.2015,17.2868,17.2743
357,WOODLANDS AVE 5,exact,18.2091,18.2126,17.2998,17.2871
358,WOODLANDS AVE 5,exact,18.2890,18.2926,17.3807,17.3680
359,WOODLANDS AVE 5,exact,18.3188,18.3224,17.4094,17.3967
360,WOODLANDS AVE 5,exact,18.2977,18.3012,17.3869,17.3744
361,WOODLANDS AVE 5,exact,18.2690,18.2726,17.3574,17.3450
362,WOODLANDS AVE 5,exact,18.2323,18.2359,17.3196,17.3073
363,WOODLANDS AVE 5,exact,18.2216,18.2252,17.3066,17.2945
364,WOODLANDS AVE 5,exact,18.2009,18.2046,17.2832,17.2714
365,WOODLANDS AVE 5,exact,18.1866,18.1903,17.2658,17.2543
366,WOODLANDS AVE 5,exact,18.1386,18.1423,17.2194,17.2077
367,WOODLANDS AVE 5,exact,18.1532,18.1568,17.2370,17.2250
626,WOODLANDS AVE 6,exact,17.5842,17.5886,16.6264,16.6190
627,WOODLANDS AVE 6,exact,17.5662,17.5706,16.6066,16.5995
677,WOODLANDS AVE 6,exact,18.1716,18.1762,17.2051,17.1989
678,WOODLANDS AVE 6,exact,18.2489,18.2534,17.2830,17.2766
679,WOODLANDS AVE 6,exact,18.2182,18.2227,17.2504,17.2443
680,WOODLANDS AVE 6,exact,18.1838,18.1883,17.2160,17.2099
693A,WOODLANDS AVE 6,exact,18.0410,18.0456,17.0698,17.0641
693B,WOODLANDS AVE 6,exact,17.9940,17.9987,17.0216,17.0161
693C,WOODLANDS AVE 6,exact,17.9450,17.9496,16.9724,16.9669
718,WOODLANDS AVE 6,exact,18.4279,18.4324,17.4606,17.4544
719,WOODLANDS AVE 6,exact,18.4935,18.4980,17.5289,17.5224
720,WOODLANDS AVE 6,exact,18.4936,18.4981,17.5264,17.5202
722,WOODLANDS AVE 6,exact,18.9023,18.9068,17.9364,17.9300
723,WOODLANDS AVE 6,exact,18.8985,18.9030,17.9339,17.9274
724,WOODLANDS AVE 6,exact,18.8327,18.8372,17.8693,17.8627
725,WOODLANDS AVE 6,exact,18.7859,18.7904,17.8218,17.8153
758,WOODLANDS AVE 6,exact,19.0670,19.0713,18.1110,18.1035
759,WOODLANDS AVE 6,exact,19.1407,19.1450,18.1837,18.1763
760,WOODLANDS AVE 6,exact,19.1363,19.1407,18.1766,18.1695
761,WOODLANDS AVE 6,exact,19.0989,19.1033,18.1386,18.1316
762,WOODLANDS AVE 6,exact,19.0692,19.0736,18.1115,18.1041
763,WOODLANDS AVE 6,exact,19.0050,19.0093,18.0481,18.0406
788,WOODLANDS AVE 6,exact,18.5793,18.5839,17.6094,17.6035
789,WOODLANDS AVE 6,exact,18.5712,18.5758,17.5996,17.5939
790,WOODLANDS AVE 6,exact,18.4955,18.5002,17.5232,17.5177
791,WOODLANDS AVE 6,exact,18.5106,18.5152,17.5398,17.5341
792,WOODLANDS AVE 6,exact,18.4449,18.4495,17.4745,17.4687
793,WOODLANDS AVE 6,exact,18.4530,18.4576,17.4810,17.4754
876,WOODLANDS AVE 9,exact,19.1458,19.1499,18.2039,18.1947
877,WOODLANDS AVE 9,exact,19.1525,19.1566,18.2082,18.1993
878,WOODLANDS AVE 9,exact,19.1581,19.1622,18.2117,18.2030
721,WOODLANDS CIRCLE,exact,18.7147,18.7192,17.7475,17.7413
726,WOODLANDS CIRCLE,exact,18.7582,18.7627,17.7927,17.7863
727,WOODLANDS CIRCLE,exact,18.6897,18.6942,17.7243,17.7179
728,WOODLANDS CIRCLE,exact,18.6379,18.6424,17.6757,17.6689
729,WOODLANDS CIRCLE,exact,18.6181,18.6225,17.6569,17.6500
730,WOODLANDS CIRCLE,exact,18.6429,18.6473,17.6842,17.6769
731,WOODLANDS CIRCLE,exact,18.6945,18.6989,17.7349,17.7278
732,WOODLANDS CIRCLE,exact,18.7081,18.7125,17.7470,17.7401
733,WOODLANDS CIRCLE,exact,18.7310,18.7354,17.7683,17.7615
734,WOODLANDS CIRCLE,exact,18.7775,18.7820,17.8169,17.8099
735,WOODLANDS CIRCLE,exact,18.7591,18.7635,17.8000,17.7928
736,WOODLANDS CIRCLE,exact,18.7069,18.7113,17.7502,17.7428
737,WOODLANDS CIRCLE,exact,18.7951,18.7994,17.8376,17.8302
738,WOODLANDS CIRCLE,exact,18.8101,18.8145,17.8505,17.8433
739,WOODLANDS CIRCLE,exact,18.8458,18.8501,17.8872,17.8800
740,WOODLANDS CIRCLE,exact,18.9021,18.9065,17.9452,17.9378
741,WOODLANDS CIRCLE,exact,18.9081,18.9125,17.9526,17.9450
742,WOODLANDS CIRCLE,exact,18.8491,18.8534,17.8934,17.8858
743,WOODLANDS CIRCLE,exact,18.8193,18.8236,17.8631,17.8555
744,WOODLANDS CIRCLE,exact,18.7384,18.7428,17.7841,17.7763
745,WOODLANDS CIRCLE,exact,18.6796,18.6838,17.7268,17.7188
746,WOODLANDS CIRCLE,exact,18.7274,18.7317,17.7751,17.7671
747,WOODLANDS CIRCLE,exact,18.8082,18.8124,17.8560,17.8479
748,WOODLANDS CIRCLE,exact,19.0202,19.0245,18.0648,18.0572
749,WOODLANDS CIRCLE,exact,18.9709,18.9752,18.0188,18.0108
751,WOODLANDS CIRCLE,exact,19.0392,19.0434,18.0872,18.0792
752,WOODLANDS CIRCLE,exact,19.0670,19.0713,18.1127,18.1049
753,WOODLANDS CIRCLE,exact,19.0978,19.1021,18.1441,18.1362
754,WOODLANDS CIRCLE,exact,19.0701,19.0743,18.1186,18.1106
764,WOODLANDS CIRCLE,exact,18.9610,18.9654,18.0020,17.9948
764A,WOODLANDS CIRCLE,exact,19.0001,19.0044,18.0409,18.0337
765,WOODLANDS CIRCLE,exact,19.0258,19.0302,18.0660,18.0589
766,WOODLANDS CIRCLE,exact,19.0406,19.0450,18.0801,18.0731
767,WOODLANDS CIRCLE,exact,19.0313,19.0357,18.0695,18.0626
774,WOODLANDS CRES,exact,19.1864,19.1910,18.2190,18.2129
775,WOODLANDS CRES,exact,19.2007,19.2052,18.2311,18.2253
776,WOODLANDS CRES,exact,19.1574,19.1620,18.1885,18.1826
777,WOODLANDS CRES,exact,19.1498,19.1543,18.1822,18.1760
779,WOODLANDS CRES,exact,19.0810,19.0856,18.1113,18.1054
780A,WOODLANDS CRES,exact,19.1888,19.1935,18.2170,18.2115
780B,WOODLANDS CRES,exact,19.2089,19.2135,18.2363,18.2308
780C,WOODLANDS CRES,exact,19.2162,19.2208,18.2426,18.2373
780D,WOODLANDS CRES,exact,19.0914,19.0961,18.1172,18.1119
780E,WOODLANDS CRES,exact,19.0865,19.0912,18.1130,18.1076
780F,WOODLANDS CRES,exact,19.0807,19.0853,18.1087,18.1031
782A,WOODLANDS CRES,exact,18.9990,19.0037,18.0235,18.0184
782B,WOODLANDS CRES,exact,18.9815,18.9862,18.0047,17.9997
782C,WOODLANDS CRES,exact,18.9971,19.0018,18.0195,18.0147
782D,WOODLANDS CRES,exact,19.0626,19.0674,18.0857,18.0808
782E,WOODLANDS CRES,exact,19.0599,19.0646,18.0838,18.0788
787B,WOODLANDS CRES,exact,18.7503,18.7549,17.7817,17.7757
787C,WOODLANDS CRES,exact,18.7708,18.7753,17.8010,17.7951
787D,WOODLANDS CRES,exact,18.7789,18.7835,17.8075,17.8018
787E,WOODLANDS CRES,exact,18.7397,18.7443,17.7671,17.7616
788B,WOODLANDS CRES,exact,18.6464,18.6509,17.6774,17.6714
788C,WOODLANDS CRES,exact,18.6432,18.6478,17.6726,17.6669
788D,WOODLANDS CRES,exact,18.6244,18.6290,17.6519,17.6464
788E,WOODLANDS CRES,exact,18.6848,18.6894,17.7125,17.7069
1A,WOODLANDS CTR RD,none,,,,
2A,WOODLANDS CTR RD,none,,,,
501,WOODLANDS DR 14,exact,17.8586,17.8625,16.9264,16.9161
502,WOODLANDS DR 14,exact,17.8938,17.8978,16.9620,16.9516
502A,WOODLANDS DR 14,exact,17.9264,17.9303,16.9958,16.9853
503,WOODLANDS DR 14,exact,17.8238,17.8277,16.8927,16.8823
504,WOODLANDS DR 14,exact,17.9036,17.9074,16.9741,16.9635
505,WOODLANDS DR 14,exact,17.8185,17.8224,16.8898,16.8791
506,WOODLANDS DR 14,exact,17.8562,17.8600,16.9280,16.9173
507,WOODLANDS DR 14,exact,17.7839,17.7878,16.8565,16.8456
508,WOODLANDS DR 14,exact,17.8364,17.8402,16.9095,16.8986
509,WOODLANDS DR 14,exact,17.9589,17.9626,17.0357,17.0244
510,WOODLANDS DR 14,exact,17.9897,17.9935,17.0684,17.0569
511,WOODLANDS DR 14,exact,18.0539,18.0576,17.1311,17.1198
512,WOODLANDS DR 14,exact,18.1252,18.1290,17.2008,17.1897
513,WOODLANDS DR 14,exact,18.0615,18.0653,17.1357,17.1247
514,WOODLANDS DR 14,exact,18.1282,18.1320,17.2009,17.1901
515,WOODLANDS DR 14,exact,18.1046,18.1085,17.1749,17.1643
516,WOODLANDS DR 14,exact,18.0809,18.0848,17.1494,17.1390
517,WOODLANDS DR 14,exact,17.9655,17.9695,17.0332,17.0229
518,WOODLANDS DR 14,exact,18.0225,18.0264,17.0894,17.0792
519,WOODLANDS DR 14,exact,18.0324,18.0363,17.0982,17.0882
520,WOODLANDS DR 14,exact,17.9718,17.9758,17.0369,17.0269
521,WOODLANDS DR 14,exact,17.8869,17.8909,16.9497,16.9400
522,WOODLANDS DR 14,exact,17.8730,17.8770,16.9341,16.9245
523,WOODLANDS DR 14,exact,17.8105,17.8145,16.8720,16.8624
524,WOODLANDS DR 14,exact,17.7619,17.7659,16.8250,16.8152
525,WOODLANDS DR 14,exact,17.7456,17.7495,16.8104,16.8004
526,WOODLANDS DR 14,exact,17.8245,17.8284,16.8900,16.8799
527,WOODLANDS DR 14,exact,17.7313,17.7352,16.8002,16.7898
528,WOODLANDS DR 14,exact,17.6876,17.6915,16.7555,16.7452
529,WOODLANDS DR 14,exact,17.6894,17.6934,16.7562,16.7460
530,WOODLANDS DR 14,exact,17.6538,17.6577,16.7199,16.7098
531,WOODLANDS DR 14,exact,17.6211,17.6250,16.6891,16.6788
532,WOODLANDS DR 14,exact,17.6241,17.6280,16.6934,16.6829
533,WOODLANDS DR 14,exact,17.6106,17.6145,16.6812,16.6706
534,WOODLANDS DR 14,exact,17.6338,17.6376,16.7055,16.6948
535,WOODLANDS DR 14,exact,17.6757,17.6795,16.7459,16.7353
536,WOODLANDS DR 14,exact,17.7107,17.7146,16.7806,16.7701
537,WOODLANDS DR 16,exact,17.4975,17.5014,16.5677,16.5571
538,WOODLANDS DR 16,exact,17.4923,17.4962,16.5641,16.5534
539,WOODLANDS DR 16,exact,17.4513,17.4552,16.5233,16.5125
540,WOODLANDS DR 16,exact,17.3467,17.3506,16.4184,16.4077
541,WOODLANDS DR 16,exact,17.3090,17.3128,16.3798,16.3692
542,WOODLANDS DR 16,exact,17.2556,17.2595,16.3251,16.3146
543,WOODLANDS DR 16,exact,17.3113,17.3152,16.3797,16.3693
544,WOODLANDS DR 16,exact,17.3692,17.3731,16.4391,16.4286
545,WOODLANDS DR 16,exact,17.4148,17.4187,16.4823,16.4720
546,WOODLANDS DR 16,exact,17.4453,17.4492,16.5111,16.5010
547,WOODLANDS DR 16,exact,17.5329,17.5368,16.6011,16.5908
573A,WOODLANDS DR 16,exact,17.4504,17.4546,16.5022,16.4937
573B,WOODLANDS DR 16,exact,17.4138,17.4180,16.4668,16.4582
573C,WOODLANDS DR 16,exact,17.3817,17.3859,16.4354,16.4266
574A,WOODLANDS DR 16,exact,17.3464,17.3505,16.4011,16.3923
574B,WOODLANDS DR 16,exact,17.3139,17.3180,16.3699,16.3609
575,WOODLANDS DR 16,exact,17.4703,17.4745,16.5245,16.5157
576,WOODLANDS DR 16,exact,17.4119,17.4160,16.4680,16.4590
577,WOODLANDS DR 16,exact,17.4736,17.4777,16.5301,16.5210
578,WOODLANDS DR 16,exact,17.5495,17.5536,16.6065,16.5974
579,WOODLANDS DR 16,exact,17.4803,17.4844,16.5397,16.5303
580,WOODLANDS DR 16,exact,17.4447,17.4488,16.5025,16.4933
581,WOODLANDS DR 16,exact,17.3674,17.3715,16.4257,16.4164
582,WOODLANDS DR 16,exact,17.4158,17.4199,16.4754,16.4660
583,WOODLANDS DR 16,exact,17.4629,17.4669,16.5238,16.5142
584,WOODLANDS DR 16,exact,17.3962,17.4002,16.4596,16.4498
585,WOODLANDS DR 16,exact,17.3357,17.3397,16.3977,16.3880
586,WOODLANDS DR 16,exact,17.3021,17.3061,16.3670,16.3570
587,WOODLANDS DR 16,exact,17.2617,17.2657,16.3251,16.3152
588,WOODLANDS DR 16,exact,17.2070,17.2110,16.2734,16.2632
589,WOODLANDS DR 16,exact,17.1955,17.1995,16.2603,16.2503
701,WOODLANDS DR 40,exact,18.6245,18.6288,17.6708,17.6630
702,WOODLANDS DR 40,exact,18.6156,18.6199,17.6606,17.6530
703,WOODLANDS DR 40,exact,18.5179,18.5222,17.5636,17.5559
704,WOODLANDS DR 40,exact,18.4909,18.4952,17.5380,17.5301
705,WOODLANDS DR 40,exact,18.4074,18.4117,17.4555,17.4474
706,WOODLANDS DR 40,exact,18.3902,18.3945,17.4368,17.4289
707,WOODLANDS DR 40,exact,18.4797,18.4840,17.5256,17.5178
601,WOODLANDS DR 42,exact,18.2778,18.2820,17.3260,17.3179
602,WOODLANDS DR 42,exact,18.2375,18.2417,17.2865,17.2783
603,WOODLANDS DR 42,exact,18.1691,18.1733,17.2187,17.2105
604,WOODLANDS DR 42,exact,18.1249,18.1291,17.1751,17.1668
605,WOODLANDS DR 42,exact,18.1033,18.1076,17.1515,17.1434
549,WOODLANDS DR 44,exact,17.6403,17.6443,16.7020,16.6924
550,WOODLANDS DR 44,exact,17.7267,17.7307,16.7864,16.7770
551,WOODLANDS DR 44,exact,17.7533,17.7574,16.8113,16.8021
552,WOODLANDS DR 44,exact,17.6151,17.6192,16.6743,16.6649
553,WOODLANDS DR 44,exact,17.5991,17.6032,16.6593,16.6498
886A,WOODLANDS DR 50,exact,18.3124,18.3166,17.3664,17.3576
886B,WOODLANDS DR 50,exact,18.3281,18.3322,17.3835,17.3746
886C,WOODLANDS DR 50,exact,18.2812,18.2853,17.3369,17.3280
886D,WOODLANDS DR 50,exact,18.2740,18.2781,17.3283,17.3195
887A,WOODLANDS DR 50,exact,18.2258,18.2299,17.2829,17.2738
887B,WOODLANDS DR 50,exact,18.2090,18.2131,17.2648,17.2559
887C,WOODLANDS DR 50,exact,18.1894,18.1935,17.2444,17.2355
889A,WOODLANDS DR 50,exact,18.2866,18.2907,17.3450,17.3358
889B,WOODLANDS DR 50,exact,18.3286,18.3326,17.3879,17.3786
889C,WOODLANDS DR 50,exact,18.3486,18.3526,17.4093,17.3998
889D,WOODLANDS DR 50,exact,18.3585,18.3625,17.4202,17.4106
890A,WOODLANDS DR 50,exact,18.3656,18.3697,17.4235,17.4143
890B,WOODLANDS DR 50,exact,18.3912,18.3952,17.4513,17.4419
891A,WOODLANDS DR 50,exact,18.3911,18.3950,17.4555,17.4455
891B,WOODLANDS DR 50,exact,18.4342,18.4382,17.5002,17.4902
892A,WOODLANDS DR 50,exact,18.3721,18.3761,17.4392,17.4290
892B,WOODLANDS DR 50,exact,18.4365,18.4404,17.5054,17.4950
893A,WOODLANDS DR 50,exact,18.3208,18.3247,17.3879,17.3777
893B,WOODLANDS DR 50,exact,18.3525,18.3564,17.4218,17.4114
893C,WOODLANDS DR 50,exact,18.2728,18.2767,17.3409,17.3306
893D,WOODLANDS DR 50,exact,18.2940,18.2978,17.3637,17.3532
894A,WOODLANDS DR 50,exact,18.2449,18.2488,17.3137,17.3033
894B,WOODLANDS DR 50,exact,18.2805,18.2843,17.3518,17.3412
894C,WOODLANDS DR 50,exact,18.2081,18.2120,17.2775,17.2671
894D,WOODLANDS DR 50,exact,18.2443,18.2481,17.3163,17.3055
895A,WOODLANDS DR 50,exact,18.2054,18.2093,17.2708,17.2608
895B,WOODLANDS DR 50,exact,18.1536,18.1576,17.2191,17.2091
895C,WOODLANDS DR 50,exact,18.1183,18.1224,17.1810,17.1713
896A,WOODLANDS DR 50,exact,18.1826,18.1866,17.2429,17.2335
896B,WOODLANDS DR 50,exact,18.2500,18.2541,17.3113,17.3018
896C,WOODLANDS DR 50,exact,18.2026,18.2066,17.2618,17.2525
897A,WOODLANDS DR 50,exact,18.1496,18.1537,17.2073,17.1981
897B,WOODLANDS DR 50,exact,18.1028,18.1069,17.1610,17.1517
897C,WOODLANDS DR 50,exact,18.0655,18.0696,17.1236,17.1144
898A,WOODLANDS DR 50,exact,18.0057,18.0098,17.0626,17.0535
898B,WOODLANDS DR 50,exact,17.9610,17.9652,17.0167,17.0078
899A,WOODLANDS DR 50,exact,18.0284,18.0325,17.0832,17.0743
899B,WOODLANDS DR 50,exact,18.0622,18.0664,17.1167,17.1078
899C,WOODLANDS DR 50,exact,18.1079,18.1121,17.1619,17.1531
619,WOODLANDS DR 52,exact,17.6746,17.6789,16.7240,16.7157
620,WOODLANDS DR 52,exact,17.6436,17.6479,16.6907,16.6827
621,WOODLANDS DR 52,exact,17.7444,17.7487,16.7930,16.7849
622,WOODLANDS DR 52,exact,17.7501,17.7544,16.7969,16.7890
623,WOODLANDS DR 52,exact,17.7908,17.7951,16.8362,16.8284
624A,WOODLANDS DR 52,exact,17.7098,17.7142,16.7536,16.7461
624B,WOODLANDS DR 52,exact,17.7458,17.7502,16.7885,16.7810
625A,WOODLANDS DR 52,exact,17.6385,17.6429,16.6832,16.6755
625B,WOODLANDS DR 52,exact,17.6007,17.6050,16.6444,16.6369
554,WOODLANDS DR 53,exact,17.5947,17.5988,16.6501,16.6412
555,WOODLANDS DR 53,exact,17.6401,17.6442,16.6973,16.6882
556,WOODLANDS DR 53,exact,17.6990,17.7032,16.7549,16.7459
557,WOODLANDS DR 53,exact,17.6455,17.6497,16.6992,16.6904
769,WOODLANDS DR 60,exact,19.1021,19.1067,18.1359,18.1296
770,WOODLANDS DR 60,exact,19.0218,19.0263,18.0569,18.0504
771,WOODLANDS DR 60,exact,19.0805,19.0850,18.1173,18.1106
772,WOODLANDS DR 60,exact,19.1223,19.1267,18.1580,18.1515
773,WOODLANDS DR 60,exact,19.1637,19.1682,18.2005,18.1938
778,WOODLANDS DR 60,exact,19.0735,19.0780,18.1052,18.0992
786B,WOODLANDS DR 60,exact,18.8737,18.8783,17.9045,17.8986
786C,WOODLANDS DR 60,exact,18.8752,18.8798,17.9049,17.8991
786D,WOODLANDS DR 60,exact,18.9403,18.9449,17.9697,17.9639
786E,WOODLANDS DR 60,exact,19.0259,19.0305,18.0558,18.0500
786F,WOODLANDS DR 60,exact,18.9425,18.9471,17.9735,17.9675
681A,WOODLANDS DR 62,exact,18.1180,18.1226,17.1459,17.1403
681B,WOODLANDS DR 62,exact,18.1112,18.1159,17.1406,17.1348
681C,WOODLANDS DR 62,exact,18.1672,18.1718,17.1967,17.1909
681D,WOODLANDS DR 62,exact,18.1742,18.1789,17.2023,17.1967
682A,WOODLANDS DR 62,exact,18.2182,18.2228,17.2467,17.2411
682B,WOODLANDS DR 62,exact,18.2249,18.2296,17.2522,17.2467
683A,WOODLANDS DR 62,exact,18.2076,18.2122,17.2373,17.2315
683B,WOODLANDS DR 62,exact,18.3045,18.3091,17.3337,17.3280
683C,WOODLANDS DR 62,exact,18.3008,18.3054,17.3286,17.3230
683D,WOODLANDS DR 62,exact,18.2684,18.2730,17.2970,17.2914
684C,WOODLANDS DR 62,exact,18.3103,18.3150,17.3362,17.3309
694A,WOODLANDS DR 62,exact,18.0474,18.0521,17.0742,17.0687
694B,WOODLANDS DR 62,exact,18.0381,18.0428,17.0633,17.0581
694C,WOODLANDS DR 62,exact,17.9811,17.9858,17.0046,16.9996
694D,WOODLANDS DR 62,exact,17.9773,17.9820,17.0026,16.9974
708,WOODLANDS DR 70,exact,18.3946,18.3990,17.4391,17.4315
709,WOODLANDS DR 70,exact,18.3934,18.3977,17.4362,17.4287
710,WOODLANDS DR 70,exact,18.4683,18.4727,17.5120,17.5044
711,WOODLANDS DR 70,exact,18.5168,18.5211,17.5601,17.5526
712,WOODLANDS DR 70,exact,18.5939,18.5983,17.6370,17.6296
713,WOODLANDS DR 70,exact,18.5782,18.5826,17.6197,17.6124
714,WOODLANDS DR 70,exact,18.5537,18.5581,17.5925,17.5855
715,WOODLANDS DR 70,exact,18.5263,18.5307,17.5635,17.5568
716,WOODLANDS DR 70,exact,18.4621,18.4666,17.4988,17.4921
717,WOODLANDS DR 70,exact,18.4049,18.4094,17.4429,17.4361
717A,WOODLANDS DR 70,exact,18.3986,18.4030,17.4391,17.4319
717B,WOODLANDS DR 70,exact,18.4907,18.4951,17.5308,17.5237
670,WOODLANDS DR 71,exact,18.1958,18.2002,17.2363,17.2291
671,WOODLANDS DR 71,exact,18.2390,18.2434,17.2806,17.2733
672,WOODLANDS DR 71,exact,18.2493,18.2538,17.2879,17.2810
673,WOODLANDS DR 71,exact,18.2069,18.2114,17.2450,17.2381
794,WOODLANDS DR 72,exact,18.4481,18.4528,17.4741,17.4688
795,WOODLANDS DR 72,exact,18.4567,18.4615,17.4812,17.4761
796,WOODLANDS DR 72,exact,18.5316,18.5363,17.5585,17.5530
797,WOODLANDS DR 72,exact,18.5809,18.5855,17.6074,17.6020
798,WOODLANDS DR 72,exact,18.5687,18.5734,17.5937,17.5885
682C,WOODLANDS DR 73,exact,18.2330,18.2377,17.2587,17.2534
682D,WOODLANDS DR 73,exact,18.2402,18.2449,17.2646,17.2594
684A,WOODLANDS DR 73,exact,18.2451,18.2498,17.2683,17.2633
684B,WOODLANDS DR 73,exact,18.3324,18.3371,17.3560,17.3510
684D,WOODLANDS DR 73,exact,18.2894,18.2941,17.3141,17.3089
685B,WOODLANDS DR 73,exact,18.2360,18.2408,17.2566,17.2520
685C,WOODLANDS DR 73,exact,18.2846,18.2893,17.3058,17.3011
686A,WOODLANDS DR 73,exact,18.3377,18.3424,17.3589,17.3543
686B,WOODLANDS DR 73,exact,18.3693,18.3741,17.3885,17.3841
686C,WOODLANDS DR 73,exact,18.3005,18.3053,17.3187,17.3145
691A,WOODLANDS DR 73,exact,18.1099,18.1147,17.1300,17.1254
691B,WOODLANDS DR 73,exact,18.1331,18.1379,17.1551,17.1503
691C,WOODLANDS DR 73,exact,18.0767,18.0814,17.0987,17.0939
691D,WOODLANDS DR 73,exact,18.0559,18.0606,17.0790,17.0740
687A,WOODLANDS DR 75,exact,18.1678,18.1726,17.1860,17.1817
687B,WOODLANDS DR 75,exact,18.2640,18.2688,17.2817,17.2775
687C,WOODLANDS DR 75,exact,18.2796,18.2844,17.2993,17.2948
688A,WOODLANDS DR 75,exact,18.3636,18.3684,17.3805,17.3764
688B,WOODLANDS DR 75,exact,18.4374,18.4423,17.4543,17.4502
688C,WOODLANDS DR 75,exact,18.4231,18.4279,17.4393,17.4353
688D,WOODLANDS DR 75,exact,18.4126,18.4174,17.4279,17.4240
688E,WOODLANDS DR 75,exact,18.4477,18.4526,17.4622,17.4584
688F,WOODLANDS DR 75,exact,18.4833,18.4883,17.4974,17.4938
689A,WOODLANDS DR 75,exact,18.5096,18.5145,17.5237,17.5200
689B,WOODLANDS DR 75,exact,18.5049,18.5098,17.5179,17.5143
689C,WOODLANDS DR 75,exact,18.5414,18.5464,17.5542,17.5507
689D,WOODLANDS DR 75,exact,18.4752,18.4802,17.4875,17.4841
689E,WOODLANDS DR 75,exact,18.4380,18.4429,17.4506,17.4472
689F,WOODLANDS DR 75,exact,18.3985,18.4034,17.4111,17.4076
690A,WOODLANDS DR 75,exact,18.4095,18.4145,17.4231,17.4194
690B,WOODLANDS DR 75,exact,18.3855,18.3904,17.3998,17.3960
690C,WOODLANDS DR 75,exact,18.3574,18.3623,17.3723,17.3685
690D,WOODLANDS DR 75,exact,18.3218,18.3267,17.3373,17.3334
690E,WOODLANDS DR 75,exact,18.2680,18.2728,17.2833,17.2794
690F,WOODLANDS DR 75,exact,18.3417,18.3465,17.3581,17.3541
606,WOODLANDS RING RD,exact,18.0530,18.0573,17.1015,17.0934
607,WOODLANDS RING RD,exact,18.0799,18.0841,17.1310,17.1226
608,WOODLANDS RING RD,exact,18.0244,18.0286,17.0752,17.0668
609,WOODLANDS RING RD,exact,18.0096,18.0138,17.0615,17.0530
611,WOODLANDS RING RD,exact,17.9225,17.9267,16.9727,16.9644
628A,WOODLANDS RING RD,exact,17.7349,17.7393,16.7748,16.7677
628B,WOODLANDS RING RD,exact,17.6539,17.6583,16.6952,16.6880
629,WOODLANDS RING RD,exact,17.6331,17.6375,16.6728,16.6657
630,WOODLANDS RING RD,exact,17.6723,17.6767,16.7107,16.7038
631,WOODLANDS RING RD,exact,17.7523,17.7567,16.7903,16.7834
632,WOODLANDS RING RD,exact,17.7880,17.7924,16.8243,16.8177
633,WOODLANDS RING RD,exact,17.7471,17.7516,16.7822,16.7757
634,WOODLANDS RING RD,exact,17.7994,17.8039,16.8324,16.8261
635,WOODLANDS RING RD,exact,17.8456,17.8501,16.8800,16.8736
636,WOODLANDS RING RD,exact,17.8709,17.8755,16.9040,16.8978
637,WOODLANDS RING RD,exact,17.9328,17.9374,16.9656,16.9594
638,WOODLANDS RING RD,exact,17.8388,17.8434,16.8707,16.8646
639,WOODLANDS RING RD,exact,17.9347,17.9392,16.9657,16.9597
640,WOODLANDS RING RD,exact,18.0101,18.0146,17.0429,17.0367
643,WOODLANDS RING RD,exact,17.9974,18.0019,17.0328,17.0263
644,WOODLANDS RING RD,exact,17.9131,17.9176,16.9491,16.9425
645,WOODLANDS RING RD,exact,17.9508,17.9552,16.9884,16.9816
646,WOODLANDS RING RD,exact,18.0283,18.0328,17.0669,17.0600
647,WOODLANDS RING RD,exact,18.0429,18.0473,17.0795,17.0728
648,WOODLANDS RING RD,exact,18.0649,18.0694,17.1000,17.0935
649,WOODLANDS RING RD,exact,18.1493,18.1538,17.1852,17.1786
650,WOODLANDS RING RD,exact,18.0914,18.0959,17.1287,17.1220
651,WOODLANDS RING RD,exact,18.1330,18.1374,17.1731,17.1660
652,WOODLANDS RING RD,exact,18.0834,18.0878,17.1228,17.1157
653,WOODLANDS RING RD,exact,18.1268,18.1312,17.1687,17.1613
654,WOODLANDS RING RD,exact,18.0854,18.0898,17.1272,17.1199
655,WOODLANDS RING RD,exact,18.0845,18.0888,17.1291,17.1215
656,WOODLANDS RING RD,exact,18.0084,18.0128,17.0511,17.0437
657,WOODLANDS RING RD,exact,17.9975,18.0019,17.0421,17.0344
658,WOODLANDS RING RD,exact,17.9549,17.9592,16.9966,16.9893
659,WOODLANDS RING RD,exact,17.9063,17.9107,16.9502,16.9426
660,WOODLANDS RING RD,exact,17.8614,17.8658,16.9044,16.8969
661,WOODLANDS RING RD,exact,17.8477,17.8520,16.8928,16.8851
662,WOODLANDS RING RD,exact,17.8965,17.9008,16.9435,16.9355
663,WOODLANDS RING RD,exact,17.9536,17.9579,16.9990,16.9912
664,WOODLANDS RING RD,exact,17.9736,17.9779,17.0208,17.0128
665,WOODLANDS RING RD,exact,18.1687,18.1730,17.2144,17.2066
666,WOODLANDS RING RD,exact,18.2082,18.2125,17.2543,17.2465
667,WOODLANDS RING RD,exact,18.2262,18.2305,17.2706,17.2630
668,WOODLANDS RING RD,exact,18.2520,18.2564,17.2950,17.2875
669,WOODLANDS RING RD,exact,18.1777,18.1820,17.2206,17.2132
783A,WOODLANDS RISE,exact,18.9598,18.9645,17.9817,17.9770
783B,WOODLANDS RISE,exact,18.9144,18.9192,17.9365,17.9317
783C,WOODLANDS RISE,exact,18.8777,18.8824,17.9006,17.8957
783D,WOODLANDS RISE,exact,18.9240,18.9288,17.9472,17.9423
784A,WOODLANDS RISE,exact,18.6932,18.6980,17.7133,17.7088
784B,WOODLANDS RISE,exact,18.7229,18.7277,17.7436,17.7390
784C,WOODLANDS RISE,exact,18.7573,18.7621,17.7769,17.7725
785B,WOODLANDS RISE,exact,18.7853,18.7902,17.8041,17.7997
785C,WOODLANDS RISE,exact,18.7349,18.7398,17.7529,17.7487
785D,WOODLANDS RISE,exact,18.7070,18.7118,17.7259,17.7215
167,WOODLANDS ST 11,exact,18.6624,18.6656,17.7795,17.7644
168,WOODLANDS ST 11,exact,18.5568,18.5600,17.6722,17.6572
169,WOODLANDS ST 11,exact,18.6055,18.6087,17.7211,17.7061
170,WOODLANDS ST 11,exact,18.6461,18.6492,17.7618,17.7467
171,WOODLANDS ST 11,exact,18.6683,18.6715,17.7827,17.7678
101,WOODLANDS ST 13,exact,18.6111,18.6146,17.7054,17.6924
102,WOODLANDS ST 13,exact,18.6552,18.6586,17.7517,17.7384
103,WOODLANDS ST 13,exact,18.7199,18.7234,17.8163,17.8031
104,WOODLANDS ST 13,exact,18.6764,18.6799,17.7711,17.7581
105,WOODLANDS ST 13,exact,18.7146,18.7181,17.8088,17.7958
106,WOODLANDS ST 13,exact,18.6774,18.6809,17.7697,17.7569
107,WOODLANDS ST 13,exact,18.7309,18.7344,17.8224,17.8097
108,WOODLANDS ST 13,exact,18.7526,18.7561,17.8463,17.8333
109,WOODLANDS ST 13,exact,18.8119,18.8153,17.9070,17.8939
110,WOODLANDS ST 13,exact,18.7910,18.7945,17.8841,17.8712
111,WOODLANDS ST 13,exact,18.8039,18.8075,17.8951,17.8824
112,WOODLANDS ST 13,exact,18.8611,18.8647,17.9529,17.9402
113,WOODLANDS ST 13,exact,18.8491,18.8526,17.9426,17.9297
145,WOODLANDS ST 13,exact,19.0456,19.0486,18.1668,18.1513
146,WOODLANDS ST 13,exact,19.0032,19.0063,18.1218,18.1065
148,WOODLANDS ST 13,exact,18.9707,18.9738,18.0900,18.0747
149,WOODLANDS ST 13,exact,19.0333,19.0363,18.1565,18.1409
150,WOODLANDS ST 13,exact,18.9421,18.9452,18.0631,18.0476
151,WOODLANDS ST 13,exact,18.9272,18.9303,18.0465,18.0311
152,WOODLANDS ST 13,exact,18.8916,18.8947,18.0115,17.9961
154,WOODLANDS ST 13,exact,18.7937,18.7969,17.9104,17.8953
155,WOODLANDS ST 13,exact,18.8407,18.8438,17.9600,17.9447
156,WOODLANDS ST 13,exact,18.8041,18.8072,17.9253,17.9098
157,WOODLANDS ST 13,exact,18.7954,18.7985,17.9147,17.8993
158,WOODLANDS ST 13,exact,18.7614,18.7645,17.8813,17.8659
159,WOODLANDS ST 13,exact,18.7362,18.7393,17.8573,17.8418
160,WOODLANDS ST 13,exact,18.6850,18.6881,17.8056,17.7902
161,WOODLANDS ST 13,exact,18.7487,18.7517,17.8733,17.8575
162,WOODLANDS ST 13,exact,18.7463,18.7493,17.8732,17.8572
163,WOODLANDS ST 13,exact,18.7001,18.7031,17.8243,17.8085
164,WOODLANDS ST 13,exact,18.6850,18.6880,17.8082,17.7925
165,WOODLANDS ST 13,exact,18.6490,18.6521,17.7702,17.7547
166,WOODLANDS ST 13,exact,18.6547,18.6578,17.7735,17.7582
172,WOODLANDS ST 13,exact,18.6222,18.6254,17.7335,17.7189
173,WOODLANDS ST 13,exact,18.5047,18.5079,17.6167,17.6020
174,WOODLANDS ST 13,exact,18.5437,18.5470,17.6553,17.6406
175,WOODLANDS ST 13,exact,18.5723,18.5755,17.6833,17.6687
176,WOODLANDS ST 13,exact,18.5391,18.5423,17.6483,17.6339
177,WOODLANDS ST 13,exact,18.6299,18.6331,17.7387,17.7243
178,WOODLANDS ST 13,exact,18.6785,18.6818,17.7882,17.7737
179,WOODLANDS ST 13,exact,18.6655,18.6687,17.7732,17.7589
182A,WOODLANDS ST 13,exact,18.8898,18.8930,18.0046,17.9896
182B,WOODLANDS ST 13,exact,18.8190,18.8222,17.9316,17.9169
183A,WOODLANDS ST 13,exact,18.7688,18.7720,17.8780,17.8636
183B,WOODLANDS ST 13,exact,18.7520,18.7552,17.8626,17.8481
183C,WOODLANDS ST 13,exact,18.7264,18.7296,17.8390,17.8243
184A,WOODLANDS ST 13,exact,18.8543,18.8576,17.9635,17.9491
185B,WOODLANDS ST 13,exact,18.8673,18.8705,17.9793,17.9646
185C,WOODLANDS ST 13,exact,18.8552,18.8584,17.9662,17.9516
301,WOODLANDS ST 31,exact,18.5766,18.5796,17.7050,17.6888
302,WOODLANDS ST 31,exact,18.5301,18.5331,17.6555,17.6396
302A,WOODLANDS ST 31,exact,18.5199,18.5230,17.6419,17.6263
303,WOODLANDS ST 31,exact,18.4815,18.4845,17.6095,17.5934
304,WOODLANDS ST 31,exact,18.4005,18.4034,17.5307,17.5143
306,WOODLANDS ST 31,exact,18.3636,18.3665,17.4911,17.4750
310,WOODLANDS ST 31,exact,18.3120,18.3150,17.4347,17.4191
311,WOODLANDS ST 31,exact,18.3373,18.3403,17.4588,17.4432
312,WOODLANDS ST 31,exact,18.3863,18.3893,17.5091,17.4934
313,WOODLANDS ST 31,exact,18.3713,18.3744,17.4922,17.4767
314,WOODLANDS ST 31,exact,18.4146,18.4177,17.5351,17.5197
315,WOODLANDS ST 31,exact,18.4544,18.4575,17.5752,17.5597
316,WOODLANDS ST 31,exact,18.4316,18.4347,17.5507,17.5353
317,WOODLANDS ST 31,exact,18.4747,18.4778,17.5934,17.5781
318,WOODLANDS ST 31,exact,18.4309,18.4341,17.5471,17.5321
319,WOODLANDS ST 31,exact,18.3796,18.3828,17.4953,17.4803
320,WOODLANDS ST 32,exact,18.3487,18.3519,17.4621,17.4473
321,WOODLANDS ST 32,exact,18.3226,18.3259,17.4315,17.4171
322,WOODLANDS ST 32,exact,18.3072,18.3104,17.4181,17.4035
323,WOODLANDS ST 32,exact,18.2616,18.2649,17.3723,17.3578
324,WOODLANDS ST 32,exact,18.2390,18.2422,17.3476,17.3333
325,WOODLANDS ST 32,exact,18.2035,18.2068,17.3136,17.2990
326,WOODLANDS ST 32,exact,18.1636,18.1669,17.2741,17.2595
327,WOODLANDS ST 32,exact,18.1145,18.1178,17.2232,17.2088
328,WOODLANDS ST 32,exact,18.1343,18.1375,17.2458,17.2312
329,WOODLANDS ST 32,exact,18.1959,18.1991,17.3090,17.2942
333,WOODLANDS ST 32,exact,18.0778,18.0810,17.1879,17.1734
334,WOODLANDS ST 32,exact,18.0835,18.0867,17.1917,17.1773
335,WOODLANDS ST 32,exact,18.0455,18.0488,17.1539,17.1395
344,WOODLANDS ST 32,exact,18.2867,18.2900,17.3916,17.3776
345,WOODLANDS ST 32,exact,18.3252,18.3286,17.4296,17.4156
346,WOODLANDS ST 32,exact,18.3030,18.3064,17.4047,17.3910
401,WOODLANDS ST 41,exact,18.5115,18.5144,17.6442,17.6276
402,WOODLANDS ST 41,exact,18.5989,18.6018,17.7322,17.7156
403,WOODLANDS ST 41,exact,18.5640,18.5668,17.6979,17.6812
404,WOODLANDS ST 41,exact,18.5290,18.5319,17.6636,17.6469
405,WOODLANDS ST 41,exact,18.4941,18.4969,17.6293,17.6126
406,WOODLANDS ST 41,exact,18.4116,18.4145,17.5464,17.5297
408,WOODLANDS ST 41,exact,18.3768,18.3796,17.5138,17.4969
409,WOODLANDS ST 41,exact,18.3524,18.3553,17.4857,17.4691
410,WOODLANDS ST 41,exact,18.3060,18.3089,17.4395,17.4229
411,WOODLANDS ST 41,exact,18.3198,18.3226,17.4559,17.4391
412,WOODLANDS ST 41,exact,18.2831,18.2860,17.4200,17.4031
413,WOODLANDS ST 41,exact,18.2500,18.2528,17.3877,17.3707
414,WOODLANDS ST 41,exact,18.2303,18.2331,17.3657,17.3489
415,WOODLANDS ST 41,exact,18.1976,18.2004,17.3309,17.3143
416,WOODLANDS ST 41,exact,18.2560,18.2589,17.3893,17.3727
417,WOODLANDS ST 41,exact,18.2900,18.2930,17.4215,17.4051
418,WOODLANDS ST 41,exact,18.2486,18.2516,17.3775,17.3613
419,WOODLANDS ST 41,exact,18.2277,18.2306,17.3580,17.3416
420,WOODLANDS ST 41,exact,18.1908,18.1938,17.3218,17.3054
421,WOODLANDS ST 41,exact,18.1525,18.1554,17.2840,17.2675
424,WOODLANDS ST 41,exact,18.0922,18.0952,17.2239,17.2074
425,WOODLANDS ST 41,exact,18.1205,18.1234,17.2554,17.2386
426,WOODLANDS ST 41,exact,18.1583,18.1612,17.2956,17.2787
427,WOODLANDS ST 41,exact,18.2181,18.2209,17.3577,17.3406
428,WOODLANDS ST 41,exact,18.1832,18.1860,17.3231,17.3060
429,WOODLANDS ST 41,exact,18.1277,18.1305,17.2671,17.2500
436,WOODLANDS ST 41,exact,18.0258,18.0286,17.1586,17.1420
437,WOODLANDS ST 41,exact,18.0711,18.0740,17.2038,17.1872
801,WOODLANDS ST 81,exact,19.0127,19.0165,18.0873,18.0763
802,WOODLANDS ST 81,exact,18.9352,18.9390,18.0106,17.9996
803,WOODLANDS ST 81,exact,18.8288,18.8326,17.9018,17.8910
804,WOODLANDS ST 81,exact,18.7611,18.7650,17.8327,17.8220
805,WOODLANDS ST 81,exact,18.8521,18.8559,17.9241,17.9134
807,WOODLANDS ST 81,exact,19.0078,19.0117,18.0773,18.0668
808,WOODLANDS ST 81,exact,19.0350,19.0389,18.1062,18.0956
809,WOODLANDS ST 81,exact,19.0697,19.0736,18.1372,18.1270
810,WOODLANDS ST 81,exact,19.0241,19.0280,18.0913,18.0811
824,WOODLANDS ST 81,exact,18.6464,18.6503,17.7161,17.7057
825,WOODLANDS ST 81,exact,18.5682,18.5721,17.6358,17.6256
826,WOODLANDS ST 81,exact,18.6120,18.6159,17.6794,17.6692
827,WOODLANDS ST 81,exact,18.6853,18.6892,17.7524,17.7422
828,WOODLANDS ST 81,exact,18.6253,18.6293,17.6910,17.6810
870,WOODLANDS ST 81,exact,19.0735,19.0775,18.1384,18.1284
871,WOODLANDS ST 81,exact,19.1047,19.1087,18.1677,18.1579
872,WOODLANDS ST 81,exact,19.1035,19.1075,18.1644,18.1549
873,WOODLANDS ST 81,exact,19.0239,19.0279,18.0859,18.0763
816,WOODLANDS ST 82,exact,18.8859,18.8899,17.9490,17.9392
817,WOODLANDS ST 82,exact,18.8307,18.8347,17.8911,17.8816
818,WOODLANDS ST 82,exact,18.8472,18.8512,17.9105,17.9008
819,WOODLANDS ST 82,exact,18.7626,18.7666,17.8246,17.8149
820,WOODLANDS ST 82,exact,18.7890,18.7930,17.8523,17.8425
821,WOODLANDS ST 82,exact,18.7507,18.7547,17.8144,17.8046
822,WOODLANDS ST 82,exact,18.8915,18.8954,17.9559,17.9460
823,WOODLANDS ST 82,exact,18.7897,18.7937,17.8551,17.8451
837,WOODLANDS ST 82,exact,18.7304,18.7345,17.7898,17.7804
838,WOODLANDS ST 82,exact,18.8198,18.8239,17.8793,17.8699
839,WOODLANDS ST 82,exact,18.8858,18.8899,17.9430,17.9339
840,WOODLANDS ST 82,exact,18.9735,18.9777,18.0277,18.0190
841,WOODLANDS ST 82,exact,18.9683,18.9724,18.0247,18.0157
842,WOODLANDS ST 82,exact,18.9400,18.9441,17.9950,17.9862
843,WOODLANDS ST 82,exact,18.8792,18.8834,17.9323,17.9237
845,WOODLANDS ST 82,exact,18.8581,18.8622,17.9130,17.9042
847,WOODLANDS ST 82,exact,18.8265,18.8306,17.8843,17.8752
848,WOODLANDS ST 82,exact,18.7869,18.7910,17.8451,17.8359
849,WOODLANDS ST 82,exact,18.7258,18.7299,17.7836,17.7744
850,WOODLANDS ST 82,exact,18.6876,18.6916,17.7457,17.7365
874,WOODLANDS ST 82,exact,18.9943,18.9983,18.0573,18.0476
875,WOODLANDS ST 82,exact,18.9502,18.9542,18.0135,18.0037
879,WOODLANDS ST 82,exact,19.0950,19.0992,18.1484,18.1397
880,WOODLANDS ST 82,exact,19.0349,19.0391,18.0878,18.0792
881,WOODLANDS ST 82,exact,19.0610,19.0652,18.1157,18.1069
882,WOODLANDS ST 82,exact,19.0770,19.0811,18.1347,18.1256
829,WOODLANDS ST 83,exact,18.6077,18.6117,17.6727,17.6627
830,WOODLANDS ST 83,exact,18.5664,18.5704,17.6301,17.6203
831,WOODLANDS ST 83,exact,18.5469,18.5509,17.6086,17.5990
832,WOODLANDS ST 83,exact,18.6072,18.6112,17.6705,17.6607
833,WOODLANDS ST 83,exact,18.6635,18.6675,17.7269,17.7171
834,WOODLANDS ST 83,exact,18.6369,18.6409,17.6989,17.6893
835,WOODLANDS ST 83,exact,18.6775,18.6816,17.7391,17.7295
836,WOODLANDS ST 83,exact,18.6452,18.6493,17.7049,17.6955
851,WOODLANDS ST 83,exact,18.6134,18.6175,17.6705,17.6614
853,WOODLANDS ST 83,exact,18.4890,18.4931,17.5459,17.5368
854,WOODLANDS ST 83,exact,18.5287,18.5328,17.5853,17.5763
855,WOODLANDS ST 83,exact,18.5699,18.5740,17.6268,17.6177
856,WOODLANDS ST 83,exact,18.5937,18.5979,17.6490,17.6401
857,WOODLANDS ST 83,exact,18.5411,18.5452,17.5946,17.5859
858,WOODLANDS ST 83,exact,18.5280,18.5321,17.5802,17.5717
859,WOODLANDS ST 83,exact,18.5032,18.5074,17.5572,17.5485
860,WOODLANDS ST 83,exact,18.4571,18.4613,17.5115,17.5027
861,WOODLANDS ST 83,exact,18.4318,18.4360,17.4825,17.4742
862,WOODLANDS ST 83,exact,18.4697,18.4739,17.5206,17.5123
863,WOODLANDS ST 83,exact,18.5170,18.5212,17.5676,17.5593
864,WOODLANDS ST 83,exact,18.5652,18.5694,17.6154,17.6071
865,WOODLANDS ST 83,exact,18.6643,18.6684,17.7204,17.7114
866,WOODLANDS ST 83,exact,18.7228,18.7269,17.7784,17.7695
867,WOODLANDS ST 83,exact,18.7734,18.7775,17.8273,17.8186
868,WOODLANDS ST 83,exact,18.7788,18.7830,17.8314,17.8228
869,WOODLANDS ST 83,exact,18.7856,18.7898,17.8367,17.8283
431A,YISHUN AVE 1,exact,15.1187,15.1254,14.0668,14.0765
431B,YISHUN AVE 1,exact,15.2001,15.2068,14.1484,14.1580
431C,YISHUN AVE 1,exact,15.1872,15.1939,14.1362,14.1456
431D,YISHUN AVE 1,exact,15.1601,15.1668,14.1086,14.1181
432A,YISHUN AVE 1,exact,15.0863,15.0930,14.0347,14.0443
432B,YISHUN AVE 1,exact,15.0655,15.0721,14.0146,14.0239
432C,YISHUN AVE 1,exact,15.1115,15.1182,14.0612,14.0703
432D,YISHUN AVE 1,exact,15.1439,15.1506,14.0933,14.1026
343,YISHUN AVE 11,exact,16.1962,16.2028,15.1479,15.1564
344,YISHUN AVE 11,exact,16.1789,16.1855,15.1301,15.1388
345,YISHUN AVE 11,exact,16.1186,16.1252,15.0701,15.0787
346,YISHUN AVE 11,exact,16.1197,16.1263,15.0718,15.0802
347A,YISHUN AVE 11,exact,16.0677,16.0742,15.0209,15.0289
347B,YISHUN AVE 11,exact,16.0204,16.0269,14.9741,14.9820
348A,YISHUN AVE 11,exact,16.0133,16.0197,14.9686,14.9760
348B,YISHUN AVE 11,exact,15.9992,16.0057,14.9535,14.9611
348C,YISHUN AVE 11,exact,15.9822,15.9887,14.9362,14.9439
348D,YISHUN AVE 11,exact,15.9538,15.9603,14.9069,14.9149
349,YISHUN AVE 11,exact,15.8626,15.8691,14.8151,14.8233
350,YISHUN AVE 11,exact,15.7847,15.7913,14.7362,14.7447
350A,YISHUN AVE 11,exact,15.8468,15.8533,14.7980,14.8067
351,YISHUN AVE 11,exact,15.8914,15.8979,14.8430,14.8515
415,YISHUN AVE 11,exact,15.6616,15.6683,14.6111,14.6203
416,YISHUN AVE 11,exact,15.5818,15.5885,14.5312,14.5404
419,YISHUN AVE 11,exact,15.5834,15.5902,14.5314,14.5412
423,YISHUN AVE 11,exact,15.4754,15.4822,14.4223,14.4325
424A,YISHUN AVE 11,exact,15.5187,15.5255,14.4659,14.4760
424B,YISHUN AVE 11,exact,15.5196,15.5264,14.4663,14.4765
424C,YISHUN AVE 11,exact,15.5199,15.5267,14.4658,14.4764
424D,YISHUN AVE 11,exact,15.4720,15.4789,14.4180,14.4285
425,YISHUN AVE 11,exact,15.4286,15.4354,14.3755,14.3857
426A,YISHUN AVE 11,exact,15.5080,15.5147,14.4570,14.4664
426B,YISHUN AVE 11,exact,15.4683,15.4750,14.4173,14.4267
426C,YISHUN AVE 11,exact,15.4654,15.4722,14.4138,14.4234
426D,YISHUN AVE 11,exact,15.5087,15.5155,14.4565,14.4663
427,YISHUN AVE 11,exact,15.3900,15.3967,14.3371,14.3472
428A,YISHUN AVE 11,exact,15.4429,15.4496,14.3907,14.4005
428B,YISHUN AVE 11,exact,15.3936,15.4003,14.3416,14.3514
429A,YISHUN AVE 11,exact,15.3901,15.3969,14.3357,14.3464
429B,YISHUN AVE 11,exact,15.3482,15.3550,14.2941,14.3047
430A,YISHUN AVE 11,exact,15.3157,15.3225,14.2624,14.2726
430B,YISHUN AVE 11,exact,15.2684,15.2752,14.2150,14.2253
438,YISHUN AVE 11,exact,15.3536,15.3603,14.3031,14.3123
439,YISHUN AVE 11,exact,15.3883,15.3949,14.3376,14.3469
440,YISHUN AVE 11,exact,15.4259,15.4326,14.3752,14.3845
442,YISHUN AVE 11,exact,15.5582,15.5649,14.5085,14.5174
443,YISHUN AVE 11,exact,15.5956,15.6022,14.5462,14.5551
445,YISHUN AVE 11,exact,15.5287,15.5353,14.4799,14.4885
446,YISHUN AVE 11,exact,15.5082,15.5149,14.4587,14.4676
458,YISHUN AVE 11,exact,15.2407,15.2473,14.1900,14.1993
459,YISHUN AVE 11,exact,15.2811,15.2878,14.2303,14.2396
776,YISHUN AVE 2,exact,15.5617,15.5678,14.5297,14.5339
777,YISHUN AVE 2,exact,15.4958,15.5018,14.4631,14.4675
778,YISHUN AVE 2,exact,15.5251,15.5312,14.4935,14.4976
779,YISHUN AVE 2,exact,15.5256,15.5316,14.4950,14.4989
784,YISHUN AVE 2,exact,15.4854,15.4914,14.4537,14.4578
785,YISHUN AVE 2,exact,15.4344,15.4405,14.4026,14.4068
788,YISHUN AVE 2,exact,15.3964,15.4024,14.3647,14.3688
789,YISHUN AVE 2,exact,15.3361,15.3421,14.3042,14.3084
790,YISHUN AVE 2,exact,15.2815,15.2875,14.2504,14.2544
791,YISHUN AVE 2,exact,15.3421,15.3481,14.3113,14.3153
766,YISHUN AVE 3,exact,15.7981,15.8041,14.7655,14.7699
767,YISHUN AVE 3,exact,15.7686,15.7746,14.7351,14.7396
768,YISHUN AVE 3,exact,15.7606,15.7667,14.7282,14.7325
769,YISHUN AVE 3,exact,15.7972,15.8032,14.7660,14.7700
770,YISHUN AVE 3,exact,15.7986,15.8046,14.7692,14.7729
771,YISHUN AVE 3,exact,15.7353,15.7413,14.7054,14.7092
772,YISHUN AVE 3,exact,15.7003,15.7063,14.6706,14.6743
773,YISHUN AVE 3,exact,15.6466,15.6526,14.6161,14.6200
774,YISHUN AVE 3,exact,15.6990,15.7049,14.6706,14.6740
506A,YISHUN AVE 4,exact,14.7576,14.7639,13.7162,13.7226
506B,YISHUN AVE 4,exact,14.7389,14.7453,13.6965,13.7032
506C,YISHUN AVE 4,exact,14.6997,14.7060,13.6576,13.6643
507A,YISHUN AVE 4,exact,14.6879,14.6942,13.6469,13.6533
508A,YISHUN AVE 4,exact,14.6348,14.6411,13.5944,13.6006
508B,YISHUN AVE 4,exact,14.5776,14.5839,13.5367,13.5430
509A,YISHUN AVE 4,exact,14.5164,14.5227,13.4762,13.4823
509B,YISHUN AVE 4,exact,14.5203,14.5266,13.4791,13.4855
509C,YISHUN AVE 4,exact,14.5734,14.5797,13.5316,13.5382
650,YISHUN AVE 4,exact,15.5384,15.5447,14.4974,14.5038
651,YISHUN AVE 4,exact,15.5898,15.5962,14.5488,14.5552
652,YISHUN AVE 4,exact,15.6268,15.6332,14.5843,14.5911
653,YISHUN AVE 4,exact,15.5529,15.5592,14.5110,14.5176
654,YISHUN AVE 4,exact,15.5432,15.5496,14.5002,14.5071
655,YISHUN AVE 4,exact,15.5199,15.5262,14.4778,14.4845
656,YISHUN AVE 4,exact,15.4865,15.4928,14.4458,14.4521
657,YISHUN AVE 4,exact,15.4629,15.4692,14.4217,14.4281
658,YISHUN AVE 4,exact,15.4234,15.4298,14.3820,14.3885
659,YISHUN AVE 4,exact,15.3732,15.3795,14.3322,14.3386
660,YISHUN AVE 4,exact,15.3915,15.3979,14.3498,14.3564
661,YISHUN AVE 4,exact,15.4255,15.4319,14.3822,14.3892
662,YISHUN AVE 4,exact,15.2621,15.2685,14.2190,14.2259
663,YISHUN AVE 4,exact,15.1954,15.2018,14.1534,14.1600
663A,YISHUN AVE 4,exact,15.2269,15.2333,14.1855,14.1920
664,YISHUN AVE 4,exact,15.2212,15.2276,14.1775,14.1846
664A,YISHUN AVE 4,exact,15.2591,15.2655,14.2152,14.2223
665,YISHUN AVE 4,exact,15.1793,15.1857,14.1365,14.1433
666,YISHUN AVE 4,exact,15.0923,15.0987,14.0496,14.0565
666A,YISHUN AVE 4,exact,15.1430,15.1493,14.1011,14.1077
671A,YISHUN AVE 4,exact,15.0754,15.0819,14.0300,14.0376
671B,YISHUN AVE 4,exact,15.0510,15.0575,14.0050,14.0128
672A,YISHUN AVE 4,exact,15.0581,15.0645,14.0141,14.0213
672B,YISHUN AVE 4,exact,15.0366,15.0431,13.9920,13.9994
672C,YISHUN AVE 4,exact,15.0049,15.0114,13.9591,13.9668
673A,YISHUN AVE 4,exact,15.1915,15.1979,14.1465,14.1540
673B,YISHUN AVE 4,exact,15.2580,15.2645,14.2127,14.2202
673C,YISHUN AVE 4,exact,15.3064,15.3128,14.2610,14.2686
674A,YISHUN AVE 4,exact,15.2549,15.2614,14.2083,14.2162
674B,YISHUN AVE 4,exact,15.3026,15.3091,14.2559,14.2638
675A,YISHUN AVE 4,exact,15.1236,15.1301,14.0771,14.0850
675B,YISHUN AVE 4,exact,15.0731,15.0796,14.0269,14.0347
675C,YISHUN AVE 4,exact,15.1267,15.1332,14.0815,14.0891
675D,YISHUN AVE 4,exact,15.1573,15.1637,14.1113,14.1190
858,YISHUN AVE 4,exact,14.9653,14.9715,13.9261,13.9320
859,YISHUN AVE 4,exact,14.9911,14.9974,13.9507,13.9569
860,YISHUN AVE 4,exact,14.9686,14.9749,13.9272,13.9337
861,YISHUN AVE 4,exact,14.9275,14.9338,13.8867,13.8930
862,YISHUN AVE 4,exact,14.9020,14.9083,13.8615,13.8677
863,YISHUN AVE 4,exact,14.8833,14.8895,13.8441,13.8500
864,YISHUN AVE 4,exact,14.8473,14.8536,13.8071,13.8132
101,YISHUN AVE 5,exact,16.5390,16.5448,15.5167,15.5189
701,YISHUN AVE 5,exact,16.4549,16.4607,15.4305,15.4332
702,YISHUN AVE 5,exact,16.4291,16.4349,15.4035,15.4063
703,YISHUN AVE 5,exact,16.4140,16.4199,15.3897,15.3923
704,YISHUN AVE 5,exact,16.3750,16.3808,15.3507,15.3533
705,YISHUN AVE 5,exact,16.3491,16.3549,15.3236,15.3265
706,YISHUN AVE 5,exact,16.3342,16.3400,15.3100,15.3126
707,YISHUN AVE 5,exact,16.3625,16.3682,15.3406,15.3427
708,YISHUN AVE 5,exact,16.3483,16.3540,15.3276,15.3295
709,YISHUN AVE 5,exact,16.3220,16.3277,15.3002,15.3023
710,YISHUN AVE 5,exact,16.2830,16.2887,15.2613,15.2634
711,YISHUN AVE 5,exact,16.2704,16.2761,15.2500,15.2519
712,YISHUN AVE 5,exact,16.2425,16.2482,15.2209,15.2229
732,YISHUN AVE 5,exact,16.3290,16.3349,15.3020,15.3052
733,YISHUN AVE 5,exact,16.3886,16.3945,15.3603,15.3638
734,YISHUN AVE 5,exact,16.3428,16.3487,15.3144,15.3178
739,YISHUN AVE 5,exact,16.3798,16.3858,15.3493,15.3532
740,YISHUN AVE 5,exact,16.4214,16.4273,15.3907,15.3946
741,YISHUN AVE 5,exact,16.4051,16.4112,15.3728,15.3771
742,YISHUN AVE 5,exact,16.3633,16.3693,15.3311,15.3353
743,YISHUN AVE 5,exact,16.3755,16.3816,15.3422,15.3467
282,YISHUN AVE 6,exact,17.3737,17.3801,16.3315,16.3382
283,YISHUN AVE 6,exact,17.3758,17.3822,16.3325,16.3395
284,YISHUN AVE 6,exact,17.4022,17.4086,16.3594,16.3663
285,YISHUN AVE 6,exact,17.4241,17.4305,16.3805,16.3876
286,YISHUN AVE 6,exact,17.4406,17.4469,16.3978,16.4047
287,YISHUN AVE 6,exact,17.4039,17.4102,16.3625,16.3690
288,YISHUN AVE 6,exact,17.4408,17.4471,16.3996,16.4061
289,YISHUN AVE 6,exact,17.4922,17.4985,16.4490,16.4560
389,YISHUN AVE 6,exact,16.2240,16.2308,15.1710,15.1811
390,YISHUN AVE 6,exact,16.1833,16.1901,15.1300,15.1402
391,YISHUN AVE 6,exact,16.2101,16.2170,15.1560,15.1666
392,YISHUN AVE 6,exact,16.1245,16.1313,15.0703,15.0809
393,YISHUN AVE 6,exact,16.1056,16.1124,15.0521,15.0624
394,YISHUN AVE 6,exact,16.1461,16.1529,15.0930,15.1032
396,YISHUN AVE 6,exact,16.0924,16.0991,15.0404,15.0501
397,YISHUN AVE 6,exact,16.0381,16.0449,14.9857,14.9956
399,YISHUN AVE 6,exact,15.9996,16.0063,14.9476,14.9574
401,YISHUN AVE 6,exact,15.9448,15.9516,14.8929,14.9026
403,YISHUN AVE 6,exact,15.9300,15.9368,14.8765,14.8869
404,YISHUN AVE 6,exact,15.8909,15.8977,14.8379,14.8480
405,YISHUN AVE 6,exact,15.9178,15.9247,14.8636,14.8743
406,YISHUN AVE 6,exact,15.8322,15.8390,14.7780,14.7886
407,YISHUN AVE 6,exact,15.8164,15.8232,14.7634,14.7735
408,YISHUN AVE 6,exact,15.8551,15.8619,14.8015,14.8119
433,YISHUN AVE 6,exact,15.2637,15.2705,14.2118,14.2215
435,YISHUN AVE 6,exact,15.3105,15.3172,14.2586,14.2683
437,YISHUN AVE 6,exact,15.3491,15.3558,14.2968,14.3067
462A,YISHUN AVE 6,exact,16.0054,16.0122,14.9503,14.9613
462B,YISHUN AVE 6,exact,15.9493,15.9562,14.8942,14.9052
462C,YISHUN AVE 6,exact,15.9970,16.0040,14.9413,14.9526
462D,YISHUN AVE 6,exact,16.0494,16.0563,14.9937,15.0050
170,YISHUN AVE 7,exact,17.1818,17.1878,16.1484,16.1530
171,YISHUN AVE 7,exact,17.1708,17.1768,16.1386,16.1429
172,YISHUN AVE 7,exact,17.1509,17.1569,16.1205,16.1244
173,YISHUN AVE 7,exact,17.2017,17.2077,16.1712,16.1751
174,YISHUN AVE 7,exact,17.2263,17.2324,16.1943,16.1986
175,YISHUN AVE 7,exact,17.2420,17.2480,16.2090,16.2135
245,YISHUN AVE 9,exact,16.8043,16.8108,15.7578,15.7657
246,YISHUN AVE 9,exact,16.8614,16.8679,15.8141,15.8223
247,YISHUN AVE 9,exact,16.8552,16.8617,15.8087,15.8166
248,YISHUN AVE 9,exact,16.9267,16.9332,15.8797,15.8878
249,YISHUN AVE 9,exact,16.8837,16.8901,15.8374,15.8452
250,YISHUN AVE 9,exact,16.9171,16.9236,15.8710,15.8788
315A,YISHUN AVE 9,exact,16.5629,16.5695,15.5162,15.5242
315B,YISHUN AVE 9,exact,16.5115,16.5180,15.4645,15.4726
315C,YISHUN AVE 9,exact,16.5552,16.5618,15.5074,15.5157
316A,YISHUN AVE 9,exact,16.6687,16.6752,15.6215,15.6296
316B,YISHUN AVE 9,exact,16.6148,16.6213,15.5676,15.5757
316C,YISHUN AVE 9,exact,16.6159,16.6225,15.5678,15.5762
317A,YISHUN AVE 9,exact,16.7928,16.7993,15.7447,15.7532
317B,YISHUN AVE 9,exact,16.7574,16.7639,15.7098,15.7181
317C,YISHUN AVE 9,exact,16.7133,16.7199,15.6656,15.6739
318A,YISHUN AVE 9,exact,16.7432,16.7498,15.6949,15.7034
318B,YISHUN AVE 9,exact,16.6975,16.7041,15.6489,15.6575
318C,YISHUN AVE 9,exact,16.6667,16.6733,15.6185,15.6270
302,YISHUN CTRL,exact,16.3235,16.3299,15.2807,15.2876
303,YISHUN CTRL,exact,16.3460,16.3524,15.3026,15.3097
304,YISHUN CTRL,exact,16.3714,16.3778,15.3276,15.3347
305,YISHUN CTRL,exact,16.4180,16.4243,15.3754,15.3822
306,YISHUN CTRL,exact,16.4350,16.4414,15.3913,15.3984
320,YISHUN CTRL,exact,16.2436,16.2501,15.1985,15.2060
321,YISHUN CTRL,exact,16.1802,16.1867,15.1349,15.1425
322,YISHUN CTRL,exact,16.1695,16.1759,15.1252,15.1325
323,YISHUN CTRL,exact,16.1045,16.1109,15.0596,15.0671
324,YISHUN CTRL,exact,16.1525,16.1590,15.1067,15.1144
325,YISHUN CTRL,exact,16.2155,16.2220,15.1694,15.1772
926,YISHUN CTRL 1,exact,16.1040,16.1103,15.0641,15.0702
927,YISHUN CTRL 1,exact,16.0810,16.0872,15.0414,15.0474
928,YISHUN CTRL 1,exact,16.0331,16.0393,14.9942,15.0000
930,YISHUN CTRL 1,exact,16.0010,16.0072,14.9622,14.9680
931,YISHUN CTRL 1,exact,15.9673,15.9735,14.9286,14.9344
932,YISHUN CTRL 1,exact,15.9420,15.9482,14.9036,14.9093
935,YISHUN CTRL 1,exact,15.8175,15.8237,14.7802,14.7856
103,YISHUN RING RD,exact,16.6095,16.6153,15.5845,15.5872
106,YISHUN RING RD,exact,16.6463,16.6521,15.6242,15.6264
107,YISHUN RING RD,exact,16.7263,16.7321,15.7037,15.7060
108,YISHUN RING RD,exact,16.7114,16.7172,15.6858,15.6887
109,YISHUN RING RD,exact,16.7708,16.7766,15.7458,15.7486
110,YISHUN RING RD,exact,16.8707,16.8766,15.8448,15.8478
111,YISHUN RING RD,exact,16.8167,16.8225,15.7917,15.7945
112,YISHUN RING RD,exact,16.9146,16.9204,15.8885,15.8915
113,YISHUN RING RD,exact,17.0239,17.0298,15.9979,16.0009
114,YISHUN RING RD,exact,16.9459,16.9517,15.9237,15.9259
115,YISHUN RING RD,exact,16.9762,16.9820,15.9520,15.9546
115A,YISHUN RING RD,exact,16.8471,16.8529,15.8242,15.8266
115B,YISHUN RING RD,exact,16.8628,16.8685,15.8406,15.8428
115C,YISHUN RING RD,exact,16.8988,16.9046,15.8758,15.8781
116,YISHUN RING RD,exact,17.0243,17.0301,15.9997,16.0023
117,YISHUN RING RD,exact,17.0901,17.0959,16.0661,16.0687
118,YISHUN RING RD,exact,17.1213,17.1272,16.0955,16.0984
119,YISHUN RING RD,exact,17.0473,17.0532,16.0206,16.0237
120,YISHUN RING RD,exact,16.9816,16.9875,15.9548,15.9579
136,YISHUN RING RD,exact,16.6421,16.6481,15.6123,15.6161
137,YISHUN RING RD,exact,16.6549,16.6608,15.6272,15.6305
138,YISHUN RING RD,exact,16.6082,16.6141,15.5799,15.5834
139,YISHUN RING RD,exact,16.6026,16.6085,15.5730,15.5767
140,YISHUN RING RD,exact,16.5617,16.5677,15.5336,15.5370
141,YISHUN RING RD,exact,16.5394,16.5452,15.5125,15.5156
142,YISHUN RING RD,exact,16.5164,16.5223,15.4883,15.4917
143,YISHUN RING RD,exact,16.5339,16.5399,15.5050,15.5085
165,YISHUN RING RD,exact,17.0495,17.0555,16.0181,16.0222
166,YISHUN RING RD,exact,17.1084,17.1144,16.0773,16.0813
167,YISHUN RING RD,exact,17.1342,17.1403,16.1017,16.1060
236,YISHUN RING RD,exact,16.7877,16.7941,15.7454,15.7521
237,YISHUN RING RD,exact,16.7093,16.7157,15.6672,15.6739
238,YISHUN RING RD,exact,16.6617,16.6681,15.6191,15.6260
239,YISHUN RING RD,exact,16.7181,16.7245,15.6749,15.6819
240,YISHUN RING RD,exact,16.6215,16.6279,15.5788,15.5857
241,YISHUN RING RD,exact,16.5596,16.5660,15.5174,15.5241
242,YISHUN RING RD,exact,16.6166,16.6230,15.5729,15.5801
243,YISHUN RING RD,exact,16.7021,16.7085,15.6575,15.6649
244,YISHUN RING RD,exact,16.7217,16.7282,15.6763,15.6839
251,YISHUN RING RD,exact,16.8324,16.8388,15.7867,15.7944
252,YISHUN RING RD,exact,16.8273,16.8338,15.7820,15.7896
253,YISHUN RING RD,exact,16.8731,16.8795,15.8281,15.8356
254,YISHUN RING RD,exact,16.8242,16.8306,15.7796,15.7870
255,YISHUN RING RD,exact,16.7898,16.7962,15.7451,15.7525
256,YISHUN RING RD,exact,16.7708,16.7772,15.7271,15.7343
257,YISHUN RING RD,exact,16.8279,16.8343,15.7849,15.7919
308,YISHUN RING RD,exact,16.4485,16.4549,15.4043,15.4116
309,YISHUN RING RD,exact,16.5754,16.5819,15.5311,15.5384
310,YISHUN RING RD,exact,16.5695,16.5759,15.5245,15.5320
311,YISHUN RING RD,exact,16.4847,16.4912,15.4401,15.4475
312,YISHUN RING RD,exact,16.4622,16.4687,15.4168,15.4244
314,YISHUN RING RD,exact,16.4950,16.5014,15.4491,15.4568
326,YISHUN RING RD,exact,16.2482,16.2547,15.2016,15.2096
327,YISHUN RING RD,exact,16.3062,16.3127,15.2596,15.2676
328,YISHUN RING RD,exact,16.2695,16.2760,15.2221,15.2303
329,YISHUN RING RD,exact,16.3302,16.3367,15.2834,15.2914
330,YISHUN RING RD,exact,16.4016,16.4081,15.3548,15.3628
331,YISHUN RING RD,exact,16.3620,16.3686,15.3146,15.3228
332,YISHUN RING RD,exact,16.3433,16.3499,15.2954,15.3038
342A,YISHUN RING RD,exact,16.3521,16.3587,15.3029,15.3117
342B,YISHUN RING RD,exact,16.3112,16.3178,15.2616,15.2705
342C,YISHUN RING RD,exact,16.2773,16.2839,15.2283,15.2370
352,YISHUN RING RD,exact,15.8905,15.8972,14.8411,14.8500
353,YISHUN RING RD,exact,15.8529,15.8595,14.8031,14.8121
354,YISHUN RING RD,exact,15.8138,15.8204,14.7640,14.7730
355,YISHUN RING RD,exact,15.7733,15.7799,14.7240,14.7328
355A,YISHUN RING RD,exact,15.8424,15.8490,14.7933,14.8020
356,YISHUN RING RD,exact,15.7599,15.7665,14.7099,14.7189
357,YISHUN RING RD,exact,15.8443,15.8510,14.7936,14.8029
358,YISHUN RING RD,exact,15.9289,15.9356,14.8782,14.8875
359,YISHUN RING RD,exact,15.9931,15.9997,14.9426,14.9518
360,YISHUN RING RD,exact,16.0285,16.0352,14.9781,14.9873
361,YISHUN RING RD,exact,16.0928,16.0995,15.0421,15.0514
362,YISHUN RING RD,exact,16.1179,16.1245,15.0684,15.0772
363,YISHUN RING RD,exact,16.1604,16.1670,15.1105,15.1195
364,YISHUN RING RD,exact,16.1790,16.1856,15.1297,15.1385
365,YISHUN RING RD,exact,16.1986,16.2052,15.1486,15.1577
366,YISHUN RING RD,exact,16.1769,16.1836,15.1262,15.1355
367,YISHUN RING RD,exact,16.2371,16.2438,15.1873,15.1963
386,YISHUN RING RD,exact,16.1634,16.1701,15.1120,15.1216
387,YISHUN RING RD,exact,16.2235,16.2303,15.1713,15.1811
388,YISHUN RING RD,exact,16.1818,16.1886,15.1297,15.1395
395,YISHUN RING RD,exact,16.1462,16.1530,15.0940,15.1039
398,YISHUN RING RD,exact,16.0182,16.0249,14.9668,14.9764
402,YISHUN RING RD,exact,15.8905,15.8972,14.8383,14.8481
409,YISHUN RING RD,exact,15.8520,15.8587,14.7999,14.8097
410,YISHUN RING RD,exact,15.8707,15.8774,14.8193,14.8288
411,YISHUN RING RD,exact,15.8002,15.8070,14.7480,14.7578
412,YISHUN RING RD,exact,15.7783,15.7850,14.7265,14.7362
413,YISHUN RING RD,exact,15.7224,15.7291,14.6713,14.6807
448,YISHUN RING RD,exact,15.4485,15.4551,14.3993,14.4081
449,YISHUN RING RD,exact,15.4654,15.4719,14.4170,14.4255
450,YISHUN RING RD,exact,15.4048,15.4114,14.3569,14.3652
451,YISHUN RING RD,exact,15.4021,15.4087,14.3532,14.3619
452,YISHUN RING RD,exact,15.4015,15.4081,14.3517,14.3607
615,YISHUN RING RD,exact,15.2160,15.2221,14.1818,14.1865
616,YISHUN RING RD,exact,15.2296,15.2357,14.1965,14.2010
617,YISHUN RING RD,exact,15.1838,15.1899,14.1500,14.1546
618,YISHUN RING RD,exact,15.1161,15.1222,14.0817,14.0864
619,YISHUN RING RD,exact,15.1681,15.1741,14.1350,14.1395
620,YISHUN RING RD,exact,15.1505,15.1565,14.1180,14.1223
621,YISHUN RING RD,exact,15.1153,15.1214,14.0819,14.0864
622,YISHUN RING RD,exact,15.0817,15.0877,14.0487,14.0531
624,YISHUN RING RD,exact,15.0450,15.0511,14.0110,14.0157
676A,YISHUN RING RD,exact,15.3433,15.3499,14.2963,14.3044
676B,YISHUN RING RD,exact,15.3587,15.3652,14.3124,14.3203
676C,YISHUN RING RD,exact,15.3528,15.3593,14.3070,14.3147
677A,YISHUN RING RD,exact,15.4016,15.4081,14.3546,14.3627
677B,YISHUN RING RD,exact,15.4197,15.4262,14.3735,14.3813
677C,YISHUN RING RD,exact,15.4166,15.4231,14.3713,14.3789
775,YISHUN RING RD,exact,15.5843,15.5902,14.5556,14.5591
780,YISHUN RING RD,exact,15.5305,15.5365,14.5006,14.5044
781,YISHUN RING RD,exact,15.5435,15.5495,14.5146,14.5182
782,YISHUN RING RD,exact,15.5286,15.5345,14.5009,14.5042
783,YISHUN RING RD,exact,15.4993,15.5052,14.4697,14.4733
786,YISHUN RING RD,exact,15.4594,15.4653,14.4313,14.4347
787,YISHUN RING RD,exact,15.4215,15.4274,14.3935,14.3968
792,YISHUN RING RD,exact,15.3576,15.3636,14.3292,14.3326
793,YISHUN RING RD,exact,15.3666,15.3725,14.3392,14.3424
794,YISHUN RING RD,exact,15.3014,15.3073,14.2734,14.2768
795,YISHUN RING RD,exact,15.2662,15.2721,14.2376,14.2411
795A,YISHUN RING RD,exact,15.2307,15.2366,14.2016,14.2052
796,YISHUN RING RD,exact,15.2545,15.2605,14.2241,14.2280
796A,YISHUN RING RD,exact,15.2211,15.2271,14.1916,14.1953
797,YISHUN RING RD,exact,15.1959,15.2019,14.1654,14.1692
798,YISHUN RING RD,exact,15.1647,15.1707,14.1349,14.1386
799,YISHUN RING RD,exact,15.2046,15.2105,14.1761,14.1795
800,YISHUN RING RD,exact,15.1663,15.1722,14.1389,14.1421
801,YISHUN RING RD,exact,15.1075,15.1134,14.0800,14.0833
802,YISHUN RING RD,exact,15.1513,15.1572,14.1247,14.1277
803,YISHUN RING RD,exact,15.1186,15.1245,14.0924,14.0954
804,YISHUN RING RD,exact,15.0879,15.0937,14.0624,14.0652
805,YISHUN RING RD,exact,15.0318,15.0377,14.0059,14.0088
806,YISHUN RING RD,exact,15.0171,15.0229,13.9923,13.9950
807,YISHUN RING RD,exact,14.9299,14.9357,13.9043,13.9071
808,YISHUN RING RD,exact,14.9860,14.9919,13.9617,13.9642
809,YISHUN RING RD,exact,14.9581,14.9639,13.9343,13.9368
810,YISHUN RING RD,exact,14.8808,14.8867,13.8547,13.8577
811,YISHUN RING RD,exact,14.9116,14.9175,13.8847,13.8878
812,YISHUN RING RD,exact,14.9883,14.9942,13.9612,13.9643
813A,YISHUN RING RD,exact,15.1064,15.1123,14.0781,14.0815
813B,YISHUN RING RD,exact,15.0152,15.0211,13.9877,13.9909
846,YISHUN RING RD,exact,14.9151,14.9212,13.8833,13.8874
849,YISHUN RING RD,exact,14.9247,14.9308,13.8915,13.8959
853,YISHUN RING RD,exact,14.8507,14.8569,13.8150,13.8200
854,YISHUN RING RD,exact,14.8589,14.8651,13.8219,13.8273
855,YISHUN RING RD,exact,14.9137,14.9199,13.8777,13.8828
121,YISHUN ST 11,exact,16.9193,16.9252,15.8911,15.8945
122,YISHUN ST 11,exact,16.9737,16.9796,15.9436,15.9474
123,YISHUN ST 11,exact,16.9170,16.9230,15.8859,15.8900
124,YISHUN ST 11,exact,16.9286,16.9345,15.8986,15.9024
125,YISHUN ST 11,exact,16.8686,16.8746,15.8401,15.8436
126,YISHUN ST 11,exact,16.8267,16.8326,15.7988,15.8021
127,YISHUN ST 11,exact,16.8890,16.8949,15.8594,15.8631
128,YISHUN ST 11,exact,16.8476,16.8536,15.8176,15.8214
129,YISHUN ST 11,exact,16.8218,16.8278,15.7909,15.7949
130,YISHUN ST 11,exact,16.8083,16.8143,15.7783,15.7821
131,YISHUN ST 11,exact,16.7632,16.7692,15.7326,15.7365
132,YISHUN ST 11,exact,16.7276,16.7336,15.6980,15.7017
133,YISHUN ST 11,exact,16.7099,16.7158,15.6811,15.6846
134,YISHUN ST 11,exact,16.6806,16.6865,15.6507,15.6544
135,YISHUN ST 11,exact,16.6590,16.6650,15.6283,15.6322
144,YISHUN ST 11,exact,16.5322,16.5381,15.5027,15.5064
145,YISHUN ST 11,exact,16.5047,16.5107,15.4744,15.4783
146,YISHUN ST 11,exact,16.5137,16.5197,15.4822,15.4863
147,YISHUN ST 11,exact,16.5536,16.5596,15.5233,15.5271
148,YISHUN ST 11,exact,16.6201,16.6261,15.5887,15.5928
149,YISHUN ST 11,exact,16.5695,16.5756,15.5374,15.5417
150,YISHUN ST 11,exact,16.4939,16.4999,15.4604,15.4650
151,YISHUN ST 11,exact,16.4678,16.4739,15.4333,15.4381
152,YISHUN ST 11,exact,16.4874,16.4935,15.4520,15.4570
153,YISHUN ST 11,exact,16.5078,16.5139,15.4733,15.4781
154,YISHUN ST 11,exact,16.5452,16.5514,15.5105,15.5154
155,YISHUN ST 11,exact,16.5873,16.5934,15.5526,15.5574
156,YISHUN ST 11,exact,16.5963,16.6024,15.5628,15.5674
157,YISHUN ST 11,exact,16.6259,16.6320,15.5915,15.5962
158,YISHUN ST 11,exact,16.6414,16.6475,15.6062,15.6111
159,YISHUN ST 11,exact,16.6902,16.6963,15.6557,15.6605
160,YISHUN ST 11,exact,16.6575,16.6635,15.6242,15.6287
161,YISHUN ST 11,exact,16.7013,16.7074,15.6684,15.6728
296,YISHUN ST 20,exact,16.9595,16.9657,15.9222,15.9276
297,YISHUN ST 20,exact,17.0043,17.0105,15.9670,15.9725
298,YISHUN ST 20,exact,17.0099,17.0161,15.9732,15.9785
299,YISHUN ST 20,exact,17.0720,17.0782,16.0360,16.0411
201,YISHUN ST 21,exact,16.4050,16.4113,15.3644,15.3707
202,YISHUN ST 21,exact,16.4158,16.4221,15.3764,15.3824
203,YISHUN ST 21,exact,16.4268,16.4331,15.3886,15.3943
204,YISHUN ST 21,exact,16.4390,16.4452,15.4020,15.4074
205,YISHUN ST 21,exact,16.4717,16.4780,15.4339,15.4395
206,YISHUN ST 21,exact,16.4857,16.4920,15.4471,15.4529
207,YISHUN ST 21,exact,16.4801,16.4864,15.4409,15.4468
208,YISHUN ST 21,exact,16.4527,16.4590,15.4128,15.4189
209,YISHUN ST 21,exact,16.4921,16.4984,15.4521,15.4582
210,YISHUN ST 21,exact,16.4730,16.4793,15.4312,15.4378
211,YISHUN ST 21,exact,16.5260,16.5323,15.4850,15.4914
212,YISHUN ST 21,exact,16.5388,16.5451,15.4991,15.5052
213,YISHUN ST 21,exact,16.5521,16.5583,15.5137,15.5195
214,YISHUN ST 21,exact,16.5137,16.5199,15.4758,15.4814
215,YISHUN ST 21,exact,16.5539,16.5601,15.5169,15.5223
216,YISHUN ST 21,exact,16.6045,16.6108,15.5663,15.5720
217,YISHUN ST 21,exact,16.6440,16.6502,15.6059,15.6115
218,YISHUN ST 21,exact,16.6829,16.6891,15.6448,15.6504
219,YISHUN ST 21,exact,16.7225,16.7287,15.6845,15.6901
220,YISHUN ST 21,exact,16.7680,16.7741,15.7313,15.7366
221,YISHUN ST 21,exact,16.7683,16.7745,15.7303,15.7359
222,YISHUN ST 21,exact,16.8062,16.8124,15.7688,15.7743
223,YISHUN ST 21,exact,16.8457,16.8519,15.8083,15.8138
224,YISHUN ST 21,exact,16.8790,16.8852,15.8422,15.8476
225,YISHUN ST 21,exact,16.8939,16.9001,15.8561,15.8617
226,YISHUN ST 21,exact,16.8450,16.8513,15.8068,15.8125
227,YISHUN ST 21,exact,16.9110,16.9173,15.8720,15.8779
228,YISHUN ST 21,exact,16.9315,16.9378,15.8911,15.8973
229,YISHUN ST 21,exact,16.8877,16.8940,15.8478,15.8539
230,YISHUN ST 21,exact,16.8567,16.8629,15.8177,15.8236
231,YISHUN ST 21,exact,16.7959,16.8022,15.7563,15.7624
232,YISHUN ST 21,exact,16.8510,16.8573,15.8109,15.8170
233,YISHUN ST 21,exact,16.8821,16.8884,15.8409,15.8473
234,YISHUN ST 21,exact,16.8185,16.8249,15.7777,15.7841
235,YISHUN ST 21,exact,16.7987,16.8050,15.7570,15.7636
258,YISHUN ST 22,exact,16.8901,16.8965,15.8465,15.8536
259,YISHUN ST 22,exact,16.8780,16.8844,15.8356,15.8424
260,YISHUN ST 22,exact,16.9304,16.9367,15.8874,15.8944
261,YISHUN ST 22,exact,16.9179,16.9242,15.8759,15.8826
262,YISHUN ST 22,exact,16.9648,16.9712,15.9220,15.9289
263,YISHUN ST 22,exact,17.0078,17.0142,15.9650,15.9719
264,YISHUN ST 22,exact,16.9814,16.9877,15.9395,15.9461
265,YISHUN ST 22,exact,17.0527,17.0591,16.0105,16.0173
266,YISHUN ST 22,exact,17.1035,17.1099,16.0611,16.0679
267,YISHUN ST 22,exact,17.0996,17.1060,16.0564,16.0634
268,YISHUN ST 22,exact,17.1212,17.1276,16.0778,16.0849
269,YISHUN ST 22,exact,17.1042,17.1106,16.0597,16.0670
270,YISHUN ST 22,exact,17.1398,17.1462,16.0957,16.1030
271,YISHUN ST 22,exact,17.1772,17.1836,16.1325,16.1399
272,YISHUN ST 22,exact,17.2176,17.2240,16.1739,16.1811
273,YISHUN ST 22,exact,17.1716,17.1780,16.1279,16.1351
274,YISHUN ST 22,exact,17.1520,17.1584,16.1092,16.1161
275,YISHUN ST 22,exact,17.1885,17.1948,16.1461,16.1528
276,YISHUN ST 22,exact,17.2036,17.2099,16.1624,16.1689
277,YISHUN ST 22,exact,17.2227,17.2289,16.1827,16.1888
278,YISHUN ST 22,exact,17.2543,17.2606,16.2125,16.2191
279,YISHUN ST 22,exact,17.2690,17.2753,16.2284,16.2347
280,YISHUN ST 22,exact,17.2973,17.3036,16.2573,16.2634
281,YISHUN ST 22,exact,17.3334,17.3397,16.2925,16.2989
291,YISHUN ST 22,exact,16.9867,16.9929,15.9474,15.9534
292,YISHUN ST 22,exact,17.0908,17.0971,16.0510,16.0571
293,YISHUN ST 22,exact,17.0167,17.0230,15.9761,15.9824
333A,YISHUN ST 31,exact,16.5054,16.5121,15.4557,15.4646
333B,YISHUN ST 31,exact,16.4960,16.5027,15.4458,15.4550
333C,YISHUN ST 31,exact,16.4751,16.4817,15.4246,15.4338
333D,YISHUN ST 31,exact,16.5076,16.5143,15.4565,15.4660
334A,YISHUN ST 31,exact,16.6074,16.6140,15.5578,15.5667
334B,YISHUN ST 31,exact,16.5620,16.5686,15.5114,15.5206
334C,YISHUN ST 31,exact,16.5731,16.5798,15.5218,15.5313
334D,YISHUN ST 31,exact,16.5477,16.5544,15.4962,15.5058
335A,YISHUN ST 31,exact,16.6503,16.6569,15.6010,15.6098
335B,YISHUN ST 31,exact,16.6021,16.6087,15.5530,15.5617
335C,YISHUN ST 31,exact,16.5626,16.5692,15.5134,15.5222
336A,YISHUN ST 31,exact,16.4274,16.4340,15.3780,15.3868
336B,YISHUN ST 31,exact,16.4390,16.4456,15.3900,15.3987
336C,YISHUN ST 31,exact,16.4920,16.4985,15.4431,15.4518
453,YISHUN ST 41,exact,15.1595,15.1661,14.1097,14.1187
454,YISHUN ST 41,exact,15.1622,15.1689,14.1128,14.1217
455,YISHUN ST 41,exact,15.1734,15.1800,14.1251,14.1336
456,YISHUN ST 41,exact,15.2165,15.2231,14.1681,14.1766
457,YISHUN ST 41,exact,15.2144,15.2211,14.1646,14.1736
479A,YISHUN ST 42,exact,16.2465,16.2534,15.1911,15.2022
479B,YISHUN ST 42,exact,16.2435,16.2504,15.1885,15.1994
479C,YISHUN ST 42,exact,16.2047,16.2115,15.1496,15.1606
468A,YISHUN ST 43,exact,15.7475,15.7545,14.6910,14.7027
469A,YISHUN ST 43,exact,15.6778,15.6848,14.6208,14.6327
469B,YISHUN ST 43,exact,15.6437,15.6506,14.5869,14.5987
478A,YISHUN ST 44,exact,16.1676,16.1745,15.1117,15.1231
478B,YISHUN ST 44,exact,16.1946,16.2016,15.1382,15.1498
478C,YISHUN ST 44,exact,16.2434,16.2503,15.1874,15.1988
501A,YISHUN ST 51,exact,14.8258,14.8322,13.7836,13.7903
501B,YISHUN ST 51,exact,14.8755,14.8819,13.8331,13.8398
502A,YISHUN ST 51,exact,14.7966,14.8030,13.7530,13.7600
502B,YISHUN ST 51,exact,14.8445,14.8509,13.8006,13.8077
502C,YISHUN ST 51,exact,14.8982,14.9046,13.8542,13.8614
502D,YISHUN ST 51,exact,14.9051,14.9115,13.8622,13.8691
504A,YISHUN ST 51,exact,14.9631,14.9697,13.9154,13.9237
504B,YISHUN ST 51,exact,14.9273,14.9338,13.8799,13.8881
504C,YISHUN ST 51,exact,14.9555,14.9621,13.9087,13.9167
504D,YISHUN ST 51,exact,14.9946,15.0011,13.9473,13.9555
505A,YISHUN ST 51,exact,15.0448,15.0514,13.9960,14.0047
505B,YISHUN ST 51,exact,15.0883,15.0949,14.0393,14.0480
505C,YISHUN ST 51,exact,15.0918,15.0984,14.0438,14.0522
505D,YISHUN ST 51,exact,15.0469,15.0535,13.9989,14.0073
511A,YISHUN ST 51,exact,14.7149,14.7213,13.6713,13.6783
511B,YISHUN ST 51,exact,14.7003,14.7068,13.6552,13.6627
511C,YISHUN ST 51,exact,14.6660,14.6725,13.6206,13.6282
512A,YISHUN ST 51,exact,14.5641,14.5705,13.5212,13.5281
512B,YISHUN ST 51,exact,14.6036,14.6100,13.5590,13.5664
512C,YISHUN ST 51,exact,14.6272,14.6337,13.5818,13.5894
513A,YISHUN ST 51,exact,14.7415,14.7480,13.6948,13.7027
513B,YISHUN ST 51,exact,14.7052,14.7117,13.6582,13.6663
513C,YISHUN ST 51,exact,14.6693,14.6758,13.6221,13.6302
513D,YISHUN ST 51,exact,14.6911,14.6976,13.6432,13.6515
602,YISHUN ST 61,exact,15.5298,15.5360,14.4935,14.4987
603,YISHUN ST 61,exact,15.4835,15.4897,14.4485,14.4534
604,YISHUN ST 61,exact,15.4471,15.4532,14.4123,14.4171
605,YISHUN ST 61,exact,15.4387,15.4448,14.4025,14.4077
606,YISHUN ST 61,exact,15.3956,15.4017,14.3595,14.3646
607,YISHUN ST 61,exact,15.4101,15.4163,14.3754,14.3802
608,YISHUN ST 61,exact,15.3479,15.3540,14.3139,14.3186
609,YISHUN ST 61,exact,15.3571,15.3632,14.3210,14.3262
610,YISHUN ST 61,exact,15.3148,15.3209,14.2793,14.2843
611,YISHUN ST 61,exact,15.2723,15.2785,14.2368,14.2418
612,YISHUN ST 61,exact,15.2993,15.3054,14.2651,14.2698
613,YISHUN ST 61,exact,15.2685,15.2746,14.2346,14.2393
614,YISHUN ST 61,exact,15.2327,15.2389,14.1975,14.2025
625,YISHUN ST 61,exact,15.0479,15.0540,14.0127,14.0176
626,YISHUN ST 61,exact,14.9784,14.9845,13.9442,13.9489
627,YISHUN ST 61,exact,14.9860,14.9922,13.9495,13.9548
628,YISHUN ST 61,exact,15.0279,15.0341,13.9914,13.9967
629,YISHUN ST 61,exact,15.0542,15.0604,14.0162,14.0218
630,YISHUN ST 61,exact,15.0119,15.0181,13.9739,13.9795
631,YISHUN ST 61,exact,15.0419,15.0482,14.0029,14.0087
632,YISHUN ST 61,exact,15.0576,15.0639,14.0172,14.0234
633,YISHUN ST 61,exact,15.0612,15.0676,14.0197,14.0262
633A,YISHUN ST 61,exact,15.1138,15.1202,14.0723,14.0788
634,YISHUN ST 61,exact,15.0987,15.1050,14.0584,14.0646
635,YISHUN ST 61,exact,15.1332,15.1395,14.0930,14.0991
636,YISHUN ST 61,exact,15.1926,15.1989,14.1518,14.1581
636A,YISHUN ST 61,exact,15.1609,15.1673,14.1196,14.1260
637,YISHUN ST 61,exact,15.2245,15.2308,14.1839,14.1902
637A,YISHUN ST 61,exact,15.2663,15.2726,14.2254,14.2318
638,YISHUN ST 61,exact,15.2513,15.2576,14.2116,14.2177
639,YISHUN ST 61,exact,15.2859,15.2921,14.2463,14.2523
640,YISHUN ST 61,exact,15.3377,15.3440,14.2975,14.3037
640A,YISHUN ST 61,exact,15.3133,15.3196,14.2726,14.2789
641,YISHUN ST 61,exact,15.3173,15.3235,14.2782,14.2840
642,YISHUN ST 61,exact,15.3421,15.3483,14.3042,14.3098
643,YISHUN ST 61,exact,15.3826,15.3888,14.3446,14.3502
644,YISHUN ST 61,exact,15.4234,15.4296,14.3853,14.3909
645,YISHUN ST 61,exact,15.4328,15.4390,14.3928,14.3989
645A,YISHUN ST 61,exact,15.4634,15.4697,14.4234,14.4295
646,YISHUN ST 61,exact,15.4679,15.4742,14.4297,14.4354
647,YISHUN ST 61,exact,15.5204,15.5266,14.4825,14.4881
713,YISHUN ST 71,exact,16.2135,16.2193,15.1928,15.1947
714,YISHUN ST 71,exact,16.1529,16.1587,15.1319,15.1338
715,YISHUN ST 71,exact,16.0980,16.1037,15.0788,15.0804
716,YISHUN ST 71,exact,16.0626,16.0683,15.0423,15.0441
717,YISHUN ST 71,exact,16.0062,16.0120,14.9847,14.9868
718,YISHUN ST 71,exact,16.1160,16.1218,15.0933,15.0956
719,YISHUN ST 71,exact,16.1092,16.1150,15.0849,15.0875
720,YISHUN ST 71,exact,16.0645,16.0703,15.0411,15.0435
721,YISHUN ST 71,exact,16.0294,16.0352,15.0060,15.0084
722,YISHUN ST 71,exact,15.9808,15.9866,14.9574,14.9599
723,YISHUN ST 71,exact,16.0039,16.0097,14.9786,14.9814
724,YISHUN ST 71,exact,16.0543,16.0602,15.0289,15.0317
725,YISHUN ST 71,exact,16.0944,16.1003,15.0673,15.0704
726,YISHUN ST 71,exact,16.0488,16.0547,15.0219,15.0250
727,YISHUN ST 71,exact,16.0039,16.0098,14.9760,14.9793
728,YISHUN ST 71,exact,15.9690,15.9748,14.9426,14.9456
729,YISHUN ST 71,exact,15.9590,15.9650,14.9306,14.9340
730,YISHUN ST 71,exact,16.1122,16.1181,15.0834,15.0869
731,YISHUN ST 72,exact,16.2413,16.2472,15.2130,15.2164
735,YISHUN ST 72,exact,16.3029,16.3088,15.2742,15.2777
736,YISHUN ST 72,exact,16.2661,16.2721,15.2366,15.2403
737,YISHUN ST 72,exact,16.2905,16.2965,15.2596,15.2636
738,YISHUN ST 72,exact,16.3336,16.3396,15.3026,15.3066
744,YISHUN ST 72,exact,16.3089,16.3150,15.2751,15.2797
745,YISHUN ST 72,exact,16.3131,16.3192,15.2803,15.2847
746,YISHUN ST 72,exact,16.2700,16.2760,15.2373,15.2417
747,YISHUN ST 72,exact,16.1932,16.1992,15.1606,15.1650
748,YISHUN ST 72,exact,16.1157,16.1218,15.0834,15.0877
749,YISHUN ST 72,exact,16.2014,16.2075,15.1677,15.1723
750,YISHUN ST 72,exact,16.1553,16.1613,15.1213,15.1260
751,YISHUN ST 72,exact,16.1150,16.1211,15.0812,15.0858
752,YISHUN ST 72,exact,16.0766,16.0826,15.0432,15.0477
753,YISHUN ST 72,exact,16.0413,16.0474,15.0070,15.0118
754,YISHUN ST 72,exact,16.0378,16.0439,15.0045,15.0090
755,YISHUN ST 72,exact,16.0776,16.0836,15.0467,15.0507
756,YISHUN ST 72,exact,16.0138,16.0198,14.9821,14.9862
757,YISHUN ST 72,exact,15.9932,15.9993,14.9596,14.9642
758,YISHUN ST 72,exact,15.9403,15.9464,14.9069,14.9114
759,YISHUN ST 72,exact,15.9783,15.9844,14.9467,14.9508
760,YISHUN ST 72,exact,15.9358,15.9418,14.9053,14.9092
761,YISHUN ST 72,exact,15.8845,15.8905,14.8530,14.8571
762,YISHUN ST 72,exact,15.9060,15.9121,14.8731,14.8775
763,YISHUN ST 72,exact,15.8629,15.8690,14.8291,14.8338
764,YISHUN ST 72,exact,15.8709,15.8769,14.8381,14.8425
765,YISHUN ST 72,exact,15.8332,15.8393,14.8005,14.8049
816,YISHUN ST 81,exact,14.3810,14.3870,13.3532,13.3565
817,YISHUN ST 81,exact,14.4028,14.4088,13.3736,13.3772
819,YISHUN ST 81,exact,14.4518,14.4578,13.4219,13.4256
820,YISHUN ST 81,exact,14.5197,14.5257,13.4905,13.4940
821,YISHUN ST 81,exact,14.5398,14.5457,13.5098,13.5136
822,YISHUN ST 81,exact,14.5977,14.6037,13.5680,13.5716
823,YISHUN ST 81,exact,14.6161,14.6220,13.5868,13.5904
824,YISHUN ST 81,exact,14.5995,14.6054,13.5712,13.5745
825,YISHUN ST 81,exact,14.6840,14.6899,13.6566,13.6598
826,YISHUN ST 81,exact,14.6600,14.6659,13.6333,13.6364
827,YISHUN ST 81,exact,14.7278,14.7337,13.7009,13.7040
828,YISHUN ST 81,exact,14.7649,14.7708,13.7369,13.7402
829,YISHUN ST 81,exact,14.6864,14.6924,13.6578,13.6612
830,YISHUN ST 81,exact,14.6440,14.6500,13.6142,13.6179
832,YISHUN ST 81,exact,14.6880,14.6940,13.6566,13.6606
833,YISHUN ST 81,exact,14.6760,14.6820,13.6458,13.6496
834,YISHUN ST 81,exact,14.7370,14.7430,13.7069,13.7106
835,YISHUN ST 81,exact,14.7481,14.7541,13.7192,13.7227
836,YISHUN ST 81,exact,14.7907,14.7966,13.7623,13.7657
837,YISHUN ST 81,exact,14.8558,14.8618,13.8273,13.8307
838,YISHUN ST 81,exact,14.8905,14.8964,13.8608,13.8645
839,YISHUN ST 81,exact,14.8177,14.8237,13.7874,13.7912
840,YISHUN ST 81,exact,14.8149,14.8208,13.7857,13.7893
841,YISHUN ST 81,exact,14.8337,14.8397,13.8026,13.8065
844,YISHUN ST 81,exact,14.7760,14.7821,13.7429,13.7473
848,YISHUN ST 81,exact,14.8469,14.8530,13.8140,13.8184
850,YISHUN ST 81,exact,14.8105,14.8166,13.7758,13.7806
851,YISHUN ST 81,exact,14.7544,14.7606,13.7187,13.7238
852,YISHUN ST 81,exact,14.8068,14.8129,13.7710,13.7760
865,YISHUN ST 81,exact,14.5915,14.5977,13.5534,13.5591
866,YISHUN ST 81,exact,14.6535,14.6597,13.6170,13.6222
867,YISHUN ST 81,exact,14.5544,14.5606,13.5169,13.5223
868,YISHUN ST 81,exact,14.5530,14.5592,13.5167,13.5219
870,YISHUN ST 81,exact,14.4627,14.4689,13.4253,13.4308
871,YISHUN ST 81,exact,14.4748,14.4810,13.4385,13.4437
872,YISHUN ST 81,exact,14.5267,14.5329,13.4912,13.4962
873,YISHUN ST 81,exact,14.6540,14.6602,13.6183,13.6233
874,YISHUN ST 81,exact,14.7397,14.7458,13.7054,13.7101
875,YISHUN ST 81,exact,14.6699,14.6760,13.6353,13.6401
876,YISHUN ST 81,exact,14.6777,14.6838,13.6446,13.6490
877,YISHUN ST 81,exact,14.5857,14.5918,13.5530,13.5574
878,YISHUN ST 81,exact,14.5966,14.6027,13.5630,13.5675
879,YISHUN ST 81,exact,14.6365,14.6426,13.6024,13.6071
880,YISHUN ST 81,exact,14.5693,14.5754,13.5349,13.5396
121,YUAN CHING RD,exact,15.2909,15.2872,15.0317,14.9847
122,YUAN CHING RD,exact,15.3246,15.3209,15.0639,15.0170
138A,YUAN CHING RD,exact,14.9752,14.9710,14.7722,14.7237
138B,YUAN CHING RD,exact,14.9795,14.9754,14.7727,14.7243
138C,YUAN CHING RD,exact,15.0337,15.0295,14.8278,14.7794
138D,YUAN CHING RD,exact,15.0878,15.0836,14.8830,14.8346
357,YUNG AN RD,exact,15.6429,15.6392,15.3834,15.3365
358,YUNG AN RD,exact,15.6610,15.6572,15.4053,15.3582
359,YUNG AN RD,exact,15.5837,15.5800,15.3285,15.2814
360,YUNG AN RD,exact,15.6143,15.6105,15.3623,15.3152
361,YUNG AN RD,exact,15.6832,15.6794,15.4329,15.3857
362,YUNG AN RD,exact,15.7527,15.7489,15.5012,15.4540
363,YUNG AN RD,exact,15.7288,15.7251,15.4734,15.4263
369,YUNG AN RD,exact,15.7878,15.7841,15.5307,15.4837
151,YUNG HO RD,exact,15.2374,15.2331,15.0495,15.0007
152,YUNG HO RD,exact,15.3096,15.3053,15.1207,15.0719
153,YUNG HO RD,exact,15.2886,15.2843,15.0960,15.0473
154,YUNG HO RD,exact,15.1981,15.1938,15.0065,14.9578
10,YUNG KUANG RD,none,,,,
164A,YUNG KUANG RD,exact,15.2999,15.2958,15.0857,15.0375
165A,YUNG KUANG RD,exact,15.3162,15.3122,15.0980,15.0500
165B,YUNG KUANG RD,exact,15.2705,15.2665,15.0519,15.0039
166A,YUNG KUANG RD,exact,15.3329,15.3289,15.1106,15.0626
166B,YUNG KUANG RD,exact,15.3004,15.2964,15.0776,15.0297
175A,YUNG KUANG RD,exact,15.4050,15.4010,15.1789,15.1310
175B,YUNG KUANG RD,exact,15.4883,15.4844,15.2571,15.2094
175C,YUNG KUANG RD,exact,15.4244,15.4205,15.1921,15.1444
7,YUNG KUANG RD,none,,,,
8,YUNG KUANG RD,none,,,,
155,YUNG LOH RD,exact,15.1517,15.1475,14.9547,14.9061
156,YUNG LOH RD,exact,15.2246,15.2204,15.0274,14.9788
157,YUNG LOH RD,exact,15.2653,15.2611,15.0631,15.0146
158,YUNG LOH RD,exact,15.2120,15.2078,15.0058,14.9574
159,YUNG PING RD,exact,15.2128,15.2087,15.0040,14.9557
160,YUNG PING RD,exact,15.2998,15.2956,15.0941,15.0457
161,YUNG PING RD,exact,15.3148,15.3107,15.1043,15.0560
162,YUNG PING RD,exact,15.2571,15.2530,15.0463,14.9981
163,YUNG PING RD,exact,15.2220,15.2179,15.0073,14.9591
5,YUNG PING RD,none,,,,
6,YUNG PING RD,none,,,,
177,YUNG SHENG RD,exact,15.4799,15.4760,15.2446,15.1970
178,YUNG SHENG RD,exact,15.5251,15.5211,15.2914,15.2438
179,YUNG SHENG RD,exact,15.5528,15.5489,15.3162,15.2687
180,YUNG SHENG RD,exact,15.4991,15.4952,15.2612,15.2137
181,YUNG SHENG RD,exact,15.4297,15.4259,15.1902,15.1427
182,YUNG SHENG RD,exact,15.3708,15.3669,15.1299,15.0824
183,YUNG SHENG RD,exact,15.3339,15.3301,15.0958,15.0483
184,YUNG SHENG RD,exact,15.3782,15.3743,15.1405,15.0929
87,ZION RD,exact,2.2291,2.2252,2.2228,2.1683
88,ZION RD,none,,,,
89,ZION RD,none,,,,
90,ZION RD,none,,,,
91,ZION RD,none,,,,
